EPOXY STRUCTURE,EEW,Flame_retardant,Flame_retardant_AdditionAmount(wt%),Curing_agent ,Curing_agent_AdditionAmount(wt%),Curing_Tem1,Curing_Time1,Curing_Tem2,Curing_Time2,Curing_Tem3,Curing_Time3,Curing_Tem4,Curing_Time4,Curing_Tem5,Curing_Time5,Curing_Tem6,Curing_Time6,Curing_Tem7,Curing_Time8,Curing_Tem9,Curing_Time9,Curing_Tem10,Curing_Time10,Curing_Pressure,Curing_UV,Other_Material_1,Other_Material_AdditionAmount_1 (wt%),Other_Material_2,Other_Material_AdditionAmount_2 (wt%),Other_Material_3,Other_Material_AdditionAmount_3 (wt%)
CC(C)(C1=CC=C(OCC2CO2)C=C1)C1=CC=C(OCC2CO2)C=C1,213,O=C1CC(C(O1)=O)P(C2=CC=CC=C2)(C3=CC=CC=C3)=O,5,CC12CC=CCC1C(=O)OC2=O,41.6,100,1,130,6,150,3,0,0,0,0,0,0,0,0,0,0,0,0,0,0,CN(C)CC1=CC(CN(C)C)=CC(CN(C)C)=C1O,0.266098989,,0,,0
CC(C)(C1=CC=C(OCC2CO2)C=C1)C1=CC=C(OCC2CO2)C=C1,213,O=C1CC(C(O1)=O)P(C2=CC=CC=C2)(C3=CC=CC=C3)=O,7.2,CC12CC=CCC1C(=O)OC2=O,39.8,100,1,130,6,150,3,0,0,0,0,0,0,0,0,0,0,0,0,0,0,CN(C)CC1=CC(CN(C)C)=CC(CN(C)C)=C1O,0.262743037,,0,,0
CC(C)(C1=CC=C(OCC2CO2)C=C1)C1=CC=C(OCC2CO2)C=C1,213,O=C1CC(C(O1)=O)P(C2=CC=CC=C2)(C3=CC=CC=C3)=O,9.7,CC12CC=CCC1C(=O)OC2=O,37.9,100,1,130,6,150,3,0,0,0,0,0,0,0,0,0,0,0,0,0,0,CN(C)CC1=CC(CN(C)C)=CC(CN(C)C)=C1O,0.2596054,,0,,0
CC(C)(C1=CC=C(OCC2CO2)C=C1)C1=CC=C(OCC2CO2)C=C1,213,O=C1CC(C(O1)=O)P(C2=CC=CC=C2)(C3=CC=CC=C3)=O,0,CC12CC=CCC1C(=O)OC2=O,45.2,100,1,130,6,150,3,0,0,0,0,0,0,0,0,0,0,0,0,0,0,CN(C)CC1=CC(CN(C)C)=CC(CN(C)C)=C1O,0.272479564,,0,,0
CC(C)(C1=CC=C(OCC2CO2)C=C1)C1=CC=C(OCC2CO2)C=C1,227,O=C1CC(P2(=O)CC3=C(C=CC=C3)C3=CC=CC=C32)C(=O)O1,5,CC12CC=CCC1C(=O)OC2=O,41.6,100,1,130,6,150,3,0,0,0,0,0,0,0,0,0,0,0,0,0,0,CN(C)CC1=CC(CN(C)C)=CC(CN(C)C)=C1O,0.266808965,,0,,0
CC(C)(C1=CC=C(OCC2CO2)C=C1)C1=CC=C(OCC2CO2)C=C1,227,O=C1CC(P2(=O)CC3=C(C=CC=C3)C3=CC=CC=C32)C(=O)O1,7.6,CC12CC=CCC1C(=O)OC2=O,39.8,100,1,130,6,150,3,0,0,0,0,0,0,0,0,0,0,0,0,0,0,CN(C)CC1=CC(CN(C)C)=CC(CN(C)C)=C1O,0.26371308,,0,,0
CC(C)(C1=CC=C(OCC2CO2)C=C1)C1=CC=C(OCC2CO2)C=C1,227,O=C1CC(P2(=O)CC3=C(C=CC=C3)C3=CC=CC=C32)C(=O)O1,10,CC12CC=CCC1C(=O)OC2=O,37.9,100,1,130,6,150,3,0,0,0,0,0,0,0,0,0,0,0,0,0,0,CN(C)CC1=CC(CN(C)C)=CC(CN(C)C)=C1O,0.260824204,,0,,0
CC(C)(C1=CC=C(OCC2CO2)C=C1)C1=CC=C(OCC2CO2)C=C1,196,O=P1(C(NC2=NNC(NC(C3=CC=CO3)P3(=O)OC4=C(C=CC=C4)C4=C3C=CC=C4)=N2)C2=CC=CO2)OC2=C(C=CC=C2)C2=C1C=CC=C2,2.5,NC1=CC=C(CC2=CC=C(N)C=C2)C=C1,16.55,100,2,150,2,0,0,0,0,0,0,0,0,0,0,0,0,0,0,0,0,,0,,0,,0
CC(C)(C1=CC=C(OCC2CO2)C=C1)C1=CC=C(OCC2CO2)C=C1,196,O=P1(C(NC2=NNC(NC(C3=CC=CO3)P3(=O)OC4=C(C=CC=C4)C4=C3C=CC=C4)=N2)C2=CC=CO2)OC2=C(C=CC=C2)C2=C1C=CC=C2,5,NC1=CC=C(CC2=CC=C(N)C=C2)C=C1,16.1,100,2,150,2,0,0,0,0,0,0,0,0,0,0,0,0,0,0,0,0,,0,,0,,0
CC(C)(C1=CC=C(OCC2CO2)C=C1)C1=CC=C(OCC2CO2)C=C1,196,O=P1(C(NC2=NNC(NC(C3=CC=CO3)P3(=O)OC4=C(C=CC=C4)C4=C3C=CC=C4)=N2)C2=CC=CO2)OC2=C(C=CC=C2)C2=C1C=CC=C2,0,NC1=CC=C(CC2=CC=C(N)C=C2)C=C1,17.9,100,2,150,2,0,0,0,0,0,0,0,0,0,0,0,0,0,0,0,0,,0,,0,,0
CC(C)(C1=CC=C(OCC2CO2)C=C1)C1=CC=C(OCC2CO2)C=C1,227,O=C1CC(P2(=O)OC3=C(C=CC=C3)C3=C2C=CC=C3)C(=O)N1C1=CC=C(CC2=CC=C(N3C(=O)CC(P4(=O)OC5=C(C=CC=C5)C5=C4C=CC=C5)C3=O)C=C2)C=C1,8,NC1=CC=C(CC2=CC=C(N)C=C2)C=C1,18.4,100,2,150,2,0,0,0,0,0,0,0,0,0,0,0,0,0,0,0,0,,0,,0,,0
CC(C)(C1=CC=C(OCC2CO2)C=C1)C1=CC=C(OCC2CO2)C=C1,227,O=C1CC(P2(=O)OC3=C(C=CC=C3)C3=C2C=CC=C3)C(=O)N1C1=CC=C(CC2=CC=C(N3C(=O)CC(P4(=O)OC5=C(C=CC=C5)C5=C4C=CC=C5)C3=O)C=C2)C=C1,10,NC1=CC=C(CC2=CC=C(N)C=C2)C=C1,18,100,2,150,2,0,0,0,0,0,0,0,0,0,0,0,0,0,0,0,0,,0,,0,,0
CC(C)(C1=CC=C(OCC2CO2)C=C1)C1=CC=C(OCC2CO2)C=C1,227,O=C1CC(P2(=O)OC3=C(C=CC=C3)C3=C2C=CC=C3)C(=O)N1C1=CC=C(CC2=CC=C(N3C(=O)CC(P4(=O)OC5=C(C=CC=C5)C5=C4C=CC=C5)C3=O)C=C2)C=C1,12,NC1=CC=C(CC2=CC=C(N)C=C2)C=C1,17.6,100,2,150,2,0,0,0,0,0,0,0,0,0,0,0,0,0,0,0,0,,0,,0,,0
CC(C)(C1=CC=C(OCC2CO2)C=C1)C1=CC=C(OCC2CO2)C=C1,227,O=C1CC(P2(=O)OC3=C(C=CC=C3)C3=C2C=CC=C3)C(=O)N1C1=CC=C(CC2=CC=C(N3C(=O)CC(P4(=O)OC5=C(C=CC=C5)C5=C4C=CC=C5)C3=O)C=C2)C=C1,0,NC1=CC=C(CC2=CC=C(N)C=C2)C=C1,20,100,2,150,2,0,0,0,0,0,0,0,0,0,0,0,0,0,0,0,0,,0,,0,,0
CC(C)(C1=CC=C(OCC2CO2)C=C1)C1=CC=C(OCC2CO2)C=C1,227,O=P1(C(NC2=NC3=C(C=CC=C3)N2)C2=CC=C(O)C=C2)OC2=C(C=CC=C2)C2=C1C=CC=C2,4,NC1=CC=C(CC2=CC=C(N)C=C2)C=C1,20.12,100,2,150,2,0,0,0,0,0,0,0,0,0,0,0,0,0,0,0,0,,0,,0,,0
CC(C)(C1=CC=C(OCC2CO2)C=C1)C1=CC=C(OCC2CO2)C=C1,227,O=P1(C(NC2=NC3=C(C=CC=C3)N2)C2=CC=C(O)C=C2)OC2=C(C=CC=C2)C2=C1C=CC=C2,6,NC1=CC=C(CC2=CC=C(N)C=C2)C=C1,19.4,100,2,150,2,0,0,0,0,0,0,0,0,0,0,0,0,0,0,0,0,,0,,0,,0
CC(C)(C1=CC=C(OCC2CO2)C=C1)C1=CC=C(OCC2CO2)C=C1,227,O=P1(C(NC2=NC3=C(C=CC=C3)N2)C2=CC=C(O)C=C2)OC2=C(C=CC=C2)C2=C1C=CC=C2,8,NC1=CC=C(CC2=CC=C(N)C=C2)C=C1,18.98,100,2,150,2,0,0,0,0,0,0,0,0,0,0,0,0,0,0,0,0,,0,,0,,0
CC(C)(C1=CC=C(OCC2CO2)C=C1)C1=CC=C(OCC2CO2)C=C1,227,O=P1(C(NC2=NC3=C(C=CC=C3)N2)C2=CC=C(O)C=C2)OC2=C(C=CC=C2)C2=C1C=CC=C2,0,NC1=CC=C(CC2=CC=C(N)C=C2)C=C1,20.6,100,2,150,2,0,0,0,0,0,0,0,0,0,0,0,0,0,0,0,0,,0,,0,,0
CC(C)(C1=CC=C(OCC2CO2)C=C1)C1=CC=C(OCC2CO2)C=C1,227,NC(NO)(C1=CC=C(C(N)(NO)P2(=O)OC3=CC=CC=C3C3=C2C=CC=C3)C=C1)P1(=O)OC2=CC=CC=C2C2=C1C=CC=C2,1,NC1=CC=C(CC2=CC=C(N)C=C2)C=C1,19.8,120,3,0,0,0,0,0,0,0,0,0,0,0,0,0,0,0,0,0,0,,0,,0,,0
CC(C)(C1=CC=C(OCC2CO2)C=C1)C1=CC=C(OCC2CO2)C=C1,227,NC(NO)(C1=CC=C(C(N)(NO)P2(=O)OC3=CC=CC=C3C3=C2C=CC=C3)C=C1)P1(=O)OC2=CC=CC=C2C2=C1C=CC=C2,3,NC1=CC=C(CC2=CC=C(N)C=C2)C=C1,19.4,120,3,0,0,0,0,0,0,0,0,0,0,0,0,0,0,0,0,0,0,,0,,0,,0
CC(C)(C1=CC=C(OCC2CO2)C=C1)C1=CC=C(OCC2CO2)C=C1,227,NC(NO)(C1=CC=C(C(N)(NO)P2(=O)OC3=CC=CC=C3C3=C2C=CC=C3)C=C1)P1(=O)OC2=CC=CC=C2C2=C1C=CC=C2,5,NC1=CC=C(CC2=CC=C(N)C=C2)C=C1,19,120,3,0,0,0,0,0,0,0,0,0,0,0,0,0,0,0,0,0,0,,0,,0,,0
CC(C)(C1=CC=C(OCC2CO2)C=C1)C1=CC=C(OCC2CO2)C=C1,227,NC(NO)(C1=CC=C(C(N)(NO)P2(=O)OC3=CC=CC=C3C3=C2C=CC=C3)C=C1)P1(=O)OC2=CC=CC=C2C2=C1C=CC=C2,0,NC1=CC=C(CC2=CC=C(N)C=C2)C=C1,20,120,3,0,0,0,0,0,0,0,0,0,0,0,0,0,0,0,0,0,0,,0,,0,,0
CC(C)(C1=CC=C(OCC2CO2)C=C1)C1=CC=C(OCC2CO2)C=C1,196,O=P1(NCCNCCO)OC2=C(C=CC=C2)C2=C1C=CC=C2,3.8,NC1=CC=C(CC2=CC=C(N)C=C2)C=C1,20.3,100,2,150,2,0,0,0,0,0,0,0,0,0,0,0,0,0,0,0,0,,0,,0,,0
CC(C)(C1=CC=C(OCC2CO2)C=C1)C1=CC=C(OCC2CO2)C=C1,196,O=P1(NCCNCCO)OC2=C(C=CC=C2)C2=C1C=CC=C2,7.4,NC1=CC=C(CC2=CC=C(N)C=C2)C=C1,18.28,100,2,150,2,0,0,0,0,0,0,0,0,0,0,0,0,0,0,0,0,,0,,0,,0
CC(C)(C1=CC=C(OCC2CO2)C=C1)C1=CC=C(OCC2CO2)C=C1,196,O=P1(NCCNCCO)OC2=C(C=CC=C2)C2=C1C=CC=C2,0,NC1=CC=C(CC2=CC=C(N)C=C2)C=C1,21.875,100,2,150,2,0,0,0,0,0,0,0,0,0,0,0,0,0,0,0,0,,0,,0,,0
C1=CC(N(CC2CO2)CC2CO2)=CC=C1CC1=CC=C(N(CC2CO2)CC2CO2)C=C1,113,C=C[Si](C)(C)NP(=O)(OC1=CC=CC=C1)OC1=CC=CC=C1,10,NC1=CC=C(CC2=CC=C(N)C=C2)C=C1,18,90,0.5,180,2,0,0,0,0,0,0,0,0,0,0,0,0,0,0,0,0,,0,,0,,0
C1=CC(N(CC2CO2)CC2CO2)=CC=C1CC1=CC=C(N(CC2CO2)CC2CO2)C=C1,113,C=C[SiH](C)NP(=O)(N[Si](C)(C)C=C)OC1=CC=CC=C1,10,NC1=CC=C(CC2=CC=C(N)C=C2)C=C1,18,90,0.5,180,2,0,0,0,0,0,0,0,0,0,0,0,0,0,0,0,0,,0,,0,,0
C1=CC(N(CC2CO2)CC2CO2)=CC=C1CC1=CC=C(N(CC2CO2)CC2CO2)C=C1,113,C=C[Si](C)(C)NP1(=O)OC(=O)C2=C(C=CC=C2)O1,10,NC1=CC=C(CC2=CC=C(N)C=C2)C=C1,18,90,0.5,180,2,0,0,0,0,0,0,0,0,0,0,0,0,0,0,0,0,,0,,0,,0
C1=CC(N(CC2CO2)CC2CO2)=CC=C1CC1=CC=C(N(CC2CO2)CC2CO2)C=C1,113,C=C[Si](C)(C)NP1(=O)OCC2(CO1)COP(=O)(N[Si](C)(C)C=C)OC2,10,NC1=CC=C(CC2=CC=C(N)C=C2)C=C1,18,90,0.5,180,2,0,0,0,0,0,0,0,0,0,0,0,0,0,0,0,0,,0,,0,,0
C1=CC(N(CC2CO2)CC2CO2)=CC=C1CC1=CC=C(N(CC2CO2)CC2CO2)C=C1,113,C=C[Si](C)(C)NP1(=O)OCC2(CO1)COP(=O)(N[Si](C)(C)C=C)OC2,0,NC1=CC=C(CC2=CC=C(N)C=C2)C=C1,20,90,0.5,180,2,0,0,0,0,0,0,0,0,0,0,0,0,0,0,0,0,,0,,0,,0
CC(C)(C1=CC=C(OCC2CO2)C=C1)C1=CC=C(OCC2CO2)C=C1,227,CCOC(C1=CC(O)=C(O)C=C1)P1(=O)OC2=C(C=CC=C2)C2=C1C=CCC2,8,NC1=CC=C(CC2=CC=C(N)C=C2)C=C1,18.98,100,2,150,3,0,0,0,0,0,0,0,0,0,0,0,0,0,0,0,0,,0,,0,,0
CC(C)(C1=CC=C(OCC2CO2)C=C1)C1=CC=C(OCC2CO2)C=C1,227,CCOC(C1=CC(O)=C(O)C=C1)P1(=O)OC2=C(C=CC=C2)C2=C1C=CCC2,9,NC1=CC=C(CC2=CC=C(N)C=C2)C=C1,18.78,100,2,150,3,0,0,0,0,0,0,0,0,0,0,0,0,0,0,0,0,,0,,0,,0
CC(C)(C1=CC=C(OCC2CO2)C=C1)C1=CC=C(OCC2CO2)C=C1,227,CCOC(C1=CC(O)=C(O)C=C1)P1(=O)OC2=C(C=CC=C2)C2=C1C=CCC2,0,NC1=CC=C(CC2=CC=C(N)C=C2)C=C1,20.6,100,2,150,3,0,0,0,0,0,0,0,0,0,0,0,0,0,0,0,0,,0,,0,,0
CC(C)(C1=CC=C(OCC2CO2)C=C1)C1=CC=C(OCC2CO2)C=C1,227,COC1CC(CO)C(OC2CC(CO)C(OC)C(O)C2N)C(O)C1N,8,NC1=CC=C(CC2=CC=C(N)C=C2)C=C1,18.98364486,100,2,150,3,0,0,0,0,0,0,0,0,0,0,0,0,0,0,0,0,,0,,0,,0
CC(C)(C1=CC=C(OCC2CO2)C=C1)C1=CC=C(OCC2CO2)C=C1,227,COC1CC(CO)C(OC2CC(CO)C(OC)C(O)C2N)C(O)C1N,9,NC1=CC=C(CC2=CC=C(N)C=C2)C=C1,18.78069922,100,2,150,3,0,0,0,0,0,0,0,0,0,0,0,0,0,0,0,0,,0,,0,,0
CC(C)(C1=CC=C(OCC2CO2)C=C1)C1=CC=C(OCC2CO2)C=C1,227,CCOC(C1=CC(O)=C(O)C=C1)P1(=O)OC2=C(C=CC=C2)C2=C1C=CCC2,8,NC1=CC=C(CC2=CC=C(N)C=C2)C=C1,18.98364486,100,2,150,3,0,0,0,0,0,0,0,0,0,0,0,0,0,0,0,0,COC1CC(CO)C(OC2CC(CO)C(OC)C(O)C2N)C(O)C1N,2.628504673,,0,,0
CC(C)(C1=CC=C(OCC2CO2)C=C1)C1=CC=C(OCC2CO2)C=C1,227,CCOC(C1=CC(O)=C(O)C=C1)P1(=O)OC2=C(C=CC=C2)C2=C1C=CCC2,9,NC1=CC=C(CC2=CC=C(N)C=C2)C=C1,18.78069922,100,2,150,3,0,0,0,0,0,0,0,0,0,0,0,0,0,0,0,0,COC1CC(CO)C(OC2CC(CO)C(OC)C(O)C2N)C(O)C1N,3.004911875,,0,,0
CC(C)(C1=CC=C(OCC2CO2)C=C1)C1=CC=C(OCC2CO2)C=C1,227,O=P(NC1=NN=NN1)(C1=CC=CC=C1)C1=CC=CC=C1,2.5,NC1=CC=C(CC2=CC=C(N)C=C2)C=C1,17.59,100,3,150,2,0,0,0,0,0,0,0,0,0,0,0,0,0,0,0,0,,0,,0,,0
CC(C)(C1=CC=C(OCC2CO2)C=C1)C1=CC=C(OCC2CO2)C=C1,227,O=P(NC1=NN=NN1)(C1=CC=CC=C1)C1=CC=CC=C1,5,NC1=CC=C(CC2=CC=C(N)C=C2)C=C1,17.13,100,3,150,2,0,0,0,0,0,0,0,0,0,0,0,0,0,0,0,0,,0,,0,,0
CC(C)(C1=CC=C(OCC2CO2)C=C1)C1=CC=C(OCC2CO2)C=C1,227,O=P(NC1=NN=NN1)(C1=CC=CC=C1)C1=CC=CC=C1,7.5,NC1=CC=C(CC2=CC=C(N)C=C2)C=C1,16.68,100,3,150,2,0,0,0,0,0,0,0,0,0,0,0,0,0,0,0,0,,0,,0,,0
CC(C)(C1=CC=C(OCC2CO2)C=C1)C1=CC=C(OCC2CO2)C=C1,227,O=P(NC1=NN=NN1)(C1=CC=CC=C1)C1=CC=CC=C1,0,NC1=CC=C(CC2=CC=C(N)C=C2)C=C1,18,100,3,150,2,0,0,0,0,0,0,0,0,0,0,0,0,0,0,0,0,,0,,0,,0
CC(C)(C1=CC=C(OCC2CO2)C=C1)C1=CC=C(OCC2CO2)C=C1,196,CC(CP1(=O)OC2=C(C=CC=C2)C2=C1C=CC=C2)C(N)=O,4.8,CC(CP1(=O)OC2=C(C=CC=C2)C2=C1C=CC=C2)C(N)=O,4.8,100,1.5,115,5,135,2,0,0,0,0,0,0,0,0,0,0,0,0,0,0,,0,,0,,0
CC(C)(C1=CC=C(OCC2CO2)C=C1)C1=CC=C(OCC2CO2)C=C1,196,CC(CP1(=O)OC2=C(C=CC=C2)C2=C1C=CC=C2)C(N)=O,9.7,CC(CP1(=O)OC2=C(C=CC=C2)C2=C1C=CC=C2)C(N)=O,9.7,100,1.5,115,5,135,2,0,0,0,0,0,0,0,0,0,0,0,0,0,0,,0,,0,,0
CC(C)(C1=CC=C(OCC2CO2)C=C1)C1=CC=C(OCC2CO2)C=C1,196,CC(CP1(=O)OC2=C(C=CC=C2)C2=C1C=CC=C2)C(N)=O,14.5,CC(CP1(=O)OC2=C(C=CC=C2)C2=C1C=CC=C2)C(N)=O,14.5,100,1.5,115,5,135,2,0,0,0,0,0,0,0,0,0,0,0,0,0,0,,0,,0,,0
CC(C)(C1=CC=C(OCC2CO2)C=C1)C1=CC=C(OCC2CO2)C=C1,196,CC(CP1(=O)OC2=C(C=CC=C2)C2=C1C=CC=C2)C(N)=O,0,C=C(C(N)=O)C,5,100,1.5,115,5,135,2,0,0,0,0,0,0,0,0,0,0,0,0,0,0,,0,,0,,0
CC(C)(C1=CC=C(OCC2CO2)C=C1)C1=CC=C(OCC2CO2)C=C1,185,O=P1(CN(CCO)CCOB(OCCN(CCO)CP2(=O)OC3=C(C=CC=C3)C3=CC=CC=C32)OCCN(CCO)CP2(=O)OC3=CC=CC=C3C3=C2C=CC=C3)OC2=C(C=CC=C2)C2=CC=CC=C21,0.5,NC1=CC=C(CC2=CC=C(N)C=C2)C=C1,20.7,100,2,160,2,0,0,0,0,0,0,0,0,0,0,0,0,0,0,0,0,,0,,0,,0
CC(C)(C1=CC=C(OCC2CO2)C=C1)C1=CC=C(OCC2CO2)C=C1,185,O=P1(CN(CCO)CCOB(OCCN(CCO)CP2(=O)OC3=C(C=CC=C3)C3=CC=CC=C32)OCCN(CCO)CP2(=O)OC3=CC=CC=C3C3=C2C=CC=C3)OC2=C(C=CC=C2)C2=CC=CC=C21,1.5,NC1=CC=C(CC2=CC=C(N)C=C2)C=C1,20.5,100,2,160,2,0,0,0,0,0,0,0,0,0,0,0,0,0,0,0,0,,0,,0,,0
CC(C)(C1=CC=C(OCC2CO2)C=C1)C1=CC=C(OCC2CO2)C=C1,185,O=P1(CN(CCO)CCOB(OCCN(CCO)CP2(=O)OC3=C(C=CC=C3)C3=CC=CC=C32)OCCN(CCO)CP2(=O)OC3=CC=CC=C3C3=C2C=CC=C3)OC2=C(C=CC=C2)C2=CC=CC=C21,3,NC1=CC=C(CC2=CC=C(N)C=C2)C=C1,20.2,100,2,160,2,0,0,0,0,0,0,0,0,0,0,0,0,0,0,0,0,,0,,0,,0
CC(C)(C1=CC=C(OCC2CO2)C=C1)C1=CC=C(OCC2CO2)C=C1,185,O=P1(CN(CCO)CCOB(OCCN(CCO)CP2(=O)OC3=C(C=CC=C3)C3=CC=CC=C32)OCCN(CCO)CP2(=O)OC3=CC=CC=C3C3=C2C=CC=C3)OC2=C(C=CC=C2)C2=CC=CC=C21,6,NC1=CC=C(CC2=CC=C(N)C=C2)C=C1,19.6,100,2,160,2,0,0,0,0,0,0,0,0,0,0,0,0,0,0,0,0,,0,,0,,0
CC(C)(C1=CC=C(OCC2CO2)C=C1)C1=CC=C(OCC2CO2)C=C1,185,O=P1(CN(CCO)CCOB(OCCN(CCO)CP2(=O)OC3=C(C=CC=C3)C3=CC=CC=C32)OCCN(CCO)CP2(=O)OC3=CC=CC=C3C3=C2C=CC=C3)OC2=C(C=CC=C2)C2=CC=CC=C21,0,NC1=CC=C(CC2=CC=C(N)C=C2)C=C1,20.8,100,2,160,2,0,0,0,0,0,0,0,0,0,0,0,0,0,0,0,0,,0,,0,,0
CC(C)(C1=CC=C(OCC2CO2)C=C1)C1=CC=C(OCC2CO2)C=C1,227,O=P(NC1=NNC=N1)(NC1=NNC=N1)C1=CC=CC=C1,2.5,NC1=CC=C(CC2=CC=C(N)C=C2)C=C1,24.375,100,3,150,2,0,0,0,0,0,0,0,0,0,0,0,0,0,0,0,0,,0,,0,,0
CC(C)(C1=CC=C(OCC2CO2)C=C1)C1=CC=C(OCC2CO2)C=C1,227,O=P(NC1=NNC=N1)(NC1=NNC=N1)C1=CC=CC=C1,5,NC1=CC=C(CC2=CC=C(N)C=C2)C=C1,23.75,100,3,150,2,0,0,0,0,0,0,0,0,0,0,0,0,0,0,0,0,,0,,0,,0
CC(C)(C1=CC=C(OCC2CO2)C=C1)C1=CC=C(OCC2CO2)C=C1,227,O=P(NC1=NNC=N1)(NC1=NNC=N1)C1=CC=CC=C1,7.5,NC1=CC=C(CC2=CC=C(N)C=C2)C=C1,23.125,100,3,150,2,0,0,0,0,0,0,0,0,0,0,0,0,0,0,0,0,,0,,0,,0
CC(C)(C1=CC=C(OCC2CO2)C=C1)C1=CC=C(OCC2CO2)C=C1,227,O=P(NC1=NNC=N1)(NC1=NNC=N1)C1=CC=CC=C1,0,NC1=CC=C(CC2=CC=C(N)C=C2)C=C1,25,100,3,150,2,0,0,0,0,0,0,0,0,0,0,0,0,0,0,0,0,,0,,0,,0
CC(C)(C1=CC=C(OCC2CO2)C=C1)C1=CC=C(OCC2CO2)C=C1,196,CNCCNCCN(CCN(CCNCCNC(C1=CC=CC=C1)P1(=O)OC2=C(C=CC=C2)C2=C1C=CC=C2)CCNCCN(CCNC)CCNC(C1=CC=CC=C1)P1(=O)OC2=C(C=CC=C2)C2=C1C=CC=C2)CCN(CCN)CCNC(C1=CC=CC=C1)P1(=O)OC2=C(C=CC=C2)C2=C1C=CC=C2,2,NC1=CC=C(CC2=CC=C(N)C=C2)C=C1,19.6,100,2,160,2,180,2,0,0,0,0,0,0,0,0,0,0,0,0,0,0,,0,,0,,0
CC(C)(C1=CC=C(OCC2CO2)C=C1)C1=CC=C(OCC2CO2)C=C1,196,CNCCNCCN(CCN(CCNCCNC(C1=CC=CC=C1)P1(=O)OC2=C(C=CC=C2)C2=C1C=CC=C2)CCNCCN(CCNC)CCNC(C1=CC=CC=C1)P1(=O)OC2=C(C=CC=C2)C2=C1C=CC=C2)CCN(CCN)CCNC(C1=CC=CC=C1)P1(=O)OC2=C(C=CC=C2)C2=C1C=CC=C2,3,NC1=CC=C(CC2=CC=C(N)C=C2)C=C1,19.4,100,2,160,2,180,2,0,0,0,0,0,0,0,0,0,0,0,0,0,0,,0,,0,,0
CC(C)(C1=CC=C(OCC2CO2)C=C1)C1=CC=C(OCC2CO2)C=C1,196,CNCCNCCN(CCN(CCNCCNC(C1=CC=CC=C1)P1(=O)OC2=C(C=CC=C2)C2=C1C=CC=C2)CCNCCN(CCNC)CCNC(C1=CC=CC=C1)P1(=O)OC2=C(C=CC=C2)C2=C1C=CC=C2)CCN(CCN)CCNC(C1=CC=CC=C1)P1(=O)OC2=C(C=CC=C2)C2=C1C=CC=C2,4,NC1=CC=C(CC2=CC=C(N)C=C2)C=C1,19.2,100,2,160,2,180,2,0,0,0,0,0,0,0,0,0,0,0,0,0,0,,0,,0,,0
CC(C)(C1=CC=C(OCC2CO2)C=C1)C1=CC=C(OCC2CO2)C=C1,196,CNCCNCCN(CCN(CCNCCNC(C1=CC=CC=C1)P1(=O)OC2=C(C=CC=C2)C2=C1C=CC=C2)CCNCCN(CCNC)CCNC(C1=CC=CC=C1)P1(=O)OC2=C(C=CC=C2)C2=C1C=CC=C2)CCN(CCN)CCNC(C1=CC=CC=C1)P1(=O)OC2=C(C=CC=C2)C2=C1C=CC=C2,6,NC1=CC=C(CC2=CC=C(N)C=C2)C=C1,18.8,100,2,160,2,180,2,0,0,0,0,0,0,0,0,0,0,0,0,0,0,,0,,0,,0
CC(C)(C1=CC=C(OCC2CO2)C=C1)C1=CC=C(OCC2CO2)C=C1,196,CNCCNCCN(CCN(CCNCCNC(C1=CC=CC=C1)P1(=O)OC2=C(C=CC=C2)C2=C1C=CC=C2)CCNCCN(CCNC)CCNC(C1=CC=CC=C1)P1(=O)OC2=C(C=CC=C2)C2=C1C=CC=C2)CCN(CCN)CCNC(C1=CC=CC=C1)P1(=O)OC2=C(C=CC=C2)C2=C1C=CC=C2,0,NC1=CC=C(CC2=CC=C(N)C=C2)C=C1,20,100,2,160,2,180,2,0,0,0,0,0,0,0,0,0,0,0,0,0,0,,0,,0,,0
CC(C)(C1=CC=C(OCC2CO2)C=C1)C1=CC=C(OCC2CO2)C=C1,189,CP(=O)(NCC1COB(C2=CC=C(B3OCC(CN)O3)C=C2)O1)C1=CC=CC=C1,1,NC1=CC=C(CC2=CC=C(N)C=C2)C=C1,20.6,120,2,140,2,160,2,180,2,0,0,0,0,0,0,0,0,0,0,0,0,,0,,0,,0
CC(C)(C1=CC=C(OCC2CO2)C=C1)C1=CC=C(OCC2CO2)C=C1,189,CP(=O)(NCC1COB(C2=CC=C(B3OCC(CN)O3)C=C2)O1)C1=CC=CC=C1,2,NC1=CC=C(CC2=CC=C(N)C=C2)C=C1,20.4,120,2,140,2,160,2,180,2,0,0,0,0,0,0,0,0,0,0,0,0,,0,,0,,0
CC(C)(C1=CC=C(OCC2CO2)C=C1)C1=CC=C(OCC2CO2)C=C1,189,CP(=O)(NCC1COB(C2=CC=C(B3OCC(CN)O3)C=C2)O1)C1=CC=CC=C1,3,NC1=CC=C(CC2=CC=C(N)C=C2)C=C1,20.2,120,2,140,2,160,2,180,2,0,0,0,0,0,0,0,0,0,0,0,0,,0,,0,,0
CC(C)(C1=CC=C(OCC2CO2)C=C1)C1=CC=C(OCC2CO2)C=C1,189,CP(=O)(NCC1COB(C2=CC=C(B3OCC(CN)O3)C=C2)O1)C1=CC=CC=C1,5,NC1=CC=C(CC2=CC=C(N)C=C2)C=C1,19.8,120,2,140,2,160,2,180,2,0,0,0,0,0,0,0,0,0,0,0,0,,0,,0,,0
CC(C)(C1=CC=C(OCC2CO2)C=C1)C1=CC=C(OCC2CO2)C=C1,189,CP(=O)(NCC1COB(C2=CC=C(B3OCC(CN)O3)C=C2)O1)C1=CC=CC=C1,0,NC1=CC=C(CC2=CC=C(N)C=C2)C=C1,20.8,120,2,140,2,160,2,180,2,0,0,0,0,0,0,0,0,0,0,0,0,,0,,0,,0
CC(C)(C1=CC=C(OCC2CO2)C=C1)C1=CC=C(OCC2CO2)C=C1,227,COC1=C(C=CC(C(P2(OC3=C(C4=C2C=CC=C4)C=CC=C3)=O)NC5=NN=C(N5)NC(P6(OC7=C(C8=C6C=CC=C8)C=CC=C7)=O)C9=CC=C(C(O)=C9)OC)=C1)O,0.5,NC1=CC=C(CC2=CC=C(N)C=C2)C=C1,17.81,100,2,150,2,0,0,0,0,0,0,0,0,0,0,0,0,0,0,0,0,,0,,0,,0
CC(C)(C1=CC=C(OCC2CO2)C=C1)C1=CC=C(OCC2CO2)C=C1,227,COC1=C(C=CC(C(P2(OC3=C(C4=C2C=CC=C4)C=CC=C3)=O)NC5=NN=C(N5)NC(P6(OC7=C(C8=C6C=CC=C8)C=CC=C7)=O)C9=CC=C(C(O)=C9)OC)=C1)O,1,NC1=CC=C(CC2=CC=C(N)C=C2)C=C1,17.6,100,2,150,2,0,0,0,0,0,0,0,0,0,0,0,0,0,0,0,0,,0,,0,,0
CC(C)(C1=CC=C(OCC2CO2)C=C1)C1=CC=C(OCC2CO2)C=C1,227,COC1=C(C=CC(C(P2(OC3=C(C4=C2C=CC=C4)C=CC=C3)=O)NC5=NN=C(N5)NC(P6(OC7=C(C8=C6C=CC=C8)C=CC=C7)=O)C9=CC=C(C(O)=C9)OC)=C1)O,1.5,NC1=CC=C(CC2=CC=C(N)C=C2)C=C1,17.4,100,2,150,2,0,0,0,0,0,0,0,0,0,0,0,0,0,0,0,0,,0,,0,,0
CC(C)(C1=CC=C(OCC2CO2)C=C1)C1=CC=C(OCC2CO2)C=C1,227,COC1=C(C=CC(C(P2(OC3=C(C4=C2C=CC=C4)C=CC=C3)=O)NC5=NN=C(N5)NC(P6(OC7=C(C8=C6C=CC=C8)C=CC=C7)=O)C9=CC=C(C(O)=C9)OC)=C1)O,2,NC1=CC=C(CC2=CC=C(N)C=C2)C=C1,17.24,100,2,150,2,0,0,0,0,0,0,0,0,0,0,0,0,0,0,0,0,,0,,0,,0
CC(C)(C1=CC=C(OCC2CO2)C=C1)C1=CC=C(OCC2CO2)C=C1,227,COC1=C(C=CC(C(P2(OC3=C(C4=C2C=CC=C4)C=CC=C3)=O)NC5=NN=C(N5)NC(P6(OC7=C(C8=C6C=CC=C8)C=CC=C7)=O)C9=CC=C(C(O)=C9)OC)=C1)O,0,NC1=CC=C(CC2=CC=C(N)C=C2)C=C1,17.91,100,2,150,2,0,0,0,0,0,0,0,0,0,0,0,0,0,0,0,0,,0,,0,,0
CC(C)(C1=CC=C(OCC2CO2)C=C1)C1=CC=C(OCC2CO2)C=C1,227,O=C(C(NC(P1(OC2=CC=CC=C2C3=C1C=CC=C3)=O)C4=CC=CO4)CC5=CC=C(C=C5)O)O,4,NC1=CC=C(CC2=CC=C(N)C=C2)C=C1,17.21,120,2,170,2,0,0,0,0,0,0,0,0,0,0,0,0,0,0,0,0,,0,,0,,0
CC(C)(C1=CC=C(OCC2CO2)C=C1)C1=CC=C(OCC2CO2)C=C1,227,O=C(C(NC(P1(OC2=CC=CC=C2C3=C1C=CC=C3)=O)C4=CC=CO4)CC5=CC=C(C=C5)O)O,6,NC1=CC=C(CC2=CC=C(N)C=C2)C=C1,16.86,120,2,170,2,0,0,0,0,0,0,0,0,0,0,0,0,0,0,0,0,,0,,0,,0
CC(C)(C1=CC=C(OCC2CO2)C=C1)C1=CC=C(OCC2CO2)C=C1,227,O=C(C(NC(P1(OC2=CC=CC=C2C3=C1C=CC=C3)=O)C4=CC=CO4)CC5=CC=C(C=C5)O)O,8,NC1=CC=C(CC2=CC=C(N)C=C2)C=C1,16.5,120,2,170,2,0,0,0,0,0,0,0,0,0,0,0,0,0,0,0,0,,0,,0,,0
CC(C)(C1=CC=C(OCC2CO2)C=C1)C1=CC=C(OCC2CO2)C=C1,227,O=C(C(NC(P1(OC2=CC=CC=C2C3=C1C=CC=C3)=O)C4=CC=CO4)CC5=CC=C(C=C5)O)O,0,NC1=CC=C(CC2=CC=C(N)C=C2)C=C1,17.93,120,2,170,2,0,0,0,0,0,0,0,0,0,0,0,0,0,0,0,0,,0,,0,,0
CC(C)(C1=CC=C(OCC2CO2)C=C1)C1=CC=C(OCC2CO2)C=C1,227,N#CC1=CC=C(C=C1)OP(C2=CC=CC=C2)(C3=CC=CC=C3)=O,4,NC1=CC=C(CC2=CC=C(N)C=C2)C=C1,17.2,120,2,170,4,0,0,0,0,0,0,0,0,0,0,0,0,0,0,0,0,,0,,0,,0
CC(C)(C1=CC=C(OCC2CO2)C=C1)C1=CC=C(OCC2CO2)C=C1,227,N#CC1=CC=C(C=C1)OP(C2=CC=CC=C2)(C3=CC=CC=C3)=O,5,NC1=CC=C(CC2=CC=C(N)C=C2)C=C1,17,120,2,170,4,0,0,0,0,0,0,0,0,0,0,0,0,0,0,0,0,,0,,0,,0
CC(C)(C1=CC=C(OCC2CO2)C=C1)C1=CC=C(OCC2CO2)C=C1,227,N#CC1=CC=C(C=C1)OP(C2=CC=CC=C2)(C3=CC=CC=C3)=O,6,NC1=CC=C(CC2=CC=C(N)C=C2)C=C1,16.9,120,2,170,4,0,0,0,0,0,0,0,0,0,0,0,0,0,0,0,0,,0,,0,,0
CC(C)(C1=CC=C(OCC2CO2)C=C1)C1=CC=C(OCC2CO2)C=C1,227,N#CC1=CC=C(C=C1)OP(C2=CC=CC=C2)(C3=CC=CC=C3)=O,7,NC1=CC=C(CC2=CC=C(N)C=C2)C=C1,16.7,120,2,170,4,0,0,0,0,0,0,0,0,0,0,0,0,0,0,0,0,,0,,0,,0
CC(C)(C1=CC=C(OCC2CO2)C=C1)C1=CC=C(OCC2CO2)C=C1,227,N#CC1=CC=C(C=C1)OP(C2=CC=CC=C2)(C3=CC=CC=C3)=O,8,NC1=CC=C(CC2=CC=C(N)C=C2)C=C1,16.5,120,2,170,4,0,0,0,0,0,0,0,0,0,0,0,0,0,0,0,0,,0,,0,,0
CC(C)(C1=CC=C(OCC2CO2)C=C1)C1=CC=C(OCC2CO2)C=C1,227,N#CC1=CC=C(C=C1)OP(C2=CC=CC=C2)(C3=CC=CC=C3)=O,0,NC1=CC=C(CC2=CC=C(N)C=C2)C=C1,17.9,120,2,170,4,0,0,0,0,0,0,0,0,0,0,0,0,0,0,0,0,,0,,0,,0
CC(C)(C1=CC=C(OCC2CO2)C=C1)C1=CC=C(OCC2CO2)C=C1,227,O=C1NC2=CC=C(NC3C4=CC=C(C=C4)C(NC4=CC=C5NC(=O)NC5=C4)P4(=O)OC5=C(C=CC=C5)C5=C4C=C(C=C5)C4=CC5=C(C=C4)C4=C(C=CC=C4)OP53=O)C=C2N1,6.7,NC1=CC=C(CC2=CC=C(N)C=C2)C=C1,18.66,100,2,150,3,0,0,0,0,0,0,0,0,0,0,0,0,0,0,0,0,,0,,0,,0
CC(C)(C1=CC=C(OCC2CO2)C=C1)C1=CC=C(OCC2CO2)C=C1,227,O=C1NC2=CC=C(NC3C4=CC=C(C=C4)C(NC4=CC=C5NC(=O)NC5=C4)P4(=O)OC5=C(C=CC=C5)C5=C4C=C(C=C5)C4=CC5=C(C=C4)C4=C(C=CC=C4)OP53=O)C=C2N1,10,NC1=CC=C(CC2=CC=C(N)C=C2)C=C1,17.99,100,2,150,3,0,0,0,0,0,0,0,0,0,0,0,0,0,0,0,0,,0,,0,,0
CC(C)(C1=CC=C(OCC2CO2)C=C1)C1=CC=C(OCC2CO2)C=C1,227,O=C1NC2=CC=C(NC3C4=CC=C(C=C4)C(NC4=CC=C5NC(=O)NC5=C4)P4(=O)OC5=C(C=CC=C5)C5=C4C=C(C=C5)C4=CC5=C(C=C4)C4=C(C=CC=C4)OP53=O)C=C2N1,13.4,NC1=CC=C(CC2=CC=C(N)C=C2)C=C1,17.32,100,2,150,3,0,0,0,0,0,0,0,0,0,0,0,0,0,0,0,0,,0,,0,,0
CC(C)(C1=CC=C(OCC2CO2)C=C1)C1=CC=C(OCC2CO2)C=C1,227,O=C1NC2=CC=C(NC3C4=CC=C(C=C4)C(NC4=CC=C5NC(=O)NC5=C4)P4(=O)OC5=C(C=CC=C5)C5=C4C=C(C=C5)C4=CC5=C(C=C4)C4=C(C=CC=C4)OP53=O)C=C2N1,0,NC1=CC=C(CC2=CC=C(N)C=C2)C=C1,20,100,2,150,3,0,0,0,0,0,0,0,0,0,0,0,0,0,0,0,0,,0,,0,,0
CC(C)(C1=CC=C(OCC2CO2)C=C1)C1=CC=C(OCC2CO2)C=C1,500,OC(CC(C(O)=O)C(C(O)=O)CC(NC1=NC(NC(C(CC(O)=O)C(C(O)=O)CC(O)=O)=O)=NC(NC(C(CC(O)=O)C(C(O)=O)CC(O)=O)=O)=N1)=O)=O,10,NC1=CC=C(CC2=CC=C(N)C=C2)C=C1,17.99,80,2,120,2,150,2,0,0,0,0,0,0,0,0,0,0,0,0,0,0,,0,,0,,0
CC(C)(C1=CC=C(OCC2CO2)C=C1)C1=CC=C(OCC2CO2)C=C1,500,OC(CC(C(O)=O)C(C(O)=O)CC(NC1=NC(NC(C(CC(O)=O)C(C(O)=O)CC(O)=O)=O)=NC(NC(C(CC(O)=O)C(C(O)=O)CC(O)=O)=O)=N2)=O)=O,0,NC1=CC=C(CC2=CC=C(N)C=C2)C=C1,20,80,2,120,2,150,2,0,0,0,0,0,0,0,0,0,0,0,0,0,0,,0,,0,,0
CC(C)(C1=CC=C(OCC2CO2)C=C1)C1=CC=C(OCC2CO2)C=C1,500,OC(CC(C(O)=O)C(C(O)=O)CC(NC1=NC(NC(C(CC(O)=O)C(C(O)=O)CC(O)=O)=O)=NC(NC(C(CC(O)=O)C(C(O)=O)CC(O)=O)=O)=N3)=O)=O,5.035971223,NC1=CC=C(CC2=CC=C(N)C=C2)C=C1,17.98561151,80,2,120,2,150,2,0,0,0,0,0,0,0,0,0,0,0,0,0,0,O=P([O-])([O-])[O-].[NH4+].[NH4+].[NH4+],5.035971223,,0,,0
CC(C)(C1=CC=C(OCC2CO2)C=C1)C1=CC=C(OCC2CO2)C=C1,500,O=P([O-])([O-])[O-].[NH4+].[NH4+].[NH4+],10,NC1=CC=C(CC2=CC=C(N)C=C2)C=C1,17.99,80,2,120,2,150,2,0,0,0,0,0,0,0,0,0,0,0,0,0,0,,0,,0,,0
CC(C)(C1=CC=C(OCC2CO2)C=C1)C1=CC=C(OCC2CO2)C=C1,196,CC(C1=CC=C(C(N(C2=CC(OC3=CC(C#N)=C(C=C3)C#N)=CC=C2)CP4(OC5=C(C6=C4C=CC=C6)C=CC=C5)=O)=C1)O)(C7=CC(CN(C8=CC=CC(OC9=CC(C#N)=C(C=C9)C#N)=C8)CP%10(OC%11=C(C%12=C%10C=CC=C%12)C=CC=C%11)=O)=C(C=C7)O)C,3.79,NC1=CC=C(S(=O)(=O)C2=CC=C(N)C=C2)C=C1,19.242,190,4,210,2,230,2,250,2,270,2,0,0,0,0,0,0,0,0,0,0,,0,,0,,0
CC(C)(C1=CC=C(OCC2CO2)C=C1)C1=CC=C(OCC2CO2)C=C1,196,CC(C1=CC=C(C(N(C2=CC(OC3=CC(C#N)=C(C=C3)C#N)=CC=C2)CP4(OC5=C(C6=C4C=CC=C6)C=CC=C5)=O)=C1)O)(C7=CC(CN(C8=CC=CC(OC9=CC(C#N)=C(C=C9)C#N)=C8)CP%10(OC%11=C(C%12=C%10C=CC=C%12)C=CC=C%11)=O)=C(C=C7)O)C,7.29,NC1=CC=C(S(=O)(=O)C2=CC=C(N)C=C2)C=C1,18.542,190,4,210,2,230,2,250,2,270,2,0,0,0,0,0,0,0,0,0,0,,0,,0,,0
CC(C)(C1=CC=C(OCC2CO2)C=C1)C1=CC=C(OCC2CO2)C=C1,196,CC(C1=CC=C(C(N(C2=CC(OC3=CC(C#N)=C(C=C3)C#N)=CC=C2)CP4(OC5=C(C6=C4C=CC=C6)C=CC=C5)=O)=C1)O)(C7=CC(CN(C8=CC=CC(OC9=CC(C#N)=C(C=C9)C#N)=C8)CP%10(OC%11=C(C%12=C%10C=CC=C%12)C=CC=C%11)=O)=C(C=C7)O)C,10.6,NC1=CC=C(S(=O)(=O)C2=CC=C(N)C=C2)C=C1,17.88,190,4,210,2,230,2,250,2,270,2,0,0,0,0,0,0,0,0,0,0,,0,,0,,0
CC(C)(C1=CC=C(OCC2CO2)C=C1)C1=CC=C(OCC2CO2)C=C1,196,CC(C1=CC=C(C(N(C2=CC(OC3=CC(C#N)=C(C=C3)C#N)=CC=C2)CP4(OC5=C(C6=C4C=CC=C6)C=CC=C5)=O)=C1)O)(C7=CC(CN(C8=CC=CC(OC9=CC(C#N)=C(C=C9)C#N)=C8)CP%10(OC%11=C(C%12=C%10C=CC=C%12)C=CC=C%11)=O)=C(C=C7)O)C,13.6,NC1=CC=C(S(=O)(=O)C2=CC=C(N)C=C2)C=C1,17.28,190,4,210,2,230,2,250,2,270,2,0,0,0,0,0,0,0,0,0,0,,0,,0,,0
CC(C)(C1=CC=C(OCC2CO2)C=C1)C1=CC=C(OCC2CO2)C=C1,196,CC(C1=CC=C(C(N(C2=CC(OC3=CC(C#N)=C(C=C3)C#N)=CC=C2)CP4(OC5=C(C6=C4C=CC=C6)C=CC=C5)=O)=C1)O)(C7=CC(CN(C8=CC=CC(OC9=CC(C#N)=C(C=C9)C#N)=C8)CP%10(OC%11=C(C%12=C%10C=CC=C%12)C=CC=C%11)=O)=C(C=C7)O)C,0,NC1=CC=C(S(=O)(=O)C2=CC=C(N)C=C2)C=C1,20,190,4,210,2,230,2,250,2,270,2,0,0,0,0,0,0,0,0,0,0,,0,,0,,0
CC(C)(C1=CC=C(OCC2CO2)C=C1)C1=CC=C(OCC2CO2)C=C1,196,COC1=CC(C(NCC2=CC=CO2)P2(=O)OC3=C(C=CC=C3)C3=C2C=CC=C3)=CC=C1O,5,NC1=CC=C(CC2=CC=C(N)C=C2)C=C1,18.26,100,3,150,2,180,3,0,0,0,0,0,0,0,0,0,0,0,0,0,0,,0,,0,,0
CC(C)(C1=CC=C(OCC2CO2)C=C1)C1=CC=C(OCC2CO2)C=C1,196,COC1=CC(C(NCC2=CC=CO2)P2(=O)OC3=C(C=CC=C3)C3=C2C=CC=C3)=CC=C1O,7.5,NC1=CC=C(CC2=CC=C(N)C=C2)C=C1,17.32,100,3,150,2,180,3,0,0,0,0,0,0,0,0,0,0,0,0,0,0,,0,,0,,0
CC(C)(C1=CC=C(OCC2CO2)C=C1)C1=CC=C(OCC2CO2)C=C1,196,COC1=CC(C(NCC2=CC=CO2)P2(=O)OC3=C(C=CC=C3)C3=C2C=CC=C3)=CC=C1O,10,NC1=CC=C(CC2=CC=C(N)C=C2)C=C1,15,100,3,150,2,180,3,0,0,0,0,0,0,0,0,0,0,0,0,0,0,,0,,0,,0
CC(C)(C1=CC=C(OCC2CO2)C=C1)C1=CC=C(OCC2CO2)C=C1,196,COC1=CC(C(NCC2=CC=CO2)P2(=O)OC3=C(C=CC=C3)C3=C2C=CC=C3)=CC=C1O,12.5,NC1=CC=C(CC2=CC=C(N)C=C2)C=C1,13.87,100,3,150,2,180,3,0,0,0,0,0,0,0,0,0,0,0,0,0,0,,0,,0,,0
CC(C)(C1=CC=C(OCC2CO2)C=C1)C1=CC=C(OCC2CO2)C=C1,196,COC1=CC(C(NCC2=CC=CO2)P2(=O)OC3=C(C=CC=C3)C3=C2C=CC=C3)=CC=C1O,0,NC1=CC=C(CC2=CC=C(N)C=C2)C=C1,20.16,100,3,150,2,180,3,0,0,0,0,0,0,0,0,0,0,0,0,0,0,,0,,0,,0
CC(C)(C1=CC=C(OCC2CO2)C=C1)C1=CC=C(OCC2CO2)C=C1,227,O=P1(C2=CC=CC=C2)OC2=CC=C(CC3CO3)C=C2C2=C(C=CC(CC3CO3)=C2)O1,2.5,NC1=CC=C(CC2=CC=C(N)C=C2)C=C1,18,120,2,170,4,0,0,0,0,0,0,0,0,0,0,0,0,0,0,0,0,,0,,0,,0
CC(C)(C1=CC=C(OCC2CO2)C=C1)C1=CC=C(OCC2CO2)C=C1,227,O=P1(C2=CC=CC=C2)OC2=CC=C(CC3CO3)C=C2C2=C(C=CC(CC3CO3)=C2)O1,5,NC1=CC=C(CC2=CC=C(N)C=C2)C=C1,18,120,2,170,4,0,0,0,0,0,0,0,0,0,0,0,0,0,0,0,0,,0,,0,,0
CC(C)(C1=CC=C(OCC2CO2)C=C1)C1=CC=C(OCC2CO2)C=C1,227,O=P1(C2=CC=CC=C2)OC2=CC=C(CC3CO3)C=C2C2=C(C=CC(CC3CO3)=C2)O1,7.5,NC1=CC=C(CC2=CC=C(N)C=C2)C=C1,18,120,2,170,4,0,0,0,0,0,0,0,0,0,0,0,0,0,0,0,0,,0,,0,,0
CC(C)(C1=CC=C(OCC2CO2)C=C1)C1=CC=C(OCC2CO2)C=C1,227,O=P1(C2=CC=CC=C2)OC2=CC=C(CC3CO3)C=C2C2=C(C=CC(CC3CO3)=C2)O1,10,NC1=CC=C(CC2=CC=C(N)C=C2)C=C1,18,120,2,170,4,0,0,0,0,0,0,0,0,0,0,0,0,0,0,0,0,,0,,0,,0
CC(C)(C1=CC=C(OCC2CO2)C=C1)C1=CC=C(OCC2CO2)C=C1,227,O=P1(C2=CC=CC=C2)OC2=CC=C(CC3CO3)C=C2C2=C(C=CC(CC3CO3)=C2)O1,0,NC1=CC=C(CC2=CC=C(N)C=C2)C=C1,17.9,120,2,170,4,0,0,0,0,0,0,0,0,0,0,0,0,0,0,0,0,,0,,0,,0
CC(C)(C1=CC=C(OCC2CO2)C=C1)C1=CC=C(OCC2CO2)C=C1,227,C=CCC1=CC=C2OP(C3=CC=CC=C3)(OC4=C(C2=C1)C=C(C=C4)CC=C)=O,2.5,NC1=CC=C(CC2=CC=C(N)C=C2)C=C1,17.4,120,2,170,4,0,0,0,0,0,0,0,0,0,0,0,0,0,0,0,0,,0,,0,,0
CC(C)(C1=CC=C(OCC2CO2)C=C1)C1=CC=C(OCC2CO2)C=C1,227,C=CCC1=CC=C2OP(C3=CC=CC=C3)(OC4=C(C2=C1)C=C(C=C4)CC=C)=O,5,NC1=CC=C(CC2=CC=C(N)C=C2)C=C1,17,120,2,170,4,0,0,0,0,0,0,0,0,0,0,0,0,0,0,0,0,,0,,0,,0
CC(C)(C1=CC=C(OCC2CO2)C=C1)C1=CC=C(OCC2CO2)C=C1,227,C=CCC1=CC=C2OP(C3=CC=CC=C3)(OC4=C(C2=C1)C=C(C=C4)CC=C)=O,7.5,NC1=CC=C(CC2=CC=C(N)C=C2)C=C1,16.5,120,2,170,4,0,0,0,0,0,0,0,0,0,0,0,0,0,0,0,0,,0,,0,,0
CC(C)(C1=CC=C(OCC2CO2)C=C1)C1=CC=C(OCC2CO2)C=C1,227,C=CCC1=CC=C2OP(C3=CC=CC=C3)(OC4=C(C2=C1)C=C(C=C4)CC=C)=O,10,NC1=CC=C(CC2=CC=C(N)C=C2)C=C1,16.1,120,2,170,4,0,0,0,0,0,0,0,0,0,0,0,0,0,0,0,0,,0,,0,,0
CC(C)(C1=CC=C(OCC2CO2)C=C1)C1=CC=C(OCC2CO2)C=C1,185,C1=CS/C(=N\P2(/N=C3/NC=CS3)=NP(/N=C3\NC=CS3)(/N=C3\NC=CS3)=NP(/N=C3/NC=CS3)(/N=C3\NC=CS3)=N2)N1,3,NC1=CC=C(S(=O)(=O)C2=CC=C(N)C=C2)C=C1,23.52,160,1,180,2,200,1,0,0,0,0,0,0,0,0,0,0,0,0,0,0,,0,,0,,0
CC(C)(C1=CC=C(OCC2CO2)C=C1)C1=CC=C(OCC2CO2)C=C1,185,C1=CS/C(=N\P2(/N=C3/NC=CS3)=NP(/N=C3\NC=CS3)(/N=C3\NC=CS3)=NP(/N=C3/NC=CS3)(/N=C3\NC=CS3)=N2)N1,5,NC1=CC=C(S(=O)(=O)C2=CC=C(N)C=C2)C=C1,23.03,160,1,180,2,200,1,0,0,0,0,0,0,0,0,0,0,0,0,0,0,,0,,0,,0
CC(C)(C1=CC=C(OCC2CO2)C=C1)C1=CC=C(OCC2CO2)C=C1,185,C1=CS/C(=N\P2(/N=C3/NC=CS3)=NP(/N=C3\NC=CS3)(/N=C3\NC=CS3)=NP(/N=C3/NC=CS3)(/N=C3\NC=CS3)=N2)N1,7,NC1=CC=C(S(=O)(=O)C2=CC=C(N)C=C2)C=C1,22.55,160,1,180,2,200,1,0,0,0,0,0,0,0,0,0,0,0,0,0,0,,0,,0,,0
CC(C)(C1=CC=C(OCC2CO2)C=C1)C1=CC=C(OCC2CO2)C=C1,185,C1=CS/C(=N\P2(/N=C3/NC=CS3)=NP(/N=C3\NC=CS3)(/N=C3\NC=CS3)=NP(/N=C3/NC=CS3)(/N=C3\NC=CS3)=N2)N1,0,NC1=CC=C(S(=O)(=O)C2=CC=C(N)C=C2)C=C1,24.24,160,1,180,2,200,1,0,0,0,0,0,0,0,0,0,0,0,0,0,0,,0,,0,,0
CC(C)(C1=CC=C(OCC2CO2)C=C1)C1=CC=C(OCC2CO2)C=C1,196,O=P1(C(NC2=CC=C(S(=O)(=O)NC3=NC=CS3)C=C2)C2=CC=CS2)OC2=C(C=CC=C2)C2=C1C=CC=C2,2.5,NC1=CC=C(CC2=CC=C(N)C=C2)C=C1,19.5,120,2,150,2,180,3,0,0,0,0,0,0,0,0,0,0,0,0,0,0,,0,,0,,0
CC(C)(C1=CC=C(OCC2CO2)C=C1)C1=CC=C(OCC2CO2)C=C1,196,O=P1(C(NC2=CC=C(S(=O)(=O)NC3=NC=CS3)C=C2)C2=CC=CS2)OC2=C(C=CC=C2)C2=C1C=CC=C2,5,NC1=CC=C(CC2=CC=C(N)C=C2)C=C1,18.9,120,2,150,2,180,3,0,0,0,0,0,0,0,0,0,0,0,0,0,0,,0,,0,,0
CC(C)(C1=CC=C(OCC2CO2)C=C1)C1=CC=C(OCC2CO2)C=C1,196,O=P1(C(NC2=CC=C(S(=O)(=O)NC3=NC=CS3)C=C2)C2=CC=CS2)OC2=C(C=CC=C2)C2=C1C=CC=C2,7.5,NC1=CC=C(CC2=CC=C(N)C=C2)C=C1,18.5,120,2,150,2,180,3,0,0,0,0,0,0,0,0,0,0,0,0,0,0,,0,,0,,0
CC(C)(C1=CC=C(OCC2CO2)C=C1)C1=CC=C(OCC2CO2)C=C1,196,O=P1(C(NC2=CC=C(S(=O)(=O)NC3=NC=CS3)C=C2)C2=CC=CS2)OC2=C(C=CC=C2)C2=C1C=CC=C2,0,NC1=CC=C(CC2=CC=C(N)C=C2)C=C1,20,120,2,150,2,180,3,0,0,0,0,0,0,0,0,0,0,0,0,0,0,,0,,0,,0
CC(C)(C1=CC=C(OCC2CO2)C=C1)C1=CC=C(OCC2CO2)C=C1,227,CC1=CC=C2OP(OC(P3(OC4=CC=CC=C4C5=CC=CC=C53)=O)C6=CC=C(C=C6)C(P7(OC8=CC=CC=C8C9=CC=CC=C97)=O)OP%10(OC%11=CC=CC=C%11C%12=CC=CC=C%12%10)=O)(C%13=CC=CC=C%13C2=C1)=O,2.5,NC1=CC=C(CC2=CC=C(N)C=C2)C=C1,17.5,100,2,150,2,180,1,0,0,0,0,0,0,0,0,0,0,0,0,0,0,,0,,0,,0
CC(C)(C1=CC=C(OCC2CO2)C=C1)C1=CC=C(OCC2CO2)C=C1,227,CC1=CC=C2OP(OC(P3(OC4=CC=CC=C4C5=CC=CC=C53)=O)C6=CC=C(C=C6)C(P7(OC8=CC=CC=C8C9=CC=CC=C97)=O)OP%10(OC%11=CC=CC=C%11C%12=CC=CC=C%12%10)=O)(C%13=CC=CC=C%13C2=C1)=O,5,NC1=CC=C(CC2=CC=C(N)C=C2)C=C1,17,100,2,150,2,180,1,0,0,0,0,0,0,0,0,0,0,0,0,0,0,,0,,0,,0
CC(C)(C1=CC=C(OCC2CO2)C=C1)C1=CC=C(OCC2CO2)C=C1,227,CC1=CC=C2OP(OC(P3(OC4=CC=CC=C4C5=CC=CC=C53)=O)C6=CC=C(C=C6)C(P7(OC8=CC=CC=C8C9=CC=CC=C97)=O)OP%10(OC%11=CC=CC=C%11C%12=CC=CC=C%12%10)=O)(C%13=CC=CC=C%13C2=C1)=O,0,NC1=CC=C(CC2=CC=C(N)C=C2)C=C1,17.9,100,2,150,2,180,1,0,0,0,0,0,0,0,0,0,0,0,0,0,0,,0,,0,,0
CC(C)(C1=CC=C(OCC2CO2)C=C1)C1=CC=C(OCC2CO2)C=C1,227,O=C(N(C(N(C1=O)CCOC(CC(P2(OC3=C(C4=C2C=CC=C4)C=CC=C3)=O)C(O)=O)=O)=O)CCOC(CC(P5(OC6=CC=CC=C6C7=CC=CC=C75)=O)C(O)=O)=O)N1CCOB(O)O,0,CC12CC=CCC1C(=O)OC2=O,45.8,100,4,130,2,180,2,200,2,0,0,0,0,0,0,0,0,0,0,0,0,CCN(CC1=CC(CN(C)C)=CC(CN(C)C)=C1O)C,0.108166577,,0,,0
CC(C)(C1=CC=C(OCC2CO2)C=C1)C1=CC=C(OCC2CO2)C=C1,196,O=C(N(C(N(C1=O)CCOC(CC(P2(OC3=C(C4=C2C=CC=C4)C=CC=C3)=O)C(O)=O)=O)=O)CCOC(CC(P5(OC6=CC=CC=C6C7=CC=CC=C75)=O)C(O)=O)=O)N1CCOB(O)O,7.5,CC12CC=CCC1C(=O)OC2=O,40.9,100,4,130,2,180,2,200,2,0,0,0,0,0,0,0,0,0,0,0,0,CCN(CC1=CC(CN(C)C)=CC(CN(C)C)=C1O)C,0.102933608,,0,,0
CC(C)(C1=CC=C(OCC2CO2)C=C1)C1=CC=C(OCC2CO2)C=C1,196,O=C(N(C(N(C1=O)CCOC(CC(P2(OC3=C(C4=C2C=CC=C4)C=CC=C3)=O)C(O)=O)=O)=O)CCOC(CC(P5(OC6=CC=CC=C6C7=CC=CC=C75)=O)C(O)=O)=O)N1CCOB(O)O,15.1,CC12CC=CCC1C(=O)OC2=O,30,100,4,130,2,180,2,200,2,0,0,0,0,0,0,0,0,0,0,0,0,CCN(CC1=CC(CN(C)C)=CC(CN(C)C)=C1O)C,0.097703957,,0,,0
CC(C)(C1=CC=C(OCC2CO2)C=C1)C1=CC=C(OCC2CO2)C=C1,196,O=C(N(C(N(C1=O)CCOC(CC(P2(OC3=C(C4=C2C=CC=C4)C=CC=C3)=O)C(O)=O)=O)=O)CCOC(CC(P5(OC6=CC=CC=C6C7=CC=CC=C75)=O)C(O)=O)=O)N1CCOB(O)O,22.6,CC12CC=CCC1C(=O)OC2=O,31.1,100,4,130,2,180,2,200,2,0,0,0,0,0,0,0,0,0,0,0,0,CCN(CC1=CC(CN(C)C)=CC(CN(C)C)=C1O)C,0.09246417,,0,,0
CC(C)(C1=CC=C(OCC2CO2)C=C1)C1=CC=C(OCC2CO2)C=C1,196,O=C(OCCN1C(N(C(N(C1=O)CCOC(CC(P2(OC3=C(C4=C2C=CC=C4)C=CC=C3)=O)C(O)=O)=O)=O)CCOC(CC(P5(OC6=CC=CC=C6C7=CC=CC=C75)=O)C(O)=O)=O)=O)CC(P8(OC9=CC=CC=C9C%10=CC=CC=C%108)=O)C(O)=O,19.5,CC12CC=CCC1C(=O)OC2=O,32.5,100,4,130,2,180,2,200,2,0,0,0,0,0,0,0,0,0,0,0,0,CCN(CC1=CC(CN(C)C)=CC(CN(C)C)=C1O)C,0.095831337,,0,,0
CC(C)(C1=CC=C(OCC2CO2)C=C1)C1=CC=C(OCC2CO2)C=C1,196,CC1=CC=C(S(=O)(=O)NP2(=O)OC3=CC=CC=C3C3=C2C=CC=C3)C=C1,2.5,NC1=CC=C(CC2=CC=C(N)C=C2)C=C1,20.12,100,2,150,3,0,0,0,0,0,0,0,0,0,0,0,0,0,0,0,0,,0,,0,,0
CC(C)(C1=CC=C(OCC2CO2)C=C1)C1=CC=C(OCC2CO2)C=C1,196,CC1=CC=C(S(=O)(=O)NP2(=O)OC3=CC=CC=C3C3=C2C=CC=C3)C=C1,5,NC1=CC=C(CC2=CC=C(N)C=C2)C=C1,19.6,100,2,150,3,0,0,0,0,0,0,0,0,0,0,0,0,0,0,0,0,,0,,0,,0
CC(C)(C1=CC=C(OCC2CO2)C=C1)C1=CC=C(OCC2CO2)C=C1,196,CC1=CC=C(S(=O)(=O)NP2(=O)OC3=CC=CC=C3C3=C2C=CC=C3)C=C1,7.5,NC1=CC=C(CC2=CC=C(N)C=C2)C=C1,19.09,100,2,150,3,0,0,0,0,0,0,0,0,0,0,0,0,0,0,0,0,,0,,0,,0
CC(C)(C1=CC=C(OCC2CO2)C=C1)C1=CC=C(OCC2CO2)C=C1,196,CC1=CC=C(S(=O)(=O)NP2(=O)OC3=CC=CC=C3C3=C2C=CC=C3)C=C1,0,NC1=CC=C(CC2=CC=C(N)C=C2)C=C1,20.63,100,2,150,3,0,0,0,0,0,0,0,0,0,0,0,0,0,0,0,0,,0,,0,,0
CC(C)(C1=CC=C(OCC2CO2)C=C1)C1=CC=C(OCC2CO2)C=C1,196,[H]P1(=O)OC2=C(C=CC=C2)C2=C1C=CC=C2,4.995287465,NC1=CC=C(CC2=CC=C(N)C=C2)C=C1,19.60414703,100,2,150,3,0,0,0,0,0,0,0,0,0,0,0,0,0,0,0,0,,0,,0,,0
CC(C)(C1=CC=C(OCC2CO2)C=C1)C1=CC=C(OCC2CO2)C=C1,227,C1=CC=C2NP3(=NP4(=NP5(=N3)NC3=CC=CC=C3N5)NC3=CC=CC=C3N4)NC2=C1,5,NC1=CC=C(S(=O)(=O)C2=CC=C(N)C=C2)C=C1,16.8,80,1,120,5,150,7,180,2,0,0,0,0,0,0,0,0,0,0,0,0,,0,,0,,0
CC(C)(C1=CC=C(OCC2CO2)C=C1)C1=CC=C(OCC2CO2)C=C1,227,C1=CC=C2NP3(=NP4(=NP5(=N3)NC3=CC=CC=C3N5)NC3=CC=CC=C3N4)NC2=C1,10,NC1=CC=C(S(=O)(=O)C2=CC=C(N)C=C2)C=C1,12.7,80,1,120,5,150,6,180,2,0,0,0,0,0,0,0,0,0,0,0,0,,0,,0,,0
CC(C)(C1=CC=C(OCC2CO2)C=C1)C1=CC=C(OCC2CO2)C=C1,227,C1=CC=C2NP3(=NP4(=NP5(=N3)NC3=CC=CC=C3N5)NC3=CC=CC=C3N4)NC2=C1,15,NC1=CC=C(S(=O)(=O)C2=CC=C(N)C=C2)C=C1,8.4,80,1,120,5,150,5,180,2,0,0,0,0,0,0,0,0,0,0,0,0,,0,,0,,0
CC(C)(C1=CC=C(OCC2CO2)C=C1)C1=CC=C(OCC2CO2)C=C1,227,C1=CC=C2NP3(=NP4(=NP5(=N3)NC3=CC=CC=C3N5)NC3=CC=CC=C3N4)NC2=C1,20,NC1=CC=C(S(=O)(=O)C2=CC=C(N)C=C2)C=C1,4.4,80,1,120,5,150,4,180,2,0,0,0,0,0,0,0,0,0,0,0,0,,0,,0,,0
CC(C)(C1=CC=C(OCC2CO2)C=C1)C1=CC=C(OCC2CO2)C=C1,227,C1=CC=C2NP3(=NP4(=NP5(=N3)NC3=CC=CC=C3N5)NC3=CC=CC=C3N4)NC2=C1,25,NC1=CC=C(S(=O)(=O)C2=CC=C(N)C=C2)C=C1,0,80,1,120,5,150,3,180,2,0,0,0,0,0,0,0,0,0,0,0,0,,0,,0,,0
CC(C)(C1=CC=C(OCC2CO2)C=C1)C1=CC=C(OCC2CO2)C=C1,227,C1=CC=C2NP3(=NP4(=NP5(=N3)NC3=CC=CC=C3N5)NC3=CC=CC=C3N4)NC2=C1,0,NC1=CC=C(S(=O)(=O)C2=CC=C(N)C=C2)C=C1,21,80,1,120,5,150,8,0,0,0,0,0,0,0,0,0,0,0,0,0,0,,0,,0,,0
CC(C)(C1=CC=C(OCC2CO2)C=C1)C1=CC=C(OCC2CO2)C=C1,188,C12=C(C=CC=C2)N(P3(N4C=NC5=C4C=CC=C5)=NP(N6C=NC7=C6C=CC=C7)(N8C9=C(N=C8)C=CC=C9)=NP(N%10C=NC%11=C%10C=CC=C%11)(N%12C=NC%13=C%12C=CC=C%13)=N3)C=N1,0,C12=C(C=CC=C2)N(P3(N4C=NC5=C4C=CC=C5)=NP(N6C=NC7=C6C=CC=C7)(N8C9=C(N=C8)C=CC=C9)=NP(N%10C=NC%11=C%10C=CC=C%11)(N%12C=NC%13=C%12C=CC=C%13)=N3)C=N1,10.7,130,1,170,2,0,0,0,0,0,0,0,0,0,0,0,0,0,0,0,0,,0,,0,,0
CC(C)(C1=CC=C(OCC2CO2)C=C1)C1=CC=C(OCC2CO2)C=C1,188,C12=C(C=CC=C2)N(P3(N4C=NC5=C4C=CC=C5)=NP(N6C=NC7=C6C=CC=C7)(N8C9=C(N=C8)C=CC=C9)=NP(N%10C=NC%11=C%10C=CC=C%11)(N%12C=NC%13=C%12C=CC=C%13)=N3)C=N1,0,C1=CC=C2NC=NC2=C1,9.1,130,1,170,2,0,0,0,0,0,0,0,0,0,0,0,0,0,0,0,0,,0,,0,,0
CC(C)(C1=CC=C(OCC2CO2)C=C1)C1=CC=C(OCC2CO2)C=C1,188,[H]P1(=O)OC2=C(C=CC=C2)C2=C1C=CC=C2,8.49617672,C12=C(C=CC=C2)N(P3(N4C=NC5=C4C=CC=C5)=NP(N6C=NC7=C6C=CC=C7)(N8C9=C(N=C8)C=CC=C9)=NP(N%10C=NC%11=C%10C=CC=C%11)(N%12C=NC%13=C%12C=CC=C%13)=N3)C=N1,6.542056075,130,1,170,2,0,0,0,0,0,0,0,0,0,0,0,0,0,0,0,0,,0,,0,,0
CC(C)(C1=CC=C(OCC2CO2)C=C1)C1=CC=C(OCC2CO2)C=C1,188,[H]P1(=O)OC2=C(C=CC=C2)C2=C1C=CC=C2,8.19000819,C12=C(C=CC=C2)N(P3(N4C=NC5=C4C=CC=C5)=NP(N6C=NC7=C6C=CC=C7)(N8C9=C(N=C8)C=CC=C9)=NP(N%10C=NC%11=C%10C=CC=C%11)(N%12C=NC%13=C%12C=CC=C%13)=N3)C=N1,9.90990991,130,1,170,2,0,0,0,0,0,0,0,0,0,0,0,0,0,0,0,0,,0,,0,,0
CC(C)(C1=CC=C(OCC2CO2)C=C1)C1=CC=C(OCC2CO2)C=C1,188,[H]P1(=O)OC2=C(C=CC=C2)C2=C1C=CC=C2,7.90513834,C12=C(C=CC=C2)N(P3(N4C=NC5=C4C=CC=C5)=NP(N6C=NC7=C6C=CC=C7)(N8C9=C(N=C8)C=CC=C9)=NP(N%10C=NC%11=C%10C=CC=C%11)(N%12C=NC%13=C%12C=CC=C%13)=N3)C=N1,13.04347826,130,1,170,2,0,0,0,0,0,0,0,0,0,0,0,0,0,0,0,0,,0,,0,,0
CC(C)(C1=CC=C(OCC2CO2)C=C1)C1=CC=C(OCC2CO2)C=C1,196,N#CC1=C(C#N)C=C(OC2=CC=C(NC(C3=CC=C(C(NC4=CC=C(OC5=CC(C#N)=C(C#N)C=C5)C=C4)P4(=O)OC5=C(C=CC=C5)C5=C4C=CC=C5)C=C3)P3(=O)OC4=C(C=CC=C4)C4=C3C=CC=C4)C=C2)C=C1,5,NC1=CC=C(S(=O)(=O)C2=CC=C(N)C=C2)C=C1,21.9,120,0.5,190,4,230,3,250,3,0,0,0,0,0,0,0,0,0,0,0,0,,0,,0,,0
CC(C)(C1=CC=C(OCC2CO2)C=C1)C1=CC=C(OCC2CO2)C=C1,196,N#CC1=C(C#N)C=C(OC2=CC=C(NC(C3=CC=C(C(NC4=CC=C(OC5=CC(C#N)=C(C#N)C=C5)C=C4)P4(=O)OC5=C(C=CC=C5)C5=C4C=CC=C5)C=C3)P3(=O)OC4=C(C=CC=C4)C4=C3C=CC=C4)C=C2)C=C1,10,NC1=CC=C(S(=O)(=O)C2=CC=C(N)C=C2)C=C1,20.8,120,0.5,190,4,230,3,250,3,0,0,0,0,0,0,0,0,0,0,0,0,,0,,0,,0
CC(C)(C1=CC=C(OCC2CO2)C=C1)C1=CC=C(OCC2CO2)C=C1,196,N#CC1=C(C#N)C=C(OC2=CC=C(NC(C3=CC=C(C(NC4=CC=C(OC5=CC(C#N)=C(C#N)C=C5)C=C4)P4(=O)OC5=C(C=CC=C5)C5=C4C=CC=C5)C=C3)P3(=O)OC4=C(C=CC=C4)C4=C3C=CC=C4)C=C2)C=C1,15,NC1=CC=C(S(=O)(=O)C2=CC=C(N)C=C2)C=C1,19.6,120,0.5,190,4,230,3,250,3,0,0,0,0,0,0,0,0,0,0,0,0,,0,,0,,0
CC(C)(C1=CC=C(OCC2CO2)C=C1)C1=CC=C(OCC2CO2)C=C1,196,N#CC1=C(C#N)C=C(OC2=CC=C(NC(C3=CC=C(C(NC4=CC=C(OC5=CC(C#N)=C(C#N)C=C5)C=C4)P4(=O)OC5=C(C=CC=C5)C5=C4C=CC=C5)C=C3)P3(=O)OC4=C(C=CC=C4)C4=C3C=CC=C4)C=C2)C=C1,20,NC1=CC=C(S(=O)(=O)C2=CC=C(N)C=C2)C=C1,18.5,120,0.5,190,4,230,3,250,3,0,0,0,0,0,0,0,0,0,0,0,0,,0,,0,,0
CC(C)(C1=CC=C(OCC2CO2)C=C1)C1=CC=C(OCC2CO2)C=C1,196,N#CC1=C(C#N)C=C(OC2=CC=C(NC(C3=CC=C(C(NC4=CC=C(OC5=CC(C#N)=C(C#N)C=C5)C=C4)P4(=O)OC5=C(C=CC=C5)C5=C4C=CC=C5)C=C3)P3(=O)OC4=C(C=CC=C4)C4=C3C=CC=C4)C=C2)C=C1,0,NC1=CC=C(S(=O)(=O)C2=CC=C(N)C=C2)C=C1,23.1,120,0.5,190,4,230,3,250,3,0,0,0,0,0,0,0,0,0,0,0,0,,0,,0,,0
CC(C)(C1=CC=C(OCC2CO2)C=C1)C1=CC=C(OCC2CO2)C=C1,196,O=P1(C(NC2=NNC(NC(C3=CC=CS3)P3(=O)OC4=C(C=CC=C4)C4=CC=CC=C43)=N2)C2=CC=CS2)OC2=C(C=CC=C2)C2=CC=CC=C21,1,NC1=CC=C(CC2=CC=C(N)C=C2)C=C1,19.8,100,2,150,2,0,0,0,0,0,0,0,0,0,0,0,0,0,0,0,0,,0,,0,,0
CC(C)(C1=CC=C(OCC2CO2)C=C1)C1=CC=C(OCC2CO2)C=C1,196,O=P1(C(NC2=NNC(NC(C3=CC=CS3)P3(=O)OC4=C(C=CC=C4)C4=CC=CC=C43)=N2)C2=CC=CS2)OC2=C(C=CC=C2)C2=CC=CC=C21,3,NC1=CC=C(CC2=CC=C(N)C=C2)C=C1,19.4,100,2,150,2,0,0,0,0,0,0,0,0,0,0,0,0,0,0,0,0,,0,,0,,0
CC(C)(C1=CC=C(OCC2CO2)C=C1)C1=CC=C(OCC2CO2)C=C1,196,O=P1(C(NC2=NNC(NC(C3=CC=CS3)P3(=O)OC4=C(C=CC=C4)C4=CC=CC=C43)=N2)C2=CC=CS2)OC2=C(C=CC=C2)C2=CC=CC=C21,5,NC1=CC=C(CC2=CC=C(N)C=C2)C=C1,19,100,2,150,2,0,0,0,0,0,0,0,0,0,0,0,0,0,0,0,0,,0,,0,,0
CC(C)(C1=CC=C(OCC2CO2)C=C1)C1=CC=C(OCC2CO2)C=C1,196,O=P1(C(NC2=NNC(NC(C3=CC=CS3)P3(=O)OC4=C(C=CC=C4)C4=CC=CC=C43)=N2)C2=CC=CS2)OC2=C(C=CC=C2)C2=CC=CC=C21,0,NC1=CC=C(CC2=CC=C(N)C=C2)C=C1,20,100,2,150,2,0,0,0,0,0,0,0,0,0,0,0,0,0,0,0,0,,0,,0,,0
CC(C)(C1=CC=C(OCC2CO2)C=C1)C1=CC=C(OCC2CO2)C=C1,185,O=P(COB(O)C1=CC=CC=C1)(COB(O)C1=CC=CC=C1)COB(O)C1=CC=CC=C1,1,NC1=CC=C(CC2=CC=C(N)C=C2)C=C1,20.6,80,2,150,4,0,0,0,0,0,0,0,0,0,0,0,0,0,0,0,0,,0,,0,,0
CC(C)(C1=CC=C(OCC2CO2)C=C1)C1=CC=C(OCC2CO2)C=C1,185,O=P(COB(O)C1=CC=CC=C1)(COB(O)C1=CC=CC=C1)COB(O)C1=CC=CC=C1,2,NC1=CC=C(CC2=CC=C(N)C=C2)C=C1,20.4,80,2,150,4,0,0,0,0,0,0,0,0,0,0,0,0,0,0,0,0,,0,,0,,0
CC(C)(C1=CC=C(OCC2CO2)C=C1)C1=CC=C(OCC2CO2)C=C1,185,O=P(COB(O)C1=CC=CC=C1)(COB(O)C1=CC=CC=C1)COB(O)C1=CC=CC=C1,4,NC1=CC=C(CC2=CC=C(N)C=C2)C=C1,20,80,2,150,4,0,0,0,0,0,0,0,0,0,0,0,0,0,0,0,0,,0,,0,,0
CC(C)(C1=CC=C(OCC2CO2)C=C1)C1=CC=C(OCC2CO2)C=C1,185,O=P(COB(O)C1=CC=CC=C1)(COB(O)C1=CC=CC=C1)COB(O)C1=CC=CC=C1,0,NC1=CC=C(CC2=CC=C(N)C=C2)C=C1,20.8,80,2,150,4,0,0,0,0,0,0,0,0,0,0,0,0,0,0,0,0,,0,,0,,0
CC(C)(C1=CC=C(OCC2CO2)C=C1)C1=CC=C(OCC2CO2)C=C1,185,O=P(CO)(CO)CO,2,NC1=CC=C(CC2=CC=C(N)C=C2)C=C1,20.4,80,2,150,4,0,0,0,0,0,0,0,0,0,0,0,0,0,0,0,0,,0,,0,,0
CC(C)(C1=CC=C(OCC2CO2)C=C1)C1=CC=C(OCC2CO2)C=C1,185,OB(O)C1=CC=CC=C1,2,NC1=CC=C(CC2=CC=C(N)C=C2)C=C1,20.4,80,2,150,4,0,0,0,0,0,0,0,0,0,0,0,0,0,0,0,0,,0,,0,,0
C1=CC(OCC2CO2)=CC=C1CC1=CC=C(OCC2CO2)C=C1,165,C1=CC=C(OP2(OC3=CC=CC=C3)=NP(OC3=CC=CC=C3)(OC3=CC=CC=C3)=NP(OC3=CC=CC=C3)(OC3=CC=CC=C3)=N2)C=C1,3.8,CC1=CC(CC)=C(N)C(CC)=C1N,30.49,130,3,177,5,0,0,0,0,0,0,0,0,0,0,0,0,0,0,0,0,C1=CC=C(OCC2CO2)C(CC2=C(OCC3CO3)C(CC3=C(OCC4CO4)C=CC=C3)=CC=C2)=C1,30.48780488,CCC1=NC(C)=CN1,0.381097561,,0
C1=CC(OCC2CO2)=CC=C1CC1=CC=C(OCC2CO2)C=C1,165,C1=CC=C(OP2(OC3=CC=CC=C3)=NP(OC3=CC=CC=C3)(OC3=CC=CC=C3)=NP(OC3=CC=CC=C3)(OC3=CC=CC=C3)=N2)C=C1,7.3,CC1=CC(CC)=C(N)C(CC)=C1N,29.37,130,3,177,5,0,0,0,0,0,0,0,0,0,0,0,0,0,0,0,0,C1=CC=C(OCC2CO2)C(CC2=C(OCC3CO3)C(CC3=C(OCC4CO4)C=CC=C3)=CC=C2)=C1,29.36857562,CCC1=NC(C)=CN1,0.367107195,,0
C1=CC(OCC2CO2)=CC=C1CC1=CC=C(OCC2CO2)C=C1,165,C1=CC=C(OP2(OC3=CC=CC=C3)=NP(OC3=CC=CC=C3)(OC3=CC=CC=C3)=NP(OC3=CC=CC=C3)(OC3=CC=CC=C3)=N2)C=C1,10.6,CC1=CC(CC)=C(N)C(CC)=C1N,28.33,130,3,177,5,0,0,0,0,0,0,0,0,0,0,0,0,0,0,0,0,C1=CC=C(OCC2CO2)C(CC2=C(OCC3CO3)C(CC3=C(OCC4CO4)C=CC=C3)=CC=C2)=C1,28.3286119,CCC1=NC(C)=CN1,0.354107649,,0
C1=CC(OCC2CO2)=CC=C1CC1=CC=C(OCC2CO2)C=C1,165,C1=CC=C(OP2(OC3=CC=CC=C3)=NP(OC3=CC=CC=C3)(OC3=CC=CC=C3)=NP(OC3=CC=CC=C3)(OC3=CC=CC=C3)=N2)C=C1,13.7,CC1=CC(CC)=C(N)C(CC)=C1N,27.36,130,3,177,5,0,0,0,0,0,0,0,0,0,0,0,0,0,0,0,0,C1=CC=C(OCC2CO2)C(CC2=C(OCC3CO3)C(CC3=C(OCC4CO4)C=CC=C3)=CC=C2)=C1,27.35978112,CCC1=NC(C)=CN1,0.341997264,,0
C1=CC(OCC2CO2)=CC=C1CC1=CC=C(OCC2CO2)C=C1,165,C1=CC=C(OP2(OC3=CC=CC=C3)=NP(OC3=CC=CC=C3)(OC3=CC=CC=C3)=NP(OC3=CC=CC=C3)(OC3=CC=CC=C3)=N2)C=C1,0,CC1=CC(CC)=C(N)C(CC)=C1N,20.36,130,3,177,5,0,0,0,0,0,0,0,0,0,0,0,0,0,0,0,0,C1=CC=C(OCC2CO2)C(CC2=C(OCC3CO3)C(CC3=C(OCC4CO4)C=CC=C3)=CC=C2)=C1,31.69572108,CCC1=NC(C)=CN1,0.396196513,,0
CC(C)(C1=CC=C(OCC2CO2)C=C1)C1=CC=C(OCC2CO2)C=C1,227,O=P(OC1=CC=CC=C1)(OC2=CC=CC=C2)OC3=C(CC4=CC=C(CCCCCC/C=C/CCCCCCCC)C(CC5=CC=C(CCC/C=C/C/C=C/CCCCCCCC)C(CC6=CC=C(CCCCCCCC/C=C/C/C=C/CC=C)C=C6OP(OC7=CC=CC=C7)(OC8=CC=CC=C8)=O)=C5OP(OC9=CC=CC=C9)(OC%10=CC=CC=C%10)=O)=C4OP(OC%11=CC=CC=C%11)(OC%12=CC=CC=C%12)=O)C(CCCCCCCCCCCCCCCC)=CC=C3,2.06,NC1=CC=C(CC2=CC=C(N)C=C2)C=C1,17.53,100,2,150,2,0,0,0,0,0,0,0,0,0,0,0,0,0,0,0,0,,0,,0,,0
CC(C)(C1=CC=C(OCC2CO2)C=C1)C1=CC=C(OCC2CO2)C=C1,227,O=P(OC1=CC=CC=C1)(OC2=CC=CC=C2)OC3=C(CC4=CC=C(CCCCCC/C=C/CCCCCCCC)C(CC5=CC=C(CCC/C=C/C/C=C/CCCCCCCC)C(CC6=CC=C(CCCCCCCC/C=C/C/C=C/CC=C)C=C6OP(OC7=CC=CC=C7)(OC8=CC=CC=C8)=O)=C5OP(OC9=CC=CC=C9)(OC%10=CC=CC=C%10)=O)=C4OP(OC%11=CC=CC=C%11)(OC%12=CC=CC=C%12)=O)C(CCCCCCCCCCCCCCCC)=CC=C3,4.14,NC1=CC=C(CC2=CC=C(N)C=C2)C=C1,17.16,100,2,150,2,0,0,0,0,0,0,0,0,0,0,0,0,0,0,0,0,,0,,0,,0
CC(C)(C1=CC=C(OCC2CO2)C=C1)C1=CC=C(OCC2CO2)C=C1,227,O=P(OC1=CC=CC=C1)(OC2=CC=CC=C2)OC3=C(CC4=CC=C(CCCCCC/C=C/CCCCCCCC)C(CC5=CC=C(CCC/C=C/C/C=C/CCCCCCCC)C(CC6=CC=C(CCCCCCCC/C=C/C/C=C/CC=C)C=C6OP(OC7=CC=CC=C7)(OC8=CC=CC=C8)=O)=C5OP(OC9=CC=CC=C9)(OC%10=CC=CC=C%10)=O)=C4OP(OC%11=CC=CC=C%11)(OC%12=CC=CC=C%12)=O)C(CCCCCCCCCCCCCCCC)=CC=C3,8.36,NC1=CC=C(CC2=CC=C(N)C=C2)C=C1,16.41,100,2,150,2,0,0,0,0,0,0,0,0,0,0,0,0,0,0,0,0,,0,,0,,0
CC(C)(C1=CC=C(OCC2CO2)C=C1)C1=CC=C(OCC2CO2)C=C1,227,CCCCCCCC/C=C/CCCCCCC1=CC=C(C(OP(C2=CC=CC=C2)(C3=CC=CC=C3)=O)=C1CC4=CC=C(C(CC5=CC=C(C=C5OP(C6=CC=CC=C6)(C7=CC=CC=C7)=O)CCCCCCCC/C=C/C/C=C/CC=C)=C4OP(C8=CC=CC=C8)(C9=CC=CC=C9)=O)CCC/C=C/C/C=C/CCCCCCCC)CC%10=C(OP(C%11=CC=CC=C%11)(C%12=CC=CC=C%12)=O)C=CC=C%10CCCCCCCCCCCCCCCC,2.06,NC1=CC=C(CC2=CC=C(N)C=C2)C=C1,17.53,100,2,150,2,0,0,0,0,0,0,0,0,0,0,0,0,0,0,0,0,,0,,0,,0
CC(C)(C1=CC=C(OCC2CO2)C=C1)C1=CC=C(OCC2CO2)C=C1,227,CCCCCCCC/C=C/CCCCCCC1=CC=C(C(OP(C2=CC=CC=C2)(C3=CC=CC=C3)=O)=C1CC4=CC=C(C(CC5=CC=C(C=C5OP(C6=CC=CC=C6)(C7=CC=CC=C7)=O)CCCCCCCC/C=C/C/C=C/CC=C)=C4OP(C8=CC=CC=C8)(C9=CC=CC=C9)=O)CCC/C=C/C/C=C/CCCCCCCC)CC%10=C(OP(C%11=CC=CC=C%11)(C%12=CC=CC=C%12)=O)C=CC=C%10CCCCCCCCCCCCCCCC,4.14,NC1=CC=C(CC2=CC=C(N)C=C2)C=C1,17.16,100,2,150,2,0,0,0,0,0,0,0,0,0,0,0,0,0,0,0,0,,0,,0,,0
CC(C)(C1=CC=C(OCC2CO2)C=C1)C1=CC=C(OCC2CO2)C=C1,227,CCCCCCCC/C=C/CCCCCCC1=CC=C(C(OP(C2=CC=CC=C2)(C3=CC=CC=C3)=O)=C1CC4=CC=C(C(CC5=CC=C(C=C5OP(C6=CC=CC=C6)(C7=CC=CC=C7)=O)CCCCCCCC/C=C/C/C=C/CC=C)=C4OP(C8=CC=CC=C8)(C9=CC=CC=C9)=O)CCC/C=C/C/C=C/CCCCCCCC)CC%10=C(OP(C%11=CC=CC=C%11)(C%12=CC=CC=C%12)=O)C=CC=C%10CCCCCCCCCCCCCCCC,8.36,NC1=CC=C(CC2=CC=C(N)C=C2)C=C1,16.41,100,2,150,2,0,0,0,0,0,0,0,0,0,0,0,0,0,0,0,0,,0,,0,,0
CC(C)(C1=CC=C(OCC2CO2)C=C1)C1=CC=C(OCC2CO2)C=C1,227,CCCCCCCC/C=C/CCCCCCC1=CC=C(CC2=C(C=CC=C2CCCCCCCCCCCCCCCC)OP(C3=CC=CC=C3)C4=CC=CC=C4)C(OP(C5=CC=CC=C5)C6=CC=CC=C6)=C1CC7=CC=C(CCC/C=C/C/C=C/CCCCCCCC)C(CC8=CC=C(CCCCCCCC/C=C/C/C=C/CC=C)C=C8OP(C9=CC=CC=C9)C%10=CC=CC=C%10)=C7OP(C%11=CC=CC=C%11)C%12=CC=CC=C%12,2.06,NC1=CC=C(CC2=CC=C(N)C=C2)C=C1,17.53,100,2,150,2,0,0,0,0,0,0,0,0,0,0,0,0,0,0,0,0,,0,,0,,0
CC(C)(C1=CC=C(OCC2CO2)C=C1)C1=CC=C(OCC2CO2)C=C1,227,CCCCCCCC/C=C/CCCCCCC1=CC=C(CC2=C(C=CC=C2CCCCCCCCCCCCCCCC)OP(C3=CC=CC=C3)C4=CC=CC=C4)C(OP(C5=CC=CC=C5)C6=CC=CC=C6)=C1CC7=CC=C(CCC/C=C/C/C=C/CCCCCCCC)C(CC8=CC=C(CCCCCCCC/C=C/C/C=C/CC=C)C=C8OP(C9=CC=CC=C9)C%10=CC=CC=C%10)=C7OP(C%11=CC=CC=C%11)C%12=CC=CC=C%12,4.14,NC1=CC=C(CC2=CC=C(N)C=C2)C=C1,17.16,100,2,150,2,0,0,0,0,0,0,0,0,0,0,0,0,0,0,0,0,,0,,0,,0
CC(C)(C1=CC=C(OCC2CO2)C=C1)C1=CC=C(OCC2CO2)C=C1,227,CCCCCCCC/C=C/CCCCCCC1=CC=C(CC2=C(C=CC=C2CCCCCCCCCCCCCCCC)OP(C3=CC=CC=C3)C4=CC=CC=C4)C(OP(C5=CC=CC=C5)C6=CC=CC=C6)=C1CC7=CC=C(CCC/C=C/C/C=C/CCCCCCCC)C(CC8=CC=C(CCCCCCCC/C=C/C/C=C/CC=C)C=C8OP(C9=CC=CC=C9)C%10=CC=CC=C%10)=C7OP(C%11=CC=CC=C%11)C%12=CC=CC=C%12,8.36,NC1=CC=C(CC2=CC=C(N)C=C2)C=C1,16.41,100,2,150,2,0,0,0,0,0,0,0,0,0,0,0,0,0,0,0,0,,0,,0,,0
CC(C)(C1=CC=C(OCC2CO2)C=C1)C1=CC=C(OCC2CO2)C=C1,227,CCCCCCCC/C=C/CCCCCCC1=CC=C(CC2=C(C=CC=C2CCCCCCCCCCCCCCCC)OP(C3=CC=CC=C3)C4=CC=CC=C4)C(OP(C5=CC=CC=C5)C6=CC=CC=C6)=C1CC7=CC=C(CCC/C=C/C/C=C/CCCCCCCC)C(CC8=CC=C(CCCCCCCC/C=C/C/C=C/CC=C)C=C8OP(C9=CC=CC=C9)C%10=CC=CC=C%10)=C7OP(C%11=CC=CC=C%11)C%12=CC=CC=C%12,0,NC1=CC=C(CC2=CC=C(N)C=C2)C=C1,17.9,100,2,150,2,0,0,0,0,0,0,0,0,0,0,0,0,0,0,0,0,,0,,0,,0
CC(C)(C1=CC=C(OCC2CO2)C=C1)C1=CC=C(OCC2CO2)C=C1,196,N#CC1=CC=C(C=C1C#N)OC2=CC=CC(NCP3(OC4=C(C=CC=C4)C5=C3C=CC=C5)=O)=C2,5,NC1=CC=C(S(=O)(=O)C2=CC=C(N)C=C2)C=C1,21.9,190,4,0,0,0,0,0,0,0,0,0,0,0,0,0,0,0,0,0,0,,0,,0,,0
CC(C)(C1=CC=C(OCC2CO2)C=C1)C1=CC=C(OCC2CO2)C=C1,196,N#CC1=CC=C(C=C1C#N)OC2=CC=CC(NCP3(OC4=C(C=CC=C4)C5=C3C=CC=C5)=O)=C2,10,NC1=CC=C(S(=O)(=O)C2=CC=C(N)C=C2)C=C1,20.8,190,4,0,0,0,0,0,0,0,0,0,0,0,0,0,0,0,0,0,0,,0,,0,,0
CC(C)(C1=CC=C(OCC2CO2)C=C1)C1=CC=C(OCC2CO2)C=C1,196,N#CC1=CC=C(C=C1C#N)OC2=CC=CC(NCP3(OC4=C(C=CC=C4)C5=C3C=CC=C5)=O)=C2,15,NC1=CC=C(S(=O)(=O)C2=CC=C(N)C=C2)C=C1,19.6,190,4,0,0,0,0,0,0,0,0,0,0,0,0,0,0,0,0,0,0,,0,,0,,0
CC(C)(C1=CC=C(OCC2CO2)C=C1)C1=CC=C(OCC2CO2)C=C1,196,N#CC1=CC=C(C=C1C#N)OC2=CC=CC(NCP3(OC4=C(C=CC=C4)C5=C3C=CC=C5)=O)=C2,20,NC1=CC=C(S(=O)(=O)C2=CC=C(N)C=C2)C=C1,18.5,190,4,0,0,0,0,0,0,0,0,0,0,0,0,0,0,0,0,0,0,,0,,0,,0
CC(C)(C1=CC=C(OCC2CO2)C=C1)C1=CC=C(OCC2CO2)C=C1,196,N#CC1=CC=C(C=C1C#N)OC2=CC=CC(NCP3(OC4=C(C=CC=C4)C5=C3C=CC=C5)=O)=C2,0,NC1=CC=C(S(=O)(=O)C2=CC=C(N)C=C2)C=C1,23.1,190,4,0,0,0,0,0,0,0,0,0,0,0,0,0,0,0,0,0,0,,0,,0,,0
CC(C)(C1=CC=C(OCC2CO2)C=C1)C1=CC=C(OCC2CO2)C=C1,196,N#CC1=CC=C(C=C1C#N)OC2=CC=CC(NCP3(OC4=C(C=CC=C4)C5=C3C=CC=C5)=O)=C2,5,NC1=CC=C(S(=O)(=O)C2=CC=C(N)C=C2)C=C1,21.9,190,4,210,2,230,2,250,2,0,0,0,0,0,0,0,0,0,0,0,0,,0,,0,,0
CC(C)(C1=CC=C(OCC2CO2)C=C1)C1=CC=C(OCC2CO2)C=C1,196,N#CC1=CC=C(C=C1C#N)OC2=CC=CC(NCP3(OC4=C(C=CC=C4)C5=C3C=CC=C5)=O)=C2,10,NC1=CC=C(S(=O)(=O)C2=CC=C(N)C=C2)C=C1,20.8,190,4,210,2,230,2,250,2,0,0,0,0,0,0,0,0,0,0,0,0,,0,,0,,0
CC(C)(C1=CC=C(OCC2CO2)C=C1)C1=CC=C(OCC2CO2)C=C1,196,N#CC1=CC=C(C=C1C#N)OC2=CC=CC(NCP3(OC4=C(C=CC=C4)C5=C3C=CC=C5)=O)=C2,15,NC1=CC=C(S(=O)(=O)C2=CC=C(N)C=C2)C=C1,19.6,190,4,210,2,230,2,250,2,0,0,0,0,0,0,0,0,0,0,0,0,,0,,0,,0
CC(C)(C1=CC=C(OCC2CO2)C=C1)C1=CC=C(OCC2CO2)C=C1,196,N#CC1=CC=C(C=C1C#N)OC2=CC=CC(NCP3(OC4=C(C=CC=C4)C5=C3C=CC=C5)=O)=C2,20,NC1=CC=C(S(=O)(=O)C2=CC=C(N)C=C2)C=C1,18.5,190,4,210,2,230,2,250,2,0,0,0,0,0,0,0,0,0,0,0,0,,0,,0,,0
CC(C)(C1=CC=C(OCC2CO2)C=C1)C1=CC=C(OCC2CO2)C=C1,196,O=P1([C@@H](NC2=NNC=N2)C2=CC=CS2)OC2=C(C=CC=C2)C2=CC=CC=C21,2.5,NC1=CC=C(CC2=CC=C(N)C=C2)C=C1,19.15,100,2,150,2,180,3,0,0,0,0,0,0,0,0,0,0,0,0,0,0,,0,,0,,0
CC(C)(C1=CC=C(OCC2CO2)C=C1)C1=CC=C(OCC2CO2)C=C1,196,O=P1([C@@H](NC2=NNC=N2)C2=CC=CS2)OC2=C(C=CC=C2)C2=CC=CC=C21,5,NC1=CC=C(CC2=CC=C(N)C=C2)C=C1,18.14,100,2,150,2,180,3,0,0,0,0,0,0,0,0,0,0,0,0,0,0,,0,,0,,0
CC(C)(C1=CC=C(OCC2CO2)C=C1)C1=CC=C(OCC2CO2)C=C1,196,O=P1([C@@H](NC2=NNC=N2)C2=CC=CS2)OC2=C(C=CC=C2)C2=CC=CC=C21,7.5,NC1=CC=C(CC2=CC=C(N)C=C2)C=C1,17.14,100,2,150,2,180,3,0,0,0,0,0,0,0,0,0,0,0,0,0,0,,0,,0,,0
CC(C)(C1=CC=C(OCC2CO2)C=C1)C1=CC=C(OCC2CO2)C=C1,196,NC1=NNC(NC(C2=CC=C(C(NC3=NNC(NC(C4=CC=C(C=O)C=C4)P4(=O)OC5=C(C=CC=C5)C5=C4C=CC=C5)=N3)P3(=O)OC4=CC=CC=C4C4=CC=CC=C43)C=C2)P2(=O)OC3=C(C=CC=C3)C3=C2C=CC=C3)=N1,3,NC1=CC=C(CC2=CC=C(N)C=C2)C=C1,19.4,110,3,150,3,0,0,0,0,0,0,0,0,0,0,0,0,0,0,0,0,,0,,0,,0
CC(C)(C1=CC=C(OCC2CO2)C=C1)C1=CC=C(OCC2CO2)C=C1,196,NC1=NNC(NC(C2=CC=C(C(NC3=NNC(NC(C4=CC=C(C=O)C=C4)P4(=O)OC5=C(C=CC=C5)C5=C4C=CC=C5)=N3)P3(=O)OC4=CC=CC=C4C4=CC=CC=C43)C=C2)P2(=O)OC3=C(C=CC=C3)C3=C2C=CC=C3)=N1,5,NC1=CC=C(CC2=CC=C(N)C=C2)C=C1,19,110,3,150,3,0,0,0,0,0,0,0,0,0,0,0,0,0,0,0,0,,0,,0,,0
CC(C)(C1=CC=C(OCC2CO2)C=C1)C1=CC=C(OCC2CO2)C=C1,196,NC1=NNC(NC(C2=CC=C(C(NC3=NNC(NC(C4=CC=C(C=O)C=C4)P4(=O)OC5=C(C=CC=C5)C5=C4C=CC=C5)=N3)P3(=O)OC4=CC=CC=C4C4=CC=CC=C43)C=C2)P2(=O)OC3=C(C=CC=C3)C3=C2C=CC=C3)=N1,7,NC1=CC=C(CC2=CC=C(N)C=C2)C=C1,18.6,110,3,150,3,0,0,0,0,0,0,0,0,0,0,0,0,0,0,0,0,,0,,0,,0
CC(C)(C1=CC=C(OCC2CO2)C=C1)C1=CC=C(OCC2CO2)C=C1,196,NC1=NNC(NC(C2=CC=C(C(NC3=NNC(NC(C4=CC=C(C=O)C=C4)P4(=O)OC5=C(C=CC=C5)C5=C4C=CC=C5)=N3)P3(=O)OC4=CC=CC=C4C4=CC=CC=C43)C=C2)P2(=O)OC3=C(C=CC=C3)C3=C2C=CC=C3)=N1,0,NC1=CC=C(CC2=CC=C(N)C=C2)C=C1,25,110,3,150,3,0,0,0,0,0,0,0,0,0,0,0,0,0,0,0,0,,0,,0,,0
CC(C)(C1=CC=C(OCC2CO2)C=C1)C1=CC=C(OCC2CO2)C=C1,227,CC1=NN(C(NC(P2(OC3=C(C4=C2C=CC=C4)C=CC=C3)=O)C5=CC=C(C=C5)C(P6(OC7=C(C8=C6C=CC=C8)C=CC=C7)=O)NC9=CC(C)=NN9C%10=CC=CC=C%10)=C1)C%11=CC=CC=C%11,4,NC1=CC=C(CC2=CC=C(N)C=C2)C=C1,19.8,100,2,150,3,0,0,0,0,0,0,0,0,0,0,0,0,0,0,0,0,,0,,0,,0
CC(C)(C1=CC=C(OCC2CO2)C=C1)C1=CC=C(OCC2CO2)C=C1,227,CC1=NN(C(NC(P2(OC3=C(C4=C2C=CC=C4)C=CC=C3)=O)C5=CC=C(C=C5)C(P6(OC7=C(C8=C6C=CC=C8)C=CC=C7)=O)NC9=CC(C)=NN9C%10=CC=CC=C%10)=C1)C%11=CC=CC=C%11,5,NC1=CC=C(CC2=CC=C(N)C=C2)C=C1,19.6,100,2,150,3,0,0,0,0,0,0,0,0,0,0,0,0,0,0,0,0,,0,,0,,0
CC(C)(C1=CC=C(OCC2CO2)C=C1)C1=CC=C(OCC2CO2)C=C1,227,CC1=NN(C(NC(P2(OC3=C(C4=C2C=CC=C4)C=CC=C3)=O)C5=CC=C(C=C5)C(P6(OC7=C(C8=C6C=CC=C8)C=CC=C7)=O)NC9=CC(C)=NN9C%10=CC=CC=C%10)=C1)C%11=CC=CC=C%11,6,NC1=CC=C(CC2=CC=C(N)C=C2)C=C1,19.4,100,2,150,3,0,0,0,0,0,0,0,0,0,0,0,0,0,0,0,0,,0,,0,,0
CC(C)(C1=CC=C(OCC2CO2)C=C1)C1=CC=C(OCC2CO2)C=C1,227,CC1=NN(C(NC(P2(OC3=C(C4=C2C=CC=C4)C=CC=C3)=O)C5=CC=C(C=C5)C(P6(OC7=C(C8=C6C=CC=C8)C=CC=C7)=O)NC9=CC(C)=NN9C%10=CC=CC=C%10)=C1)C%11=CC=CC=C%11,0,NC1=CC=C(CC2=CC=C(N)C=C2)C=C1,20.6,100,2,150,3,0,0,0,0,0,0,0,0,0,0,0,0,0,0,0,0,,0,,0,,0
CC(C)(C1=CC=C(OCC2CO2)C=C1)C1=CC=C(OCC2CO2)C=C1,196,CCO[Si](CCCNCC(O)CN1C(=O)N(CC(O)CNCCC[Si](OCC)(OCC)OCC)C(=O)N(CC(O)CP2(=O)OC3=CC=CC=C3C3=CC=CC=C32)C1=O)(OCC)OCC,5,NC1=CC=C(S(=O)(=O)C2=CC=C(N)C=C2)C=C1,24.63,150,3,180,5,0,0,0,0,0,0,0,0,0,0,0,0,0,0,0,0,,0,,0,,0
CC(C)(C1=CC=C(OCC2CO2)C=C1)C1=CC=C(OCC2CO2)C=C1,196,CCO[Si](CCCNCC(O)CN1C(=O)N(CC(O)CNCCC[Si](OCC)(OCC)OCC)C(=O)N(CC(O)CP2(=O)OC3=CC=CC=C3C3=CC=CC=C32)C1=O)(OCC)OCC,10,NC1=CC=C(S(=O)(=O)C2=CC=C(N)C=C2)C=C1,23.33,150,3,180,5,0,0,0,0,0,0,0,0,0,0,0,0,0,0,0,0,,0,,0,,0
CC(C)(C1=CC=C(OCC2CO2)C=C1)C1=CC=C(OCC2CO2)C=C1,196,CCO[Si](CCCNCC(O)CN1C(=O)N(CC(O)CNCCC[Si](OCC)(OCC)OCC)C(=O)N(CC(O)CP2(=O)OC3=CC=CC=C3C3=CC=CC=C32)C1=O)(OCC)OCC,15,NC1=CC=C(S(=O)(=O)C2=CC=C(N)C=C2)C=C1,22.04,150,3,180,5,0,0,0,0,0,0,0,0,0,0,0,0,0,0,0,0,,0,,0,,0
CC(C)(C1=CC=C(OCC2CO2)C=C1)C1=CC=C(OCC2CO2)C=C1,196,CCO[Si](CCCNCC(O)CN1C(=O)N(CC(O)CNCCC[Si](OCC)(OCC)OCC)C(=O)N(CC(O)CP2(=O)OC3=CC=CC=C3C3=CC=CC=C32)C1=O)(OCC)OCC,20,NC1=CC=C(S(=O)(=O)C2=CC=C(N)C=C2)C=C1,20.73,150,3,180,5,0,0,0,0,0,0,0,0,0,0,0,0,0,0,0,0,,0,,0,,0
CC(C)(C1=CC=C(OCC2CO2)C=C1)C1=CC=C(OCC2CO2)C=C1,196,CCO[Si](CCCNCC(O)CN1C(=O)N(CC(O)CNCCC[Si](OCC)(OCC)OCC)C(=O)N(CC(O)CP2(=O)OC3=CC=CC=C3C3=CC=CC=C32)C1=O)(OCC)OCC,25,NC1=CC=C(S(=O)(=O)C2=CC=C(N)C=C2)C=C1,19.44,150,3,180,5,0,0,0,0,0,0,0,0,0,0,0,0,0,0,0,0,,0,,0,,0
CC(C)(C1=CC=C(OCC2CO2)C=C1)C1=CC=C(OCC2CO2)C=C1,196,CCO[Si](CCCNCC(O)CN1C(=O)N(CC(O)CNCCC[Si](OCC)(OCC)OCC)C(=O)N(CC(O)CP2(=O)OC3=CC=CC=C3C3=CC=CC=C32)C1=O)(OCC)OCC,0,NC1=CC=C(S(=O)(=O)C2=CC=C(N)C=C2)C=C1,25.92592593,150,3,180,5,0,0,0,0,0,0,0,0,0,0,0,0,0,0,0,0,,0,,0,,0
CC(C)(C1=CC=C(OCC2CO2)C=C1)C1=CC=C(OCC2CO2)C=C1,227,C[Si](CCP1(=O)OC2=C(C=CC=C2)C2=CC=CC=C21)(NC1=NC=CS1)NC1=NC=CS1,2.5,NC1=CC=C(CC2=CC=C(N)C=C2)C=C1,17,100,2,150,2,0,0,0,0,0,0,0,0,0,0,0,0,0,0,0,0,,0,,0,,0
CC(C)(C1=CC=C(OCC2CO2)C=C1)C1=CC=C(OCC2CO2)C=C1,227,C[Si](CCP1(=O)OC2=C(C=CC=C2)C2=CC=CC=C21)(NC1=NC=CS1)NC1=NC=CS1,5,NC1=CC=C(CC2=CC=C(N)C=C2)C=C1,16.2,100,2,150,2,0,0,0,0,0,0,0,0,0,0,0,0,0,0,0,0,,0,,0,,0
CC(C)(C1=CC=C(OCC2CO2)C=C1)C1=CC=C(OCC2CO2)C=C1,227,C[Si](CCP1(=O)OC2=C(C=CC=C2)C2=CC=CC=C21)(NC1=NC=CS1)NC1=NC=CS1,7.5,NC1=CC=C(CC2=CC=C(N)C=C2)C=C1,15.3,100,2,150,2,0,0,0,0,0,0,0,0,0,0,0,0,0,0,0,0,,0,,0,,0
CC(C)(C1=CC=C(OCC2CO2)C=C1)C1=CC=C(OCC2CO2)C=C1,227,C[Si](CCP1(=O)OC2=C(C=CC=C2)C2=CC=CC=C21)(NC1=NC=CS1)NC1=NC=CS1,10,NC1=CC=C(CC2=CC=C(N)C=C2)C=C1,10.5,100,2,150,2,0,0,0,0,0,0,0,0,0,0,0,0,0,0,0,0,,0,,0,,0
CC(C)(C1=CC=C(OCC2CO2)C=C1)C1=CC=C(OCC2CO2)C=C1,227,C[Si](CCP1(=O)OC2=C(C=CC=C2)C2=CC=CC=C21)(NC1=NC=CS1)NC1=NC=CS1,0,NC1=CC=C(CC2=CC=C(N)C=C2)C=C1,17.90493391,100,2,150,2,0,0,0,0,0,0,0,0,0,0,0,0,0,0,0,0,,0,,0,,0
CC(C)(C1=CC=C(OCC2CO2)C=C1)C1=CC=C(OCC2CO2)C=C1,227,NC1=CC=C(C(C)C2=CC=C(NC3=NC(OCC4(CO5)COP5(OC4)=O)=NC(NC6=CC=C(C(C7=CC=C(N)C=C7)C)C=C6)=N3)C=C2)C=C1,4.29,NC1=CC=C(CC2=CC=C(N)C=C2)C=C1,14.24,120,2,150,4,0,0,0,0,0,0,0,0,0,0,0,0,0,0,0,0,,0,,0,,0
CC(C)(C1=CC=C(OCC2CO2)C=C1)C1=CC=C(OCC2CO2)C=C1,227,NC1=CC=C(C(C)C2=CC=C(NC3=NC(OCC4(CO5)COP5(OC4)=O)=NC(NC6=CC=C(C(C7=CC=C(N)C=C7)C)C=C6)=N3)C=C2)C=C1,8.64,NC1=CC=C(CC2=CC=C(N)C=C2)C=C1,13.6,120,2,150,4,0,0,0,0,0,0,0,0,0,0,0,0,0,0,0,0,,0,,0,,0
CC(C)(C1=CC=C(OCC2CO2)C=C1)C1=CC=C(OCC2CO2)C=C1,227,NC1=CC=C(C(C)C2=CC=C(NC3=NC(OCC4(CO5)COP5(OC4)=O)=NC(NC6=CC=C(C(C7=CC=C(N)C=C7)C)C=C6)=N3)C=C2)C=C1,17.54,NC1=CC=C(CC2=CC=C(N)C=C2)C=C1,12.28,120,2,150,4,0,0,0,0,0,0,0,0,0,0,0,0,0,0,0,0,,0,,0,,0
CC(C)(C1=CC=C(OCC2CO2)C=C1)C1=CC=C(OCC2CO2)C=C1,227,NC1=CC=C(C(C)C2=CC=C(NC3=NC(OCC4(CO5)COP5(OC4)=O)=NC(NC6=CC=C(C(C7=CC=C(N)C=C7)C)C=C6)=N3)C=C2)C=C1,0,NC1=CC=C(CC2=CC=C(N)C=C2)C=C1,14.91,120,2,150,4,0,0,0,0,0,0,0,0,0,0,0,0,0,0,0,0,,0,,0,,0
CC(C)(C1=CC=C(OCC2CO2)C=C1)C1=CC=C(OCC2CO2)C=C1,227,NC1=CC=C(C(C)C2=CC=C(NC3=NC(OCC4(CO5)COP5(OC4)=O)=NC(NC6=CC=C(C(C7=CC=C(N)C=C7)C)C=C6)=N3)C=C2)C=C1,4.32,NC1=CC=C(CC2=CC=C(N)C=C2)C=C1,13.6,120,2,150,4,0,0,0,0,0,0,0,0,0,0,0,0,0,0,0,0,O=P([O-])([O-])[O-].[NH4+].[NH4+].[NH4+],4.32,,0,,0
CC(C)(C1=CC=C(OCC2CO2)C=C1)C1=CC=C(OCC2CO2)C=C1,227,O=P1(C(NCC2=CC=CO2)C2=CC=C(C(NCC3=CC=CO3)P3(=O)OC4=CC=CC=C4C4=CC=CC=C43)C=C2)OC2=CC=CC=C2C2=CC=CC=C21,2.5,NC1=CC=C(CC2=CC=C(N)C=C2)C=C1,17.2,100,2,150,2,180,1,0,0,0,0,0,0,0,0,0,0,0,0,0,0,,0,,0,,0
CC(C)(C1=CC=C(OCC2CO2)C=C1)C1=CC=C(OCC2CO2)C=C1,227,O=P1(C(NCC2=CC=CO2)C2=CC=C(C(NCC3=CC=CO3)P3(=O)OC4=CC=CC=C4C4=CC=CC=C43)C=C2)OC2=CC=CC=C2C2=CC=CC=C21,5,NC1=CC=C(CC2=CC=C(N)C=C2)C=C1,16.4,100,2,150,2,180,1,0,0,0,0,0,0,0,0,0,0,0,0,0,0,,0,,0,,0
CC(C)(C1=CC=C(OCC2CO2)C=C1)C1=CC=C(OCC2CO2)C=C1,227,O=P1(C(NCC2=CC=CO2)C2=CC=C(C(NCC3=CC=CO3)P3(=O)OC4=CC=CC=C4C4=CC=CC=C43)C=C2)OC2=CC=CC=C2C2=CC=CC=C21,0,NC1=CC=C(CC2=CC=C(N)C=C2)C=C1,17.9,100,2,150,2,180,1,0,0,0,0,0,0,0,0,0,0,0,0,0,0,,0,,0,,0
CC(C)(C1=CC=C(OCC2CO2)C=C1)C1=CC=C(OCC2CO2)C=C1,227,NC1=CC=C(C=C1)S(=O)(C2=CC=C(C=C2)NC3=NC(NC(C=C4)=CC=C4S(C(C=C5)=CC=C5N)(=O)=O)=NC(OCC67COP(OC6)(OC7)=O)=N3)=O,5,NC1=CC=C(CC2=CC=C(N)C=C2)C=C1,17.5,100,2,150,2,0,0,0,0,0,0,0,0,0,0,0,0,0,0,0,0,,0,,0,,0
CC(C)(C1=CC=C(OCC2CO2)C=C1)C1=CC=C(OCC2CO2)C=C1,227,NC1=CC=C(C=C1)S(=O)(C2=CC=C(C=C2)NC3=NC(NC(C=C4)=CC=C4S(C(C=C5)=CC=C5N)(=O)=O)=NC(OCC67COP(OC6)(OC7)=O)=N3)=O,10,NC1=CC=C(CC2=CC=C(N)C=C2)C=C1,17.5,100,2,150,2,0,0,0,0,0,0,0,0,0,0,0,0,0,0,0,0,,0,,0,,0
CC(C)(C1=CC=C(OCC2CO2)C=C1)C1=CC=C(OCC2CO2)C=C1,227,NC1=CC=C(C=C1)S(=O)(C2=CC=C(C=C2)NC3=NC(NC(C=C4)=CC=C4S(C(C=C5)=CC=C5N)(=O)=O)=NC(OCC67COP(OC6)(OC7)=O)=N3)=O,15,NC1=CC=C(CC2=CC=C(N)C=C2)C=C1,17.5,100,2,150,2,0,0,0,0,0,0,0,0,0,0,0,0,0,0,0,0,,0,,0,,0
CC(C)(C1=CC=C(OCC2CO2)C=C1)C1=CC=C(OCC2CO2)C=C1,227,NC1=CC=C(C=C1)S(=O)(C2=CC=C(C=C2)NC3=NC(NC(C=C4)=CC=C4S(C(C=C5)=CC=C5N)(=O)=O)=NC(OCC67COP(OC6)(OC7)=O)=N3)=O,0,NC1=CC=C(CC2=CC=C(N)C=C2)C=C1,14.89361702,100,2,150,2,0,0,0,0,0,0,0,0,0,0,0,0,0,0,0,0,,0,,0,,0
CC(C)(C1=CC=C(OCC2CO2)C=C1)C1=CC=C(OCC2CO2)C=C1,227,NC1=CC=C(C=C1)S(=O)(C2=CC=C(C=C2)NC3=NC(NC(C=C4)=CC=C4S(C(C=C5)=CC=C5N)(=O)=O)=NC(OCC67COP(OC6)(OC7)=O)=N3)=O,5,NC1=CC=C(CC2=CC=C(N)C=C2)C=C1,17.5,100,2,150,2,0,0,0,0,0,0,0,0,0,0,0,0,0,0,0,0,O=P([O-])([O-])[O-].[NH4+].[NH4+].[NH4+],5,,0,,0
CC(C)(C1=CC=C(OCC2CO2)C=C1)C1=CC=C(OCC2CO2)C=C1,196,O=P1(C(NCCNCCNC(C2=CC=C(O)C=C2)P2(=O)OC3=C(C=CC=C3)C3=C2C=CC=C3)C2=CC=C(O)C=C2)OC2=CC=CC=C2C2=C1C=CC=C2,55.8,NC1=CC=C(S(=O)(=O)C2=CC=C(N)C=C2)C=C1,0,140,2,180,2,0,0,0,0,0,0,0,0,0,0,0,0,0,0,0,0,,0,,0,,0
CC(C)(C1=CC=C(OCC2CO2)C=C1)C1=CC=C(OCC2CO2)C=C1,196,O=P1(C(NCCNCCNC(C2=CC=C(O)C=C2)P2(=O)OC3=C(C=CC=C3)C3=C2C=CC=C3)C2=CC=C(O)C=C2)OC2=CC=CC=C2C2=C1C=CC=C2,9.7,NC1=CC=C(S(=O)(=O)C2=CC=C(N)C=C2)C=C1,18.54,140,2,180,2,0,0,0,0,0,0,0,0,0,0,0,0,0,0,0,0,,0,,0,,0
CC(C)(C1=CC=C(OCC2CO2)C=C1)C1=CC=C(OCC2CO2)C=C1,196,O=P1(C(NCCNCCNC(C2=CC=C(O)C=C2)P2(=O)OC3=C(C=CC=C3)C3=C2C=CC=C3)C2=CC=C(O)C=C2)OC2=CC=CC=C2C2=C1C=CC=C2,12,NC1=CC=C(S(=O)(=O)C2=CC=C(N)C=C2)C=C1,17.01,140,2,180,2,0,0,0,0,0,0,0,0,0,0,0,0,0,0,0,0,,0,,0,,0
CC(C)(C1=CC=C(OCC2CO2)C=C1)C1=CC=C(OCC2CO2)C=C1,196,O=P1(C(NCCNCCNC(C2=CC=C(O)C=C2)P2(=O)OC3=C(C=CC=C3)C3=C2C=CC=C3)C2=CC=C(O)C=C2)OC2=CC=CC=C2C2=C1C=CC=C2,15,NC1=CC=C(S(=O)(=O)C2=CC=C(N)C=C2)C=C1,15.35,140,2,180,2,0,0,0,0,0,0,0,0,0,0,0,0,0,0,0,0,,0,,0,,0
CC(C)(C1=CC=C(OCC2CO2)C=C1)C1=CC=C(OCC2CO2)C=C1,196,O=P1(C(NCCNCCNC(C2=CC=C(O)C=C2)P2(=O)OC3=C(C=CC=C3)C3=C2C=CC=C3)C2=CC=C(O)C=C2)OC2=CC=CC=C2C2=C1C=CC=C2,18,NC1=CC=C(S(=O)(=O)C2=CC=C(N)C=C2)C=C1,13.68,140,2,180,2,0,0,0,0,0,0,0,0,0,0,0,0,0,0,0,0,,0,,0,,0
CC(C)(C1=CC=C(OCC2CO2)C=C1)C1=CC=C(OCC2CO2)C=C1,196,O=P1(C(NCCNCCNC(C2=CC=C(O)C=C2)P2(=O)OC3=C(C=CC=C3)C3=C2C=CC=C3)C2=CC=C(O)C=C2)OC2=CC=CC=C2C2=C1C=CC=C2,0,NC1=CC=C(S(=O)(=O)C2=CC=C(N)C=C2)C=C1,24.05063291,140,2,180,2,0,0,0,0,0,0,0,0,0,0,0,0,0,0,0,0,,0,,0,,0
CC(C)(C1=CC=C(OCC2CO2)C=C1)C1=CC=C(OCC2CO2)C=C1,196,O=P1(C(NCCNCCNC(C2=CC=C(O)C=C2)P2(=O)OC3=C(C=CC=C3)C3=C2C=CC=C3)C2=CC=C(O)C=C2)OC2=CC=CC=C2C2=C1C=CC=C2,11.9,NC1=CC=C(S(=O)(=O)C2=CC=C(N)C=C2)C=C1,16.84,140,2,180,2,0,0,0,0,0,0,0,0,0,0,0,0,0,0,0,0,O=[Si]=O,1.02,,0,,0
CC(C)(C1=CC=C(OCC2CO2)C=C1)C1=CC=C(OCC2CO2)C=C1,196,O=P1(C(NCCNCCNC(C2=CC=C(O)C=C2)P2(=O)OC3=C(C=CC=C3)C3=C2C=CC=C3)C2=CC=C(O)C=C2)OC2=CC=CC=C2C2=C1C=CC=C2,11.78,NC1=CC=C(S(=O)(=O)C2=CC=C(N)C=C2)C=C1,16.67,140,2,180,2,0,0,0,0,0,0,0,0,0,0,0,0,0,0,0,0,O=[Si]=O,?2.01,,0,,0
CC(C)(C1=CC=C(OCC2CO2)C=C1)C1=CC=C(OCC2CO2)C=C1,196,O=P1(C(NCCNCCNC(C2=CC=C(O)C=C2)P2(=O)OC3=C(C=CC=C3)C3=C2C=CC=C3)C2=CC=C(O)C=C2)OC2=CC=CC=C2C2=C1C=CC=C2,11.66,NC1=CC=C(S(=O)(=O)C2=CC=C(N)C=C2)C=C1,16.5,140,2,180,2,0,0,0,0,0,0,0,0,0,0,0,0,0,0,0,0,O=[Si]=O,3.02,,0,,0
CC(C)(C1=CC=C(OCC2CO2)C=C1)C1=CC=C(OCC2CO2)C=C1,196,O=P1(C(NCCNCCNC(C2=CC=C(O)C=C2)P2(=O)OC3=C(C=CC=C3)C3=C2C=CC=C3)C2=CC=C(O)C=C2)OC2=CC=CC=C2C2=C1C=CC=C2,11.54,NC1=CC=C(S(=O)(=O)C2=CC=C(N)C=C2)C=C1,16.32,140,2,180,2,0,0,0,0,0,0,0,0,0,0,0,0,0,0,0,0,O=[Si]=O,?4.05,,0,,0
CC(C)(C1=CC=C(OCC2CO2)C=C1)C1=CC=C(OCC2CO2)C=C1,196,O=P1(C(NCCNCCNC(C2=CC=C(O)C=C2)P2(=O)OC3=C(C=CC=C3)C3=C2C=CC=C3)C2=CC=C(O)C=C2)OC2=CC=CC=C2C2=C1C=CC=C2,11.42,NC1=CC=C(S(=O)(=O)C2=CC=C(N)C=C2)C=C1,16.15,140,2,180,2,0,0,0,0,0,0,0,0,0,0,0,0,0,0,0,0,O=[Si]=O,?5.09,,0,,0
CC(C)(C1=CC=C(OCC2CO2)C=C1)C1=CC=C(OCC2CO2)C=C1,227,O=P1(C(NC2=NC3=CC=CC=C3S2)C2=C(O)C=CC3=C2C=CC=C3)OC2=C(C=CC=C2)C2=C1C=CC=C2,6,NC1=CC=C(CC2=CC=C(N)C=C2)C=C1,19.4,100,2,150,2,0,0,0,0,0,0,0,0,0,0,0,0,0,0,0,0,,0,,0,,0
CC(C)(C1=CC=C(OCC2CO2)C=C1)C1=CC=C(OCC2CO2)C=C1,227,O=P1(C(NC2=NC3=CC=CC=C3S2)C2=C(O)C=CC3=C2C=CC=C3)OC2=C(C=CC=C2)C2=C1C=CC=C2,7,NC1=CC=C(CC2=CC=C(N)C=C2)C=C1,19.19,100,2,150,2,0,0,0,0,0,0,0,0,0,0,0,0,0,0,0,0,,0,,0,,0
CC(C)(C1=CC=C(OCC2CO2)C=C1)C1=CC=C(OCC2CO2)C=C1,227,O=P1(C(NC2=NC3=CC=CC=C3S2)C2=C(O)C=CC3=C2C=CC=C3)OC2=C(C=CC=C2)C2=C1C=CC=C2,8,NC1=CC=C(CC2=CC=C(N)C=C2)C=C1,18.98,100,2,150,2,0,0,0,0,0,0,0,0,0,0,0,0,0,0,0,0,,0,,0,,0
CC(C)(C1=CC=C(OCC2CO2)C=C1)C1=CC=C(OCC2CO2)C=C1,227,O=P1(C(NC2=NC3=CC=CC=C3S2)C2=C(O)C=CC3=C2C=CC=C3)OC2=C(C=CC=C2)C2=C1C=CC=C2,10,NC1=CC=C(CC2=CC=C(N)C=C2)C=C1,18.57,100,2,150,2,0,0,0,0,0,0,0,0,0,0,0,0,0,0,0,0,,0,,0,,0
CC(C)(C1=CC=C(OCC2CO2)C=C1)C1=CC=C(OCC2CO2)C=C1,227,O=P1(C(NC2=NC3=CC=CC=C3S2)C2=C(O)C=CC3=C2C=CC=C3)OC2=C(C=CC=C2)C2=C1C=CC=C2,0,NC1=CC=C(CC2=CC=C(N)C=C2)C=C1,20.63492063,100,2,150,2,0,0,0,0,0,0,0,0,0,0,0,0,0,0,0,0,,0,,0,,0
CC(C)(C1=CC=C(OCC2CO2)C=C1)C1=CC=C(OCC2CO2)C=C1,227,NC(=O)CCP1(=O)OC2=CC=CC=C2C2=CC=CC=C21,7,NCC1=CC=CC(CN)=C1,13.78,80,2,150,2,200,2,0,0,0,0,0,0,0,0,0,0,0,0,0,0,,0,,0,,0
CC(C)(C1=CC=C(OCC2CO2)C=C1)C1=CC=C(OCC2CO2)C=C1,227,NC(=O)CCP1(=O)OC2=CC=CC=C2C2=CC=CC=C21,9.3,NCC1=CC=CC(CN)=C1,12.94,80,2,150,2,200,2,0,0,0,0,0,0,0,0,0,0,0,0,0,0,,0,,0,,0
CC(C)(C1=CC=C(OCC2CO2)C=C1)C1=CC=C(OCC2CO2)C=C1,227,NC(=O)CCP1(=O)OC2=CC=CC=C2C2=CC=CC=C21,11.6,NCC1=CC=CC(CN)=C1,12.11,80,2,150,2,200,2,0,0,0,0,0,0,0,0,0,0,0,0,0,0,,0,,0,,0
CC(C)(C1=CC=C(OCC2CO2)C=C1)C1=CC=C(OCC2CO2)C=C1,227,NC(=O)CCP1(=O)OC2=CC=CC=C2C2=CC=CC=C21,6.944664658,NCC1=CC=CC(CN)=C1,13.77834153,80,2,150,2,200,2,0,0,0,0,0,0,0,0,0,0,0,0,0,0,C1=CC(SC2=CC=C(OCC3CO3)C=C2)=CC=C1OCC1CO1,15.85539876,,0,,0
CC(C)(C1=CC=C(OCC2CO2)C=C1)C1=CC=C(OCC2CO2)C=C1,227,NC(=O)CCP1(=O)OC2=CC=CC=C2C2=CC=CC=C21,9.258538863,NCC1=CC=CC(CN)=C1,12.93861355,80,2,150,2,200,2,0,0,0,0,0,0,0,0,0,0,0,0,0,0,C1=CC(SC2=CC=C(OCC3CO3)C=C2)=CC=C1OCC1CO1,15.56056952,,0,,0
CC(C)(C1=CC=C(OCC2CO2)C=C1)C1=CC=C(OCC2CO2)C=C1,227,NC(=O)CCP1(=O)OC2=CC=CC=C2C2=CC=CC=C21,11.57075256,NCC1=CC=CC(CN)=C1,12.10502213,80,2,150,2,200,2,0,0,0,0,0,0,0,0,0,0,0,0,0,0,C1=CC(SC2=CC=C(OCC3CO3)C=C2)=CC=C1OCC1CO1,15.26484506,,0,,0
CC(C)(C1=CC=C(OCC2CO2)C=C1)C1=CC=C(OCC2CO2)C=C1,227,NC(=O)CCP1(=O)OC2=CC=CC=C2C2=CC=CC=C21,6.944664658,NCC1=CC=CC(CN)=C1,13.77834153,80,2,150,2,200,2,0,0,0,0,0,0,0,0,0,0,0,0,0,0,O=S(=O)(C1=CC=C(OCC2CO2)C=C1)C1=CC=C(OCC2CO2)C=C1,15.85539876,,0,,0
CC(C)(C1=CC=C(OCC2CO2)C=C1)C1=CC=C(OCC2CO2)C=C1,227,NC(=O)CCP1(=O)OC2=CC=CC=C2C2=CC=CC=C21,9.258538863,NCC1=CC=CC(CN)=C1,12.93861355,80,2,150,2,200,2,0,0,0,0,0,0,0,0,0,0,0,0,0,0,O=S(=O)(C1=CC=C(OCC2CO2)C=C1)C1=CC=C(OCC2CO2)C=C1,15.56056952,,0,,0
CC(C)(C1=CC=C(OCC2CO2)C=C1)C1=CC=C(OCC2CO2)C=C1,227,NC(=O)CCP1(=O)OC2=CC=CC=C2C2=CC=CC=C21,11.57075256,NCC1=CC=CC(CN)=C1,12.10502213,80,2,150,2,200,2,0,0,0,0,0,0,0,0,0,0,0,0,0,0,O=S(=O)(C1=CC=C(OCC2CO2)C=C1)C1=CC=C(OCC2CO2)C=C1,15.26484506,,0,,0
CC(C)(C1=CC=C(OCC2CO2)C=C1)C1=CC=C(OCC2CO2)C=C1,227,NC(=O)CCP1(=O)OC2=CC=CC=C2C2=CC=CC=C21,6.944664658,NCC1=CC=CC(CN)=C1,13.77834153,80,2,150,2,200,2,0,0,0,0,0,0,0,0,0,0,0,0,0,0,O=S([O-])(NC1CCCCC1)=O.[Na+],15.85539876,,0,,0
CC(C)(C1=CC=C(OCC2CO2)C=C1)C1=CC=C(OCC2CO2)C=C1,227,NC(=O)CCP1(=O)OC2=CC=CC=C2C2=CC=CC=C21,9.258538863,NCC1=CC=CC(CN)=C1,12.93861355,80,2,150,2,200,2,0,0,0,0,0,0,0,0,0,0,0,0,0,0,O=S([O-])(NC1CCCCC1)=O.[Na+],15.56056952,,0,,0
CC(C)(C1=CC=C(OCC2CO2)C=C1)C1=CC=C(OCC2CO2)C=C1,227,NC(=O)CCP1(=O)OC2=CC=CC=C2C2=CC=CC=C21,11.57075256,NCC1=CC=CC(CN)=C1,12.10502213,80,2,150,2,200,2,0,0,0,0,0,0,0,0,0,0,0,0,0,0,O=S([O-])(NC1CCCCC1)=O.[Na+],15.26484506,,0,,0
CC(C)(C1=CC=C(OCC2CO2)C=C1)C1=CC=C(OCC2CO2)C=C1,196,O=P1(C(NCCO)C2=CC=C(C(NCCO)P3(=O)OC4=C(C=CC=C4)C4=C3C=CC=C4)C=C2)OC2=C(C=CC=C2)C2=C1C=CC=C2,2.5,NC1=CC=C(CC2=CC=C(N)C=C2)C=C1,19.37,120,2,170,5,0,0,0,0,0,0,0,0,0,0,0,0,0,0,0,0,,0,,0,,0
CC(C)(C1=CC=C(OCC2CO2)C=C1)C1=CC=C(OCC2CO2)C=C1,196,O=P1(C(NCCO)C2=CC=C(C(NCCO)P3(=O)OC4=C(C=CC=C4)C4=C3C=CC=C4)C=C2)OC2=C(C=CC=C2)C2=C1C=CC=C2,5,NC1=CC=C(CC2=CC=C(N)C=C2)C=C1,18.56,120,2,170,5,0,0,0,0,0,0,0,0,0,0,0,0,0,0,0,0,,0,,0,,0
CC(C)(C1=CC=C(OCC2CO2)C=C1)C1=CC=C(OCC2CO2)C=C1,196,O=P1(C(NCCO)C2=CC=C(C(NCCO)P3(=O)OC4=C(C=CC=C4)C4=C3C=CC=C4)C=C2)OC2=C(C=CC=C2)C2=C1C=CC=C2,7.5,NC1=CC=C(CC2=CC=C(N)C=C2)C=C1,17.75,120,2,170,5,0,0,0,0,0,0,0,0,0,0,0,0,0,0,0,0,,0,,0,,0
CC(C)(C1=CC=C(OCC2CO2)C=C1)C1=CC=C(OCC2CO2)C=C1,196,O=P1(C(NCCO)C2=CC=C(C(NCCO)P3(=O)OC4=C(C=CC=C4)C4=C3C=CC=C4)C=C2)OC2=C(C=CC=C2)C2=C1C=CC=C2,0,NC1=CC=C(CC2=CC=C(N)C=C2)C=C1,20.17879949,120,2,170,5,0,0,0,0,0,0,0,0,0,0,0,0,0,0,0,0,,0,,0,,0
CC(C)(C1=CC=C(OCC2CO2)C=C1)C1=CC=C(OCC2CO2)C=C1,196,[H]P1(=O)OC2=C(C=CC=C2)C2=C1C=CC=C2,5,NC1=CC=C(CC2=CC=C(N)C=C2)C=C1,19.17,120,2,170,5,0,0,0,0,0,0,0,0,0,0,0,0,0,0,0,0,,0,,0,,0
CC(C)(C1=CC=C(OCC2CO2)C=C1)C1=CC=C(OCC2CO2)C=C1,227,[H]P(=O)(C1=CC=CC=C1)C1=CC=C(F)C=C1,2.1,NC1=CC=C(S(=O)(=O)C2=CC=C(N)C=C2)C=C1,21.27,120,2,180,2,0,0,0,0,0,0,0,0,0,0,0,0,0,0,0,0,,0,,0,,0
CC(C)(C1=CC=C(OCC2CO2)C=C1)C1=CC=C(OCC2CO2)C=C1,227,[H]P(=O)(C1=CC=CC=C1)C1=CC=C(F)C=C1,4.3,NC1=CC=C(S(=O)(=O)C2=CC=C(N)C=C2)C=C1,20.33,120,2,180,2,0,0,0,0,0,0,0,0,0,0,0,0,0,0,0,0,,0,,0,,0
CC(C)(C1=CC=C(OCC2CO2)C=C1)C1=CC=C(OCC2CO2)C=C1,227,[H]P(=O)(C1=CC=CC=C1)C1=CC=C(F)C=C1,6.4,NC1=CC=C(S(=O)(=O)C2=CC=C(N)C=C2)C=C1,19.39,120,2,180,2,0,0,0,0,0,0,0,0,0,0,0,0,0,0,0,0,,0,,0,,0
CC(C)(C1=CC=C(OCC2CO2)C=C1)C1=CC=C(OCC2CO2)C=C1,227,[H]P(=O)(C1=CC=CC=C1)C1=CC=C(F)C=C1,0,NC1=CC=C(S(=O)(=O)C2=CC=C(N)C=C2)C=C1,22.2092571,120,2,180,2,0,0,0,0,0,0,0,0,0,0,0,0,0,0,0,0,,0,,0,,0
CC(C)(C1=CC=C(OCC2CO2)C=C1)C1=CC=C(OCC2CO2)C=C1,227,CC(CO)(CO)[NH3+].O=P1(OC2=C(C3=CC=CC=C31)C=CC=C2)[O-],2.5,NC1=CC=C(CC2=CC=C(N)C=C2)C=C1,17.5,100,3,150,2,0,0,0,0,0,0,0,0,0,0,0,0,0,0,0,0,,0,,0,,0
CC(C)(C1=CC=C(OCC2CO2)C=C1)C1=CC=C(OCC2CO2)C=C1,227,CC(CO)(CO)[NH3+].O=P1(OC2=C(C3=CC=CC=C31)C=CC=C2)[O-],5,NC1=CC=C(CC2=CC=C(N)C=C2)C=C1,17.1,100,3,150,2,0,0,0,0,0,0,0,0,0,0,0,0,0,0,0,0,,0,,0,,0
CC(C)(C1=CC=C(OCC2CO2)C=C1)C1=CC=C(OCC2CO2)C=C1,227,CC(CO)(CO)[NH3+].O=P1(OC2=C(C3=CC=CC=C31)C=CC=C2)[O-],7.5,NC1=CC=C(CC2=CC=C(N)C=C2)C=C1,16.7,100,3,150,2,0,0,0,0,0,0,0,0,0,0,0,0,0,0,0,0,,0,,0,,0
CC(C)(C1=CC=C(OCC2CO2)C=C1)C1=CC=C(OCC2CO2)C=C1,227,CC(CO)(CO)[NH3+].O=P1(OC2=C(C3=CC=CC=C31)C=CC=C2)[O-],0,NC1=CC=C(CC2=CC=C(N)C=C2)C=C1,18,100,3,150,2,0,0,0,0,0,0,0,0,0,0,0,0,0,0,0,0,,0,,0,,0
CC(C)(C1=CC=C(OCC2CO2)C=C1)C1=CC=C(OCC2CO2)C=C1,227,O=P1(C(NC2=CC=C(CC3=CC=C(NC(C4=CC(O)=C(O)C=C4)P4(=O)OC5=C(C=CC=C5)C5=C4C=CC=C5)C=C3)C=C2)C2=CC(O)=C(O)C=C2)OC2=CC=CC=C2C2=CC=CC=C21,3,NC1=CC=C(CC2=CC=C(N)C=C2)C=C1,20,100,2,150,2,0,0,0,0,0,0,0,0,0,0,0,0,0,0,0,0,,0,,0,,0
CC(C)(C1=CC=C(OCC2CO2)C=C1)C1=CC=C(OCC2CO2)C=C1,227,O=P1(C(NC2=CC=C(CC3=CC=C(NC(C4=CC(O)=C(O)C=C4)P4(=O)OC5=C(C=CC=C5)C5=C4C=CC=C5)C=C3)C=C2)C2=CC(O)=C(O)C=C2)OC2=CC=CC=C2C2=CC=CC=C21,4,NC1=CC=C(CC2=CC=C(N)C=C2)C=C1,19.8,100,2,150,2,0,0,0,0,0,0,0,0,0,0,0,0,0,0,0,0,,0,,0,,0
CC(C)(C1=CC=C(OCC2CO2)C=C1)C1=CC=C(OCC2CO2)C=C1,227,O=P1(C(NC2=CC=C(CC3=CC=C(NC(C4=CC(O)=C(O)C=C4)P4(=O)OC5=C(C=CC=C5)C5=C4C=CC=C5)C=C3)C=C2)C2=CC(O)=C(O)C=C2)OC2=CC=CC=C2C2=CC=CC=C21,4.5,NC1=CC=C(CC2=CC=C(N)C=C2)C=C1,19.7,100,2,150,2,0,0,0,0,0,0,0,0,0,0,0,0,0,0,0,0,,0,,0,,0
CC(C)(C1=CC=C(OCC2CO2)C=C1)C1=CC=C(OCC2CO2)C=C1,227,O=P1(C(NC2=CC=C(CC3=CC=C(NC(C4=CC(O)=C(O)C=C4)P4(=O)OC5=C(C=CC=C5)C5=C4C=CC=C5)C=C3)C=C2)C2=CC(O)=C(O)C=C2)OC2=CC=CC=C2C2=CC=CC=C21,5,NC1=CC=C(CC2=CC=C(N)C=C2)C=C1,19.6,100,2,150,2,0,0,0,0,0,0,0,0,0,0,0,0,0,0,0,0,,0,,0,,0
CC(C)(C1=CC=C(OCC2CO2)C=C1)C1=CC=C(OCC2CO2)C=C1,227,O=P1(C(NC2=CC=C(CC3=CC=C(NC(C4=CC(O)=C(O)C=C4)P4(=O)OC5=C(C=CC=C5)C5=C4C=CC=C5)C=C3)C=C2)C2=CC(O)=C(O)C=C2)OC2=CC=CC=C2C2=CC=CC=C21,0,NC1=CC=C(CC2=CC=C(N)C=C2)C=C1,20.6,100,2,150,2,0,0,0,0,0,0,0,0,0,0,0,0,0,0,0,0,,0,,0,,0
CC(C)(C1=CC=C(OCC2CO2)C=C1)C1=CC=C(OCC2CO2)C=C1,196,O=P1(C(NC2=NN=C(S)S2)C2=CC=C(O)C(O)=C2)OC2=C(C=CC=C2)C2=C1C=CC=C2,5,NC1=CC=C(S(=O)(=O)C2=CC=C(N)C=C2)C=C1,21.47,150,2,180,2,210,2,230,1,0,0,0,0,0,0,0,0,0,0,0,0,,0,,0,,0
CC(C)(C1=CC=C(OCC2CO2)C=C1)C1=CC=C(OCC2CO2)C=C1,196,O=P1(C(NC2=NN=C(S)S2)C2=CC=C(O)C(O)=C2)OC2=C(C=CC=C2)C2=C1C=CC=C2,7.5,NC1=CC=C(S(=O)(=O)C2=CC=C(N)C=C2)C=C1,20.04,150,2,180,2,210,2,230,1,0,0,0,0,0,0,0,0,0,0,0,0,,0,,0,,0
CC(C)(C1=CC=C(OCC2CO2)C=C1)C1=CC=C(OCC2CO2)C=C1,196,O=P1(C(NC2=NN=C(S)S2)C2=CC=C(O)C(O)=C2)OC2=C(C=CC=C2)C2=C1C=CC=C2,10,NC1=CC=C(S(=O)(=O)C2=CC=C(N)C=C2)C=C1,18.72,150,2,180,2,210,2,230,1,0,0,0,0,0,0,0,0,0,0,0,0,,0,,0,,0
CC(C)(C1=CC=C(OCC2CO2)C=C1)C1=CC=C(OCC2CO2)C=C1,196,O=P1(C(NC2=NN=C(S)S2)C2=CC=C(O)C(O)=C2)OC2=C(C=CC=C2)C2=C1C=CC=C2,0,NC1=CC=C(S(=O)(=O)C2=CC=C(N)C=C2)C=C1,24.01215805,150,2,180,2,210,2,230,1,0,0,0,0,0,0,0,0,0,0,0,0,,0,,0,,0
CC(C)(C1=CC=C(OCC2CO2)C=C1)C1=CC=C(OCC2CO2)C=C1,185,O=C(C1=CC=C(C=C1)C(OC2=CC(P3(OC4=C(C5=C3C=CC=C5)C=CC=C4)=O)=C(C=C2)OC(C6=CC=C(C=C6)C(OC7=CC=C(C=C7)P(C8=CC=C(C=C8)OC(C9=CC=C(C=C9)C(OC%10=CC(P%11(OC%12=C(C%13=C%11C=CC=C%13)C=CC=C%12)=O)=C(C=C%10)OC(C%14=CC=C(C=C%14)C(Cl)=O)=O)=O)=O)(C%15=CC=C(C=C%15)OC(C%16=CC=C(C=C%16)C%17=CC=C(C=C%17)C(Cl)=O)=O)=O)=O)=O)=O)Cl,10,CC1(C)CC(N)CC(C)(CN)C1,18,80,0.5,110,0.5,160,1,0,0,0,0,0,0,0,0,0,0,0,0,0,0,,0,,0,,0
CC(C)(C1=CC=C(OCC2CO2)C=C1)C1=CC=C(OCC2CO2)C=C1,185,O=C(C1=CC=C(C=C1)C(OC2=CC(P3(OC4=C(C5=C3C=CC=C5)C=CC=C4)=O)=C(C=C2)OC(C6=CC=C(C=C6)C(OC7=CC=C(C=C7)P(C8=CC=C(C=C8)OC(C9=CC=C(C=C9)C(OC%10=CC(P%11(OC%12=C(C%13=C%11C=CC=C%13)C=CC=C%12)=O)=C(C=C%10)OC(C%14=CC=C(C=C%14)C(Cl)=O)=O)=O)=O)(C%15=CC=C(C=C%15)OC(C%16=CC=C(C=C%16)C%17=CC=C(C=C%17)C(Cl)=O)=O)=O)=O)=O)=O)Cl,0,CC1(C)CC(N)CC(C)(CN)C1,20,80,0.5,110,0.5,160,1,0,0,0,0,0,0,0,0,0,0,0,0,0,0,,0,,0,,0
CC(C)(C1=CC=C(OCC2CO2)C=C1)C1=CC=C(OCC2CO2)C=C1,188,O=P(C1=CC=CC=C1)(C(C2=CC=CC=C2)NC3=CC=C(C=C3)F)C4=CC=CC=C4,8,NC1=CC=C(CC2=CC=C(N)C=C2)C=C1,32,100,2,120,2,175,4,0,0,0,0,0,0,0,0,0,0,0,0,0,0,,0,,0,,0
CC(C)(C1=CC=C(OCC2CO2)C=C1)C1=CC=C(OCC2CO2)C=C1,196,O=P(C1=CC=CC=C1)(C2=CC=CC=C2)C(C3=CC=CC=C3)NC4=CC=CC=C4,8,NC1=CC=C(CC2=CC=C(N)C=C2)C=C1,32,100,2,120,2,175,4,0,0,0,0,0,0,0,0,0,0,0,0,0,0,,0,,0,,0
CC(C)(C1=CC=C(OCC2CO2)C=C1)C1=CC=C(OCC2CO2)C=C1,227,O=P(C1=CC=CC=C1)(C(C2=CC=CC=C2)NC3=CC=C(Cl)C=C3)C4=CC=CC=C4,8,NC1=CC=C(CC2=CC=C(N)C=C2)C=C1,32,100,2,120,2,175,4,0,0,0,0,0,0,0,0,0,0,0,0,0,0,,0,,0,,0
CC(C)(C1=CC=C(OCC2CO2)C=C1)C1=CC=C(OCC2CO2)C=C1,188,O=P(C1=CC=CC=C1)(C(C2=CC=C(C=C2)F)NC3=CC=CC=C3)C4=CC=CC=C4,8,NC1=CC=C(CC2=CC=C(N)C=C2)C=C1,32,100,2,120,2,175,4,0,0,0,0,0,0,0,0,0,0,0,0,0,0,,0,,0,,0
CC(C)(C1=CC=C(OCC2CO2)C=C1)C1=CC=C(OCC2CO2)C=C1,185,O=P(C1=CC=CC=C1)(C(C2=CC(F)=C(C(F)=C2)F)NC3=CC=CC=C3)C4=CC=CC=C4,8,NC1=CC=C(CC2=CC=C(N)C=C2)C=C1,32,100,2,120,2,175,4,0,0,0,0,0,0,0,0,0,0,0,0,0,0,,0,,0,,0
CC(C)(C1=CC=C(OCC2CO2)C=C1)C1=CC=C(OCC2CO2)C=C1,196,O=P(C1=CC=CC=C1)(C(C2=CC=CC=C2)NC3=CC=C(C=C3)Br)C4=CC=CC=C4,8,NC1=CC=C(CC2=CC=C(N)C=C2)C=C1,32,100,2,120,2,175,4,0,0,0,0,0,0,0,0,0,0,0,0,0,0,,0,,0,,0
CC(C)(C1=CC=C(OCC2CO2)C=C1)C1=CC=C(OCC2CO2)C=C1,196,NC1=CC=C(C=C1)CC2=CC=C(C=C2)NC(P(C3=CC=CC=C3)(C4=CC=CC=C4)=O)C5=CC=CC=C5,8,NC1=CC=C(CC2=CC=C(N)C=C2)C=C1,32,100,2,120,2,175,4,0,0,0,0,0,0,0,0,0,0,0,0,0,0,,0,,0,,0
CC(C)(C1=CC=C(OCC2CO2)C=C1)C1=CC=C(OCC2CO2)C=C1,196,NC1=CC=C(C=C1)CC2=CC=C(C=C2)NC(P(C3=CC=CC=C3)(C4=CC=CC=C4)=O)C5=CC=CC=C5,0,NC1=CC=C(CC2=CC=C(N)C=C2)C=C1,40,100,2,120,2,175,4,0,0,0,0,0,0,0,0,0,0,0,0,0,0,,0,,0,,0
CC(C)(C1=CC=C(OCC2CO2)C=C1)C1=CC=C(OCC2CO2)C=C1,227,O=C1NC2=CC=C(NC(C3=CC=C(O)C=C3)P3(=O)OC4=CC=CC=C4C4=CC=CC=C43)C=C2N1,18.52,NC1=CC=C(CC2=CC=C(N)C=C2)C=C1,7.41,90,3,160,2,0,0,0,0,0,0,0,0,0,0,0,0,0,0,0,0,,0,,0,,0
CC(C)(C1=CC=C(OCC2CO2)C=C1)C1=CC=C(OCC2CO2)C=C1,227,O=C1NC2=CC=C(NC(C3=CC=C(O)C=C3)P3(=O)OC4=CC=CC=C4C4=CC=CC=C43)C=C2N1,17.72,NC1=CC=C(CC2=CC=C(N)C=C2)C=C1,11.39,90,3,160,2,0,0,0,0,0,0,0,0,0,0,0,0,0,0,0,0,,0,,0,,0
CC(C)(C1=CC=C(OCC2CO2)C=C1)C1=CC=C(OCC2CO2)C=C1,227,O=C1NC2=CC=C(NC(C3=CC=C(O)C=C3)P3(=O)OC4=CC=CC=C4C4=CC=CC=C43)C=C2N1,16.99,NC1=CC=C(CC2=CC=C(N)C=C2)C=C1,15.05,90,3,160,2,0,0,0,0,0,0,0,0,0,0,0,0,0,0,0,0,,0,,0,,0
CC(C)(C1=CC=C(OCC2CO2)C=C1)C1=CC=C(OCC2CO2)C=C1,227,O=C1NC2=CC=C(NC(C3=CC=C(O)C=C3)P3(=O)OC4=CC=CC=C4C4=CC=CC=C43)C=C2N1,16.23,NC1=CC=C(CC2=CC=C(N)C=C2)C=C1,18.84,90,3,160,2,0,0,0,0,0,0,0,0,0,0,0,0,0,0,0,0,,0,,0,,0
CC(C)(C1=CC=C(OCC2CO2)C=C1)C1=CC=C(OCC2CO2)C=C1,227,O=C1NC2=CC=C(NC(C3=CC=C(O)C=C3)P3(=O)OC4=CC=CC=C4C4=CC=CC=C43)C=C2N1,0,NC1=CC=C(CC2=CC=C(N)C=C2)C=C1,20,90,3,160,2,0,0,0,0,0,0,0,0,0,0,0,0,0,0,0,0,,0,,0,,0
CC(C)(C1=CC=C(OCC2CO2)C=C1)C1=CC=C(OCC2CO2)C=C1,196,CC(C1=CC=C(C=C1)NC(CN(CC(NC2=CC=C(C=C2)C(P3(OC4=CC=CC=C4C5=CC=CC=C53)=O)(C)C6=CC=C(C=C6)N)=O)CCN(CC(NC7=CC=C(C=C7)C(C8=CC=C(C=C8)N)(P9(OC%10=C(C%11=C9C=CC=C%11)C=CC=C%10)=O)C)=O)CC(NC%12=CC=C(C=C%12)C(C%13=CC=C(C=C%13)N)(P%14(OC%15=C(C%16=C%14C=CC=C%16)C=CC=C%15)=O)C)=O)=O)(P%17(OC%18=C(C%19=C%17C=CC=C%19)C=CC=C%18)=O)C%20=CC=C(C=C%20)N,2.5,NC1=CC=C(CC2=CC=C(N)C=C2)C=C1,19.67,80,1,120,1,150,3,0,0,0,0,0,0,0,0,0,0,0,0,0,0,,0,,0,,0
CC(C)(C1=CC=C(OCC2CO2)C=C1)C1=CC=C(OCC2CO2)C=C1,196,CC(C1=CC=C(C=C1)NC(CN(CC(NC2=CC=C(C=C2)C(P3(OC4=CC=CC=C4C5=CC=CC=C53)=O)(C)C6=CC=C(C=C6)N)=O)CCN(CC(NC7=CC=C(C=C7)C(C8=CC=C(C=C8)N)(P9(OC%10=C(C%11=C9C=CC=C%11)C=CC=C%10)=O)C)=O)CC(NC%12=CC=C(C=C%12)C(C%13=CC=C(C=C%13)N)(P%14(OC%15=C(C%16=C%14C=CC=C%16)C=CC=C%15)=O)C)=O)=O)(P%17(OC%18=C(C%19=C%17C=CC=C%19)C=CC=C%18)=O)C%20=CC=C(C=C%20)N,5,NC1=CC=C(CC2=CC=C(N)C=C2)C=C1,19.17,80,1,120,1,150,3,0,0,0,0,0,0,0,0,0,0,0,0,0,0,,0,,0,,0
CC(C)(C1=CC=C(OCC2CO2)C=C1)C1=CC=C(OCC2CO2)C=C1,196,CC(C1=CC=C(C=C1)NC(CN(CC(NC2=CC=C(C=C2)C(P3(OC4=CC=CC=C4C5=CC=CC=C53)=O)(C)C6=CC=C(C=C6)N)=O)CCN(CC(NC7=CC=C(C=C7)C(C8=CC=C(C=C8)N)(P9(OC%10=C(C%11=C9C=CC=C%11)C=CC=C%10)=O)C)=O)CC(NC%12=CC=C(C=C%12)C(C%13=CC=C(C=C%13)N)(P%14(OC%15=C(C%16=C%14C=CC=C%16)C=CC=C%15)=O)C)=O)=O)(P%17(OC%18=C(C%19=C%17C=CC=C%19)C=CC=C%18)=O)C%20=CC=C(C=C%20)N,7.5,NC1=CC=C(CC2=CC=C(N)C=C2)C=C1,18.66,80,1,120,1,150,3,0,0,0,0,0,0,0,0,0,0,0,0,0,0,,0,,0,,0
CC(C)(C1=CC=C(OCC2CO2)C=C1)C1=CC=C(OCC2CO2)C=C1,196,CC(C1=CC=C(C=C1)NC(CN(CC(NC2=CC=C(C=C2)C(P3(OC4=CC=CC=C4C5=CC=CC=C53)=O)(C)C6=CC=C(C=C6)N)=O)CCN(CC(NC7=CC=C(C=C7)C(C8=CC=C(C=C8)N)(P9(OC%10=C(C%11=C9C=CC=C%11)C=CC=C%10)=O)C)=O)CC(NC%12=CC=C(C=C%12)C(C%13=CC=C(C=C%13)N)(P%14(OC%15=C(C%16=C%14C=CC=C%16)C=CC=C%15)=O)C)=O)=O)(P%17(OC%18=C(C%19=C%17C=CC=C%19)C=CC=C%18)=O)C%20=CC=C(C=C%20)N,10,NC1=CC=C(CC2=CC=C(N)C=C2)C=C1,18.16,80,1,120,1,150,3,0,0,0,0,0,0,0,0,0,0,0,0,0,0,,0,,0,,0
CC(C)(C1=CC=C(OCC2CO2)C=C1)C1=CC=C(OCC2CO2)C=C1,196,CC(C1=CC=C(C=C1)NC(CN(CC(NC2=CC=C(C=C2)C(P3(OC4=CC=CC=C4C5=CC=CC=C53)=O)(C)C6=CC=C(C=C6)N)=O)CCN(CC(NC7=CC=C(C=C7)C(C8=CC=C(C=C8)N)(P9(OC%10=C(C%11=C9C=CC=C%11)C=CC=C%10)=O)C)=O)CC(NC%12=CC=C(C=C%12)C(C%13=CC=C(C=C%13)N)(P%14(OC%15=C(C%16=C%14C=CC=C%16)C=CC=C%15)=O)C)=O)=O)(P%17(OC%18=C(C%19=C%17C=CC=C%19)C=CC=C%18)=O)C%20=CC=C(C=C%20)N,0,NC1=CC=C(CC2=CC=C(N)C=C2)C=C1,20.18,80,1,120,1,150,3,0,0,0,0,0,0,0,0,0,0,0,0,0,0,,0,,0,,0
CC(C)(C1=CC=C(OCC2CO2)C=C1)C1=CC=C(OCC2CO2)C=C1,186,O=P(O[C@H]1[C@H](OP([O-])([O-])=O)[C@@H](OP([O-])([O-])=O)[C@H](OP([O-])([O-])=O)[C@@H](OP([O-])([O-])=O)[C@@H]1OP([O-])([O-])=O)([O-])[O-].[NH2+]2CC[NH2+]CC2.[NH2+]3CC[NH2+]CC3.[NH2+]4CC[NH2+]CC4.[NH2+]5CC[NH2+]CC5.[NH2+]6CC[NH2+]CC6.[NH2+]7CC[NH2+]CC7,5,NC1=CC=C(CC2=CC=C(N)C=C2)C=C1,19,100,1,120,1,150,3,0,0,0,0,0,0,0,0,0,0,0,0,0,0,,0,,0,,0
CC(C)(C1=CC=C(OCC2CO2)C=C1)C1=CC=C(OCC2CO2)C=C1,186,O=P(O[C@H]1[C@H](OP([O-])([O-])=O)[C@@H](OP([O-])([O-])=O)[C@H](OP([O-])([O-])=O)[C@@H](OP([O-])([O-])=O)[C@@H]1OP([O-])([O-])=O)([O-])[O-].[NH2+]2CC[NH2+]CC2.[NH2+]3CC[NH2+]CC3.[NH2+]4CC[NH2+]CC4.[NH2+]5CC[NH2+]CC5.[NH2+]6CC[NH2+]CC6.[NH2+]7CC[NH2+]CC7,10,NC1=CC=C(CC2=CC=C(N)C=C2)C=C1,18,100,1,120,1,150,3,0,0,0,0,0,0,0,0,0,0,0,0,0,0,,0,,0,,0
CC(C)(C1=CC=C(OCC2CO2)C=C1)C1=CC=C(OCC2CO2)C=C1,186,O=P(O[C@H]1[C@H](OP([O-])([O-])=O)[C@@H](OP([O-])([O-])=O)[C@H](OP([O-])([O-])=O)[C@@H](OP([O-])([O-])=O)[C@@H]1OP([O-])([O-])=O)([O-])[O-].[NH2+]2CC[NH2+]CC2.[NH2+]3CC[NH2+]CC3.[NH2+]4CC[NH2+]CC4.[NH2+]5CC[NH2+]CC5.[NH2+]6CC[NH2+]CC6.[NH2+]7CC[NH2+]CC7,15,NC1=CC=C(CC2=CC=C(N)C=C2)C=C1,17,100,1,120,1,150,3,0,0,0,0,0,0,0,0,0,0,0,0,0,0,,0,,0,,0
CC(C)(C1=CC=C(OCC2CO2)C=C1)C1=CC=C(OCC2CO2)C=C1,186,O=P(O[C@H]1[C@H](OP([O-])([O-])=O)[C@@H](OP([O-])([O-])=O)[C@H](OP([O-])([O-])=O)[C@@H](OP([O-])([O-])=O)[C@@H]1OP([O-])([O-])=O)([O-])[O-].[NH2+]2CC[NH2+]CC2.[NH2+]3CC[NH2+]CC3.[NH2+]4CC[NH2+]CC4.[NH2+]5CC[NH2+]CC5.[NH2+]6CC[NH2+]CC6.[NH2+]7CC[NH2+]CC7,0,NC1=CC=C(CC2=CC=C(N)C=C2)C=C1,20,100,1,120,1,150,3,0,0,0,0,0,0,0,0,0,0,0,0,0,0,,0,,0,,0
CC(C)(C1=CC=C(OCC2CO2)C=C1)C1=CC=C(OCC2CO2)C=C1,196,NC1=CC=C(C=C1)CC2=CC=C(C=C2)NC(P3(OC4=C(C5=C3C=CC=C5)C=CC=C4)=O)C6=CC=C(C=C6)OP(OC7=CC=C(C=C7)C(P8(OC9=C(C%10=C8C=CC=C%10)C=CC=C9)=O)NC%11=CC=C(C=C%11)CC%12=CC=C(C=C%12)N)(C%13=CC=CC=C%13)=O,3.2,NC1=CC=C(CC2=CC=C(N)C=C2)C=C1,17.46,120,2,150,1,0,0,0,0,0,0,0,0,0,0,0,0,0,0,0,0,,0,,0,,0
CC(C)(C1=CC=C(OCC2CO2)C=C1)C1=CC=C(OCC2CO2)C=C1,196,NC1=CC=C(C=C1)CC2=CC=C(C=C2)NC(P3(OC4=C(C5=C3C=CC=C5)C=CC=C4)=O)C6=CC=C(C=C6)OP(OC7=CC=C(C=C7)C(P8(OC9=C(C%10=C8C=CC=C%10)C=CC=C9)=O)NC%11=CC=C(C=C%11)CC%12=CC=C(C=C%12)N)(C%13=CC=CC=C%13)=O,3.9,NC1=CC=C(CC2=CC=C(N)C=C2)C=C1,17.32,120,2,150,1,0,0,0,0,0,0,0,0,0,0,0,0,0,0,0,0,,0,,0,,0
CC(C)(C1=CC=C(OCC2CO2)C=C1)C1=CC=C(OCC2CO2)C=C1,196,NC1=CC=C(C=C1)CC2=CC=C(C=C2)NC(P3(OC4=C(C5=C3C=CC=C5)C=CC=C4)=O)C6=CC=C(C=C6)OP(OC7=CC=C(C=C7)C(P8(OC9=C(C%10=C8C=CC=C%10)C=CC=C9)=O)NC%11=CC=C(C=C%11)CC%12=CC=C(C=C%12)N)(C%13=CC=CC=C%13)=O,4.7,NC1=CC=C(CC2=CC=C(N)C=C2)C=C1,17.19,120,2,150,1,0,0,0,0,0,0,0,0,0,0,0,0,0,0,0,0,,0,,0,,0
CC(C)(C1=CC=C(OCC2CO2)C=C1)C1=CC=C(OCC2CO2)C=C1,196,NC1=CC=C(C=C1)CC2=CC=C(C=C2)NC(P3(OC4=C(C5=C3C=CC=C5)C=CC=C4)=O)C6=CC=C(C=C6)OP(OC7=CC=C(C=C7)C(P8(OC9=C(C%10=C8C=CC=C%10)C=CC=C9)=O)NC%11=CC=C(C=C%11)CC%12=CC=C(C=C%12)N)(C%13=CC=CC=C%13)=O,6.2,NC1=CC=C(CC2=CC=C(N)C=C2)C=C1,16.92,120,2,150,1,0,0,0,0,0,0,0,0,0,0,0,0,0,0,0,0,,0,,0,,0
CC(C)(C1=CC=C(OCC2CO2)C=C1)C1=CC=C(OCC2CO2)C=C1,196,NC1=CC=C(C=C1)CC2=CC=C(C=C2)NC(P3(OC4=C(C5=C3C=CC=C5)C=CC=C4)=O)C6=CC=C(C=C6)OP(OC7=CC=C(C=C7)C(P8(OC9=C(C%10=C8C=CC=C%10)C=CC=C9)=O)NC%11=CC=C(C=C%11)CC%12=CC=C(C=C%12)N)(C%13=CC=CC=C%13)=O,7.6,NC1=CC=C(CC2=CC=C(N)C=C2)C=C1,16.67,120,2,150,1,0,0,0,0,0,0,0,0,0,0,0,0,0,0,0,0,,0,,0,,0
CC(C)(C1=CC=C(OCC2CO2)C=C1)C1=CC=C(OCC2CO2)C=C1,196,NC1=CC=C(C=C1)CC2=CC=C(C=C2)NC(P3(OC4=C(C5=C3C=CC=C5)C=CC=C4)=O)C6=CC=C(C=C6)OP(OC7=CC=C(C=C7)C(P8(OC9=C(C%10=C8C=CC=C%10)C=CC=C9)=O)NC%11=CC=C(C=C%11)CC%12=CC=C(C=C%12)N)(C%13=CC=CC=C%13)=O,0,NC1=CC=C(CC2=CC=C(N)C=C2)C=C1,18.03278689,120,2,150,1,0,0,0,0,0,0,0,0,0,0,0,0,0,0,0,0,,0,,0,,0
CC(C)(C1=CC=C(OCC2CO2)C=C1)C1=CC=C(OCC2CO2)C=C1,196,O=P(OC1=CC=C(C=C1)C(P2(OC3=C(C4=C2C=CC=C4)C=CC=C3)=O)O)(C5=CC=CC=C5)OC6=CC=C(C=C6)C(P7(OC8=C(C9=C7C=CC=C9)C=CC=C8)=O)O,4.6875,NC1=CC=C(CC2=CC=C(N)C=C2)C=C1,17.1875,120,2,150,1,0,0,0,0,0,0,0,0,0,0,0,0,0,0,0,0,,0,,0,,0
CC(C)(C1=CC=C(OCC2CO2)C=C1)C1=CC=C(OCC2CO2)C=C1,196,O=P(OC1=CC=C(C=C1)C(P2(OC3=C(C4=C2C=CC=C4)C=CC=C3)=O)O)(C5=CC=CC=C5)OC6=CC=C(C=C6)C(P7(OC8=C(C9=C7C=CC=C9)C=CC=C8)=O)O,7.575757576,NC1=CC=C(CC2=CC=C(N)C=C2)C=C1,16.66666667,120,2,150,1,0,0,0,0,0,0,0,0,0,0,0,0,0,0,0,0,,0,,0,,0
CC(C)(C1=CC=C(OCC2CO2)C=C1)C1=CC=C(OCC2CO2)C=C1,196,NC1=NC(N)=NC(NC(P2(OC3=C(C4=C2C=CC=C4)C=CC=C3)=O)C5=CC=C(C=C5)OP(OC6=CC=C(C=C6)C(P7(OC8=C(C9=C7C=CC=C9)C=CC=C8)=O)NC%10=NC(N)=NC(N)=N%10)(C%11=CC=CC=C%11)=O)=N1,4.6875,NC1=CC=C(CC2=CC=C(N)C=C2)C=C1,17.1875,120,2,150,1,0,0,0,0,0,0,0,0,0,0,0,0,0,0,0,0,,0,,0,,0
CC(C)(C1=CC=C(OCC2CO2)C=C1)C1=CC=C(OCC2CO2)C=C1,196,NC1=CC=CC(NC(P2(OC3=C(C4=C2C=CC=C4)C=CC=C3)=O)C5=CC=C(C=C5)OP(OC6=CC=C(C=C6)C(P7(OC8=C(C9=C7C=CC=C9)C=CC=C8)=O)NC%10=CC=CC(N)=C%10)(C%11=CC=CC=C%11)=O)=C1,4.6875,NC1=CC=C(CC2=CC=C(N)C=C2)C=C1,17.1875,120,2,150,1,0,0,0,0,0,0,0,0,0,0,0,0,0,0,0,0,,0,,0,,0
CC(C)(C1=CC=C(OCC2CO2)C=C1)C1=CC=C(OCC2CO2)C=C1,227,O=P([O-])([O-])CN(CP([O-])([O-])=O)CP([O-])([O-])=O.[NH2+]1CC[NH2+]CC1.[NH2+]2CC[NH2+]CC2.[NH2+]3CC[NH2+]CC3,4,NC1=CC=CC(N)=C1,21.07,100,1,150,2,0,0,0,0,0,0,0,0,0,0,0,0,0,0,0,0,,0,,0,,0
CC(C)(C1=CC=C(OCC2CO2)C=C1)C1=CC=C(OCC2CO2)C=C1,227,O=P([O-])([O-])CN(CP([O-])([O-])=O)CP([O-])([O-])=O.[NH2+]1CC[NH2+]CC1.[NH2+]2CC[NH2+]CC2.[NH2+]3CC[NH2+]CC3,5,NC1=CC=CC(N)=C1,20.83,100,1,150,2,0,0,0,0,0,0,0,0,0,0,0,0,0,0,0,0,,0,,0,,0
CC(C)(C1=CC=C(OCC2CO2)C=C1)C1=CC=C(OCC2CO2)C=C1,227,O=P([O-])([O-])CN(CP([O-])([O-])=O)CP([O-])([O-])=O.[NH2+]1CC[NH2+]CC1.[NH2+]2CC[NH2+]CC2.[NH2+]3CC[NH2+]CC3,6,NC1=CC=CC(N)=C1,20.61,100,1,150,2,0,0,0,0,0,0,0,0,0,0,0,0,0,0,0,0,,0,,0,,0
CC(C)(C1=CC=C(OCC2CO2)C=C1)C1=CC=C(OCC2CO2)C=C1,227,O=P([O-])([O-])CN(CP([O-])([O-])=O)CP([O-])([O-])=O.[NH2+]1CC[NH2+]CC1.[NH2+]2CC[NH2+]CC2.[NH2+]3CC[NH2+]CC3,7,NC1=CC=CC(N)=C1,20.39,100,1,150,2,0,0,0,0,0,0,0,0,0,0,0,0,0,0,0,0,,0,,0,,0
CC(C)(C1=CC=C(OCC2CO2)C=C1)C1=CC=C(OCC2CO2)C=C1,227,O=P([O-])([O-])CN(CP([O-])([O-])=O)CP([O-])([O-])=O.[NH2+]1CC[NH2+]CC1.[NH2+]2CC[NH2+]CC2.[NH2+]3CC[NH2+]CC3,8,NC1=CC=CC(N)=C1,20.18,100,1,150,2,0,0,0,0,0,0,0,0,0,0,0,0,0,0,0,0,,0,,0,,0
CC(C)(C1=CC=C(OCC2CO2)C=C1)C1=CC=C(OCC2CO2)C=C1,227,O=P([O-])([O-])CN(CP([O-])([O-])=O)CP([O-])([O-])=O.[NH2+]1CC[NH2+]CC1.[NH2+]2CC[NH2+]CC2.[NH2+]3CC[NH2+]CC3,10,NC1=CC=CC(N)=C1,19.74,100,1,150,2,0,0,0,0,0,0,0,0,0,0,0,0,0,0,0,0,,0,,0,,0
CC(C)(C1=CC=C(OCC2CO2)C=C1)C1=CC=C(OCC2CO2)C=C1,227,O=P([O-])([O-])CN(CP([O-])([O-])=O)CP([O-])([O-])=O.[NH2+]1CC[NH2+]CC1.[NH2+]2CC[NH2+]CC2.[NH2+]3CC[NH2+]CC3,0,NC1=CC=CC(N)=C1,21.94791667,100,1,150,2,0,0,0,0,0,0,0,0,0,0,0,0,0,0,0,0,,0,,0,,0
CC(C)(C1=CC=C(OCC2CO2)C=C1)C1=CC=C(OCC2CO2)C=C1,185,CCSCCCCCCOP(=O)(OCCCCCCSC)OCCCCCCSCC,10,CC1CC(CC2CCC(N)C(C)C2)CCC1N,30,90,0.5,150,0.5,0,0,0,0,0,0,0,0,0,0,0,0,0,0,0,0,,0,,0,,0
CC(C)(C1=CC=C(OCC2CO2)C=C1)C1=CC=C(OCC2CO2)C=C1,185,CCS(=O)(=O)CCCCCCOP(=O)(OCCCCCCS(=O)(=O)CC)OCCCCCCS(=O)(=O)CC,10,CC1CC(CC2CCC(N)C(C)C2)CCC1N,30,90,0.5,150,0.5,0,0,0,0,0,0,0,0,0,0,0,0,0,0,0,0,,0,,0,,0
CC(C)(C1=CC=C(OCC2CO2)C=C1)C1=CC=C(OCC2CO2)C=C1,185,C=CCCCCOP(=O)(OCCCCC=C)OCCCCCC,10,CC1CC(CC2CCC(N)C(C)C2)CCC1N,30,90,0.5,150,0.5,0,0,0,0,0,0,0,0,0,0,0,0,0,0,0,0,,0,,0,,0
CC(C)(C1=CC=C(OCC2CO2)C=C1)C1=CC=C(OCC2CO2)C=C1,185,CCCCCCCOP(=O)(OCCCCCCC)OCCCCCCSCCS,10,CC1CC(CC2CCC(N)C(C)C2)CCC1N,30,90,0.5,150,0.5,0,0,0,0,0,0,0,0,0,0,0,0,0,0,0,0,,0,,0,,0
CC(C)(C1=CC=C(OCC2CO2)C=C1)C1=CC=C(OCC2CO2)C=C1,185,CC(C)(C1=CC=C(OP(=O)(OC2=CC=CC=C2)OC2=CC=CC=C2)C=C1)C1=CC=C(OP(=O)(OC2=CC=CC=C2)OC2=CC=CC=C2)C=C1,10,CC1CC(CC2CCC(N)C(C)C2)CCC1N,30,90,0.5,150,0.5,0,0,0,0,0,0,0,0,0,0,0,0,0,0,0,0,,0,,0,,0
CC(C)(C1=CC=C(OCC2CO2)C=C1)C1=CC=C(OCC2CO2)C=C1,185,CC(C)(C1=CC=C(OP(=O)(OC2=CC=CC=C2)OC2=CC=CC=C2)C=C1)C1=CC=C(OP(=O)(OC2=CC=CC=C2)OC2=CC=CC=C2)C=C1,0,CC1CC(CC2CCC(N)C(C)C2)CCC1N,30,90,0.5,150,0.5,0,0,0,0,0,0,0,0,0,0,0,0,0,0,0,0,,0,,0,,0
CC(C)(C1=CC=C(OCC2CO2)C=C1)C1=CC=C(OCC2CO2)C=C1,227,O=P1(OC2=CC=CC=C2C3=C1C=CC=C3)C(NC4=CC=C(C=C4)NC(P5(OC6=CC=CC=C6C7=C5C=CC=C7)=O)/C=C/C8=CC=CC=C8)/C=C/C9=CC=CC=C9,2,NC1=CC=C(CC2=CC=C(N)C=C2)C=C1,19.66,120,2,190,4,0,0,0,0,0,0,0,0,0,0,0,0,0,0,0,0,,0,,0,,0
CC(C)(C1=CC=C(OCC2CO2)C=C1)C1=CC=C(OCC2CO2)C=C1,227,O=P1(OC2=CC=CC=C2C3=C1C=CC=C3)C(NC4=CC=C(C=C4)NC(P5(OC6=CC=CC=C6C7=C5C=CC=C7)=O)/C=C/C8=CC=CC=C8)/C=C/C9=CC=CC=C9,4,NC1=CC=C(CC2=CC=C(N)C=C2)C=C1,18.84,120,2,190,4,0,0,0,0,0,0,0,0,0,0,0,0,0,0,0,0,,0,,0,,0
CC(C)(C1=CC=C(OCC2CO2)C=C1)C1=CC=C(OCC2CO2)C=C1,227,O=P1(OC2=CC=CC=C2C3=C1C=CC=C3)C(NC4=CC=C(C=C4)NC(P5(OC6=CC=CC=C6C7=C5C=CC=C7)=O)/C=C/C8=CC=CC=C8)/C=C/C9=CC=CC=C9,0,NC1=CC=C(CC2=CC=C(N)C=C2)C=C1,20.1915403,120,2,190,4,0,0,0,0,0,0,0,0,0,0,0,0,0,0,0,0,,0,,0,,0
CC(C)(C1=CC=C(OCC2CO2)C=C1)C1=CC=C(OCC2CO2)C=C1,227,[H]P1(=O)OC2=C(C=CC=C2)C2=C1C=CC=C2,4,NC1=CC=C(CC2=CC=C(N)C=C2)C=C1,18.84,120,2,190,4,0,0,0,0,0,0,0,0,0,0,0,0,0,0,0,0,,0,,0,,0
CC(C)(C1=CC=C(OCC2CO2)C=C1)C1=CC=C(OCC2CO2)C=C1,196,NCCN(CCNCCNCCN(CCNCCNC(N)=S)CCNP(=O)(C1=CC=CC=C1)C1=CC=CC=C1)CCNP(=O)(C1=CC=CC=C1)C1=CC=CC=C1,25,NCCN(CCNCCNCCN(CCNCCNC(N)=S)CCNP(=O)(C1=CC=CC=C1)C1=CC=CC=C1)CCNP(=O)(C1=CC=CC=C1)C1=CC=CC=C1,25,20,20,56,1,0,0,0,0,0,0,0,0,0,0,0,0,0,0,0,0,,0,,0,,0
CC(C)(C1=CC=C(OCC2CO2)C=C1)C1=CC=C(OCC2CO2)C=C1,196,NCCN(CCNCCNCCN(CCNCCNC(N)=S)CCNP(=O)(C1=CC=CC=C1)C1=CC=CC=C1)CCNP(=O)(C1=CC=CC=C1)C1=CC=CC=C1,30,NCCN(CCNCCNCCN(CCNCCNC(N)=S)CCNP(=O)(C1=CC=CC=C1)C1=CC=CC=C1)CCNP(=O)(C1=CC=CC=C1)C1=CC=CC=C1,30,20,20,56,1,0,0,0,0,0,0,0,0,0,0,0,0,0,0,0,0,,0,,0,,0
CC(C)(C1=CC=C(OCC2CO2)C=C1)C1=CC=C(OCC2CO2)C=C1,196,NCCN(CCNCCNCCN(CCNCCNC(N)=S)CCNP(=O)(C1=CC=CC=C1)C1=CC=CC=C1)CCNP(=O)(C1=CC=CC=C1)C1=CC=CC=C1,35,NCCN(CCNCCNCCN(CCNCCNC(N)=S)CCNP(=O)(C1=CC=CC=C1)C1=CC=CC=C1)CCNP(=O)(C1=CC=CC=C1)C1=CC=CC=C1,35,20,20,56,1,0,0,0,0,0,0,0,0,0,0,0,0,0,0,0,0,,0,,0,,0
CC(C)(C1=CC=C(OCC2CO2)C=C1)C1=CC=C(OCC2CO2)C=C1,196,NCCN(CCNCCNCCN(CCNCCNC(N)=S)CCNP(=O)(C1=CC=CC=C1)C1=CC=CC=C1)CCNP(=O)(C1=CC=CC=C1)C1=CC=CC=C1,0,NCCNCCN(CCNCCN)CCN(CCNCCN)CCNCCN(CCN)CCN,29.9719888,20,20,56,1,0,0,0,0,0,0,0,0,0,0,0,0,0,0,0,0,,0,,0,,0
CC(C)(C1=CC=C(OCC2CO2)C=C1)C1=CC=C(OCC2CO2)C=C1,227,N=C(N)NS(=O)(=O)C1=CC=C(NC(C2=CC=C(C(NC(=N)NS(=O)(=O)C3=CC=C(N)C=C3)P3(=O)OC4=C(C=CC=C4)C4=C3C=CC=C4)C=C2)P2(=O)OC3=C(C=CC=C3)C3=C2C=CC=C3)C=C1,2,NC1=CC=C(CC2=CC=C(N)C=C2)C=C1,17.55,120,2,160,2,0,0,0,0,0,0,0,0,0,0,0,0,0,0,0,0,,0,,0,,0
CC(C)(C1=CC=C(OCC2CO2)C=C1)C1=CC=C(OCC2CO2)C=C1,227,N=C(N)NS(=O)(=O)C1=CC=C(NC(C2=CC=C(C(NC(=N)NS(=O)(=O)C3=CC=C(N)C=C3)P3(=O)OC4=C(C=CC=C4)C4=C3C=CC=C4)C=C2)P2(=O)OC3=C(C=CC=C3)C3=C2C=CC=C3)C=C1,5,NC1=CC=C(CC2=CC=C(N)C=C2)C=C1,17.02,120,2,160,2,0,0,0,0,0,0,0,0,0,0,0,0,0,0,0,0,,0,,0,,0
CC(C)(C1=CC=C(OCC2CO2)C=C1)C1=CC=C(OCC2CO2)C=C1,227,N=C(N)NS(=O)(=O)C1=CC=C(NC(C2=CC=C(C(NC(=N)NS(=O)(=O)C3=CC=C(N)C=C3)P3(=O)OC4=C(C=CC=C4)C4=C3C=CC=C4)C=C2)P2(=O)OC3=C(C=CC=C3)C3=C2C=CC=C3)C=C1,8,NC1=CC=C(CC2=CC=C(N)C=C2)C=C1,16.48,120,2,160,2,0,0,0,0,0,0,0,0,0,0,0,0,0,0,0,0,,0,,0,,0
CC(C)(C1=CC=C(OCC2CO2)C=C1)C1=CC=C(OCC2CO2)C=C1,227,N=C(N)NS(=O)(=O)C1=CC=C(NC(C2=CC=C(C(NC(=N)NS(=O)(=O)C3=CC=C(N)C=C3)P3(=O)OC4=C(C=CC=C4)C4=C3C=CC=C4)C=C2)P2(=O)OC3=C(C=CC=C3)C3=C2C=CC=C3)C=C1,0,NC1=CC=C(CC2=CC=C(N)C=C2)C=C1,17.91167296,120,2,160,2,0,0,0,0,0,0,0,0,0,0,0,0,0,0,0,0,,0,,0,,0
CC(C)(C1=CC=C(OCC2CO2)C=C1)C1=CC=C(OCC2CO2)C=C1,489,CO[Si](OC)(OC)CCCOCC(CP1(OC2=C(C3=CC=CC=C31)C=CC=C2)=O)O,10.6,CC(C)(C)C1=CC(CO)=C(O)C(CC2=C(O)C(CC3=C(O)C(CO)=CC(C(C)(C)C)=C3)=CC(C(C)(C)C)=C2)=C1,7.6,80,6,120,2,150,2,0,0,0,0,0,0,0,0,0,0,0,0,0,0,,0,,0,,0
CC(C)(C1=CC=C(OCC2CO2)C=C1)C1=CC=C(OCC2CO2)C=C1,489,CO[Si](OC)(OC)CCCOCC(CP1(OC2=C(C3=CC=CC=C31)C=CC=C2)=O)O,15.9,CC(C)(C)C1=CC(CO)=C(O)C(CC2=C(O)C(CC3=C(O)C(CO)=CC(C(C)(C)C)=C3)=CC(C(C)(C)C)=C2)=C1,7.19,80,6,120,2,150,2,0,0,0,0,0,0,0,0,0,0,0,0,0,0,,0,,0,,0
CC(C)(C1=CC=C(OCC2CO2)C=C1)C1=CC=C(OCC2CO2)C=C1,489,CO[Si](OC)(OC)CCCOCC(CP1(OC2=C(C3=CC=CC=C31)C=CC=C2)=O)O,21.3,CC(C)(C)C1=CC(CO)=C(O)C(CC2=C(O)C(CC3=C(O)C(CO)=CC(C(C)(C)C)=C3)=CC(C(C)(C)C)=C2)=C1,6.73,80,6,120,2,150,2,0,0,0,0,0,0,0,0,0,0,0,0,0,0,,0,,0,,0
CC(C)(C1=CC=C(OCC2CO2)C=C1)C1=CC=C(OCC2CO2)C=C1,489,CO[Si](OC)(OC)CCCOCC(CP1(OC2=C(C3=CC=CC=C31)C=CC=C2)=O)O,0,CC(C)(C)C1=CC(CO)=C(O)C(CC2=C(O)C(CC3=C(O)C(CO)=CC(C(C)(C)C)=C3)=CC(C(C)(C)C)=C2)=C1,8.550525834,80,6,120,2,150,2,0,0,0,0,0,0,0,0,0,0,0,0,0,0,,0,,0,,0
C1=CC(N(CC2CO2)CC2CO2)=CC=C1CC1=CC=C(N(CC2CO2)CC2CO2)C=C1,115,O=P1(C(NC2=CC=C(S(=O)(=O)NC3=NC=CS3)C=C2)C2=CC=C(O)C=C2)OC2=C(C=CC=C2)C2=C1C=CC=C2,2,NC1=CC=C(S(=O)(=O)C2=CC=C(N)C=C2)C=C1,34.36,150,3,180,3,0,0,0,0,0,0,0,0,0,0,0,0,0,0,0,0,,0,,0,,0
C1=CC(N(CC2CO2)CC2CO2)=CC=C1CC1=CC=C(N(CC2CO2)CC2CO2)C=C1,115,O=P1(C(NC2=CC=C(S(=O)(=O)NC3=NC=CS3)C=C2)C2=CC=C(O)C=C2)OC2=C(C=CC=C2)C2=C1C=CC=C2,4,NC1=CC=C(S(=O)(=O)C2=CC=C(N)C=C2)C=C1,33.65,150,3,180,3,0,0,0,0,0,0,0,0,0,0,0,0,0,0,0,0,,0,,0,,0
C1=CC(N(CC2CO2)CC2CO2)=CC=C1CC1=CC=C(N(CC2CO2)CC2CO2)C=C1,115,O=P1(C(NC2=CC=C(S(=O)(=O)NC3=NC=CS3)C=C2)C2=CC=C(O)C=C2)OC2=C(C=CC=C2)C2=C1C=CC=C2,6,NC1=CC=C(S(=O)(=O)C2=CC=C(N)C=C2)C=C1,32.95,150,3,180,3,0,0,0,0,0,0,0,0,0,0,0,0,0,0,0,0,,0,,0,,0
C1=CC(N(CC2CO2)CC2CO2)=CC=C1CC1=CC=C(N(CC2CO2)CC2CO2)C=C1,115,O=P1(C(NC2=CC=C(S(=O)(=O)NC3=NC=CS3)C=C2)C2=CC=C(O)C=C2)OC2=C(C=CC=C2)C2=C1C=CC=C2,0,NC1=CC=C(S(=O)(=O)C2=CC=C(N)C=C2)C=C1,34.40706585,150,3,180,3,0,0,0,0,0,0,0,0,0,0,0,0,0,0,0,0,,0,,0,,0
C1=CC(N(CC2CO2)CC2CO2)=CC=C1CC1=CC=C(N(CC2CO2)CC2CO2)C=C1,115,[H]P1(=O)OC2=C(C=CC=C2)C2=C1C=CC=C2,4,NC1=CC=C(S(=O)(=O)C2=CC=C(N)C=C2)C=C1,33.65,150,3,180,3,0,0,0,0,0,0,0,0,0,0,0,0,0,0,0,0,,0,,0,,0
CC(C)(C1=CC=C(OCC2CO2)C=C1)C1=CC=C(OCC2CO2)C=C1,190,O=P(C1=CC=CC=C1)(C2=CC=C(C=C2)CC3=CC=C(C=C3)C4=CC=C(C=C4)CC5=CC=C(C=C5)P(C6=CC=C(C=C6)CC7=CC=C(C=C7)C8=CC=C(C=C8)CC9=CC=C(C=C9)P(C%10=CC=CC=C%10)(C%11=CC=CC=C%11)=O)(C%12=CC=C(C=C%12)CC%13=CC=C(C=C%13)C%14=CC=C(C=C%14)C%15=CC=C(C=C%15)P(C%16=CC=CC=C%16)(C%17=CC=CC=C%17)=O)=O)C%18=CC=CC=C%18,1,CC12CC=CCC1C(=O)OC2=O,45.93,100,6,150,6,0,0,0,0,0,0,0,0,0,0,0,0,0,0,0,0,CCN(CC1=CC(CN(C)C)=CC(CN(C)C)=C1O)C,0.263991552,,0,,0
CC(C)(C1=CC=C(OCC2CO2)C=C1)C1=CC=C(OCC2CO2)C=C1,190,O=P(C1=CC=CC=C1)(C2=CC=C(C=C2)CC3=CC=C(C=C3)C4=CC=C(C=C4)CC5=CC=C(C=C5)P(C6=CC=C(C=C6)CC7=CC=C(C=C7)C8=CC=C(C=C8)CC9=CC=C(C=C9)P(C%10=CC=CC=C%10)(C%11=CC=CC=C%11)=O)(C%12=CC=C(C=C%12)CC%13=CC=C(C=C%13)C%14=CC=C(C=C%14)C%15=CC=C(C=C%15)P(C%16=CC=CC=C%16)(C%17=CC=CC=C%17)=O)=O)C%18=CC=CC=C%18,2.5,CC12CC=CCC1C(=O)OC2=O,45.23,100,6,150,6,0,0,0,0,0,0,0,0,0,0,0,0,0,0,0,0,CCN(CC1=CC(CN(C)C)=CC(CN(C)C)=C1O)C,0.259942813,,0,,0
CC(C)(C1=CC=C(OCC2CO2)C=C1)C1=CC=C(OCC2CO2)C=C1,190,O=P(C1=CC=CC=C1)(C2=CC=C(C=C2)CC3=CC=C(C=C3)C4=CC=C(C=C4)CC5=CC=C(C=C5)P(C6=CC=C(C=C6)CC7=CC=C(C=C7)C8=CC=C(C=C8)CC9=CC=C(C=C9)P(C%10=CC=CC=C%10)(C%11=CC=CC=C%11)=O)(C%12=CC=C(C=C%12)CC%13=CC=C(C=C%13)C%14=CC=C(C=C%14)C%15=CC=C(C=C%15)P(C%16=CC=CC=C%16)(C%17=CC=CC=C%17)=O)=O)C%18=CC=CC=C%18,5,CC12CC=CCC1C(=O)OC2=O,44.08,100,6,150,6,0,0,0,0,0,0,0,0,0,0,0,0,0,0,0,0,CCN(CC1=CC(CN(C)C)=CC(CN(C)C)=C1O)C,0.253331307,,0,,0
CC(C)(C1=CC=C(OCC2CO2)C=C1)C1=CC=C(OCC2CO2)C=C1,190,O=P(C1=CC=CC=C1)(C2=CC=C(C=C2)CC3=CC=C(C=C3)CC4=CC=C(C=C4)P(C5=CC=C(C=C5)CC6=CC=C(C=C6)CC7=CC=C(C=C7)P(C8=CC=CC=C8)(C9=CC=CC=C9)=O)(C%10=CC=C(C=C%10)CC%11=CC=C(C=C%11)CC%12=CC=C(C=C%12)P(C%13=CC=CC=C%13)(C%14=CC=CC=C%14)=O)=O)C%15=CC=CC=C%15,1,CC12CC=CCC1C(=O)OC2=O,45.93,100,6,150,6,0,0,0,0,0,0,0,0,0,0,0,0,0,0,0,0,CCN(CC1=CC(CN(C)C)=CC(CN(C)C)=C1O)C,0.263991552,,0,,0
CC(C)(C1=CC=C(OCC2CO2)C=C1)C1=CC=C(OCC2CO2)C=C1,190,O=P(C1=CC=CC=C1)(C2=CC=C(C=C2)CC3=CC=C(C=C3)CC4=CC=C(C=C4)P(C5=CC=C(C=C5)CC6=CC=C(C=C6)CC7=CC=C(C=C7)P(C8=CC=CC=C8)(C9=CC=CC=C9)=O)(C%10=CC=C(C=C%10)CC%11=CC=C(C=C%11)CC%12=CC=C(C=C%12)P(C%13=CC=CC=C%13)(C%14=CC=CC=C%14)=O)=O)C%15=CC=CC=C%15,2.5,CC12CC=CCC1C(=O)OC2=O,45.23,100,6,150,6,0,0,0,0,0,0,0,0,0,0,0,0,0,0,0,0,CCN(CC1=CC(CN(C)C)=CC(CN(C)C)=C1O)C,0.259942813,,0,,0
CC(C)(C1=CC=C(OCC2CO2)C=C1)C1=CC=C(OCC2CO2)C=C1,190,O=P(C1=CC=CC=C1)(C2=CC=C(C=C2)CC3=CC=C(C=C3)CC4=CC=C(C=C4)P(C5=CC=C(C=C5)CC6=CC=C(C=C6)CC7=CC=C(C=C7)P(C8=CC=CC=C8)(C9=CC=CC=C9)=O)(C%10=CC=C(C=C%10)CC%11=CC=C(C=C%11)CC%12=CC=C(C=C%12)P(C%13=CC=CC=C%13)(C%14=CC=CC=C%14)=O)=O)C%15=CC=CC=C%15,5,CC12CC=CCC1C(=O)OC2=O,44.08,100,6,150,6,0,0,0,0,0,0,0,0,0,0,0,0,0,0,0,0,CCN(CC1=CC(CN(C)C)=CC(CN(C)C)=C1O)C,0.253331307,,0,,0
CC(C)(C1=CC=C(OCC2CO2)C=C1)C1=CC=C(OCC2CO2)C=C1,190,O=P(C1=CC=CC=C1)(C2=CC=C(C=C2)CC3=CC=C(C=C3)CC4=CC=C(C=C4)P(C5=CC=C(C=C5)CC6=CC=C(C=C6)CC7=CC=C(C=C7)P(C8=CC=CC=C8)(C9=CC=CC=C9)=O)(C%10=CC=C(C=C%10)CC%11=CC=C(C=C%11)CC%12=CC=C(C=C%12)P(C%13=CC=CC=C%13)(C%14=CC=CC=C%14)=O)=O)C%15=CC=CC=C%15,0,CC12CC=CCC1C(=O)OC2=O,46.4,100,6,150,6,0,0,0,0,0,0,0,0,0,0,0,0,0,0,0,0,CCN(CC1=CC(CN(C)C)=CC(CN(C)C)=C1O)C,0.266666667,,0,,0
CC(C)(C1=CC=C(OCC2CO2)C=C1)C1=CC=C(OCC2CO2)C=C1,196,COC1=CC(C(O)P2(=O)OC3=C(C=CC=C3)C3=C2C=CC=C3)=CC=C1OC1=NC(OC2=CC=C(C(O)P3(=O)OC4=C(C=CC=C4)C4=C3C=CC=C4)C=C2OC)=NC(OC2=C(OC)C=C(C(O)P3(=O)OC4=C(C=CC=C4)C4=C3C=CC=C4)C=C2)=N1,2.5,NC1=CC=C(CC2=CC=C(N)C=C2)C=C1,19.67,80,2,110,1,150,2,180,2,0,0,0,0,0,0,0,0,0,0,0,0,,0,,0,,0
CC(C)(C1=CC=C(OCC2CO2)C=C1)C1=CC=C(OCC2CO2)C=C1,196,COC1=CC(C(O)P2(=O)OC3=C(C=CC=C3)C3=C2C=CC=C3)=CC=C1OC1=NC(OC2=CC=C(C(O)P3(=O)OC4=C(C=CC=C4)C4=C3C=CC=C4)C=C2OC)=NC(OC2=C(OC)C=C(C(O)P3(=O)OC4=C(C=CC=C4)C4=C3C=CC=C4)C=C2)=N1,5,NC1=CC=C(CC2=CC=C(N)C=C2)C=C1,19.16,80,2,110,1,150,2,180,2,0,0,0,0,0,0,0,0,0,0,0,0,,0,,0,,0
CC(C)(C1=CC=C(OCC2CO2)C=C1)C1=CC=C(OCC2CO2)C=C1,196,COC1=CC(C(O)P2(=O)OC3=C(C=CC=C3)C3=C2C=CC=C3)=CC=C1OC1=NC(OC2=CC=C(C(O)P3(=O)OC4=C(C=CC=C4)C4=C3C=CC=C4)C=C2OC)=NC(OC2=C(OC)C=C(C(O)P3(=O)OC4=C(C=CC=C4)C4=C3C=CC=C4)C=C2)=N1,7.5,NC1=CC=C(CC2=CC=C(N)C=C2)C=C1,18.66,80,2,110,1,150,2,180,2,0,0,0,0,0,0,0,0,0,0,0,0,,0,,0,,0
CC(C)(C1=CC=C(OCC2CO2)C=C1)C1=CC=C(OCC2CO2)C=C1,196,COC1=CC(C(O)P2(=O)OC3=C(C=CC=C3)C3=C2C=CC=C3)=CC=C1OC1=NC(OC2=CC=C(C(O)P3(=O)OC4=C(C=CC=C4)C4=C3C=CC=C4)C=C2OC)=NC(OC2=C(OC)C=C(C(O)P3(=O)OC4=C(C=CC=C4)C4=C3C=CC=C4)C=C2)=N1,0,NC1=CC=C(CC2=CC=C(N)C=C2)C=C1,20.17,80,2,110,1,150,2,180,2,0,0,0,0,0,0,0,0,0,0,0,0,,0,,0,,0
CC(C)(C1=CC=C(OCC2CO2)C=C1)C1=CC=C(OCC2CO2)C=C1,196,[H]P1(=O)OC2=C(C=CC=C2)C2=C1C=CC=C2,5,NC1=CC=C(CC2=CC=C(N)C=C2)C=C1,19.16,80,2,110,1,150,2,180,2,0,0,0,0,0,0,0,0,0,0,0,0,,0,,0,,0
CC(C)(C1=CC=C(OCC2CO2)C=C1)C1=CC=C(OCC2CO2)C=C1,196,COC1OC(CO)C(OC2OC(CO)C(C)C(O)C2/N=C\CC(C3=CC=CC=C3)P4(OC5=CC=CC=C5C6=CC=CC=C64)=O)C(O)C1/N=C/CC(C7=CC=CC=C7)P8(OC9=C(C=CC=C9)C%10=C8C=CC=C%10)=O,6,NC1=CC=C(CC2=CC=C(N)C=C2)C=C1,19.4,100,2,150,3,0,0,0,0,0,0,0,0,0,0,0,0,0,0,0,0,,0,,0,,0
CC(C)(C1=CC=C(OCC2CO2)C=C1)C1=CC=C(OCC2CO2)C=C1,196,COC1OC(CO)C(OC2OC(CO)C(C)C(O)C2/N=C\CC(C3=CC=CC=C3)P4(OC5=CC=CC=C5C6=CC=CC=C64)=O)C(O)C1/N=C/CC(C7=CC=CC=C7)P8(OC9=C(C=CC=C9)C%10=C8C=CC=C%11)=O,8,NC1=CC=C(CC2=CC=C(N)C=C2)C=C1,18.98,100,2,150,3,0,0,0,0,0,0,0,0,0,0,0,0,0,0,0,0,,0,,0,,0
CC(C)(C1=CC=C(OCC2CO2)C=C1)C1=CC=C(OCC2CO2)C=C1,196,COC1OC(CO)C(OC2OC(CO)C(C)C(O)C2/N=C\CC(C3=CC=CC=C3)P4(OC5=CC=CC=C5C6=CC=CC=C64)=O)C(O)C1/N=C/CC(C7=CC=CC=C7)P8(OC9=C(C=CC=C9)C%10=C8C=CC=C%12)=O,10,NC1=CC=C(CC2=CC=C(N)C=C2)C=C1,18.57,100,2,150,3,0,0,0,0,0,0,0,0,0,0,0,0,0,0,0,0,,0,,0,,0
CC(C)(C1=CC=C(OCC2CO2)C=C1)C1=CC=C(OCC2CO2)C=C1,196,COC1OC(CO)C(OC2OC(CO)C(C)C(O)C2/N=C\CC(C3=CC=CC=C3)P4(OC5=CC=CC=C5C6=CC=CC=C64)=O)C(O)C1/N=C/CC(C7=CC=CC=C7)P8(OC9=C(C=CC=C9)C%10=C8C=CC=C%13)=O,0,NC1=CC=C(CC2=CC=C(N)C=C2)C=C1,20.63492063,100,2,150,3,0,0,0,0,0,0,0,0,0,0,0,0,0,0,0,0,,0,,0,,0
CC(C)(C1=CC=C(OCC2CO2)C=C1)C1=CC=C(OCC2CO2)C=C1,196,NC1=CC=C(NC(C2=CC=C(OP(=O)(OC3=CC=C(C(NC4=CC=C(N)C=C4)P4(=O)OC5=C(C=CC=C5)C5=C4C=CC=C5)C=C3)C3=CC=CC=C3)C=C2)P2(=O)OC3=C(C=CC=C3)C3=C2C=CC=C3)C=C1,1,NC1=CC=C(CC2=CC=C(N)C=C2)C=C1,19.64,100,2,130,3,0,0,0,0,0,0,0,0,0,0,0,0,0,0,0,0,,0,,0,,0
CC(C)(C1=CC=C(OCC2CO2)C=C1)C1=CC=C(OCC2CO2)C=C1,196,NC1=CC=C(NC(C2=CC=C(OP(=O)(OC3=CC=C(C(NC4=CC=C(N)C=C4)P4(=O)OC5=C(C=CC=C5)C5=C4C=CC=C5)C=C3)C3=CC=CC=C3)C=C2)P2(=O)OC3=C(C=CC=C3)C3=C2C=CC=C3)C=C1,2,NC1=CC=C(CC2=CC=C(N)C=C2)C=C1,19.13,100,2,130,3,0,0,0,0,0,0,0,0,0,0,0,0,0,0,0,0,,0,,0,,0
CC(C)(C1=CC=C(OCC2CO2)C=C1)C1=CC=C(OCC2CO2)C=C1,196,NC1=CC=C(NC(C2=CC=C(OP(=O)(OC3=CC=C(C(NC4=CC=C(N)C=C4)P4(=O)OC5=C(C=CC=C5)C5=C4C=CC=C5)C=C3)C3=CC=CC=C3)C=C2)P2(=O)OC3=C(C=CC=C3)C3=C2C=CC=C3)C=C1,3,NC1=CC=C(CC2=CC=C(N)C=C2)C=C1,18.77,100,2,130,3,0,0,0,0,0,0,0,0,0,0,0,0,0,0,0,0,,0,,0,,0
CC(C)(C1=CC=C(OCC2CO2)C=C1)C1=CC=C(OCC2CO2)C=C1,196,NC1=CC=C(NC(C2=CC=C(OP(=O)(OC3=CC=C(C(NC4=CC=C(N)C=C4)P4(=O)OC5=C(C=CC=C5)C5=C4C=CC=C5)C=C3)C3=CC=CC=C3)C=C2)P2(=O)OC3=C(C=CC=C3)C3=C2C=CC=C3)C=C1,0,NC1=CC=C(CC2=CC=C(N)C=C2)C=C1,20,100,2,130,3,0,0,0,0,0,0,0,0,0,0,0,0,0,0,0,0,,0,,0,,0
CC(C)(C1=CC=C(OCC2CO2)C=C1)C1=CC=C(OCC2CO2)C=C1,185,NC(=O)CCP1(=O)OC2=C(C=CC=C2)C2=C1C=CC=C2,17,CC1(C)CC(N)CC(C)(CN)C1,16.5,40,3,150,2,0,0,0,0,0,0,0,0,0,0,0,0,0,0,0,0,,0,,0,,0
CC(C)(C1=CC=C(OCC2CO2)C=C1)C1=CC=C(OCC2CO2)C=C1,185,NC(=O)CCP1(=O)OC2=C(C=CC=C2)C2=C1C=CC=C2,23,CC1(C)CC(N)CC(C)(CN)C1,15.2,40,3,150,2,0,0,0,0,0,0,0,0,0,0,0,0,0,0,0,0,,0,,0,,0
CC(C)(C1=CC=C(OCC2CO2)C=C1)C1=CC=C(OCC2CO2)C=C1,185,NC(=O)CCP1(=O)OC2=C(C=CC=C2)C2=C1C=CC=C2,0,CC1(C)CC(N)CC(C)(CN)C1,19.9,40,3,150,2,0,0,0,0,0,0,0,0,0,0,0,0,0,0,0,0,,0,,0,,0
CC(C)(C1=CC=C(OCC2CO2)C=C1)C1=CC=C(OCC2CO2)C=C1,185,NC1=NC(N)=NC(N)=N1,9.4,CC1(C)CC(N)CC(C)(CN)C1,18,40,3,150,2,0,0,0,0,0,0,0,0,0,0,0,0,0,0,0,0,,0,,0,,0
CC(C)(C1=CC=C(OCC2CO2)C=C1)C1=CC=C(OCC2CO2)C=C1,185,NC(=O)CCP1(=O)OC2=C(C=CC=C2)C2=C1C=CC=C2,21.70583575,CC1(C)CC(N)CC(C)(CN)C1,14.2,40,3,150,2,0,0,0,0,0,0,0,0,0,0,0,0,0,0,0,0,NC1=NC(N)=NC(N)=N1,7.235278585,,0,,0
CC(C)(C1=CC=C(OCC2CO2)C=C1)C1=CC=C(OCC2CO2)C=C1,185,CCO[Si](OC)(OC)OCC,4.9,CC1(C)CC(N)CC(C)(CN)C1,18.9,40,3,150,2,0,0,0,0,0,0,0,0,0,0,0,0,0,0,0,0,NCCCP(=O)(O)O,2.6,,0,,0
CC(C)(C1=CC=C(OCC2CO2)C=C1)C1=CC=C(OCC2CO2)C=C1,185,NC(=O)CCP1(=O)OC2=C(C=CC=C2)C2=C1C=CC=C2,23.5,CC1(C)CC(N)CC(C)(CN)C1,15.2,40,3,150,2,0,0,0,0,0,0,0,0,0,0,0,0,0,0,0,0,CCO[Si](OC)(OC)OCC,4,NCCCP(=O)(O)O,2.1,,0
CC(C)(C1=CC=C(OCC2CO2)C=C1)C1=CC=C(OCC2CO2)C=C1,185,CCO[Si](OC)(OC)OCC,4.9,CC1(C)CC(N)CC(C)(CN)C1,18,40,3,150,2,0,0,0,0,0,0,0,0,0,0,0,0,0,0,0,0,NCCCP(=O)(O)O,2.6,NC1=NC(N)=NC(N)=N1,9.4,,0
CC(C)(C1=CC=C(OCC2CO2)C=C1)C1=CC=C(OCC2CO2)C=C1,185,NC(=O)CCP1(=O)OC2=C(C=CC=C2)C2=C1C=CC=C2,17,CC1(C)CC(N)CC(C)(CN)C1,16.5,40,3,150,2,0,0,0,0,0,0,0,0,0,0,0,0,0,0,0,0,CCO[Si](OC)(OC)OCC,4.3,NCCCP(=O)(O)O,2.2,NC1=NC(N)=NC(N)=N1,5.6
CC(C)(C1=CC=C(OCC2CO2)C=C1)C1=CC=C(OCC2CO2)C=C1,185,NC(=O)CCP1(=O)OC2=C(C=CC=C2)C2=C1C=CC=C2,32.5,CC1(C)CC(N)CC(C)(CN)C1,15.2,40,3,150,2,0,0,0,0,0,0,0,0,0,0,0,0,0,0,0,0,CCO[Si](OC)(OC)OCC,4,NCCCP(=O)(O)O,2.1,NC1=NC(N)=NC(N)=N1,9.4
CC(C)(C1=CC=C(OCC2CO2)C=C1)C1=CC=C(OCC2CO2)C=C1,185,O=P(NCCCN1C=CN=C1)(C1=CC=CC=C1)C1=CC=CC=C1,6.5,O=P(NCCCN1C=CN=C1)(C1=CC=CC=C1)C1=CC=CC=C1,6.5,80,2,130,2,130,3,200,2,0,0,0,0,0,0,0,0,0,0,0,0,,0,,0,,0
CC(C)(C1=CC=C(OCC2CO2)C=C1)C1=CC=C(OCC2CO2)C=C1,185,O=P(NCCCN1C=CN=C1)(C1=CC=CC=C1)C1=CC=CC=C1,9.1,O=P(NCCCN1C=CN=C1)(C1=CC=CC=C1)C1=CC=CC=C1,9.1,80,2,130,2,130,3,200,2,0,0,0,0,0,0,0,0,0,0,0,0,,0,,0,,0
CC(C)(C1=CC=C(OCC2CO2)C=C1)C1=CC=C(OCC2CO2)C=C1,185,O=P(NCCCN1C=CN=C1)(C1=CC=CC=C1)C1=CC=CC=C1,11.5,O=P(NCCCN1C=CN=C1)(C1=CC=CC=C1)C1=CC=CC=C1,11.5,80,2,130,2,130,3,200,2,0,0,0,0,0,0,0,0,0,0,0,0,,0,,0,,0
CC(C)(C1=CC=C(OCC2CO2)C=C1)C1=CC=C(OCC2CO2)C=C1,185,O=P(NCCCN1C=CN=C1)(C1=CC=CC=C1)C1=CC=CC=C1,13.8,O=P(NCCCN1C=CN=C1)(C1=CC=CC=C1)C1=CC=CC=C1,13.8,80,2,130,2,130,3,200,2,0,0,0,0,0,0,0,0,0,0,0,0,,0,,0,,0
CC(C)(C1=CC=C(OCC2CO2)C=C1)C1=CC=C(OCC2CO2)C=C1,185,O=P(NCCCN1C=CN=C1)(C1=CC=CC=C1)C1=CC=CC=C1,0,NCCCN1C=CN=C1,5.660377358,80,2,130,2,130,3,200,2,0,0,0,0,0,0,0,0,0,0,0,0,,0,,0,,0
CC(C)(C1=CC=C(OCC2CO2)C=C1)C1=CC=C(OCC2CO2)C=C1,185,O=P(OC1=CC=C(C(O)P2(=O)OC3=C(C=CC=C3)C3=CC=CC=C32)C=C1)(OC1=CC=C(C(O)P2(=O)OC3=CC=CC=C3C3=C2C=CC=C3)C=C1)C1=CC=CC=C1,8.6,NC1=CC=C(S(=O)(=O)C2=CC=C(N)C=C2)C=C1,21.85,160,2,180,5,0,0,0,0,0,0,0,0,0,0,0,0,0,0,0,0,,0,,0,,0
CC(C)(C1=CC=C(OCC2CO2)C=C1)C1=CC=C(OCC2CO2)C=C1,185,[H]P1(=O)OC2=C(C=CC=C2)C2=C1C=CC=C2,7.142857143,NC1=CC=C(S(=O)(=O)C2=CC=C(N)C=C2)C=C1,21.42857143,160,2,180,5,0,0,0,0,0,0,0,0,0,0,0,0,0,0,0,0,,0,,0,,0
CC(C)(C1=CC=C(OCC2CO2)C=C1)C1=CC=C(OCC2CO2)C=C1,185,O=P(OC1=CC=C(C(NC2=NC3=C(C=CC=C3)S2)P2(O)OC3=CC=CC=C3C3=C2C=CC=C3)C=C1)(OC1=CC=C(C(NC2=NC3=CC=CC=C3S2)P2(=O)OC3=C(C=CC=C3)C3=CC=CC=C32)C=C1)C1=CC=CC=C1,2.9,NC1=CC=C(S(=O)(=O)C2=CC=C(N)C=C2)C=C1,23.77,160,2,180,5,0,0,0,0,0,0,0,0,0,0,0,0,0,0,0,0,,0,,0,,0
CC(C)(C1=CC=C(OCC2CO2)C=C1)C1=CC=C(OCC2CO2)C=C1,185,O=P(OC1=CC=C(C(NC2=NC3=C(C=CC=C3)S2)P2(O)OC3=CC=CC=C3C3=C2C=CC=C3)C=C1)(OC1=CC=C(C(NC2=NC3=CC=CC=C3S2)P2(=O)OC3=C(C=CC=C3)C3=CC=CC=C32)C=C1)C1=CC=CC=C1,5.7,NC1=CC=C(S(=O)(=O)C2=CC=C(N)C=C2)C=C1,22.8,160,2,180,5,0,0,0,0,0,0,0,0,0,0,0,0,0,0,0,0,,0,,0,,0
CC(C)(C1=CC=C(OCC2CO2)C=C1)C1=CC=C(OCC2CO2)C=C1,185,O=P(OC1=CC=C(C(NC2=NC3=C(C=CC=C3)S2)P2(O)OC3=CC=CC=C3C3=C2C=CC=C3)C=C1)(OC1=CC=C(C(NC2=NC3=CC=CC=C3S2)P2(=O)OC3=C(C=CC=C3)C3=CC=CC=C32)C=C1)C1=CC=CC=C1,8.6,NC1=CC=C(S(=O)(=O)C2=CC=C(N)C=C2)C=C1,21.85,160,2,180,5,0,0,0,0,0,0,0,0,0,0,0,0,0,0,0,0,,0,,0,,0
CC(C)(C1=CC=C(OCC2CO2)C=C1)C1=CC=C(OCC2CO2)C=C1,185,O=P(OC1=CC=C(C(NC2=NC3=C(C=CC=C3)S2)P2(O)OC3=CC=CC=C3C3=C2C=CC=C3)C=C1)(OC1=CC=C(C(NC2=NC3=CC=CC=C3S2)P2(=O)OC3=C(C=CC=C3)C3=CC=CC=C32)C=C1)C1=CC=CC=C1,11.4,NC1=CC=C(S(=O)(=O)C2=CC=C(N)C=C2)C=C1,20.91,160,2,180,5,0,0,0,0,0,0,0,0,0,0,0,0,0,0,0,0,,0,,0,,0
CC(C)(C1=CC=C(OCC2CO2)C=C1)C1=CC=C(OCC2CO2)C=C1,185,O=P(OC1=CC=C(C(NC2=NC3=C(C=CC=C3)S2)P2(O)OC3=CC=CC=C3C3=C2C=CC=C3)C=C1)(OC1=CC=C(C(NC2=NC3=CC=CC=C3S2)P2(=O)OC3=C(C=CC=C3)C3=CC=CC=C32)C=C1)C1=CC=CC=C1,0,NC1=CC=C(S(=O)(=O)C2=CC=C(N)C=C2)C=C1,24.81203008,160,2,180,5,0,0,0,0,0,0,0,0,0,0,0,0,0,0,0,0,,0,,0,,0
C1=CC(N(CC2CO2)CC2CO2)=CC=C1CC1=CC=C(N(CC2CO2)CC2CO2)C=C1,117,O=P([O-])(C1=CC=CC=C1)C2=CC=CC=C2.N3C=[NH+]C=C3,5,O=P([O-])(C1=CC=CC=C1)C2=CC=CC=C2.N3C=[NH+]C=C3,5,120,4,180,4,0,0,0,0,0,0,0,0,0,0,0,0,0,0,0,0,,0,,0,,0
C1=CC(N(CC2CO2)CC2CO2)=CC=C1CC1=CC=C(N(CC2CO2)CC2CO2)C=C1,117,O=P([O-])(C1=CC=CC=C1)C2=CC=CC=C2.N3C=[NH+]C=C3,10,O=P([O-])(C1=CC=CC=C1)C2=CC=CC=C2.N3C=[NH+]C=C3,10,120,4,180,4,0,0,0,0,0,0,0,0,0,0,0,0,0,0,0,0,,0,,0,,0
C1=CC(N(CC2CO2)CC2CO2)=CC=C1CC1=CC=C(N(CC2CO2)CC2CO2)C=C1,117,O=P([O-])(C1=CC=CC=C1)C2=CC=CC=C2.N3C=[NH+]C=C3,15,O=P([O-])(C1=CC=CC=C1)C2=CC=CC=C2.N3C=[NH+]C=C3,15,120,4,180,4,0,0,0,0,0,0,0,0,0,0,0,0,0,0,0,0,,0,,0,,0
C1=CC(N(CC2CO2)CC2CO2)=CC=C1CC1=CC=C(N(CC2CO2)CC2CO2)C=C1,117,O=P([O-])(C1=CC=CC=C1)C2=CC=CC=C2.N3C=[NH+]C=C3,0,C1=CNC=N1,5,70,4,140,4,0,0,0,0,0,0,0,0,0,0,0,0,0,0,0,0,,0,,0,,0
C1=CC(N(CC2CO2)CC2CO2)=CC=C1CC1=CC=C(N(CC2CO2)CC2CO2)C=C1,117,O=P([O-])(C1=CC=CC=C1)C2=CC=CC=C2.N3C=[NH+]C=C3,0,CC1=NC=CN1,7.5,70,4,140,4,0,0,0,0,0,0,0,0,0,0,0,0,0,0,0,0,,0,,0,,0
CC(C)(C1=CC=C(OCC2CO2)C=C1)C1=CC=C(OCC2CO2)C=C1,227,O=P1(NC2=NNC=N2)OC2=C(C=CC=C2)C2=C1C=CC=C2,2.5,NC1=CC=C(CC2=CC=C(N)C=C2)C=C1,19.5,100,3,150,2,0,0,0,0,0,0,0,0,0,0,0,0,0,0,0,0,,0,,0,,0
CC(C)(C1=CC=C(OCC2CO2)C=C1)C1=CC=C(OCC2CO2)C=C1,227,O=P1(NC2=NNC=N2)OC2=C(C=CC=C2)C2=C1C=CC=C2,5,NC1=CC=C(CC2=CC=C(N)C=C2)C=C1,19,100,3,150,2,0,0,0,0,0,0,0,0,0,0,0,0,0,0,0,0,,0,,0,,0
CC(C)(C1=CC=C(OCC2CO2)C=C1)C1=CC=C(OCC2CO2)C=C1,227,O=P1(NC2=NNC=N2)OC2=C(C=CC=C2)C2=C1C=CC=C2,7.5,NC1=CC=C(CC2=CC=C(N)C=C2)C=C1,18.5,100,3,150,2,0,0,0,0,0,0,0,0,0,0,0,0,0,0,0,0,,0,,0,,0
CC(C)(C1=CC=C(OCC2CO2)C=C1)C1=CC=C(OCC2CO2)C=C1,227,O=P1(NC2=NNC=N2)OC2=C(C=CC=C2)C2=C1C=CC=C2,0,NC1=CC=C(CC2=CC=C(N)C=C2)C=C1,25,100,3,150,2,0,0,0,0,0,0,0,0,0,0,0,0,0,0,0,0,,0,,0,,0
CC(C)(C1=CC=C(OCC2CO2)C=C1)C1=CC=C(OCC2CO2)C=C1,227,COC1=CC=C(C(NC2=CC=C(S(=O)(=O)C3=CC=C(NC(C4=CC(OC)=C(O[Si](OC5=CC=C(CO)C=C5OC)(C5=CC=CC=C5)C5=CC=CC=C5)C=C4)P4(=O)OC5=C(C=CC=C5)C5=C4C=CC=C5)C=C3)C=C2)P2(=O)OC3=CC=CC=C3C3=C2C=CC=C3)C=C1OC,2.5,NC1=CC=C(CC2=CC=C(N)C=C2)C=C1,19.5,120,2,150,2,0,0,0,0,0,0,0,0,0,0,0,0,0,0,0,0,,0,,0,,0
CC(C)(C1=CC=C(OCC2CO2)C=C1)C1=CC=C(OCC2CO2)C=C1,227,COC1=CC=C(C(NC2=CC=C(S(=O)(=O)C3=CC=C(NC(C4=CC(OC)=C(O[Si](OC5=CC=C(CO)C=C5OC)(C5=CC=CC=C5)C5=CC=CC=C5)C=C4)P4(=O)OC5=C(C=CC=C5)C5=C4C=CC=C5)C=C3)C=C2)P2(=O)OC3=CC=CC=C3C3=C2C=CC=C3)C=C1OC,5,NC1=CC=C(CC2=CC=C(N)C=C2)C=C1,19,120,2,150,2,0,0,0,0,0,0,0,0,0,0,0,0,0,0,0,0,,0,,0,,0
CC(C)(C1=CC=C(OCC2CO2)C=C1)C1=CC=C(OCC2CO2)C=C1,227,COC1=CC=C(C(NC2=CC=C(S(=O)(=O)C3=CC=C(NC(C4=CC(OC)=C(O[Si](OC5=CC=C(CO)C=C5OC)(C5=CC=CC=C5)C5=CC=CC=C5)C=C4)P4(=O)OC5=C(C=CC=C5)C5=C4C=CC=C5)C=C3)C=C2)P2(=O)OC3=CC=CC=C3C3=C2C=CC=C3)C=C1OC,7.5,NC1=CC=C(CC2=CC=C(N)C=C2)C=C1,18.5,120,2,150,2,0,0,0,0,0,0,0,0,0,0,0,0,0,0,0,0,,0,,0,,0
CC(C)(C1=CC=C(OCC2CO2)C=C1)C1=CC=C(OCC2CO2)C=C1,227,COC1=CC=C(C(NC2=CC=C(S(=O)(=O)C3=CC=C(NC(C4=CC(OC)=C(O[Si](OC5=CC=C(CO)C=C5OC)(C5=CC=CC=C5)C5=CC=CC=C5)C=C4)P4(=O)OC5=C(C=CC=C5)C5=C4C=CC=C5)C=C3)C=C2)P2(=O)OC3=CC=CC=C3C3=C2C=CC=C3)C=C1OC,10,NC1=CC=C(CC2=CC=C(N)C=C2)C=C1,18,120,2,150,2,0,0,0,0,0,0,0,0,0,0,0,0,0,0,0,0,,0,,0,,0
CC(C)(C1=CC=C(OCC2CO2)C=C1)C1=CC=C(OCC2CO2)C=C1,227,COC1=CC=C(C(NC2=CC=C(S(=O)(=O)C3=CC=C(NC(C4=CC(OC)=C(O[Si](OC5=CC=C(CO)C=C5OC)(C5=CC=CC=C5)C5=CC=CC=C5)C=C4)P4(=O)OC5=C(C=CC=C5)C5=C4C=CC=C5)C=C3)C=C2)P2(=O)OC3=CC=CC=C3C3=C2C=CC=C3)C=C1OC,0,NC1=CC=C(CC2=CC=C(N)C=C2)C=C1,20,120,2,150,2,0,0,0,0,0,0,0,0,0,0,0,0,0,0,0,0,,0,,0,,0
CC(C)(C1=CC=C(OCC2CO2)C=C1)C1=CC=C(OCC2CO2)C=C1,196,O=P1(C(NC2=NC3=CC=CC=C3S2)C2=CC=CS2)OC2=C(C=CC=C2)C2=C1C=CC=C2,7.5,NC1=CC=C(S(=O)(=O)C2=CC=C(N)C=C2)C=C1,22.21,150,3,180,3,210,2,0,0,0,0,0,0,0,0,0,0,0,0,0,0,,0,,0,,0
CC(C)(C1=CC=C(OCC2CO2)C=C1)C1=CC=C(OCC2CO2)C=C1,196,O=P1(C(NC2=NC3=CC=CC=C3S2)C2=CC=CS2)OC2=C(C=CC=C2)C2=C1C=CC=C2,10,NC1=CC=C(S(=O)(=O)C2=CC=C(N)C=C2)C=C1,21.61,150,3,180,3,210,2,0,0,0,0,0,0,0,0,0,0,0,0,0,0,,0,,0,,0
CC(C)(C1=CC=C(OCC2CO2)C=C1)C1=CC=C(OCC2CO2)C=C1,196,O=P1(C(NC2=NC3=CC=CC=C3S2)C2=CC=CS2)OC2=C(C=CC=C2)C2=C1C=CC=C2,12.5,NC1=CC=C(S(=O)(=O)C2=CC=C(N)C=C2)C=C1,21.01,150,3,180,3,210,2,0,0,0,0,0,0,0,0,0,0,0,0,0,0,,0,,0,,0
CC(C)(C1=CC=C(OCC2CO2)C=C1)C1=CC=C(OCC2CO2)C=C1,196,O=P1(C(NC2=NC3=CC=CC=C3S2)C2=CC=CS2)OC2=C(C=CC=C2)C2=C1C=CC=C2,0,NC1=CC=C(S(=O)(=O)C2=CC=C(N)C=C2)C=C1,24.01215805,150,3,180,3,210,2,0,0,0,0,0,0,0,0,0,0,0,0,0,0,,0,,0,,0
CC(C)(C1=CC=C(OCC2CO2)C=C1)C1=CC=C(OCC2CO2)C=C1,188,C1=CC2=C(C=C1)SC(NP1(NC3=NC4=C(C=CC=C4)S3)=NP(NC3=NC4=C(C=CC=C4)S3)(NC3=NC4=C(C=CC=C4)S3)=NP(NC3=NC4=C(C=CC=C4)S3)(NC3=NC4=C(C=CC=C4)S3)=N1)=N2,6.6,NC1=CC=C(S(=O)(=O)C2=CC=C(N)C=C2)C=C1,21.33,160,2,180,5,0,0,0,0,0,0,0,0,0,0,0,0,0,0,0,0,,0,,0,,0
CC(C)(C1=CC=C(OCC2CO2)C=C1)C1=CC=C(OCC2CO2)C=C1,188,C1=CC2=C(C=C1)SC(NP1(NC3=NC4=C(C=CC=C4)S3)=NP(NC3=NC4=C(C=CC=C4)S3)(NC3=NC4=C(C=CC=C4)S3)=NP(NC3=NC4=C(C=CC=C4)S3)(NC3=NC4=C(C=CC=C4)S3)=N1)=N2,9.9,NC1=CC=C(S(=O)(=O)C2=CC=C(N)C=C2)C=C1,19.59,160,2,180,5,0,0,0,0,0,0,0,0,0,0,0,0,0,0,0,0,,0,,0,,0
CC(C)(C1=CC=C(OCC2CO2)C=C1)C1=CC=C(OCC2CO2)C=C1,188,C1=CC2=C(C=C1)SC(NP1(NC3=NC4=C(C=CC=C4)S3)=NP(NC3=NC4=C(C=CC=C4)S3)(NC3=NC4=C(C=CC=C4)S3)=NP(NC3=NC4=C(C=CC=C4)S3)(NC3=NC4=C(C=CC=C4)S3)=N1)=N2,13.3,NC1=CC=C(S(=O)(=O)C2=CC=C(N)C=C2)C=C1,17.84,160,2,180,5,0,0,0,0,0,0,0,0,0,0,0,0,0,0,0,0,,0,,0,,0
CC(C)(C1=CC=C(OCC2CO2)C=C1)C1=CC=C(OCC2CO2)C=C1,188,C1=CC2=C(C=C1)SC(NP1(NC3=NC4=C(C=CC=C4)S3)=NP(NC3=NC4=C(C=CC=C4)S3)(NC3=NC4=C(C=CC=C4)S3)=NP(NC3=NC4=C(C=CC=C4)S3)(NC3=NC4=C(C=CC=C4)S3)=N1)=N2,0,NC1=CC=C(S(=O)(=O)C2=CC=C(N)C=C2)C=C1,24.81203008,160,2,180,5,0,0,0,0,0,0,0,0,0,0,0,0,0,0,0,0,,0,,0,,0
CC(C)(C1=CC=C(OCC2CO2)C=C1)C1=CC=C(OCC2CO2)C=C1,196,O=C(C)C(CP1(OC2=CC=CC=C2C3=CC=CC=C31)=O)CC(OCCCCCCOC4=CC=C(C=C4)C5=CC=C(C=C5)OCCCCCCO)=O,0.99,NC1=CC=C(CC2=CC=C(N)C=C2)C=C1,19.8,80,2,160,2,180,2,0,0,0,0,0,0,0,0,0,0,0,0,0,0,,0,,0,,0
CC(C)(C1=CC=C(OCC2CO2)C=C1)C1=CC=C(OCC2CO2)C=C1,196,O=C(C)C(CP1(OC2=CC=CC=C2C3=CC=CC=C31)=O)CC(OCCCCCCOC4=CC=C(C=C4)C5=CC=C(C=C5)OCCCCCCO)=O,2.44,NC1=CC=C(CC2=CC=C(N)C=C2)C=C1,19.51,80,2,160,2,180,2,0,0,0,0,0,0,0,0,0,0,0,0,0,0,,0,,0,,0
CC(C)(C1=CC=C(OCC2CO2)C=C1)C1=CC=C(OCC2CO2)C=C1,196,O=C(C)C(CP1(OC2=CC=CC=C2C3=CC=CC=C31)=O)CC(OCCCCCCOC4=CC=C(C=C4)C5=CC=C(C=C5)OCCCCCCO)=O,4.76,NC1=CC=C(CC2=CC=C(N)C=C2)C=C1,19.05,80,2,160,2,180,2,0,0,0,0,0,0,0,0,0,0,0,0,0,0,,0,,0,,0
CC(C)(C1=CC=C(OCC2CO2)C=C1)C1=CC=C(OCC2CO2)C=C1,196,O=C(C)C(CP1(OC2=CC=CC=C2C3=CC=CC=C31)=O)CC(OCCCCCCOC4=CC=C(C=C4)C5=CC=C(C=C5)OCCCCCCO)=O,9.09,NC1=CC=C(CC2=CC=C(N)C=C2)C=C1,18.18,80,2,160,2,180,2,0,0,0,0,0,0,0,0,0,0,0,0,0,0,,0,,0,,0
CC(C)(C1=CC=C(OCC2CO2)C=C1)C1=CC=C(OCC2CO2)C=C1,196,O=C(C)C(CP1(OC2=CC=CC=C2C3=CC=CC=C31)=O)CC(OCCCCCCOC4=CC=C(C=C4)C5=CC=C(C=C5)OCCCCCCO)=O,11.11,NC1=CC=C(CC2=CC=C(N)C=C2)C=C1,17.78,80,2,160,2,180,2,0,0,0,0,0,0,0,0,0,0,0,0,0,0,,0,,0,,0
CC(C)(C1=CC=C(OCC2CO2)C=C1)C1=CC=C(OCC2CO2)C=C1,196,O=C(C)C(CP1(OC2=CC=CC=C2C3=CC=CC=C31)=O)CC(OCCCCCCOC4=CC=C(C=C4)C5=CC=C(C=C5)OCCCCCCO)=O,0,NC1=CC=C(CC2=CC=C(N)C=C2)C=C1,20,80,2,160,2,180,2,0,0,0,0,0,0,0,0,0,0,0,0,0,0,,0,,0,,0
CC(C)(C1=CC=C(OCC2CO2)C=C1)C1=CC=C(OCC2CO2)C=C1,196,O=C(C(CP1(OC2=C(C3=C1C=CC=C3)C=CC=C2)=O)CC(N(CC(O)C)CC(O)C)=O)N(CC(C)O)CC(O)C,3.82,NC1=CC=C(CC2=CC=C(N)C=C2)C=C1,19.85,80,2,150,2,0,0,0,0,0,0,0,0,0,0,0,0,0,0,0,0,,0,,0,,0
CC(C)(C1=CC=C(OCC2CO2)C=C1)C1=CC=C(OCC2CO2)C=C1,196,O=C(C(CP1(OC2=C(C3=C1C=CC=C3)C=CC=C2)=O)CC(N(CC(O)C)CC(O)C)=O)N(CC(C)O)CC(O)C,7.35,NC1=CC=C(CC2=CC=C(N)C=C2)C=C1,19.12,80,2,150,2,0,0,0,0,0,0,0,0,0,0,0,0,0,0,0,0,,0,,0,,0
CC(C)(C1=CC=C(OCC2CO2)C=C1)C1=CC=C(OCC2CO2)C=C1,196,O=C(C(CP1(OC2=C(C3=C1C=CC=C3)C=CC=C2)=O)CC(N(CC(O)C)CC(O)C)=O)N(CC(C)O)CC(O)C,10.64,NC1=CC=C(CC2=CC=C(N)C=C2)C=C1,18.44,80,2,150,2,0,0,0,0,0,0,0,0,0,0,0,0,0,0,0,0,,0,,0,,0
CC(C)(C1=CC=C(OCC2CO2)C=C1)C1=CC=C(OCC2CO2)C=C1,196,O=C(C(CP1(OC2=C(C3=C1C=CC=C3)C=CC=C2)=O)CC(N(CC(O)C)CC(O)C)=O)N(CC(C)O)CC(O)C,13.7,NC1=CC=C(CC2=CC=C(N)C=C2)C=C1,17.81,80,2,150,2,0,0,0,0,0,0,0,0,0,0,0,0,0,0,0,0,,0,,0,,0
CC(C)(C1=CC=C(OCC2CO2)C=C1)C1=CC=C(OCC2CO2)C=C1,196,O=C(C(CP1(OC2=C(C3=C1C=CC=C3)C=CC=C2)=O)CC(N(CC(O)C)CC(O)C)=O)N(CC(C)O)CC(O)C,0,NC1=CC=C(CC2=CC=C(N)C=C2)C=C1,20.63492063,80,2,150,2,0,0,0,0,0,0,0,0,0,0,0,0,0,0,0,0,,0,,0,,0
CC(C)(C1=CC=C(OCC2CO2)C=C1)C1=CC=C(OCC2CO2)C=C1,196,C1(C2=NC=NC=N2)=CC=C(OP3(OC4=CC=C(C=C4)C5=NC=NC=N5)=NP(OC6=CC=C(C=C6)C7=NC=NC=N7)(OC8=CC=CC(C9=NC=NC=N9)=C8)=NP(OC%10=CC=C(C=C%10)C%11=NC=NC=N%11)(OC%12=CC=CC(C%13=NC=NC=N%13)=C%12)=N3)C=C1,4,NC1=CC=C(CC2=CC=C(N)C=C2)C=C1,19.65,110,2,150,2,0,0,0,0,0,0,0,0,0,0,0,0,0,0,0,0,,0,,0,,0
CC(C)(C1=CC=C(OCC2CO2)C=C1)C1=CC=C(OCC2CO2)C=C1,196,C1(C2=NC=NC=N2)=CC=C(OP3(OC4=CC=C(C=C4)C5=NC=NC=N5)=NP(OC6=CC=C(C=C6)C7=NC=NC=N7)(OC8=CC=CC(C9=NC=NC=N9)=C8)=NP(OC%10=CC=C(C=C%10)C%11=NC=NC=N%11)(OC%12=CC=CC(C%13=NC=NC=N%13)=C%12)=N3)C=C1,6,NC1=CC=C(CC2=CC=C(N)C=C2)C=C1,19.24,110,2,150,2,0,0,0,0,0,0,0,0,0,0,0,0,0,0,0,0,,0,,0,,0
CC(C)(C1=CC=C(OCC2CO2)C=C1)C1=CC=C(OCC2CO2)C=C1,196,C1(C2=NC=NC=N2)=CC=C(OP3(OC4=CC=C(C=C4)C5=NC=NC=N5)=NP(OC6=CC=C(C=C6)C7=NC=NC=N7)(OC8=CC=CC(C9=NC=NC=N9)=C8)=NP(OC%10=CC=C(C=C%10)C%11=NC=NC=N%11)(OC%12=CC=CC(C%13=NC=NC=N%13)=C%12)=N3)C=C1,8,NC1=CC=C(CC2=CC=C(N)C=C2)C=C1,18.83,110,2,150,2,0,0,0,0,0,0,0,0,0,0,0,0,0,0,0,0,,0,,0,,0
CC(C)(C1=CC=C(OCC2CO2)C=C1)C1=CC=C(OCC2CO2)C=C1,196,C1(C2=NC=NC=N2)=CC=C(OP3(OC4=CC=C(C=C4)C5=NC=NC=N5)=NP(OC6=CC=C(C=C6)C7=NC=NC=N7)(OC8=CC=CC(C9=NC=NC=N9)=C8)=NP(OC%10=CC=C(C=C%10)C%11=NC=NC=N%11)(OC%12=CC=CC(C%13=NC=NC=N%13)=C%12)=N3)C=C1,0,NC1=CC=C(CC2=CC=C(N)C=C2)C=C1,20.47081279,110,2,150,2,0,0,0,0,0,0,0,0,0,0,0,0,0,0,0,0,,0,,0,,0
CC(C)(C1=CC=C(OCC2CO2)C=C1)C1=CC=C(OCC2CO2)C=C1,227,OB(O)C1=CC=C(OC2=NC(OC3=CC=C(B(O)O)C=C3)=NC(OC3=CC=C(B(O)O)C=C3)=N2)C=C1,1,NC1=CC=C(CC2=CC=C(N)C=C2)C=C1,45,80,2,120,2,150,2,0,0,0,0,0,0,0,0,0,0,0,0,0,0,,0,,0,,0
CC(C)(C1=CC=C(OCC2CO2)C=C1)C1=CC=C(OCC2CO2)C=C1,227,OB(O)C1=CC=C(OC2=NC(OC3=CC=C(B(O)O)C=C3)=NC(OC3=CC=C(B(O)O)C=C3)=N2)C=C1,5,NC1=CC=C(CC2=CC=C(N)C=C2)C=C1,43.18181818,80,2,120,2,150,2,0,0,0,0,0,0,0,0,0,0,0,0,0,0,,0,,0,,0
CC(C)(C1=CC=C(OCC2CO2)C=C1)C1=CC=C(OCC2CO2)C=C1,227,OB(O)C1=CC=C(OC2=NC(OC3=CC=C(B(O)O)C=C3)=NC(OC3=CC=C(B(O)O)C=C3)=N2)C=C1,10,NC1=CC=C(CC2=CC=C(N)C=C2)C=C1,40.90909091,80,2,120,2,150,2,0,0,0,0,0,0,0,0,0,0,0,0,0,0,,0,,0,,0
CC(C)(C1=CC=C(OCC2CO2)C=C1)C1=CC=C(OCC2CO2)C=C1,227,OB(O)C1=CC=C(OC2=NC(OC3=CC=C(B(O)O)C=C3)=NC(OC3=CC=C(B(O)O)C=C3)=N2)C=C1,15,NC1=CC=C(CC2=CC=C(N)C=C2)C=C1,38.63636364,80,2,120,2,150,2,0,0,0,0,0,0,0,0,0,0,0,0,0,0,,0,,0,,0
CC(C)(C1=CC=C(OCC2CO2)C=C1)C1=CC=C(OCC2CO2)C=C1,227,OB(O)C1=CC=C(OC2=NC(OC3=CC=C(B(O)O)C=C3)=NC(OC3=CC=C(B(O)O)C=C3)=N2)C=C1,20,NC1=CC=C(CC2=CC=C(N)C=C2)C=C1,36.36363636,80,2,120,2,150,2,0,0,0,0,0,0,0,0,0,0,0,0,0,0,,0,,0,,0
CC(C)(C1=CC=C(OCC2CO2)C=C1)C1=CC=C(OCC2CO2)C=C1,227,OB(O)C1=CC=C(OC2=NC(OC3=CC=C(B(O)O)C=C3)=NC(OC3=CC=C(B(O)O)C=C3)=N2)C=C1,0,NC1=CC=C(CC2=CC=C(N)C=C2)C=C1,45.45,80,2,120,2,150,2,0,0,0,0,0,0,0,0,0,0,0,0,0,0,,0,,0,,0
CC(C)(C1=CC=C(OCC2CO2)C=C1)C1=CC=C(OCC2CO2)C=C1,227,O=P(C1=CC=CC=C1)(C1=CC=CC=C1)C(O)C1=CC=C(O)C=C1,3.1,NC1=CC=C(S(=O)(=O)C2=CC=C(N)C=C2)C=C1,19.82,120,2,140,3,170,1,0,0,0,0,0,0,0,0,0,0,0,0,0,0,,0,,0,,0
CC(C)(C1=CC=C(OCC2CO2)C=C1)C1=CC=C(OCC2CO2)C=C1,227,O=P(C1=CC=CC=C1)(C1=CC=CC=C1)C(O)C1=CC=C(O)C=C1,5.2,NC1=CC=C(S(=O)(=O)C2=CC=C(N)C=C2)C=C1,18.75,120,2,140,3,170,1,0,0,0,0,0,0,0,0,0,0,0,0,0,0,,0,,0,,0
CC(C)(C1=CC=C(OCC2CO2)C=C1)C1=CC=C(OCC2CO2)C=C1,227,O=P(C1=CC=CC=C1)(C1=CC=CC=C1)C(O)C1=CC=C(O)C=C1,7.3,NC1=CC=C(S(=O)(=O)C2=CC=C(N)C=C2)C=C1,17.67,120,2,140,3,170,1,0,0,0,0,0,0,0,0,0,0,0,0,0,0,,0,,0,,0
CC(C)(C1=CC=C(OCC2CO2)C=C1)C1=CC=C(OCC2CO2)C=C1,227,O=P(C1=CC=CC=C1)(C1=CC=CC=C1)C(O)C1=CC=C(O)C=C1,9.4,NC1=CC=C(S(=O)(=O)C2=CC=C(N)C=C2)C=C1,16.59,120,2,140,3,170,1,0,0,0,0,0,0,0,0,0,0,0,0,0,0,,0,,0,,0
CC(C)(C1=CC=C(OCC2CO2)C=C1)C1=CC=C(OCC2CO2)C=C1,227,O=P(C1=CC=CC=C1)(C1=CC=CC=C1)C(O)C1=CC=C(O)C=C1,0,NC1=CC=C(S(=O)(=O)C2=CC=C(N)C=C2)C=C1,22.2092571,120,2,140,3,170,1,0,0,0,0,0,0,0,0,0,0,0,0,0,0,,0,,0,,0
C1=CC(OCC2CO2)=CC=C1CC1=CC=C(OCC2CO2)C=C1,165,CCOP(=O)(NN)OCC,13.59,CC1CC(CC2CCC(N)C(C)C2)CCC1N,14.09,25,12,100,1,140,1,0,0,0,0,0,0,0,0,0,0,0,0,0,0,,0,,0,,0
C1=CC(OCC2CO2)=CC=C1CC1=CC=C(OCC2CO2)C=C1,165,CCOP(=O)(O)NNP(=O)(OCC)OCC,11.16,CC1CC(CC2CCC(N)C(C)C2)CCC1N,23.32,25,12,100,1,140,1,0,0,0,0,0,0,0,0,0,0,0,0,0,0,,0,,0,,0
CC(C)(C1=CC=C(OCC2CO2)C=C1)C1=CC=C(OCC2CO2)C=C1,196,CCO[Si](CCCNC(=O)C1=CC=C(OP2(OC3=CC=C(C(=O)NCCC[Si](OCC)(OCC)OCC)C=C3)=NP(OC3=CC=C(C(=O)NCCC[Si](OCC)(OCC)OCC)C=C3)(OC3=CC=C(C(=O)NCCC[Si](OCC)(OCC)OCC)C=C3)=NP(OC3=CC=C(C(=O)NCCC[Si](OCC)(OCC)OCC)C=C3)(OC3=CC=C(C(=O)NCCC[Si](OCC)(OCC)OCC)C=C3)=N2)C=C1)(OCC)OCC,5,NC1=CC=C(CC2=CC=C(N)C=C2)C=C1,19.15,120,3,150,5,0,0,0,0,0,0,0,0,0,0,0,0,0,0,0,0,,0,,0,,0
CC(C)(C1=CC=C(OCC2CO2)C=C1)C1=CC=C(OCC2CO2)C=C1,196,CCO[Si](CCCNC(=O)C1=CC=C(OP2(OC3=CC=C(C(=O)NCCC[Si](OCC)(OCC)OCC)C=C3)=NP(OC3=CC=C(C(=O)NCCC[Si](OCC)(OCC)OCC)C=C3)(OC3=CC=C(C(=O)NCCC[Si](OCC)(OCC)OCC)C=C3)=NP(OC3=CC=C(C(=O)NCCC[Si](OCC)(OCC)OCC)C=C3)(OC3=CC=C(C(=O)NCCC[Si](OCC)(OCC)OCC)C=C3)=N2)C=C1)(OCC)OCC,7.5,NC1=CC=C(CC2=CC=C(N)C=C2)C=C1,18.65,120,3,150,5,0,0,0,0,0,0,0,0,0,0,0,0,0,0,0,0,,0,,0,,0
CC(C)(C1=CC=C(OCC2CO2)C=C1)C1=CC=C(OCC2CO2)C=C1,196,CCO[Si](CCCNC(=O)C1=CC=C(OP2(OC3=CC=C(C(=O)NCCC[Si](OCC)(OCC)OCC)C=C3)=NP(OC3=CC=C(C(=O)NCCC[Si](OCC)(OCC)OCC)C=C3)(OC3=CC=C(C(=O)NCCC[Si](OCC)(OCC)OCC)C=C3)=NP(OC3=CC=C(C(=O)NCCC[Si](OCC)(OCC)OCC)C=C3)(OC3=CC=C(C(=O)NCCC[Si](OCC)(OCC)OCC)C=C3)=N2)C=C1)(OCC)OCC,10,NC1=CC=C(CC2=CC=C(N)C=C2)C=C1,18.14,120,3,150,5,0,0,0,0,0,0,0,0,0,0,0,0,0,0,0,0,,0,,0,,0
CC(C)(C1=CC=C(OCC2CO2)C=C1)C1=CC=C(OCC2CO2)C=C1,196,CCO[Si](CCCNC(=O)C1=CC=C(OP2(OC3=CC=C(C(=O)NCCC[Si](OCC)(OCC)OCC)C=C3)=NP(OC3=CC=C(C(=O)NCCC[Si](OCC)(OCC)OCC)C=C3)(OC3=CC=C(C(=O)NCCC[Si](OCC)(OCC)OCC)C=C3)=NP(OC3=CC=C(C(=O)NCCC[Si](OCC)(OCC)OCC)C=C3)(OC3=CC=C(C(=O)NCCC[Si](OCC)(OCC)OCC)C=C3)=N2)C=C1)(OCC)OCC,0,NC1=CC=C(CC2=CC=C(N)C=C2)C=C1,20.15968064,120,3,150,5,0,0,0,0,0,0,0,0,0,0,0,0,0,0,0,0,,0,,0,,0
CC(C)(C1=CC=C(OCC2CO2)C=C1)C1=CC=C(OCC2CO2)C=C1,227,CC1(C)COP(=O)(N2N=CN=C2N)OC1,2.5,NC1=CC=C(CC2=CC=C(N)C=C2)C=C1,19.5,100,3,150,2,0,0,0,0,0,0,0,0,0,0,0,0,0,0,0,0,,0,,0,,0
CC(C)(C1=CC=C(OCC2CO2)C=C1)C1=CC=C(OCC2CO2)C=C1,227,CC1(C)COP(=O)(N2N=CN=C2N)OC1,5,NC1=CC=C(CC2=CC=C(N)C=C2)C=C1,19,100,3,150,2,0,0,0,0,0,0,0,0,0,0,0,0,0,0,0,0,,0,,0,,0
CC(C)(C1=CC=C(OCC2CO2)C=C1)C1=CC=C(OCC2CO2)C=C1,227,CC1(C)COP(=O)(N2N=CN=C2N)OC1,7.5,NC1=CC=C(CC2=CC=C(N)C=C2)C=C1,18.5,100,3,150,2,0,0,0,0,0,0,0,0,0,0,0,0,0,0,0,0,,0,,0,,0
CC(C)(C1=CC=C(OCC2CO2)C=C1)C1=CC=C(OCC2CO2)C=C1,227,CC1(C)COP(=O)(N2N=CN=C2N)OC1,0,NC1=CC=C(CC2=CC=C(N)C=C2)C=C1,20,100,3,150,2,0,0,0,0,0,0,0,0,0,0,0,0,0,0,0,0,,0,,0,,0
CC(C)(C1=CC=C(OCC2CO2)C=C1)C1=CC=C(OCC2CO2)C=C1,188,O=P1(NCCCN2C=CN=C2)OC2=CC=CC=C2C2=C1C=CC=C2,9.9,O=P1(NCCCN2C=CN=C2)OC2=CC=CC=C2C2=C1C=CC=C2,9.9,90,2,140,2,180,2,0,0,0,0,0,0,0,0,0,0,0,0,0,0,,0,,0,,0
CC(C)(C1=CC=C(OCC2CO2)C=C1)C1=CC=C(OCC2CO2)C=C1,188,O=P1(NCCCN2C=CN=C2)OC2=CC=CC=C2C2=C1C=CC=C2,12.3,O=P1(NCCCN2C=CN=C2)OC2=CC=CC=C2C2=C1C=CC=C2,12.3,90,2,140,2,180,2,0,0,0,0,0,0,0,0,0,0,0,0,0,0,,0,,0,,0
CC(C)(C1=CC=C(OCC2CO2)C=C1)C1=CC=C(OCC2CO2)C=C1,188,O=P1(NCCCN2C=CN=C2)OC2=CC=CC=C2C2=C1C=CC=C2,14.5,O=P1(NCCCN2C=CN=C2)OC2=CC=CC=C2C2=C1C=CC=C2,14.5,90,2,140,2,180,2,0,0,0,0,0,0,0,0,0,0,0,0,0,0,,0,,0,,0
CC(C)(C1=CC=C(OCC2CO2)C=C1)C1=CC=C(OCC2CO2)C=C1,188,O=P1(NCCCN2C=CN=C2)OC2=CC=CC=C2C2=C1C=CC=C2,0,NCCCN1C=CN=C1,5.660377358,90,2,140,2,180,2,0,0,0,0,0,0,0,0,0,0,0,0,0,0,,0,,0,,0
CC(C)(C1=CC=C(OCC2CO2)C=C1)C1=CC=C(OCC2CO2)C=C1,185,O=P1(C2=CC=CC=C2)N(CC(O)CO)C2=CC=CC=C2N1CC(O)CO,15,CC(CN)ON,20.88,120,4,25,1,0,0,0,0,0,0,0,0,0,0,0,0,0,0,0,0,,0,,0,,0
CC(C)(C1=CC=C(OCC2CO2)C=C1)C1=CC=C(OCC2CO2)C=C1,185,O=P1(C2=CC=CC=C2)N(CC(O)CO)C2=CC=CC=C2N1CC(O)CO,30,CC(CN)ON,19.29,120,4,25,1,0,0,0,0,0,0,0,0,0,0,0,0,0,0,0,0,,0,,0,,0
CC(C)(C1=CC=C(OCC2CO2)C=C1)C1=CC=C(OCC2CO2)C=C1,185,O=P1(C2=CC=CC=C2)N(CC(O)CO)C2=CC=CC=C2N1CC(O)CO,45,CC(CN)ON,13.5,120,4,25,1,0,0,0,0,0,0,0,0,0,0,0,0,0,0,0,0,,0,,0,,0
CC(C)(C1=CC=C(OCC2CO2)C=C1)C1=CC=C(OCC2CO2)C=C1,185,O=P1(C2=CC=CC=C2)N(CC(O)CO)C2=CC=CC=C2N1CC(O)CO,0,CC(CN)ON,24.57,120,4,25,1,0,0,0,0,0,0,0,0,0,0,0,0,0,0,0,0,,0,,0,,0
CC(C)(C1=CC=C(OCC2CO2)C=C1)C1=CC=C(OCC2CO2)C=C1,196,O=P1(C(NC2=CC=C(CC3=CC=C(NC(C4=CC=CO4)P4(=O)OC5=C(C=CC=C5)C5=C4C=CC=C5)C=C3)C=C2)C2=CC=CO2)OC2=C(C=CC=C2)C2=C1C=CC=C2,1,NC1=CC=C(CC2=CC=C(N)C=C2)C=C1,19.97,80,2,110,2,180,2,0,0,0,0,0,0,0,0,0,0,0,0,0,0,,0,,0,,0
CC(C)(C1=CC=C(OCC2CO2)C=C1)C1=CC=C(OCC2CO2)C=C1,196,O=P1(C(NC2=CC=C(CC3=CC=C(NC(C4=CC=CO4)P4(=O)OC5=C(C=CC=C5)C5=C4C=CC=C5)C=C3)C=C2)C2=CC=CO2)OC2=C(C=CC=C2)C2=C1C=CC=C2,2,NC1=CC=C(CC2=CC=C(N)C=C2)C=C1,19.77,80,2,110,2,180,2,0,0,0,0,0,0,0,0,0,0,0,0,0,0,,0,,0,,0
CC(C)(C1=CC=C(OCC2CO2)C=C1)C1=CC=C(OCC2CO2)C=C1,196,O=P1(C(NC2=CC=C(CC3=CC=C(NC(C4=CC=CO4)P4(=O)OC5=C(C=CC=C5)C5=C4C=CC=C5)C=C3)C=C2)C2=CC=CO2)OC2=C(C=CC=C2)C2=C1C=CC=C2,3,NC1=CC=C(CC2=CC=C(N)C=C2)C=C1,19.56,80,2,110,2,180,2,0,0,0,0,0,0,0,0,0,0,0,0,0,0,,0,,0,,0
CC(C)(C1=CC=C(OCC2CO2)C=C1)C1=CC=C(OCC2CO2)C=C1,196,O=P1(C(NC2=CC=C(CC3=CC=C(NC(C4=CC=CO4)P4(=O)OC5=C(C=CC=C5)C5=C4C=CC=C5)C=C3)C=C2)C2=CC=CO2)OC2=C(C=CC=C2)C2=C1C=CC=C2,4,NC1=CC=C(CC2=CC=C(N)C=C2)C=C1,19.36,80,2,110,2,180,2,0,0,0,0,0,0,0,0,0,0,0,0,0,0,,0,,0,,0
CC(C)(C1=CC=C(OCC2CO2)C=C1)C1=CC=C(OCC2CO2)C=C1,196,O=P1(C(NC2=CC=C(CC3=CC=C(NC(C4=CC=CO4)P4(=O)OC5=C(C=CC=C5)C5=C4C=CC=C5)C=C3)C=C2)C2=CC=CO2)OC2=C(C=CC=C2)C2=C1C=CC=C2,5,NC1=CC=C(CC2=CC=C(N)C=C2)C=C1,19.16,80,2,110,2,180,2,0,0,0,0,0,0,0,0,0,0,0,0,0,0,,0,,0,,0
CC(C)(C1=CC=C(OCC2CO2)C=C1)C1=CC=C(OCC2CO2)C=C1,196,O=P1(C(NC2=CC=C(CC3=CC=C(NC(C4=CC=CO4)P4(=O)OC5=C(C=CC=C5)C5=C4C=CC=C5)C=C3)C=C2)C2=CC=CO2)OC2=C(C=CC=C2)C2=C1C=CC=C2,0,NC1=CC=C(CC2=CC=C(N)C=C2)C=C1,20.17,80,2,110,2,180,2,0,0,0,0,0,0,0,0,0,0,0,0,0,0,,0,,0,,0
CC(C)(C1=CC=C(OCC2CO2)C=C1)C1=CC=C(OCC2CO2)C=C1,196,[H]P1(=O)OC2=C(C=CC=C2)C2=C1C=CC=C2,4,NC1=CC=C(CC2=CC=C(N)C=C2)C=C1,19.36,80,2,110,2,180,2,0,0,0,0,0,0,0,0,0,0,0,0,0,0,,0,,0,,0
CC(C)(C1=CC=C(OCC2CO2)C=C1)C1=CC=C(OCC2CO2)C=C1,227,CC1=NC(Cl)=NC(NC2=CC=C(C=C2)S(=O)(C3=CC=C(C=C3)NP4(OCC5(COP(OC5)(Cl)=O)CO4)=O)=O)=N1,4.3,NC1=CC=C(CC2=CC=C(N)C=C2)C=C1,14.89361702,120,2,150,4,0,0,0,0,0,0,0,0,0,0,0,0,0,0,0,0,,0,,0,,0
CC(C)(C1=CC=C(OCC2CO2)C=C1)C1=CC=C(OCC2CO2)C=C1,227,CC1=NC(Cl)=NC(NC2=CC=C(C=C2)S(=O)(C3=CC=C(C=C3)NP4(OCC5(COP(OC5)(Cl)=O)CO4)=O)=O)=N1,4.3,NC1=CC=C(CC2=CC=C(N)C=C2)C=C1,14.89361702,120,2,150,4,0,0,0,0,0,0,0,0,0,0,0,0,0,0,0,0,,0,,0,,0
CC(C)(C1=CC=C(OCC2CO2)C=C1)C1=CC=C(OCC2CO2)C=C1,227,CC1=NC(Cl)=NC(NC2=CC=C(C=C2)S(=O)(C3=CC=C(C=C3)NP4(OCC5(COP(OC5)(Cl)=O)CO4)=O)=O)=N1,8.5,NC1=CC=C(CC2=CC=C(N)C=C2)C=C1,14.89361702,120,2,150,4,0,0,0,0,0,0,0,0,0,0,0,0,0,0,0,0,,0,,0,,0
CC(C)(C1=CC=C(OCC2CO2)C=C1)C1=CC=C(OCC2CO2)C=C1,227,CC1=NC(Cl)=NC(NC2=CC=C(C=C2)S(=O)(C3=CC=C(C=C3)NP4(OCC5(COP(OC5)(Cl)=O)CO4)=O)=O)=N1,0,NC1=CC=C(CC2=CC=C(N)C=C2)C=C1,14.89361702,120,2,150,4,0,0,0,0,0,0,0,0,0,0,0,0,0,0,0,0,,0,,0,,0
CC(C)(C1=CC=C(OCC2CO2)C=C1)C1=CC=C(OCC2CO2)C=C1,227,CC1=NC(Cl)=NC(NC2=CC=C(C=C2)S(=O)(C3=CC=C(C=C3)NP4(OCC5(COP(OC5)(Cl)=O)CO4)=O)=O)=N1,4.3,NC1=CC=C(CC2=CC=C(N)C=C2)C=C1,14.89361702,120,2,150,4,0,0,0,0,0,0,0,0,0,0,0,0,0,0,0,0,O=P([O-])([O-])[O-].[NH4+].[NH4+].[NH4+],4.3,,0,,0
CC(C)(C1=CC=C(OCC2CO2)C=C1)C1=CC=C(OCC2CO2)C=C1,196,CC1(C)CC(NP2(=O)OCC3(CO2)COP(=O)(NC2CC(C)(C)NC(C)(C)C2)OC3)CC(C)(C)N1,2.16,NC1=CC=C(S(=O)(=O)C2=CC=C(N)C=C2)C=C1,22.75,130,2,150,2,170,2,190,2,0,0,0,0,0,0,0,0,0,0,0,0,,0,,0,,0
CC(C)(C1=CC=C(OCC2CO2)C=C1)C1=CC=C(OCC2CO2)C=C1,196,CC1(C)CC(NP2(=O)OCC3(CO2)COP(=O)(NC2CC(C)(C)NC(C)(C)C2)OC3)CC(C)(C)N1,4.31,NC1=CC=C(S(=O)(=O)C2=CC=C(N)C=C2)C=C1,21.48,130,2,150,2,170,2,190,2,0,0,0,0,0,0,0,0,0,0,0,0,,0,,0,,0
CC(C)(C1=CC=C(OCC2CO2)C=C1)C1=CC=C(OCC2CO2)C=C1,196,CC1(C)CC(NP2(=O)OCC3(CO2)COP(=O)(NC2CC(C)(C)NC(C)(C)C2)OC3)CC(C)(C)N1,6.47,NC1=CC=C(S(=O)(=O)C2=CC=C(N)C=C2)C=C1,20.2,130,2,150,2,170,2,190,2,0,0,0,0,0,0,0,0,0,0,0,0,,0,,0,,0
CC(C)(C1=CC=C(OCC2CO2)C=C1)C1=CC=C(OCC2CO2)C=C1,196,CC1(C)CC(NP2(=O)OCC3(CO2)COP(=O)(NC2CC(C)(C)NC(C)(C)C2)OC3)CC(C)(C)N1,8.62,NC1=CC=C(S(=O)(=O)C2=CC=C(N)C=C2)C=C1,18.93,130,2,150,2,170,2,190,2,0,0,0,0,0,0,0,0,0,0,0,0,,0,,0,,0
CC(C)(C1=CC=C(OCC2CO2)C=C1)C1=CC=C(OCC2CO2)C=C1,196,CC1(C)CC(NP2(=O)OCC3(CO2)COP(=O)(NC2CC(C)(C)NC(C)(C)C2)OC3)CC(C)(C)N1,0,NC1=CC=C(S(=O)(=O)C2=CC=C(N)C=C2)C=C1,24.03,130,2,150,2,170,2,190,2,0,0,0,0,0,0,0,0,0,0,0,0,,0,,0,,0
CC(C)(C1=CC=C(OCC2CO2)C=C1)C1=CC=C(OCC2CO2)C=C1,188,CC1(C)CC(NC(C2=CC=C(O)C=C2)P2(=O)OC3=C(C=CC=C3)C3=C2C=CC=C3)CC(C)(C)N1,3.8,NC1=CC=C(S(=O)(=O)C2=CC=C(N)C=C2)C=C1,23.27,120,2,185,5,200,2,0,0,0,0,0,0,0,0,0,0,0,0,0,0,O=C1N(CC2CO2)C(=O)N(CC2CO2)C(=O)N1CC1CO1,2.3977433,,0,,0
CC(C)(C1=CC=C(OCC2CO2)C=C1)C1=CC=C(OCC2CO2)C=C1,188,CC1(C)CC(NC(C2=CC=C(O)C=C2)P2(=O)OC3=C(C=CC=C3)C3=C2C=CC=C3)CC(C)(C)N1,7.7,NC1=CC=C(S(=O)(=O)C2=CC=C(N)C=C2)C=C1,21.7,120,2,185,5,200,2,0,0,0,0,0,0,0,0,0,0,0,0,0,0,O=C1N(CC2CO2)C(=O)N(CC2CO2)C(=O)N1CC1CO1,4.802631579,,0,,0
CC(C)(C1=CC=C(OCC2CO2)C=C1)C1=CC=C(OCC2CO2)C=C1,188,CC1(C)CC(NC(C2=CC=C(O)C=C2)P2(=O)OC3=C(C=CC=C3)C3=C2C=CC=C3)CC(C)(C)N1,11.6,NC1=CC=C(S(=O)(=O)C2=CC=C(N)C=C2)C=C1,20.17,120,2,185,5,200,2,0,0,0,0,0,0,0,0,0,0,0,0,0,0,O=C1N(CC2CO2)C(=O)N(CC2CO2)C(=O)N1CC1CO1,7.151589242,,0,,0
CC(C)(C1=CC=C(OCC2CO2)C=C1)C1=CC=C(OCC2CO2)C=C1,188,CC1(C)CC(NC(C2=CC=C(O)C=C2)P2(=O)OC3=C(C=CC=C3)C3=C2C=CC=C3)CC(C)(C)N1,15.4,NC1=CC=C(S(=O)(=O)C2=CC=C(N)C=C2)C=C1,18.63,120,2,185,5,200,2,0,0,0,0,0,0,0,0,0,0,0,0,0,0,O=C1N(CC2CO2)C(=O)N(CC2CO2)C(=O)N1CC1CO1,9.542631282,,0,,0
CC(C)(C1=CC=C(OCC2CO2)C=C1)C1=CC=C(OCC2CO2)C=C1,188,CC1(C)CC(NC(C2=CC=C(O)C=C2)P2(=O)OC3=C(C=CC=C3)C3=C2C=CC=C3)CC(C)(C)N1,0,NC1=CC=C(S(=O)(=O)C2=CC=C(N)C=C2)C=C1,24.81203008,120,2,185,5,200,2,0,0,0,0,0,0,0,0,0,0,0,0,0,0,,0,,0,,0
CC(C)(C1=CC=C(OCC2CO2)C=C1)C1=CC=C(OCC2CO2)C=C1,188,[H]P1(=O)OC2=C(C=CC=C2)C2=C1C=CC=C2,6.993006993,NC1=CC=C(S(=O)(=O)C2=CC=C(N)C=C2)C=C1,23.07692308,120,2,185,5,200,2,0,0,0,0,0,0,0,0,0,0,0,0,0,0,,0,,0,,0
CC(C)(C1=CC=C(OCC2CO2)C=C1)C1=CC=C(OCC2CO2)C=C1,227,O=P1(C2=CC=CC=C2)N(C2=CC=CC=C2)CCN1C1=CC=CC=C1,4,NC1=CC=C(CC2=CC=C(N)C=C2)C=C1,17.24,120,2,170,4,0,0,0,0,0,0,0,0,0,0,0,0,0,0,0,0,,0,,0,,0
CC(C)(C1=CC=C(OCC2CO2)C=C1)C1=CC=C(OCC2CO2)C=C1,227,O=P1(C2=CC=CC=C2)N(C2=CC=CC=C2)CCN1C1=CC=CC=C1,6,NC1=CC=C(CC2=CC=C(N)C=C2)C=C1,16.89,120,2,170,4,0,0,0,0,0,0,0,0,0,0,0,0,0,0,0,0,,0,,0,,0
CC(C)(C1=CC=C(OCC2CO2)C=C1)C1=CC=C(OCC2CO2)C=C1,227,O=P1(C2=CC=CC=C2)N(C2=CC=CC=C2)CCN1C1=CC=CC=C1,8,NC1=CC=C(CC2=CC=C(N)C=C2)C=C1,16.53,120,2,170,4,0,0,0,0,0,0,0,0,0,0,0,0,0,0,0,0,,0,,0,,0
CC(C)(C1=CC=C(OCC2CO2)C=C1)C1=CC=C(OCC2CO2)C=C1,227,O=P1(C2=CC=CC=C2)N(C2=CC=CC=C2)CCN1C1=CC=CC=C1,10,NC1=CC=C(CC2=CC=C(N)C=C2)C=C1,16.17,120,2,170,4,0,0,0,0,0,0,0,0,0,0,0,0,0,0,0,0,,0,,0,,0
CC(C)(C1=CC=C(OCC2CO2)C=C1)C1=CC=C(OCC2CO2)C=C1,227,O=P1(C2=CC=CC=C2)N(C2=CC=CC=C2)CCN1C1=CC=CC=C1,12,NC1=CC=C(CC2=CC=C(N)C=C2)C=C1,15.81,120,2,170,4,0,0,0,0,0,0,0,0,0,0,0,0,0,0,0,0,,0,,0,,0
CC(C)(C1=CC=C(OCC2CO2)C=C1)C1=CC=C(OCC2CO2)C=C1,227,O=P1(C2=CC=CC=C2)N(C2=CC=CC=C2)CCN1C1=CC=CC=C1,0,NC1=CC=C(CC2=CC=C(N)C=C2)C=C1,17.96554553,120,2,170,4,0,0,0,0,0,0,0,0,0,0,0,0,0,0,0,0,,0,,0,,0
CC(C)(C1=CC=C(OCC2CO2)C=C1)C1=CC=C(OCC2CO2)C=C1,196,O=C1N(CC(O)CP2(=O)OC3=CC=CC=C3C3=CC=CC=C32)C(=O)N(CC(O)CP2(=O)OC3=C(C=CC=C3)C3=C2C=CC=C3)C(=O)N1CC(O)CP1(=O)OC2=CC=CC=C2C2=C1C=CC=C2,3,NC1=CC=C(CC2=CC=C(N)C=C2)C=C1,19.59,120,2,170,4,0,0,0,0,0,0,0,0,0,0,0,0,0,0,0,0,,0,,0,,0
CC(C)(C1=CC=C(OCC2CO2)C=C1)C1=CC=C(OCC2CO2)C=C1,196,O=C1N(CC(O)CP2(=O)OC3=CC=CC=C3C3=CC=CC=C32)C(=O)N(CC(O)CP2(=O)OC3=C(C=CC=C3)C3=C2C=CC=C3)C(=O)N1CC(O)CP1(=O)OC2=CC=CC=C2C2=C1C=CC=C2,0,NC1=CC=C(CC2=CC=C(N)C=C2)C=C1,20.1915403,120,2,170,4,0,0,0,0,0,0,0,0,0,0,0,0,0,0,0,0,,0,,0,,0
CC(C)(C1=CC=C(OCC2CO2)C=C1)C1=CC=C(OCC2CO2)C=C1,196,O=C1N(CC(O)CP2(=O)OC3=CC=CC=C3C3=CC=CC=C32)C(=O)N(CC(O)CP2(=O)OC3=C(C=CC=C3)C3=C2C=CC=C3)C(=O)N1CC(O)CP1(=O)OC2=CC=CC=C2C2=C1C=CC=C2,1.99984437,NC1=CC=C(CC2=CC=C(N)C=C2)C=C1,19.68718388,120,2,170,4,0,0,0,0,0,0,0,0,0,0,0,0,0,0,0,0,O=[Si]=O.O=[Si]=O.CCCCCCCCCCCCCCCCCC[N+](C)(C)CCCCCCCCCCCCCCCCCC.[Al+3].[Al+3].[O-2].[O-2].[O-2].[Cl-],0.498015719,,0,,0
CC(C)(C1=CC=C(OCC2CO2)C=C1)C1=CC=C(OCC2CO2)C=C1,196,O=C1N(CC(O)CP2(=O)OC3=CC=CC=C3C3=CC=CC=C32)C(=O)N(CC(O)CP2(=O)OC3=C(C=CC=C3)C3=C2C=CC=C3)C(=O)N1CC(O)CP1(=O)OC2=CC=CC=C2C2=C1C=CC=C2,2.500387057,NC1=CC=C(CC2=CC=C(N)C=C2)C=C1,19.58507509,120,2,170,4,0,0,0,0,0,0,0,0,0,0,0,0,0,0,0,0,O=[Si]=O.O=[Si]=O.CCCCCCCCCCCCCCCCCC[N+](C)(C)CCCCCCCCCCCCCCCCCC.[Al+3].[Al+3].[O-2].[O-2].[O-2].[Cl-],0.503173866,,0,,0
CC(C)(C1=CC=C(OCC2CO2)C=C1)C1=CC=C(OCC2CO2)C=C1,196,O=C1N(CC(O)CP2(=O)OC3=CC=CC=C3C3=CC=CC=C32)C(=O)N(CC(O)CP2(=O)OC3=C(C=CC=C3)C3=C2C=CC=C3)C(=O)N1CC(O)CP1(=O)OC2=CC=CC=C2C2=C1C=CC=C2,3.003465537,NC1=CC=C(CC2=CC=C(N)C=C2)C=C1,19.48402002,120,2,170,4,0,0,0,0,0,0,0,0,0,0,0,0,0,0,0,0,O=[Si]=O.O=[Si]=O.CCCCCCCCCCCCCCCCCC[N+](C)(C)CCCCCCCCCCCCCCCCCC.[Al+3].[Al+3].[O-2].[O-2].[O-2].[Cl-],0.50057759,,0,,0
CC(C)(C1=CC=C(OCC2CO2)C=C1)C1=CC=C(OCC2CO2)C=C1,196,O=C1N(CC(O)CP2(=O)OC3=CC=CC=C3C3=CC=CC=C32)C(=O)N(CC(O)CP2(=O)OC3=C(C=CC=C3)C3=C2C=CC=C3)C(=O)N1CC(O)CP1(=O)OC2=CC=CC=C2C2=C1C=CC=C2,1.99736781,NC1=CC=C(CC2=CC=C(N)C=C2)C=C1,19.58659131,120,2,170,4,0,0,0,0,0,0,0,0,0,0,0,0,0,0,0,0,O=[Si]=O.O=[Si]=O.CCCCCCCCCCCCCCCCCC[N+](C)(C)CCCCCCCCCCCCCCCCCC.[Al+3].[Al+3].[O-2].[O-2].[O-2].[Cl-],0.998683905,,0,,0
CC(C)(C1=CC=C(OCC2CO2)C=C1)C1=CC=C(OCC2CO2)C=C1,196,O=C1N(CC(O)CP2(=O)OC3=CC=CC=C3C3=CC=CC=C32)C(=O)N(CC(O)CP2(=O)OC3=C(C=CC=C3)C3=C2C=CC=C3)C(=O)N1CC(O)CP1(=O)OC2=CC=CC=C2C2=C1C=CC=C2,3.00314104,NC1=CC=C(CC2=CC=C(N)C=C2)C=C1,19.38251743,120,2,170,4,0,0,0,0,0,0,0,0,0,0,0,0,0,0,0,0,O=[Si]=O.O=[Si]=O.CCCCCCCCCCCCCCCCCC[N+](C)(C)CCCCCCCCCCCCCCCCCC.[Al+3].[Al+3].[O-2].[O-2].[O-2].[Cl-],1.003600705,,0,,0
CC(C)(C1=CC=C(OCC2CO2)C=C1)C1=CC=C(OCC2CO2)C=C1,196,O=[Si]=O.O=[Si]=O.CCCCCCCCCCCCCCCCCC[N+](C)(C)CCCCCCCCCCCCCCCCCC.[Al+3].[Al+3].[O-2].[O-2].[O-2].[Cl-],3.003560923,NC1=CC=C(CC2=CC=C(N)C=C2)C=C1,19.58507509,120,2,170,4,0,0,0,0,0,0,0,0,0,0,0,0,0,0,0,0,,0,,0,,0
CC(C)(C1=CC=C(OCC2CO2)C=C1)C1=CC=C(OCC2CO2)C=C1,188,O=P(OC1=CC=C(C(P2(C(C=CC=C3)=C3C(C=CC=C4)=C4O2)=O)NC5=NNC=N5)C=C1)(OC6=CC=C(C(P7(OC(C=CC=C8)=C8C9=C7C=CC=C9)=O)NC%10=NNC=N%10)C=C6)C%11=CC=CC=C%11,3.7,NC1=CC=C(S(=O)(=O)C2=CC=C(N)C=C2)C=C1,23.13,160,2,180,5,0,0,0,0,0,0,0,0,0,0,0,0,0,0,0,0,,0,,0,,0
CC(C)(C1=CC=C(OCC2CO2)C=C1)C1=CC=C(OCC2CO2)C=C1,188,O=P(OC1=CC=C(C(P2(C(C=CC=C3)=C3C(C=CC=C4)=C4O2)=O)NC5=NNC=N5)C=C1)(OC6=CC=C(C(P7(OC(C=CC=C8)=C8C9=C7C=CC=C9)=O)NC%10=NNC=N%10)C=C6)C%11=CC=CC=C%11,7.1,NC1=CC=C(S(=O)(=O)C2=CC=C(N)C=C2)C=C1,21.54,160,2,180,5,0,0,0,0,0,0,0,0,0,0,0,0,0,0,0,0,,0,,0,,0
CC(C)(C1=CC=C(OCC2CO2)C=C1)C1=CC=C(OCC2CO2)C=C1,188,O=P(OC1=CC=C(C(P2(C(C=CC=C3)=C3C(C=CC=C4)=C4O2)=O)NC5=NNC=N5)C=C1)(OC6=CC=C(C(P7(OC(C=CC=C8)=C8C9=C7C=CC=C9)=O)NC%10=NNC=N%10)C=C6)C%11=CC=CC=C%11,10.4,NC1=CC=C(S(=O)(=O)C2=CC=C(N)C=C2)C=C1,20.08,160,2,180,5,0,0,0,0,0,0,0,0,0,0,0,0,0,0,0,0,,0,,0,,0
CC(C)(C1=CC=C(OCC2CO2)C=C1)C1=CC=C(OCC2CO2)C=C1,188,O=P(OC1=CC=C(C(P2(C(C=CC=C3)=C3C(C=CC=C4)=C4O2)=O)NC5=NNC=N5)C=C1)(OC6=CC=C(C(P7(OC(C=CC=C8)=C8C9=C7C=CC=C9)=O)NC%10=NNC=N%10)C=C6)C%11=CC=CC=C%11,0,NC1=CC=C(S(=O)(=O)C2=CC=C(N)C=C2)C=C1,24.81203008,160,2,180,5,0,0,0,0,0,0,0,0,0,0,0,0,0,0,0,0,,0,,0,,0
CC(C)(C1=CC=C(OCC2CO2)C=C1)C1=CC=C(OCC2CO2)C=C1,188,C1=CN(C2=CC=C(C3=CC=C(N4CN(C5=CC=C(C6=CC=C(N7C=CN=C7)C=C6)C=C5)CN(C5=CC=C(C6=CC=C(N7C=CN=C7)C=C6)C=C5)C4)C=C3)C=C2)C=N1,1.8,NC1=CC=C(OC2=CC=C(N)C=C2)C=C1,36.8,200,0.17,0,0,0,0,0,0,0,0,0,0,0,0,0,0,0,0,0,0,,0,,0,,0
CC(C)(C1=CC=C(OCC2CO2)C=C1)C1=CC=C(OCC2CO2)C=C1,188,C1=CN(C2=CC=C(C3=CC=C(N4CN(C5=CC=C(C6=CC=C(N7C=CN=C7)C=C6)C=C5)CN(C5=CC=C(C6=CC=C(N7C=CN=C7)C=C6)C=C5)C4)C=C3)C=C2)C=N1,3,NC1=CC=C(OC2=CC=C(N)C=C2)C=C1,36.36,200,0.17,0,0,0,0,0,0,0,0,0,0,0,0,0,0,0,0,0,0,,0,,0,,0
CC(C)(C1=CC=C(OCC2CO2)C=C1)C1=CC=C(OCC2CO2)C=C1,188,C1=CN(C2=CC=C(C3=CC=C(N4CN(C5=CC=C(C6=CC=C(N7C=CN=C7)C=C6)C=C5)CN(C5=CC=C(C6=CC=C(N7C=CN=C7)C=C6)C=C5)C4)C=C3)C=C2)C=N1,5.9,NC1=CC=C(OC2=CC=C(N)C=C2)C=C1,35.29,200,0.17,0,0,0,0,0,0,0,0,0,0,0,0,0,0,0,0,0,0,,0,,0,,0
CC(C)(C1=CC=C(OCC2CO2)C=C1)C1=CC=C(OCC2CO2)C=C1,188,C1=CN(C2=CC=C(C3=CC=C(N4CN(C5=CC=C(C6=CC=C(N7C=CN=C7)C=C6)C=C5)CN(C5=CC=C(C6=CC=C(N7C=CN=C7)C=C6)C=C5)C4)C=C3)C=C2)C=N1,11.1,NC1=CC=C(OC2=CC=C(N)C=C2)C=C1,33.3,200,0.17,0,0,0,0,0,0,0,0,0,0,0,0,0,0,0,0,0,0,,0,,0,,0
CC(C)(C1=CC=C(OCC2CO2)C=C1)C1=CC=C(OCC2CO2)C=C1,188,C1=CN(C2=CC=C(C3=CC=C(N4CN(C5=CC=C(C6=CC=C(N7C=CN=C7)C=C6)C=C5)CN(C5=CC=C(C6=CC=C(N7C=CN=C7)C=C6)C=C5)C4)C=C3)C=C2)C=N1,0,NC1=CC=C(OC2=CC=C(N)C=C2)C=C1,50,200,0.17,0,0,0,0,0,0,0,0,0,0,0,0,0,0,0,0,0,0,,0,,0,,0
CC(C)(C1=CC=C(OCC2CO2)C=C1)C1=CC=C(OCC2CO2)C=C1,196,CCO[Si](CCCNCP1(=O)OC2=C(C=CC=C2)C2=C1C=CC=C2)(OC)OCC,2.5,NC1=CC=C(CC2=CC=C(N)C=C2)C=C1,19.5,100,2,130,3,0,0,0,0,0,0,0,0,0,0,0,0,0,0,0,0,,0,,0,,0
CC(C)(C1=CC=C(OCC2CO2)C=C1)C1=CC=C(OCC2CO2)C=C1,196,CCO[Si](CCCNCP1(=O)OC2=C(C=CC=C2)C2=C1C=CC=C2)(OC)OCC,3,NC1=CC=C(CC2=CC=C(N)C=C2)C=C1,19.4,100,2,130,3,0,0,0,0,0,0,0,0,0,0,0,0,0,0,0,0,,0,,0,,0
CC(C)(C1=CC=C(OCC2CO2)C=C1)C1=CC=C(OCC2CO2)C=C1,196,CCO[Si](CCCNCP1(=O)OC2=C(C=CC=C2)C2=C1C=CC=C2)(OC)OCC,4,NC1=CC=C(CC2=CC=C(N)C=C2)C=C1,19.2,100,2,130,3,0,0,0,0,0,0,0,0,0,0,0,0,0,0,0,0,,0,,0,,0
CC(C)(C1=CC=C(OCC2CO2)C=C1)C1=CC=C(OCC2CO2)C=C1,196,CCO[Si](CCCNCP1(=O)OC2=C(C=CC=C2)C2=C1C=CC=C2)(OC)OCC,5,NC1=CC=C(CC2=CC=C(N)C=C2)C=C1,19,100,2,130,3,0,0,0,0,0,0,0,0,0,0,0,0,0,0,0,0,,0,,0,,0
CC(C)(C1=CC=C(OCC2CO2)C=C1)C1=CC=C(OCC2CO2)C=C1,196,CCO[Si](CCCNCP1(=O)OC2=C(C=CC=C2)C2=C1C=CC=C2)(OC)OCC,0,NC1=CC=C(CC2=CC=C(N)C=C2)C=C1,20,100,2,130,3,0,0,0,0,0,0,0,0,0,0,0,0,0,0,0,0,,0,,0,,0
CC(C)(C1=CC=C(OCC2CO2)C=C1)C1=CC=C(OCC2CO2)C=C1,188,O=P1(CC(O)COCCC[Si]23O[Si](O)(O2)O3)OC2=C(C=CC=C2)C2=C1C=CC=C2,1,CC1(C)CC(N)CC(C)(CN)C1,18.7,120,2,0,0,0,0,0,0,0,0,0,0,0,0,0,0,0,0,0,0,,0,,0,,0
CC(C)(C1=CC=C(OCC2CO2)C=C1)C1=CC=C(OCC2CO2)C=C1,188,O=P1(CC(O)COCCC[Si]23O[Si](O)(O2)O3)OC2=C(C=CC=C2)C2=C1C=CC=C2,5,CC1(C)CC(N)CC(C)(CN)C1,17.9,120,2,0,0,0,0,0,0,0,0,0,0,0,0,0,0,0,0,0,0,,0,,0,,0
CC(C)(C1=CC=C(OCC2CO2)C=C1)C1=CC=C(OCC2CO2)C=C1,188,O=P1(CC(O)COCCC[Si]23O[Si](O)(O2)O3)OC2=C(C=CC=C2)C2=C1C=CC=C2,10,CC1(C)CC(N)CC(C)(CN)C1,17,120,2,0,0,0,0,0,0,0,0,0,0,0,0,0,0,0,0,0,0,,0,,0,,0
CC(C)(C1=CC=C(OCC2CO2)C=C1)C1=CC=C(OCC2CO2)C=C1,188,O=P1(CC(O)COCCC[Si]23O[Si](O)(O2)O3)OC2=C(C=CC=C2)C2=C1C=CC=C2,0,CC1(C)CC(N)CC(C)(CN)C1,18.86,120,2,0,0,0,0,0,0,0,0,0,0,0,0,0,0,0,0,0,0,,0,,0,,0
CC(C)(C1=CC=C(OCC2CO2)C=C1)C1=CC=C(OCC2CO2)C=C1,227,C[Si](CCP1(=O)OC2=C(C=CC=C2)C2=CC=CC=C21)(NC1=NC2=C(C=CC=C2)S1)NC1=NC2=C(C=CC=C2)S1,1,NC1=CC=C(CC2=CC=C(N)C=C2)C=C1,17.71,100,2,150,2,0,0,0,0,0,0,0,0,0,0,0,0,0,0,0,0,,0,,0,,0
CC(C)(C1=CC=C(OCC2CO2)C=C1)C1=CC=C(OCC2CO2)C=C1,227,C[Si](CCP1(=O)OC2=C(C=CC=C2)C2=CC=CC=C21)(NC1=NC2=C(C=CC=C2)S1)NC1=NC2=C(C=CC=C2)S1,2.5,NC1=CC=C(CC2=CC=C(N)C=C2)C=C1,17.12,100,2,150,2,0,0,0,0,0,0,0,0,0,0,0,0,0,0,0,0,,0,,0,,0
CC(C)(C1=CC=C(OCC2CO2)C=C1)C1=CC=C(OCC2CO2)C=C1,227,C[Si](CCP1(=O)OC2=C(C=CC=C2)C2=CC=CC=C21)(NC1=NC2=C(C=CC=C2)S1)NC1=NC2=C(C=CC=C2)S1,5,NC1=CC=C(CC2=CC=C(N)C=C2)C=C1,16.32,100,2,150,2,0,0,0,0,0,0,0,0,0,0,0,0,0,0,0,0,,0,,0,,0
CC(C)(C1=CC=C(OCC2CO2)C=C1)C1=CC=C(OCC2CO2)C=C1,227,C[Si](CCP1(=O)OC2=C(C=CC=C2)C2=CC=CC=C21)(NC1=NC2=C(C=CC=C2)S1)NC1=NC2=C(C=CC=C2)S1,7.5,NC1=CC=C(CC2=CC=C(N)C=C2)C=C1,15.52,100,2,150,2,0,0,0,0,0,0,0,0,0,0,0,0,0,0,0,0,,0,,0,,0
CC(C)(C1=CC=C(OCC2CO2)C=C1)C1=CC=C(OCC2CO2)C=C1,227,C[Si](CCP1(=O)OC2=C(C=CC=C2)C2=CC=CC=C21)(NC1=NC2=C(C=CC=C2)S1)NC1=NC2=C(C=CC=C2)S1,10,NC1=CC=C(CC2=CC=C(N)C=C2)C=C1,14.73,100,2,150,2,0,0,0,0,0,0,0,0,0,0,0,0,0,0,0,0,,0,,0,,0
CC(C)(C1=CC=C(OCC2CO2)C=C1)C1=CC=C(OCC2CO2)C=C1,227,C[Si](CCP1(=O)OC2=C(C=CC=C2)C2=CC=CC=C21)(NC1=NC2=C(C=CC=C2)S1)NC1=NC2=C(C=CC=C2)S1,0,NC1=CC=C(CC2=CC=C(N)C=C2)C=C1,17.90493391,100,2,150,2,0,0,0,0,0,0,0,0,0,0,0,0,0,0,0,0,,0,,0,,0
CC(C)(C1=CC=C(OCC2CO2)C=C1)C1=CC=C(OCC2CO2)C=C1,227,O=P1(C(NC2=CN=CC=N2)C2=CC=C(C(NC3=NC=CN=C3)P3(=O)OC4=CC=CC=C4C4=CC=CC=C43)C=C2)OC2=CC=CC=C2C2=CC=CC=C21,1,NC1=CC=C(CC2=CC=C(N)C=C2)C=C1,20.4,100,2,150,2,0,0,0,0,0,0,0,0,0,0,0,0,0,0,0,0,,0,,0,,0
CC(C)(C1=CC=C(OCC2CO2)C=C1)C1=CC=C(OCC2CO2)C=C1,227,O=P1(C(NC2=CN=CC=N2)C2=CC=C(C(NC3=NC=CN=C3)P3(=O)OC4=CC=CC=C4C4=CC=CC=C43)C=C2)OC2=CC=CC=C2C2=CC=CC=C21,2,NC1=CC=C(CC2=CC=C(N)C=C2)C=C1,20.2,100,2,150,2,0,0,0,0,0,0,0,0,0,0,0,0,0,0,0,0,,0,,0,,0
CC(C)(C1=CC=C(OCC2CO2)C=C1)C1=CC=C(OCC2CO2)C=C1,227,O=P1(C(NC2=CN=CC=N2)C2=CC=C(C(NC3=NC=CN=C3)P3(=O)OC4=CC=CC=C4C4=CC=CC=C43)C=C2)OC2=CC=CC=C2C2=CC=CC=C21,3,NC1=CC=C(CC2=CC=C(N)C=C2)C=C1,20,100,2,150,2,0,0,0,0,0,0,0,0,0,0,0,0,0,0,0,0,,0,,0,,0
CC(C)(C1=CC=C(OCC2CO2)C=C1)C1=CC=C(OCC2CO2)C=C1,227,O=P1(C(NC2=CN=CC=N2)C2=CC=C(C(NC3=NC=CN=C3)P3(=O)OC4=CC=CC=C4C4=CC=CC=C43)C=C2)OC2=CC=CC=C2C2=CC=CC=C21,4,NC1=CC=C(CC2=CC=C(N)C=C2)C=C1,19.8,100,2,150,2,0,0,0,0,0,0,0,0,0,0,0,0,0,0,0,0,,0,,0,,0
CC(C)(C1=CC=C(OCC2CO2)C=C1)C1=CC=C(OCC2CO2)C=C1,227,O=P1(C(NC2=CN=CC=N2)C2=CC=C(C(NC3=NC=CN=C3)P3(=O)OC4=CC=CC=C4C4=CC=CC=C43)C=C2)OC2=CC=CC=C2C2=CC=CC=C21,0,NC1=CC=C(CC2=CC=C(N)C=C2)C=C1,20.6,100,2,150,2,0,0,0,0,0,0,0,0,0,0,0,0,0,0,0,0,,0,,0,,0
CC(C)(C1=CC=C(OCC2CO2)C=C1)C1=CC=C(OCC2CO2)C=C1,227,O=P1(C(NC2=CN=CC=N2)C2=CC=C(C(NC3=NC=CN=C3)P3(=O)OC4=CC=CC=C4C4=CC=CC=C43)C=C2)OC2=CC=CC=C2C2=CC=CC=C21,4,NC1=CC=C(CC2=CC=C(N)C=C2)C=C1,19.6,100,2,150,2,0,0,0,0,0,0,0,0,0,0,0,0,0,0,0,0,O=C1C2=CC=CC=C2C(C3=C1C=CC4=C3O[B-]5(OC6=C(C7=C(C(C8=CC=CC=C8C7=O)=O)C=C6)O5)O4)=O.[H+],1,,0,,0
CC(C)(C1=CC=C(OCC2CO2)C=C1)C1=CC=C(OCC2CO2)C=C1,227,O=P1(C(NC2=CN=CC=N2)C2=CC=C(C(NC3=NC=CN=C3)P3(=O)OC4=CC=CC=C4C4=CC=CC=C43)C=C2)OC2=CC=CC=C2C2=CC=CC=C21,4,NC1=CC=C(CC2=CC=C(N)C=C2)C=C1,19.3,100,2,150,2,0,0,0,0,0,0,0,0,0,0,0,0,0,0,0,0,O=C1C2=CC=CC=C2C(C3=C1C=CC4=C3O[B-]5(OC6=C(C7=C(C(C8=CC=CC=C8C7=O)=O)C=C6)O5)O4)=O.[H+],2,,0,,0
CC(C)(C1=CC=C(OCC2CO2)C=C1)C1=CC=C(OCC2CO2)C=C1,227,O=P1(C(NC2=CN=CC=N2)C2=CC=C(C(NC3=NC=CN=C3)P3(=O)OC4=CC=CC=C4C4=CC=CC=C43)C=C2)OC2=CC=CC=C2C2=CC=CC=C21,4,NC1=CC=C(CC2=CC=C(N)C=C2)C=C1,19.1,100,2,150,2,0,0,0,0,0,0,0,0,0,0,0,0,0,0,0,0,O=C1C2=CC=CC=C2C(C3=C1C=CC4=C3O[B-]5(OC6=C(C7=C(C(C8=CC=CC=C8C7=O)=O)C=C6)O5)O4)=O.[H+],3,,0,,0
CC(C)(C1=CC=C(OCC2CO2)C=C1)C1=CC=C(OCC2CO2)C=C1,227,OC1=CC=C(/C=C/C2=CC=C(OP3(OC4=CC(O)=C(/C=C/C5=CC=C(O)C=C5)C=C4)=NP(OC6=CC(O)=C(CCC7=CC=C(O)C=C7)C=C6)(OC8=CC(O)=C(CCC9=CC=C(O)C=C9)C=C8)=NP(OC%10=CC=C(/C=C/C%11=CC=C(O)C=C%11)C(O)=C%10)(OC%12=CC=C(/C=C/C%13=CC=C(O)C=C%13)C(O)=C%12)=N3)C=C2O)C=C1,1,CCN(CC)CC,12,80,2,150,3,0,0,0,0,0,0,0,0,0,0,0,0,0,0,0,0,,0,,0,,0
CC(C)(C1=CC=C(OCC2CO2)C=C1)C1=CC=C(OCC2CO2)C=C1,227,OC1=CC=C(/C=C/C2=CC=C(OP3(OC4=CC(O)=C(/C=C/C5=CC=C(O)C=C5)C=C4)=NP(OC6=CC(O)=C(CCC7=CC=C(O)C=C7)C=C6)(OC8=CC(O)=C(CCC9=CC=C(O)C=C9)C=C8)=NP(OC%10=CC=C(/C=C/C%11=CC=C(O)C=C%11)C(O)=C%10)(OC%12=CC=C(/C=C/C%13=CC=C(O)C=C%13)C(O)=C%12)=N3)C=C2O)C=C1,2,CCN(CC)CC,11.8,80,2,150,3,0,0,0,0,0,0,0,0,0,0,0,0,0,0,0,0,,0,,0,,0
CC(C)(C1=CC=C(OCC2CO2)C=C1)C1=CC=C(OCC2CO2)C=C1,227,OC1=CC=C(/C=C/C2=CC=C(OP3(OC4=CC(O)=C(/C=C/C5=CC=C(O)C=C5)C=C4)=NP(OC6=CC(O)=C(CCC7=CC=C(O)C=C7)C=C6)(OC8=CC(O)=C(CCC9=CC=C(O)C=C9)C=C8)=NP(OC%10=CC=C(/C=C/C%11=CC=C(O)C=C%11)C(O)=C%10)(OC%12=CC=C(/C=C/C%13=CC=C(O)C=C%13)C(O)=C%12)=N3)C=C2O)C=C1,3,CCN(CC)CC,11.7,80,2,150,3,0,0,0,0,0,0,0,0,0,0,0,0,0,0,0,0,,0,,0,,0
CC(C)(C1=CC=C(OCC2CO2)C=C1)C1=CC=C(OCC2CO2)C=C1,227,OC1=CC=C(/C=C/C2=CC=C(OP3(OC4=CC(O)=C(/C=C/C5=CC=C(O)C=C5)C=C4)=NP(OC6=CC(O)=C(CCC7=CC=C(O)C=C7)C=C6)(OC8=CC(O)=C(CCC9=CC=C(O)C=C9)C=C8)=NP(OC%10=CC=C(/C=C/C%11=CC=C(O)C=C%11)C(O)=C%10)(OC%12=CC=C(/C=C/C%13=CC=C(O)C=C%13)C(O)=C%12)=N3)C=C2O)C=C1,0,CCN(CC)CC,12.1,80,2,150,3,0,0,0,0,0,0,0,0,0,0,0,0,0,0,0,0,,0,,0,,0
CC(C)(C1=CC=C(OCC2CO2)C=C1)C1=CC=C(OCC2CO2)C=C1,196,[H]N(C1=CC=C(N([H])C([H])(C2=CC=CO2)P2(=O)OC3=C(C=CC=C3)C3=C2C=CC=C3)C=C1)C([H])(C1=CC=CO1)P1(=O)OC2=C(C=CC=C2)C2=C1C=CC=C2,2,NC1=CC=C(CC2=CC=C(N)C=C2)C=C1,19.56,120,2,170,4,0,0,0,0,0,0,0,0,0,0,0,0,0,0,0,0,,0,,0,,0
CC(C)(C1=CC=C(OCC2CO2)C=C1)C1=CC=C(OCC2CO2)C=C1,196,[H]N(C1=CC=C(N([H])C([H])(C2=CC=CO2)P2(=O)OC3=C(C=CC=C3)C3=C2C=CC=C3)C=C1)C([H])(C1=CC=CO1)P1(=O)OC2=C(C=CC=C2)C2=C1C=CC=C2,3,NC1=CC=C(CC2=CC=C(N)C=C2)C=C1,19.24,120,2,170,4,0,0,0,0,0,0,0,0,0,0,0,0,0,0,0,0,,0,,0,,0
CC(C)(C1=CC=C(OCC2CO2)C=C1)C1=CC=C(OCC2CO2)C=C1,196,[H]N(C1=CC=C(N([H])C([H])(C2=CC=CO2)P2(=O)OC3=C(C=CC=C3)C3=C2C=CC=C3)C=C1)C([H])(C1=CC=CO1)P1(=O)OC2=C(C=CC=C2)C2=C1C=CC=C2,4,NC1=CC=C(CC2=CC=C(N)C=C2)C=C1,18.93,120,2,170,4,0,0,0,0,0,0,0,0,0,0,0,0,0,0,0,0,,0,,0,,0
CC(C)(C1=CC=C(OCC2CO2)C=C1)C1=CC=C(OCC2CO2)C=C1,196,[H]N(C1=CC=C(N([H])C([H])(C2=CC=CO2)P2(=O)OC3=C(C=CC=C3)C3=C2C=CC=C3)C=C1)C([H])(C1=CC=CO1)P1(=O)OC2=C(C=CC=C2)C2=C1C=CC=C2,5,NC1=CC=C(CC2=CC=C(N)C=C2)C=C1,18.62,120,2,170,4,0,0,0,0,0,0,0,0,0,0,0,0,0,0,0,0,,0,,0,,0
CC(C)(C1=CC=C(OCC2CO2)C=C1)C1=CC=C(OCC2CO2)C=C1,196,[H]N(C1=CC=C(N([H])C([H])(C2=CC=CO2)P2(=O)OC3=C(C=CC=C3)C3=C2C=CC=C3)C=C1)C([H])(C1=CC=CO1)P1(=O)OC2=C(C=CC=C2)C2=C1C=CC=C2,6,NC1=CC=C(CC2=CC=C(N)C=C2)C=C1,18.3,120,2,170,4,0,0,0,0,0,0,0,0,0,0,0,0,0,0,0,0,,0,,0,,0
CC(C)(C1=CC=C(OCC2CO2)C=C1)C1=CC=C(OCC2CO2)C=C1,196,[H]N(C1=CC=C(N([H])C([H])(C2=CC=CO2)P2(=O)OC3=C(C=CC=C3)C3=C2C=CC=C3)C=C1)C([H])(C1=CC=CO1)P1(=O)OC2=C(C=CC=C2)C2=C1C=CC=C2,0,NC1=CC=C(CC2=CC=C(N)C=C2)C=C1,20.1915403,120,2,170,4,0,0,0,0,0,0,0,0,0,0,0,0,0,0,0,0,,0,,0,,0
CC(C)(C1=CC=C(OCC2CO2)C=C1)C1=CC=C(OCC2CO2)C=C1,196,C1=NC=NC(NCCNC2=NC(NCCNC3=CC(NCCNC4=NC(NCCNC5=NC=NC=N5)=NC(NCCNC5=NC=NC=N5)=N4)=CC(NCCNC4=NC(NCCNC5=NC=NC=N5)=NC(NCCNC5=NC=NC=N5)=N4)=C3)=NC(NCCNC3=NC=NC=N3)=N2)=N1,10,NC1=CC=C(CC2=CC=C(N)C=C2)C=C1,18.18,120,2,170,4,0,0,0,0,0,0,0,0,0,0,0,0,0,0,0,0,,0,,0,,0
CC(C)(C1=CC=C(OCC2CO2)C=C1)C1=CC=C(OCC2CO2)C=C1,196,C1=NC=NC(NCCNC2=NC(NCCNC3=CC(NCCNC4=NC(NCCNC5=NC=NC=N5)=NC(NCCNC5=NC=NC=N5)=N4)=CC(NCCNC4=NC(NCCNC5=NC=NC=N5)=NC(NCCNC5=NC=NC=N5)=N4)=C3)=NC(NCCNC3=NC=NC=N3)=N2)=N1,0,NC1=CC=C(CC2=CC=C(N)C=C2)C=C1,20.1915403,120,2,170,4,0,0,0,0,0,0,0,0,0,0,0,0,0,0,0,0,,0,,0,,0
CC(C)(C1=CC=C(OCC2CO2)C=C1)C1=CC=C(OCC2CO2)C=C1,196,P(=O)([O-])([O-])[O-].[N+]([H])([H])([H])[H].[N+]([H])([H])([H])[H].[N+]([H])([H])([H])[H],10,NC1=CC=C(CC2=CC=C(N)C=C2)C=C1,18.18,120,2,170,4,0,0,0,0,0,0,0,0,0,0,0,0,0,0,0,0,,0,,0,,0
CC(C)(C1=CC=C(OCC2CO2)C=C1)C1=CC=C(OCC2CO2)C=C1,196,C1=NC=NC(NCCNC2=NC(NCCNC3=CC(NCCNC4=NC(NCCNC5=NC=NC=N5)=NC(NCCNC5=NC=NC=N5)=N4)=CC(NCCNC4=NC(NCCNC5=NC=NC=N5)=NC(NCCNC5=NC=NC=N5)=N4)=C3)=NC(NCCNC3=NC=NC=N3)=N2)=N1,1,NC1=CC=C(CC2=CC=C(N)C=C2)C=C1,18.18,120,2,170,4,0,0,0,0,0,0,0,0,0,0,0,0,0,0,0,0,P(=O)([O-])([O-])[O-].[N+]([H])([H])([H])[H].[N+]([H])([H])([H])[H].[N+]([H])([H])([H])[H],9,,0,,0
CC(C)(C1=CC=C(OCC2CO2)C=C1)C1=CC=C(OCC2CO2)C=C1,196,C1=NC=NC(NCCNC2=NC(NCCNC3=CC(NCCNC4=NC(NCCNC5=NC=NC=N5)=NC(NCCNC5=NC=NC=N5)=N4)=CC(NCCNC4=NC(NCCNC5=NC=NC=N5)=NC(NCCNC5=NC=NC=N5)=N4)=C3)=NC(NCCNC3=NC=NC=N3)=N2)=N1,1.5,NC1=CC=C(CC2=CC=C(N)C=C2)C=C1,18.18,120,2,170,4,0,0,0,0,0,0,0,0,0,0,0,0,0,0,0,0,P(=O)([O-])([O-])[O-].[N+]([H])([H])([H])[H].[N+]([H])([H])([H])[H].[N+]([H])([H])([H])[H],8.5,,0,,0
CC(C)(C1=CC=C(OCC2CO2)C=C1)C1=CC=C(OCC2CO2)C=C2,196,C1=NC=NC(NCCNC2=NC(NCCNC3=CC(NCCNC4=NC(NCCNC5=NC=NC=N5)=NC(NCCNC5=NC=NC=N5)=N4)=CC(NCCNC4=NC(NCCNC5=NC=NC=N5)=NC(NCCNC5=NC=NC=N5)=N4)=C3)=NC(NCCNC3=NC=NC=N3)=N2)=N1,1.7,NC1=CC=C(CC2=CC=C(N)C=C2)C=C1,18.18,120,2,170,4,0,0,0,0,0,0,0,0,0,0,0,0,0,0,0,0,P(=O)([O-])([O-])[O-].[N+]([H])([H])([H])[H].[N+]([H])([H])([H])[H].[N+]([H])([H])([H])[H],8.3,,0,,0
CC(C)(C1=CC=C(OCC2CO2)C=C1)C1=CC=C(OCC2CO2)C=C3,196,C1=NC=NC(NCCNC2=NC(NCCNC3=CC(NCCNC4=NC(NCCNC5=NC=NC=N5)=NC(NCCNC5=NC=NC=N5)=N4)=CC(NCCNC4=NC(NCCNC5=NC=NC=N5)=NC(NCCNC5=NC=NC=N5)=N4)=C3)=NC(NCCNC3=NC=NC=N3)=N2)=N1,2,NC1=CC=C(CC2=CC=C(N)C=C2)C=C1,18.18,120,2,170,4,0,0,0,0,0,0,0,0,0,0,0,0,0,0,0,0,P(=O)([O-])([O-])[O-].[N+]([H])([H])([H])[H].[N+]([H])([H])([H])[H].[N+]([H])([H])([H])[H],8,,0,,0
CC(C)(C1=CC=C(OCC2CO2)C=C1)C1=CC=C(OCC2CO2)C=C4,196,C1=NC=NC(NCCNC2=NC(NCCNC3=CC(NCCNC4=NC(NCCNC5=NC=NC=N5)=NC(NCCNC5=NC=NC=N5)=N4)=CC(NCCNC4=NC(NCCNC5=NC=NC=N5)=NC(NCCNC5=NC=NC=N5)=N4)=C3)=NC(NCCNC3=NC=NC=N3)=N2)=N1,2.5,NC1=CC=C(CC2=CC=C(N)C=C2)C=C2,18.18,120,2,170,4,0,0,0,0,0,0,0,0,0,0,0,0,0,0,0,0,P(=O)([O-])([O-])[O-].[N+]([H])([H])([H])[H].[N+]([H])([H])([H])[H].[N+]([H])([H])([H])[H],7.5,,0,,0
CC(C)(C1=CC=C(OCC2CO2)C=C1)C1=CC=C(OCC2CO2)C=C5,196,C1=NC=NC(NCCNC2=NC(NCCNC3=CC(NCCNC4=NC(NCCNC5=NC=NC=N5)=NC(NCCNC5=NC=NC=N5)=N4)=CC(NCCNC4=NC(NCCNC5=NC=NC=N5)=NC(NCCNC5=NC=NC=N5)=N4)=C3)=NC(NCCNC3=NC=NC=N3)=N2)=N1,3,NC1=CC=C(CC2=CC=C(N)C=C2)C=C3,18.18,120,2,170,4,0,0,0,0,0,0,0,0,0,0,0,0,0,0,0,0,P(=O)([O-])([O-])[O-].[N+]([H])([H])([H])[H].[N+]([H])([H])([H])[H].[N+]([H])([H])([H])[H],7,,0,,0
CC(C)(C1=CC=C(OCC2CO2)C=C1)C1=CC=C(OCC2CO2)C=C6,196,C1=NC=NC(NCCNC2=NC(NCCNC3=CC(NCCNC4=NC(NCCNC5=NC=NC=N5)=NC(NCCNC5=NC=NC=N5)=N4)=CC(NCCNC4=NC(NCCNC5=NC=NC=N5)=NC(NCCNC5=NC=NC=N5)=N4)=C3)=NC(NCCNC3=NC=NC=N3)=N2)=N1,4,NC1=CC=C(CC2=CC=C(N)C=C2)C=C4,18.18,120,2,170,4,0,0,0,0,0,0,0,0,0,0,0,0,0,0,0,0,P(=O)([O-])([O-])[O-].[N+]([H])([H])([H])[H].[N+]([H])([H])([H])[H].[N+]([H])([H])([H])[H],6,,0,,0
CC(C)(C1=CC=C(OCC2CO2)C=C1)C1=CC=C(OCC2CO2)C=C1,227,O=P(CCP(=O)(C1=CC=CC=C1)C1=CC=CC=C1)(C1=CC=CC=C1)C1=CC=CC=C1,2.1,NC1=CC=C(S(=O)(=O)C2=CC=C(N)C=C2)C=C1,21.64,120,2,180,2,0,0,0,0,0,0,0,0,0,0,0,0,0,0,0,0,,0,,0,,0
CC(C)(C1=CC=C(OCC2CO2)C=C1)C1=CC=C(OCC2CO2)C=C1,227,O=P(CCP(=O)(C1=CC=CC=C1)C1=CC=CC=C1)(C1=CC=CC=C1)C1=CC=CC=C1,4.2,NC1=CC=C(S(=O)(=O)C2=CC=C(N)C=C2)C=C1,21.06,120,2,180,2,0,0,0,0,0,0,0,0,0,0,0,0,0,0,0,0,,0,,0,,0
CC(C)(C1=CC=C(OCC2CO2)C=C1)C1=CC=C(OCC2CO2)C=C1,227,O=P(CCP(=O)(C1=CC=CC=C1)C1=CC=CC=C1)(C1=CC=CC=C1)C1=CC=CC=C1,6.25,NC1=CC=C(S(=O)(=O)C2=CC=C(N)C=C2)C=C1,20.49,120,2,180,2,0,0,0,0,0,0,0,0,0,0,0,0,0,0,0,0,,0,,0,,0
CC(C)(C1=CC=C(OCC2CO2)C=C1)C1=CC=C(OCC2CO2)C=C1,227,O=P(CCP(=O)(C1=CC=CC=C1)C1=CC=CC=C1)(C1=CC=CC=C1)C1=CC=CC=C1,8.3,NC1=CC=C(S(=O)(=O)C2=CC=C(N)C=C2)C=C1,19.91,120,2,180,2,0,0,0,0,0,0,0,0,0,0,0,0,0,0,0,0,,0,,0,,0
CC(C)(C1=CC=C(OCC2CO2)C=C1)C1=CC=C(OCC2CO2)C=C1,227,O=P(CCP(=O)(C1=CC=CC=C1)C1=CC=CC=C1)(C1=CC=CC=C1)C1=CC=CC=C1,10.4,NC1=CC=C(S(=O)(=O)C2=CC=C(N)C=C2)C=C1,19.34,120,2,180,2,0,0,0,0,0,0,0,0,0,0,0,0,0,0,0,0,,0,,0,,0
CC(C)(C1=CC=C(OCC2CO2)C=C1)C1=CC=C(OCC2CO2)C=C1,227,O=P(CCP(=O)(C1=CC=CC=C1)C1=CC=CC=C1)(C1=CC=CC=C1)C1=CC=CC=C1,0,NC1=CC=C(S(=O)(=O)C2=CC=C(N)C=C2)C=C1,22.2092571,120,2,180,2,0,0,0,0,0,0,0,0,0,0,0,0,0,0,0,0,,0,,0,,0
CC(C)(C1=CC=C(OCC2CO2)C=C1)C1=CC=C(OCC2CO2)C=C1,227,O=P1(CC(C2=CC=CC=C2)P2(=O)OC3=CC=CC=C3C3=C2C=CC=C3)OC2=C(C=CC=C2)C2=C1C=CC=C2,2.6,NC1=CC=C(S(=O)(=O)C2=CC=C(N)C=C2)C=C1,21.79,120,2,180,2,0,0,0,0,0,0,0,0,0,0,0,0,0,0,0,0,,0,,0,,0
CC(C)(C1=CC=C(OCC2CO2)C=C1)C1=CC=C(OCC2CO2)C=C1,227,O=P1(CC(C2=CC=CC=C2)P2(=O)OC3=CC=CC=C3C3=C2C=CC=C3)OC2=C(C=CC=C2)C2=C1C=CC=C2,5.2,NC1=CC=C(S(=O)(=O)C2=CC=C(N)C=C2)C=C1,21.21,120,2,180,2,0,0,0,0,0,0,0,0,0,0,0,0,0,0,0,0,,0,,0,,0
CC(C)(C1=CC=C(OCC2CO2)C=C1)C1=CC=C(OCC2CO2)C=C1,227,O=P1(CC(C2=CC=CC=C2)P2(=O)OC3=CC=CC=C3C3=C2C=CC=C3)OC2=C(C=CC=C2)C2=C1C=CC=C2,7.75,NC1=CC=C(S(=O)(=O)C2=CC=C(N)C=C2)C=C1,20.72,120,2,180,2,0,0,0,0,0,0,0,0,0,0,0,0,0,0,0,0,,0,,0,,0
CC(C)(C1=CC=C(OCC2CO2)C=C1)C1=CC=C(OCC2CO2)C=C1,227,O=P1(CC(C2=CC=CC=C2)P2(=O)OC3=CC=CC=C3C3=C2C=CC=C3)OC2=C(C=CC=C2)C2=C1C=CC=C2,10.3,NC1=CC=C(S(=O)(=O)C2=CC=C(N)C=C2)C=C1,20.22,120,2,180,2,0,0,0,0,0,0,0,0,0,0,0,0,0,0,0,0,,0,,0,,0
CC(C)(C1=CC=C(OCC2CO2)C=C1)C1=CC=C(OCC2CO2)C=C1,227,O=P1(CC(C2=CC=CC=C2)P2(=O)OC3=CC=CC=C3C3=C2C=CC=C3)OC2=C(C=CC=C2)C2=C1C=CC=C2,12.9,NC1=CC=C(S(=O)(=O)C2=CC=C(N)C=C2)C=C1,19.72,120,2,180,2,0,0,0,0,0,0,0,0,0,0,0,0,0,0,0,0,,0,,0,,0
CC(C)(C1=CC=C(OCC2CO2)C=C1)C1=CC=C(OCC2CO2)C=C1,227,C1=CC=C(OP2(OC3=CC=CC=C3)=NP(OC3=CC=CC=C3)(OC3=CC=CC=C3)=NP(OC3=CC=CC=C3)(OC3=CC=CC=C3)=N2)C=C1,2.24,NC1=CC=C(S(=O)(=O)C2=CC=C(N)C=C2)C=C1,21.71,120,2,180,2,0,0,0,0,0,0,0,0,0,0,0,0,0,0,0,0,,0,,0,,0
CC(C)(C1=CC=C(OCC2CO2)C=C1)C1=CC=C(OCC2CO2)C=C1,227,C1=CC=C(OP2(OC3=CC=CC=C3)=NP(OC3=CC=CC=C3)(OC3=CC=CC=C3)=NP(OC3=CC=CC=C3)(OC3=CC=CC=C3)=N2)C=C1,4.49,NC1=CC=C(S(=O)(=O)C2=CC=C(N)C=C2)C=C1,21.21,120,2,180,2,0,0,0,0,0,0,0,0,0,0,0,0,0,0,0,0,,0,,0,,0
CC(C)(C1=CC=C(OCC2CO2)C=C1)C1=CC=C(OCC2CO2)C=C1,227,C1=CC=C(OP2(OC3=CC=CC=C3)=NP(OC3=CC=CC=C3)(OC3=CC=CC=C3)=NP(OC3=CC=CC=C3)(OC3=CC=CC=C3)=N2)C=C1,6.73,NC1=CC=C(S(=O)(=O)C2=CC=C(N)C=C2)C=C1,20.72,120,2,180,2,0,0,0,0,0,0,0,0,0,0,0,0,0,0,0,0,,0,,0,,0
CC(C)(C1=CC=C(OCC2CO2)C=C1)C1=CC=C(OCC2CO2)C=C1,227,C1=CC=C(OP2(OC3=CC=CC=C3)=NP(OC3=CC=CC=C3)(OC3=CC=CC=C3)=NP(OC3=CC=CC=C3)(OC3=CC=CC=C3)=N2)C=C1,8.91,NC1=CC=C(S(=O)(=O)C2=CC=C(N)C=C2)C=C1,20.22,120,2,180,2,0,0,0,0,0,0,0,0,0,0,0,0,0,0,0,0,,0,,0,,0
CC(C)(C1=CC=C(OCC2CO2)C=C1)C1=CC=C(OCC2CO2)C=C1,227,C1=CC=C(OP2(OC3=CC=CC=C3)=NP(OC3=CC=CC=C3)(OC3=CC=CC=C3)=NP(OC3=CC=CC=C3)(OC3=CC=CC=C3)=N2)C=C1,11.21,NC1=CC=C(S(=O)(=O)C2=CC=C(N)C=C2)C=C1,19.72,120,2,180,2,0,0,0,0,0,0,0,0,0,0,0,0,0,0,0,0,,0,,0,,0
CC(C)(C1=CC=C(OCC2CO2)C=C1)C1=CC=C(OCC2CO2)C=C1,227,NS(=O)(C1=CC=C(C=C1)NP2(OCC3(CO2)COP(Cl)(OC3)=O)=O)=O,2,NC1=CC=C(CC2=CC=C(N)C=C2)C=C1,19.6,120,2,150,4,0,0,0,0,0,0,0,0,0,0,0,0,0,0,0,0,,0,,0,,0
CC(C)(C1=CC=C(OCC2CO2)C=C1)C1=CC=C(OCC2CO2)C=C1,227,NS(=O)(C1=CC=C(C=C1)NP2(OCC3(CO2)COP(Cl)(OC3)=O)=O)=O,5,NC1=CC=C(CC2=CC=C(N)C=C2)C=C1,19,120,2,150,4,0,0,0,0,0,0,0,0,0,0,0,0,0,0,0,0,,0,,0,,0
CC(C)(C1=CC=C(OCC2CO2)C=C1)C1=CC=C(OCC2CO2)C=C1,227,NS(=O)(C1=CC=C(C=C1)NP2(OCC3(CO2)COP(Cl)(OC3)=O)=O)=O,8,NC1=CC=C(CC2=CC=C(N)C=C2)C=C1,18.4,120,2,150,4,0,0,0,0,0,0,0,0,0,0,0,0,0,0,0,0,,0,,0,,0
CC(C)(C1=CC=C(OCC2CO2)C=C1)C1=CC=C(OCC2CO2)C=C1,227,NS(=O)(C1=CC=C(C=C1)NP2(OCC3(CO2)COP(Cl)(OC3)=O)=O)=O,10,NC1=CC=C(CC2=CC=C(N)C=C2)C=C1,18,120,2,150,4,0,0,0,0,0,0,0,0,0,0,0,0,0,0,0,0,,0,,0,,0
CC(C)(C1=CC=C(OCC2CO2)C=C1)C1=CC=C(OCC2CO2)C=C1,227,NS(=O)(C1=CC=C(C=C1)NP2(OCC3(CO2)COP(Cl)(OC3)=O)=O)=O,15,NC1=CC=C(CC2=CC=C(N)C=C2)C=C1,17,120,2,150,4,0,0,0,0,0,0,0,0,0,0,0,0,0,0,0,0,,0,,0,,0
CC(C)(C1=CC=C(OCC2CO2)C=C1)C1=CC=C(OCC2CO2)C=C1,227,NS(=O)(C1=CC=C(C=C1)NP2(OCC3(CO2)COP(Cl)(OC3)=O)=O)=O,0,NC1=CC=C(CC2=CC=C(N)C=C2)C=C1,20,120,2,150,4,0,0,0,0,0,0,0,0,0,0,0,0,0,0,0,0,,0,,0,,0
CC(C)(C1=CC=C(OCC2CO2)C=C1)C1=CC=C(OCC2CO2)C=C1,227,O=P1(OC2=C(C3=CC=CC=C31)C=CC=C2)C(C4=C(C=CC=C4)O)NC5=CC=C(C=C5)S(=O)(C6=CC=C(C=C6)NC(P7(OC8=C(C9=C7C=CC=C9)C=CC=C8)=O)C%10=CC=CC=C%10O)=O,3,NC1=CC=C(CC2=CC=C(N)C=C2)C=C1,16.9,120,2,160,2,0,0,0,0,0,0,0,0,0,0,0,0,0,0,0,0,,0,,0,,0
CC(C)(C1=CC=C(OCC2CO2)C=C1)C1=CC=C(OCC2CO2)C=C1,227,O=P1(OC2=C(C3=CC=CC=C31)C=CC=C2)C(C4=C(C=CC=C4)O)NC5=CC=C(C=C5)S(=O)(C6=CC=C(C=C6)NC(P7(OC8=C(C9=C7C=CC=C9)C=CC=C8)=O)C%10=CC=CC=C%10O)=O,6,NC1=CC=C(CC2=CC=C(N)C=C2)C=C1,15.3,120,2,160,2,0,0,0,0,0,0,0,0,0,0,0,0,0,0,0,0,,0,,0,,0
CC(C)(C1=CC=C(OCC2CO2)C=C1)C1=CC=C(OCC2CO2)C=C1,227,O=P1(OC2=C(C3=CC=CC=C31)C=CC=C2)C(C4=C(C=CC=C4)O)NC5=CC=C(C=C5)S(=O)(C6=CC=C(C=C6)NC(P7(OC8=C(C9=C7C=CC=C9)C=CC=C8)=O)C%10=CC=CC=C%10O)=O,9,NC1=CC=C(CC2=CC=C(N)C=C2)C=C1,14.8,120,2,160,2,0,0,0,0,0,0,0,0,0,0,0,0,0,0,0,0,,0,,0,,0
CC(C)(C1=CC=C(OCC2CO2)C=C1)C1=CC=C(OCC2CO2)C=C1,227,O=P1(OC2=C(C3=CC=CC=C31)C=CC=C2)C(C4=C(C=CC=C4)O)NC5=CC=C(C=C5)S(=O)(C6=CC=C(C=C6)NC(P7(OC8=C(C9=C7C=CC=C9)C=CC=C8)=O)C%10=CC=CC=C%10O)=O,0,NC1=CC=C(CC2=CC=C(N)C=C2)C=C1,18.03278689,120,2,160,2,0,0,0,0,0,0,0,0,0,0,0,0,0,0,0,0,,0,,0,,0
CC(C)(C1=CC=C(OCC2CO2)C=C1)C1=CC=C(OCC2CO2)C=C1,185,CO[Si](CCCOCC(O)CNCCNP(=O)(NCCNCC(C)COCCC[Si](O)(O)O)C1=CC=CC=C1)(OC)OC,10,CO[Si](CCCOCC(O)CNCCNP(=O)(NCCNCC(C)COCCC[Si](O)(O)O)C1=CC=CC=C1)(OC)OC,10,120,2,0,0,0,0,0,0,0,0,0,0,0,0,0,0,0,0,0,0,,0,,0,,0
CC(C)(C1=CC=C(OCC2CO2)C=C1)C1=CC=C(OCC2CO2)C=C1,185,CO[Si](CCCOCC(O)CNCCNP(=O)(NCCNCC(C)COCCC[Si](O)(O)O)C1=CC=CC=C1)(OC)OC,20,CO[Si](CCCOCC(O)CNCCNP(=O)(NCCNCC(C)COCCC[Si](O)(O)O)C1=CC=CC=C1)(OC)OC,20,120,2,0,0,0,0,0,0,0,0,0,0,0,0,0,0,0,0,0,0,,0,,0,,0
CC(C)(C1=CC=C(OCC2CO2)C=C1)C1=CC=C(OCC2CO2)C=C1,185,CO[Si](CCCOCC(O)CNCCNP(=O)(NCCNCC(C)COCCC[Si](O)(O)O)C1=CC=CC=C1)(OC)OC,30,CO[Si](CCCOCC(O)CNCCNP(=O)(NCCNCC(C)COCCC[Si](O)(O)O)C1=CC=CC=C1)(OC)OC,30,120,2,0,0,0,0,0,0,0,0,0,0,0,0,0,0,0,0,0,0,,0,,0,,0
CC(C)(C1=CC=C(OCC2CO2)C=C1)C1=CC=C(OCC2CO2)C=C1,185,CO[Si](CCCOCC(O)CNCCNP(=O)(NCCNCC(C)COCCC[Si](O)(O)O)C1=CC=CC=C1)(OC)OC,40,CO[Si](CCCOCC(O)CNCCNP(=O)(NCCNCC(C)COCCC[Si](O)(O)O)C1=CC=CC=C1)(OC)OC,40,120,2,0,0,0,0,0,0,0,0,0,0,0,0,0,0,0,0,0,0,,0,,0,,0
CC(C)(C1=CC=C(OCC2CO2)C=C1)C1=CC=C(OCC2CO2)C=C1,188,CC1(COP(NC(NCCCCCCNC(NP2(OCC(C)(C)CO2)=O)=S)=S)(OC1)=O)C,4.32,NC1=CC=C(S(=O)(=O)C2=CC=C(N)C=C2)C=C1,23.66,120,2,150,2,180,2,0,0,0,0,0,0,0,0,0,0,0,0,0,0,,0,,0,,0
CC(C)(C1=CC=C(OCC2CO2)C=C1)C1=CC=C(OCC2CO2)C=C1,188,CC1(COP(NC(NCCCCCCNC(NP2(OCC(C)(C)CO2)=O)=S)=S)(OC1)=O)C,8.55,NC1=CC=C(S(=O)(=O)C2=CC=C(N)C=C2)C=C1,22.62,120,2,150,2,180,2,0,0,0,0,0,0,0,0,0,0,0,0,0,0,,0,,0,,0
CC(C)(C1=CC=C(OCC2CO2)C=C1)C1=CC=C(OCC2CO2)C=C1,188,CC1(COP(NC(NCCCCCCNC(NP2(OCC(C)(C)CO2)=O)=S)=S)(OC1)=O)C,12.84,NC1=CC=C(S(=O)(=O)C2=CC=C(N)C=C2)C=C1,21.56,120,2,150,2,180,2,0,0,0,0,0,0,0,0,0,0,0,0,0,0,,0,,0,,0
CC(C)(C1=CC=C(OCC2CO2)C=C1)C1=CC=C(OCC2CO2)C=C1,188,CC1(COP(NC(NCCCCCCNC(NP2(OCC(C)(C)CO2)=O)=S)=S)(OC1)=O)C,0,NC1=CC=C(S(=O)(=O)C2=CC=C(N)C=C2)C=C1,24.7311828,120,2,150,2,180,2,0,0,0,0,0,0,0,0,0,0,0,0,0,0,,0,,0,,0
CC(C)(C1=CC=C(OCC2CO2)C=C1)C1=CC=C(OCC2CO2)C=C1,227,[H]P([O-])(C1=CC=CC=C1)=O.[NH3+]C2=NC(N)=NC(N)=N2,5,NC1=CC=C(S(=O)(=O)C2=CC=C(N)C=C2)C=C1,19,90,3,160,2,0,0,0,0,0,0,0,0,0,0,0,0,0,0,0,0,,0,,0,,0
CC(C)(C1=CC=C(OCC2CO2)C=C1)C1=CC=C(OCC2CO2)C=C1,227,[H]P([O-])(C1=CC=CC=C1)=O.[NH3+]C2=NC(N)=NC(N)=N2,7.5,NC1=CC=C(S(=O)(=O)C2=CC=C(N)C=C2)C=C1,18.5,90,3,160,2,0,0,0,0,0,0,0,0,0,0,0,0,0,0,0,0,,0,,0,,0
CC(C)(C1=CC=C(OCC2CO2)C=C1)C1=CC=C(OCC2CO2)C=C1,227,[H]P([O-])(C1=CC=CC=C1)=O.[NH3+]C2=NC(N)=NC(N)=N2,10,NC1=CC=C(S(=O)(=O)C2=CC=C(N)C=C2)C=C1,18,90,3,160,2,0,0,0,0,0,0,0,0,0,0,0,0,0,0,0,0,,0,,0,,0
CC(C)(C1=CC=C(OCC2CO2)C=C1)C1=CC=C(OCC2CO2)C=C1,227,[H]P([O-])(C1=CC=CC=C1)=O.[NH3+]C2=NC(N)=NC(N)=N2,0,NC1=CC=C(S(=O)(=O)C2=CC=C(N)C=C2)C=C1,20,90,3,160,2,0,0,0,0,0,0,0,0,0,0,0,0,0,0,0,0,,0,,0,,0
CC(C)(C1=CC=C(OCC2CO2)C=C1)C1=CC=C(OCC2CO2)C=C1,227,O=C(C1=CC=CC=C1)C1=CC=C(OP2(=O)OCC3(CO2)COP(=O)(OC2=CC(O)=C(C(=O)C4=CC=CC=C4)C=C2)OC3)C=C1O,10,NC1=CC=C(CC2=CC=C(N)C=C2)C=C1,18.18,100,2,120,2,150,2,0,0,0,0,0,0,0,0,0,0,0,0,0,0,,0,,0,,0
CC(C)(C1=CC=C(OCC2CO2)C=C1)C1=CC=C(OCC2CO2)C=C1,227,O=C(C1=CC=CC=C1)C1=CC=C(OP2(=O)OCC3(CO2)COP(=O)(OC2=CC(O)=C(C(=O)C4=CC=CC=C4)C=C2)OC3)C=C1O,15,NC1=CC=C(CC2=CC=C(N)C=C2)C=C1,17.39,100,2,120,2,150,2,0,0,0,0,0,0,0,0,0,0,0,0,0,0,,0,,0,,0
CC(C)(C1=CC=C(OCC2CO2)C=C1)C1=CC=C(OCC2CO2)C=C1,227,O=C(C1=CC=CC=C1)C1=CC=C(OP2(=O)OCC3(CO2)COP(=O)(OC2=CC(O)=C(C(=O)C4=CC=CC=C4)C=C2)OC3)C=C1O,20,NC1=CC=C(CC2=CC=C(N)C=C2)C=C1,16.67,100,2,120,2,150,2,0,0,0,0,0,0,0,0,0,0,0,0,0,0,,0,,0,,0
CC(C)(C1=CC=C(OCC2CO2)C=C1)C1=CC=C(OCC2CO2)C=C1,227,O=C(C1=CC=CC=C1)C1=CC=C(OP2(=O)OCC3(CO2)COP(=O)(OC2=CC(O)=C(C(=O)C4=CC=CC=C4)C=C2)OC3)C=C1O,0,NC1=CC=C(CC2=CC=C(N)C=C2)C=C1,20,100,2,120,2,150,2,0,0,0,0,0,0,0,0,0,0,0,0,0,0,,0,,0,,0
CC(C)(C1=CC=C(OCC2CO2)C=C1)C1=CC=C(OCC2CO2)C=C1,188,O=P1(OC2=C(C3=C1C=CC=C3)C=CC=C2)C(C4=CNC=N4)NC5=NC6=C(S5)C=CC=C6,3.6,NC1=CC=C(S(=O)(=O)C2=CC=C(N)C=C2)C=C1,23.09,160,2,180,4,0,0,0,0,0,0,0,0,0,0,0,0,0,0,0,0,,0,,0,,0
CC(C)(C1=CC=C(OCC2CO2)C=C1)C1=CC=C(OCC2CO2)C=C1,188,O=P1(OC2=C(C3=C1C=CC=C3)C=CC=C2)C(C4=CNC=N4)NC5=NC6=C(S5)C=CC=C6,7.1,NC1=CC=C(S(=O)(=O)C2=CC=C(N)C=C2)C=C1,21.48,160,2,180,4,0,0,0,0,0,0,0,0,0,0,0,0,0,0,0,0,,0,,0,,0
CC(C)(C1=CC=C(OCC2CO2)C=C1)C1=CC=C(OCC2CO2)C=C1,188,O=P1(OC2=C(C3=C1C=CC=C3)C=CC=C2)C(C4=CNC=N4)NC5=NC6=C(S5)C=CC=C6,10.8,NC1=CC=C(S(=O)(=O)C2=CC=C(N)C=C2)C=C1,19.85,160,2,180,4,0,0,0,0,0,0,0,0,0,0,0,0,0,0,0,0,,0,,0,,0
CC(C)(C1=CC=C(OCC2CO2)C=C1)C1=CC=C(OCC2CO2)C=C1,188,O=P1(OC2=C(C3=C1C=CC=C3)C=CC=C2)C(C4=CNC=N4)NC5=NC6=C(S5)C=CC=C6,14.3,NC1=CC=C(S(=O)(=O)C2=CC=C(N)C=C2)C=C1,18.22,160,2,180,4,0,0,0,0,0,0,0,0,0,0,0,0,0,0,0,0,,0,,0,,0
CC(C)(C1=CC=C(OCC2CO2)C=C1)C1=CC=C(OCC2CO2)C=C1,188,O=P1(OC2=C(C3=C1C=CC=C3)C=CC=C2)C(C4=CNC=N4)NC5=NC6=C(S5)C=CC=C6,0,NC1=CC=C(S(=O)(=O)C2=CC=C(N)C=C2)C=C1,24.81203008,160,2,180,4,0,0,0,0,0,0,0,0,0,0,0,0,0,0,0,0,,0,,0,,0
CC(C)(C1=CC=C(OCC2CO2)C=C1)C1=CC=C(OCC2CO2)C=C1,227,[O-]P([O-])(OC1C(OP([O-])([O-])=O)C(OP([O-])([O-])=O)C(OP([O-])([O-])=O)C(OP([O-])([O-])=O)C1OP([O-])([O-])=O)=O.[NH3+]CCN2CC[NH2+]CC2.[NH3+]CCN3CC[NH2+]CC3.[NH3+]CCN4CC[NH2+]CC4.[NH3+]CCN5CC[NH2+]CC5.[NH3+]CCN6CC[NH2+]CC6.[NH3+]CCN7CC[NH2+]CC7,15,[O-]P([O-])(OC1C(OP([O-])([O-])=O)C(OP([O-])([O-])=O)C(OP([O-])([O-])=O)C(OP([O-])([O-])=O)C1OP([O-])([O-])=O)=O.[NH3+]CCN2CC[NH2+]CC2.[NH3+]CCN3CC[NH2+]CC3.[NH3+]CCN4CC[NH2+]CC4.[NH3+]CCN5CC[NH2+]CC5.[NH3+]CCN6CC[NH2+]CC6.[NH3+]CCN7CC[NH2+]CC7,15,200,15,0,0,0,0,0,0,0,0,0,0,0,0,0,0,0,0,0,0,,0,,0,,0
CC(C)(C1=CC=C(OCC2CO2)C=C1)C1=CC=C(OCC2CO2)C=C1,227,[O-]P([O-])(OC1C(OP([O-])([O-])=O)C(OP([O-])([O-])=O)C(OP([O-])([O-])=O)C(OP([O-])([O-])=O)C1OP([O-])([O-])=O)=O.[NH3+]CCN2CC[NH2+]CC2.[NH3+]CCN3CC[NH2+]CC3.[NH3+]CCN4CC[NH2+]CC4.[NH3+]CCN5CC[NH2+]CC5.[NH3+]CCN6CC[NH2+]CC6.[NH3+]CCN7CC[NH2+]CC7,20,[O-]P([O-])(OC1C(OP([O-])([O-])=O)C(OP([O-])([O-])=O)C(OP([O-])([O-])=O)C(OP([O-])([O-])=O)C1OP([O-])([O-])=O)=O.[NH3+]CCN2CC[NH2+]CC2.[NH3+]CCN3CC[NH2+]CC3.[NH3+]CCN4CC[NH2+]CC4.[NH3+]CCN5CC[NH2+]CC5.[NH3+]CCN6CC[NH2+]CC6.[NH3+]CCN7CC[NH2+]CC7,20,200,12,0,0,0,0,0,0,0,0,0,0,0,0,0,0,0,0,0,0,,0,,0,,0
CC(C)(C1=CC=C(OCC2CO2)C=C1)C1=CC=C(OCC2CO2)C=C1,227,[O-]P([O-])(OC1C(OP([O-])([O-])=O)C(OP([O-])([O-])=O)C(OP([O-])([O-])=O)C(OP([O-])([O-])=O)C1OP([O-])([O-])=O)=O.[NH3+]CCN2CC[NH2+]CC2.[NH3+]CCN3CC[NH2+]CC3.[NH3+]CCN4CC[NH2+]CC4.[NH3+]CCN5CC[NH2+]CC5.[NH3+]CCN6CC[NH2+]CC6.[NH3+]CCN7CC[NH2+]CC7,25,[O-]P([O-])(OC1C(OP([O-])([O-])=O)C(OP([O-])([O-])=O)C(OP([O-])([O-])=O)C(OP([O-])([O-])=O)C1OP([O-])([O-])=O)=O.[NH3+]CCN2CC[NH2+]CC2.[NH3+]CCN3CC[NH2+]CC3.[NH3+]CCN4CC[NH2+]CC4.[NH3+]CCN5CC[NH2+]CC5.[NH3+]CCN6CC[NH2+]CC6.[NH3+]CCN7CC[NH2+]CC7,25,200,10,0,0,0,0,0,0,0,0,0,0,0,0,0,0,0,0,0,0,,0,,0,,0
CC(C)(C1=CC=C(OCC2CO2)C=C1)C1=CC=C(OCC2CO2)C=C1,227,[O-]P([O-])(OC1C(OP([O-])([O-])=O)C(OP([O-])([O-])=O)C(OP([O-])([O-])=O)C(OP([O-])([O-])=O)C1OP([O-])([O-])=O)=O.[NH3+]CCN2CC[NH2+]CC2.[NH3+]CCN3CC[NH2+]CC3.[NH3+]CCN4CC[NH2+]CC4.[NH3+]CCN5CC[NH2+]CC5.[NH3+]CCN6CC[NH2+]CC6.[NH3+]CCN7CC[NH2+]CC7,0,NCCN1CCNCC1,20,150,4,0,0,0,0,0,0,0,0,0,0,0,0,0,0,0,0,0,0,,0,,0,,0
CC(C)(C1=CC=C(OCC2CO2)C=C1)C1=CC=C(OCC2CO2)C=C1,227,[NH3+]C1=NC(N)=NC(N)=N1.[NH3+]C2=NC(N)=NC(N)=N2.O=P([O-])(C3=CC=CC=C3)[O-],5,NC1=CC=C(CC2=CC=C(N)C=C2)C=C1,19,100,2,150,3,0,0,0,0,0,0,0,0,0,0,0,0,0,0,0,0,,0,,0,,0
CC(C)(C1=CC=C(OCC2CO2)C=C1)C1=CC=C(OCC2CO2)C=C1,227,[NH3+]C1=NC(N)=NC(N)=N1.[NH3+]C2=NC(N)=NC(N)=N2.O=P([O-])(C3=CC=CC=C3)[O-],10,NC1=CC=C(CC2=CC=C(N)C=C2)C=C1,18,100,2,150,3,0,0,0,0,0,0,0,0,0,0,0,0,0,0,0,0,,0,,0,,0
CC(C)(C1=CC=C(OCC2CO2)C=C1)C1=CC=C(OCC2CO2)C=C1,227,[NH3+]C1=NC(N)=NC(N)=N1.[NH3+]C2=NC(N)=NC(N)=N2.O=P([O-])(C3=CC=CC=C3)[O-],15,NC1=CC=C(CC2=CC=C(N)C=C2)C=C1,17,100,2,150,3,0,0,0,0,0,0,0,0,0,0,0,0,0,0,0,0,,0,,0,,0
CC(C)(C1=CC=C(OCC2CO2)C=C1)C1=CC=C(OCC2CO2)C=C1,227,[NH3+]C1=NC(N)=NC(N)=N1.[NH3+]C2=NC(N)=NC(N)=N2.O=P([O-])(C3=CC=CC=C3)[O-],18,NC1=CC=C(CC2=CC=C(N)C=C2)C=C1,16.4,100,2,150,3,0,0,0,0,0,0,0,0,0,0,0,0,0,0,0,0,,0,,0,,0
CC(C)(C1=CC=C(OCC2CO2)C=C1)C1=CC=C(OCC2CO2)C=C1,227,[NH3+]C1=NC(N)=NC(N)=N1.[NH3+]C2=NC(N)=NC(N)=N2.O=P([O-])(C3=CC=CC=C3)[O-],0,NC1=CC=C(CC2=CC=C(N)C=C2)C=C1,20,100,2,150,3,0,0,0,0,0,0,0,0,0,0,0,0,0,0,0,0,,0,,0,,0
CC(C)(C1=CC=C(OCC2CO2)C=C1)C1=CC=C(OCC2CO2)C=C1,188,O=P1(C(NC2=CC=C(NC(C3=CNC=N3)P3(=O)OC4=C(C=CC=C4)C4=C3C=CC=C4)C=C2)C2=CNC=N2)OC2=C(C=CC=C2)C2=C1C=CC=C2,2.8,NC1=CC=C(S(=O)(=O)C2=CC=C(N)C=C2)C=C1,23.3,160,2,180,5,0,0,0,0,0,0,0,0,0,0,0,0,0,0,0,0,,0,,0,,0
CC(C)(C1=CC=C(OCC2CO2)C=C1)C1=CC=C(OCC2CO2)C=C1,188,O=P1(C(NC2=CC=C(NC(C3=CNC=N3)P3(=O)OC4=C(C=CC=C4)C4=C3C=CC=C4)C=C2)C2=CNC=N2)OC2=C(C=CC=C2)C2=C1C=CC=C2,5.6,NC1=CC=C(S(=O)(=O)C2=CC=C(N)C=C2)C=C1,21.8,160,2,180,5,0,0,0,0,0,0,0,0,0,0,0,0,0,0,0,0,,0,,0,,0
CC(C)(C1=CC=C(OCC2CO2)C=C1)C1=CC=C(OCC2CO2)C=C1,188,O=P1(C(NC2=CC=C(NC(C3=CNC=N3)P3(=O)OC4=C(C=CC=C4)C4=C3C=CC=C4)C=C2)C2=CNC=N2)OC2=C(C=CC=C2)C2=C1C=CC=C2,8.4,NC1=CC=C(S(=O)(=O)C2=CC=C(N)C=C2)C=C1,20.4,160,2,180,5,0,0,0,0,0,0,0,0,0,0,0,0,0,0,0,0,,0,,0,,0
CC(C)(C1=CC=C(OCC2CO2)C=C1)C1=CC=C(OCC2CO2)C=C1,188,O=P1(C(NC2=CC=C(NC(C3=CNC=N3)P3(=O)OC4=C(C=CC=C4)C4=C3C=CC=C4)C=C2)C2=CNC=N2)OC2=C(C=CC=C2)C2=C1C=CC=C2,11.2,NC1=CC=C(S(=O)(=O)C2=CC=C(N)C=C2)C=C1,19,160,2,180,5,0,0,0,0,0,0,0,0,0,0,0,0,0,0,0,0,,0,,0,,0
CC(C)(C1=CC=C(OCC2CO2)C=C1)C1=CC=C(OCC2CO2)C=C1,188,O=P1(C(NC2=CC=C(NC(C3=CNC=N3)P3(=O)OC4=C(C=CC=C4)C4=C3C=CC=C4)C=C2)C2=CNC=N2)OC2=C(C=CC=C2)C2=C1C=CC=C2,0,NC1=CC=C(S(=O)(=O)C2=CC=C(N)C=C2)C=C1,24.8,160,2,180,5,0,0,0,0,0,0,0,0,0,0,0,0,0,0,0,0,,0,,0,,0
CC(C)(C1=CC=C(OCC2CO2)C=C1)C1=CC=C(OCC2CO2)C=C1,188,[H]P1(=O)OC2=C(C=CC=C2)C2=C1C=CC=C2,7,NC1=CC=C(S(=O)(=O)C2=CC=C(N)C=C2)C=C1,23.1,160,2,180,5,0,0,0,0,0,0,0,0,0,0,0,0,0,0,0,0,,0,,0,,0
CC(C)(C1=CC=C(OCC2CO2)C=C1)C1=CC=C(OCC2CO2)C=C1,188,O=P1(C(NC2=NC3=C(C=CC=C3)N2)C2=CC=C(C(NC3=NC4=C(C=CC=C4)N3)P3(=O)OC4=C(C=CC=C4)C4=C3C=CC=C4)C=C2)OC2=C(C=CC=C2)C2=C1C=CC=C2,3.2,NC1=CC=C(S(=O)(=O)C2=CC=C(N)C=C2)C=C1,23.18,160,2,180,5,230,2,0,0,0,0,0,0,0,0,0,0,0,0,0,0,,0,,0,,0
CC(C)(C1=CC=C(OCC2CO2)C=C1)C1=CC=C(OCC2CO2)C=C1,188,O=P1(C(NC2=NC3=C(C=CC=C3)N2)C2=CC=C(C(NC3=NC4=C(C=CC=C4)N3)P3(=O)OC4=C(C=CC=C4)C4=C3C=CC=C4)C=C2)OC2=C(C=CC=C2)C2=C1C=CC=C2,6.4,NC1=CC=C(S(=O)(=O)C2=CC=C(N)C=C2)C=C1,21.65,160,2,180,5,230,2,0,0,0,0,0,0,0,0,0,0,0,0,0,0,,0,,0,,0
CC(C)(C1=CC=C(OCC2CO2)C=C1)C1=CC=C(OCC2CO2)C=C1,188,O=P1(C(NC2=NC3=C(C=CC=C3)N2)C2=CC=C(C(NC3=NC4=C(C=CC=C4)N3)P3(=O)OC4=C(C=CC=C4)C4=C3C=CC=C4)C=C2)OC2=C(C=CC=C2)C2=C1C=CC=C2,9.6,NC1=CC=C(S(=O)(=O)C2=CC=C(N)C=C2)C=C1,20.1,160,2,180,5,230,2,0,0,0,0,0,0,0,0,0,0,0,0,0,0,,0,,0,,0
CC(C)(C1=CC=C(OCC2CO2)C=C1)C1=CC=C(OCC2CO2)C=C1,188,O=P1(C(NC2=NC3=C(C=CC=C3)N2)C2=CC=C(C(NC3=NC4=C(C=CC=C4)N3)P3(=O)OC4=C(C=CC=C4)C4=C3C=CC=C4)C=C2)OC2=C(C=CC=C2)C2=C1C=CC=C2,12.8,NC1=CC=C(S(=O)(=O)C2=CC=C(N)C=C2)C=C1,18.59,160,2,180,5,230,2,0,0,0,0,0,0,0,0,0,0,0,0,0,0,,0,,0,,0
CC(C)(C1=CC=C(OCC2CO2)C=C1)C1=CC=C(OCC2CO2)C=C1,188,O=P1(C(NC2=NC3=C(C=CC=C3)N2)C2=CC=C(C(NC3=NC4=C(C=CC=C4)N3)P3(=O)OC4=C(C=CC=C4)C4=C3C=CC=C4)C=C2)OC2=C(C=CC=C2)C2=C1C=CC=C2,0,NC1=CC=C(S(=O)(=O)C2=CC=C(N)C=C2)C=C1,24.81203008,160,2,180,5,230,2,0,0,0,0,0,0,0,0,0,0,0,0,0,0,,0,,0,,0
CC(C)(C1=CC=C(OCC2CO2)C=C1)C1=CC=C(OCC2CO2)C=C1,188,[H]P1(=O)OC2=C(C=CC=C2)C2=C1C=CC=C2,6.993006993,NC1=CC=C(S(=O)(=O)C2=CC=C(N)C=C2)C=C1,23.07692308,160,2,180,5,230,2,0,0,0,0,0,0,0,0,0,0,0,0,0,0,,0,,0,,0
C1=CC(OCC2CO2)=CC=C1CC1=CC=C(OCC2CO2)C=C1,170,NC1=CC=C(CC2=CC=C(NP(=O)(NC3=CC=C(CC4=CC=C(N)C=C4)C=C3)NC3=CC=C(CC4=CC=C(N)C=C4)C=C3)C=C2)C=C1,10,NC1=CC=C(CC2=CC=C(N)C=C2)C=C1,21.5,100,2,130,2,160,2,0,0,0,0,0,0,0,0,0,0,0,0,0,0,,0,,0,,0
C1=CC(OCC2CO2)=CC=C1CC1=CC=C(OCC2CO2)C=C1,170,NC1=CC=C(CC2=CC=C(NP(=O)(NC3=CC=C(CC4=CC=C(N)C=C4)C=C3)NC3=CC=C(CC4=CC=C(N)C=C4)C=C3)C=C2)C=C1,0,NC1=CC=C(CC2=CC=C(N)C=C2)C=C1,22.6,100,2,130,2,160,2,0,0,0,0,0,0,0,0,0,0,0,0,0,0,,0,,0,,0
C1=CC(OCC2CO2)=CC=C1CC1=CC=C(OCC2CO2)C=C1,170,NC1=CC=C(CC2=CC=C(NP(=O)(NC3=CC=C(CC4=CC=C(N)C=C4)C=C3)NC3=CC=C(CC4=CC=C(N)C=C4)C=C3)C=C2)C=C1,5,NC1=CC=C(CC2=CC=C(N)C=C2)C=C1,18.2,100,2,130,2,160,2,0,0,0,0,0,0,0,0,0,0,0,0,0,0,O[Si](C1=CC=CC=C1)(OC[Si](O[Si](CCCOCC2CO2)(O)O[Si](C3=CC=CC=C3)(C4=CC=CC=C4)O[Si](C)(O[Si](O)(O)CCCOCC5CO5)C)(C)C)C6=CC=CC=C6,5,,0,,0
C1=CC(OCC2CO2)=CC=C1CC1=CC=C(OCC2CO2)C=C1,170,O[Si](C1=CC=CC=C1)(OC[Si](O[Si](CCCOCC2CO2)(O)O[Si](C3=CC=CC=C3)(C4=CC=CC=C4)O[Si](C)(O[Si](O)(O)CCCOCC5CO5)C)(C)C)C6=CC=CC=C6,10,NC1=CC=C(CC2=CC=C(N)C=C2)C=C1,21.5,100,2,130,2,160,2,0,0,0,0,0,0,0,0,0,0,0,0,0,0,,0,,0,,0
CC(C)(C1=CC=C(OCC2CO2)C=C1)C1=CC=C(OCC2CO2)C=C1,196,O=C1CC(P2(=O)C3=C(C=CC=C3)NC3=C2C=CC=C3)C(=O)N1C1=CC=C(O)C=C1,0.5,NC1=CC=C(CC2=CC=C(N)C=C2)C=C1,19.98,80,1,150,2,180,2,200,2,0,0,0,0,0,0,0,0,0,0,0,0,C1=CC=C(P(C2=CC=CC=C2)C2=CC=CC=C2)C=C1,0.5,,0,,0
CC(C)(C1=CC=C(OCC2CO2)C=C1)C1=CC=C(OCC2CO2)C=C1,196,O=C1CC(P2(=O)C3=C(C=CC=C3)NC3=C2C=CC=C3)C(=O)N1C1=CC=C(O)C=C1,1,NC1=CC=C(CC2=CC=C(N)C=C2)C=C1,19.78,80,1,150,2,180,2,200,2,0,0,0,0,0,0,0,0,0,0,0,0,C1=CC=C(P(C2=CC=CC=C2)C2=CC=CC=C2)C=C1,0.5,,0,,0
CC(C)(C1=CC=C(OCC2CO2)C=C1)C1=CC=C(OCC2CO2)C=C1,196,O=C1CC(P2(=O)C3=C(C=CC=C3)NC3=C2C=CC=C3)C(=O)N1C1=CC=C(O)C=C1,1.5,NC1=CC=C(CC2=CC=C(N)C=C2)C=C1,19.58,80,1,150,2,180,2,200,2,0,0,0,0,0,0,0,0,0,0,0,0,C1=CC=C(P(C2=CC=CC=C2)C2=CC=CC=C2)C=C1,0.5,,0,,0
CC(C)(C1=CC=C(OCC2CO2)C=C1)C1=CC=C(OCC2CO2)C=C1,196,O=C1CC(P2(=O)C3=C(C=CC=C3)NC3=C2C=CC=C3)C(=O)N1C1=CC=C(O)C=C1,2,NC1=CC=C(CC2=CC=C(N)C=C2)C=C1,19.38,80,1,150,2,180,2,200,2,0,0,0,0,0,0,0,0,0,0,0,0,C1=CC=C(P(C2=CC=CC=C2)C2=CC=CC=C2)C=C1,0.5,,0,,0
CC(C)(C1=CC=C(OCC2CO2)C=C1)C1=CC=C(OCC2CO2)C=C1,196,O=C1CC(P2(=O)C3=C(C=CC=C3)NC3=C2C=CC=C3)C(=O)N1C1=CC=C(O)C=C1,0,NC1=CC=C(CC2=CC=C(N)C=C2)C=C1,20.12,80,1,150,2,180,2,200,2,0,0,0,0,0,0,0,0,0,0,0,0,,0,,0,,0
CC(C)(C1=CC=C(OCC2CO2)C=C1)C1=CC=C(OCC2CO2)C=C1,227,O=P(N1CCNCC1)(N2CCNCC2)OCP3(OC4=CC=CC=C4C5=C3C=CC=C5)=O,10,NC1=CC=C(CC2=CC=C(N)C=C2)C=C1,18.57,100,2,150,3,0,0,0,0,0,0,0,0,0,0,0,0,0,0,0,0,,0,,0,,0
CC(C)(C1=CC=C(OCC2CO2)C=C1)C1=CC=C(OCC2CO2)C=C1,227,O=P(N1CCNCC1)(N2CCNCC2)OCP3(OC4=CC=CC=C4C5=C3C=CC=C5)=O,13,NC1=CC=C(CC2=CC=C(N)C=C2)C=C1,17.95,100,2,150,3,0,0,0,0,0,0,0,0,0,0,0,0,0,0,0,0,,0,,0,,0
CC(C)(C1=CC=C(OCC2CO2)C=C1)C1=CC=C(OCC2CO2)C=C1,227,O=P(N1CCNCC1)(N2CCNCC2)OCP3(OC4=CC=CC=C4C5=C3C=CC=C5)=O,15,NC1=CC=C(CC2=CC=C(N)C=C2)C=C1,17.54,100,2,150,3,0,0,0,0,0,0,0,0,0,0,0,0,0,0,0,0,,0,,0,,0
CC(C)(C1=CC=C(OCC2CO2)C=C1)C1=CC=C(OCC2CO2)C=C1,227,O=P(N1CCNCC1)(N2CCNCC2)OCP3(OC4=CC=CC=C4C5=C3C=CC=C5)=O,0,NC1=CC=C(CC2=CC=C(N)C=C2)C=C1,20.63492063,100,2,150,3,0,0,0,0,0,0,0,0,0,0,0,0,0,0,0,0,,0,,0,,0
CC(C)(C1=CC=C(OCC2CO2)C=C1)C1=CC=C(OCC2CO2)C=C1,196,O=P1(CCC(O)P2(=O)OC3=C(C=CC=C3)C3=C2C=CC=C3)OC2=C(C=CC=C2)C2=C1C=CC=C2,2,NC1=CC=C(CC2=CC=C(N)C=C2)C=C1,19.78,120,2,170,4,0,0,0,0,0,0,0,0,0,0,0,0,0,0,0,0,,0,,0,,0
CC(C)(C1=CC=C(OCC2CO2)C=C1)C1=CC=C(OCC2CO2)C=C1,196,O=P1(CCC(O)P2(=O)OC3=C(C=CC=C3)C3=C2C=CC=C3)OC2=C(C=CC=C2)C2=C1C=CC=C2,3,NC1=CC=C(CC2=CC=C(N)C=C2)C=C1,19.58,120,2,170,4,0,0,0,0,0,0,0,0,0,0,0,0,0,0,0,0,,0,,0,,0
CC(C)(C1=CC=C(OCC2CO2)C=C1)C1=CC=C(OCC2CO2)C=C1,196,O=P1(CCC(O)P2(=O)OC3=C(C=CC=C3)C3=C2C=CC=C3)OC2=C(C=CC=C2)C2=C1C=CC=C2,4,NC1=CC=C(CC2=CC=C(N)C=C2)C=C1,19.39,120,2,170,4,0,0,0,0,0,0,0,0,0,0,0,0,0,0,0,0,,0,,0,,0
CC(C)(C1=CC=C(OCC2CO2)C=C1)C1=CC=C(OCC2CO2)C=C1,196,O=P1(CCC(O)P2(=O)OC3=C(C=CC=C3)C3=C2C=CC=C3)OC2=C(C=CC=C2)C2=C1C=CC=C2,0,NC1=CC=C(CC2=CC=C(N)C=C2)C=C1,20.1915403,120,2,170,4,0,0,0,0,0,0,0,0,0,0,0,0,0,0,0,0,,0,,0,,0
CC(C)(C1=CC=C(OCC2CO2)C=C1)C1=CC=C(OCC2CO2)C=C1,196,[H]P1(=O)OC2=C(C=CC=C2)C2=C1C=CC=C2,3,NC1=CC=C(CC2=CC=C(N)C=C2)C=C1,19.58204334,120,2,170,4,0,0,0,0,0,0,0,0,0,0,0,0,0,0,0,0,,0,,0,,0
CC(C)(C1=CC=C(OCC2CO2)C=C1)C1=CC=C(OCC2CO2)C=C1,196,CCO[Si](CCCN(P(C1=CC=CC=C1)C1=CC=CC=C1)P(C1=CC=CC=C1)C1=CC=CC=C1)(OC)OCC,3,NC1=CC=C(CC2=CC=C(N)C=C2)C=C1,20.55,120,2,150,2,0,0,0,0,0,0,0,0,0,0,0,0,0,0,0,0,,0,,0,,0
CC(C)(C1=CC=C(OCC2CO2)C=C1)C1=CC=C(OCC2CO2)C=C1,196,CCO[Si](CCCN(P(C1=CC=CC=C1)C1=CC=CC=C1)P(C1=CC=CC=C1)C1=CC=CC=C1)(OC)OCC,5,NC1=CC=C(CC2=CC=C(N)C=C2)C=C1,19.94,120,2,150,2,0,0,0,0,0,0,0,0,0,0,0,0,0,0,0,0,,0,,0,,0
CC(C)(C1=CC=C(OCC2CO2)C=C1)C1=CC=C(OCC2CO2)C=C1,196,CCO[Si](CCCN(P(C1=CC=CC=C1)C1=CC=CC=C1)P(C1=CC=CC=C1)C1=CC=CC=C1)(OC)OCC,7,NC1=CC=C(CC2=CC=C(N)C=C2)C=C1,19.71,120,2,150,2,0,0,0,0,0,0,0,0,0,0,0,0,0,0,0,0,,0,,0,,0
CC(C)(C1=CC=C(OCC2CO2)C=C1)C1=CC=C(OCC2CO2)C=C1,196,CCO[Si](CCCN(P(C1=CC=CC=C1)C1=CC=CC=C1)P(C1=CC=CC=C1)C1=CC=CC=C1)(OC)OCC,0,NC1=CC=C(CC2=CC=C(N)C=C2)C=C1,21.18226601,120,2,150,2,0,0,0,0,0,0,0,0,0,0,0,0,0,0,0,0,,0,,0,,0
CC(C)(C1=CC=C(OCC2CO2)C=C1)C1=CC=C(OCC2CO2)C=C1,196,CCO[Si](OC)(OCC)CCCN([P+](C1=CC=CC=C1)([Ni-2]23SCCS3)C4=CC=CC=C4)[P+]2(C5=CC=CC=C5)C6=CC=CC=C6,3,NC1=CC=C(CC2=CC=C(N)C=C2)C=C1,20.55,120,2,150,2,0,0,0,0,0,0,0,0,0,0,0,0,0,0,0,0,,0,,0,,0
CC(C)(C1=CC=C(OCC2CO2)C=C1)C1=CC=C(OCC2CO2)C=C1,196,CCO[Si](OC)(OCC)CCCN([P+](C1=CC=CC=C1)([Ni-2]23SCCS3)C4=CC=CC=C4)[P+]2(C5=CC=CC=C5)C6=CC=CC=C6,5,NC1=CC=C(CC2=CC=C(N)C=C2)C=C1,19.94,120,2,150,2,0,0,0,0,0,0,0,0,0,0,0,0,0,0,0,0,,0,,0,,0
CC(C)(C1=CC=C(OCC2CO2)C=C1)C1=CC=C(OCC2CO2)C=C1,196,CCO[Si](OC)(OCC)CCCN([P+](C1=CC=CC=C1)([Ni-2]23SCCS3)C4=CC=CC=C4)[P+]2(C5=CC=CC=C5)C6=CC=CC=C6,7,NC1=CC=C(CC2=CC=C(N)C=C2)C=C1,19.71,120,2,150,2,0,0,0,0,0,0,0,0,0,0,0,0,0,0,0,0,,0,,0,,0
CC(C)(C1=CC=C(OCC2CO2)C=C1)C1=CC=C(OCC2CO2)C=C1,196,C=CCCCCOP(OCCCCC=C)(OCCCCC=C)=O,10,CC1CC(CC2CCC(N)C(C)C2)CCC1N,35.8,90,0.5,150,0.5,0,0,0,0,0,0,0,0,0,0,0,0,0,0,0,0,,0,,0,,0
CC(C)(C1=CC=C(OCC2CO2)C=C1)C1=CC=C(OCC2CO2)C=C1,196,CCCCCCOP(OCCCCCCSCCS)(OCCCCCC)=O,10,CC1CC(CC2CCC(N)C(C)C2)CCC1N,35.8,90,0.5,150,0.5,0,0,0,0,0,0,0,0,0,0,0,0,0,0,0,0,,0,,0,,0
CC(C)(C1=CC=C(OCC2CO2)C=C1)C1=CC=C(OCC2CO2)C=C1,196,O=P(NCCCCC=C)(NCCCCC=C)NCCCCC=C,10,CC1CC(CC2CCC(N)C(C)C2)CCC1N,35.8,90,0.5,150,0.5,0,0,0,0,0,0,0,0,0,0,0,0,0,0,0,0,,0,,0,,0
CC(C)(C1=CC=C(OCC2CO2)C=C1)C1=CC=C(OCC2CO2)C=C1,196,CCCCCCNP(NCCCCC)(NCCCCCCSCCSC)=O,10,CC1CC(CC2CCC(N)C(C)C2)CCC1N,35.8,90,0.5,150,0.5,0,0,0,0,0,0,0,0,0,0,0,0,0,0,0,0,,0,,0,,0
CC(C)(C1=CC=C(OCC2CO2)C=C1)C1=CC=C(OCC2CO2)C=C1,196,CC(C)(C1=CC=C(OP(=O)(OC2=CC=CC=C2)OC2=CC=CC=C2)C=C1)C1=CC=C(OP(=O)(OC2=CC=CC=C2)C2=CC=CC=C2)C=C1,10,CC1CC(CC2CCC(N)C(C)C2)CCC1N,35.8,90,0.5,150,0.5,0,0,0,0,0,0,0,0,0,0,0,0,0,0,0,0,,0,,0,,0
CC(C)(C1=CC=C(OCC2CO2)C=C1)C1=CC=C(OCC2CO2)C=C1,196,CC(C)(C1=CC=C(OP(=O)(OC2=CC=CC=C2)OC2=CC=CC=C2)C=C1)C1=CC=C(OP(=O)(OC2=CC=CC=C2)C2=CC=CC=C2)C=C1,0,CC1CC(CC2CCC(N)C(C)C2)CCC1N,26,90,0.5,150,0.5,0,0,0,0,0,0,0,0,0,0,0,0,0,0,0,0,,0,,0,,0
C1(CO1)COCC(COCC2CO2)(COCC3CO3)COCC4CO4,90,CC(C)(C1=CC=C(OP(=O)(OC2=CC=CC=C2)OC2=CC=CC=C2)C=C1)C1=CC=C(OP(=O)(OC2=CC=CC=C2)C2=CC=CC=C2)C=C1,0,CC1CC(CC2CCC(N)C(C)C2)CCC1N,39.8,90,0.5,150,0.5,0,0,0,0,0,0,0,0,0,0,0,0,0,0,0,0,,0,,0,,0
C1(CO1)COCC(COCC2CO2)(COCC3CO3)COCC4CO4,90,C=CCCCCOP(OCCCCC=C)(OCCCCC=C)=O,10,CC1CC(CC2CCC(N)C(C)C2)CCC1N,35.8,90,0.5,150,0.5,0,0,0,0,0,0,0,0,0,0,0,0,0,0,0,0,,0,,0,,0
C1(CO1)COCC(COCC2CO2)(COCC3CO3)COCC4CO4,90,CCCCCCOP(OCCCCCCSCCS)(OCCCCCC)=O,10,CC1CC(CC2CCC(N)C(C)C2)CCC1N,35.8,90,0.5,150,0.5,0,0,0,0,0,0,0,0,0,0,0,0,0,0,0,0,,0,,0,,0
C1(CO1)COCC(COCC2CO2)(COCC3CO3)COCC4CO4,90,O=P(NCCCCC=C)(NCCCCC=C)NCCCCC=C,10,CC1CC(CC2CCC(N)C(C)C2)CCC1N,35.8,90,0.5,150,0.5,0,0,0,0,0,0,0,0,0,0,0,0,0,0,0,0,,0,,0,,0
C1(CO1)COCC(COCC2CO2)(COCC3CO3)COCC4CO4,90,CCCCCCNP(NCCCCC)(NCCCCCCSCCSC)=O,10,CC1CC(CC2CCC(N)C(C)C2)CCC1N,35.8,90,0.5,150,0.5,0,0,0,0,0,0,0,0,0,0,0,0,0,0,0,0,,0,,0,,0
C1(CO1)COCC(COCC2CO2)(COCC3CO3)COCC4CO4,90,CC(C)(C1=CC=C(OP(=O)(OC2=CC=CC=C2)OC2=CC=CC=C2)C=C1)C1=CC=C(OP(=O)(OC2=CC=CC=C2)C2=CC=CC=C2)C=C1,10,CC1CC(CC2CCC(N)C(C)C2)CCC1N,35.8,90,0.5,150,0.5,0,0,0,0,0,0,0,0,0,0,0,0,0,0,0,0,,0,,0,,0
CC(C)(C1=CC=C(OCC2CO2)C=C1)C1=CC=C(OCC2CO2)C=C1,227,O=P1(C(NC2=NN=NN2)C2=CC=C(O)C=C2)OC2=C(C=CC=C2)C2=C1C=CC=C2,3,NC1=CC=C(CC2=CC=C(N)C=C2)C=C1,16.47,120,2,160,2,0,0,0,0,0,0,0,0,0,0,0,0,0,0,0,0,,0,,0,,0
CC(C)(C1=CC=C(OCC2CO2)C=C1)C1=CC=C(OCC2CO2)C=C1,227,O=P1(C(NC2=NN=NN2)C2=CC=C(O)C=C2)OC2=C(C=CC=C2)C2=C1C=CC=C2,6,NC1=CC=C(CC2=CC=C(N)C=C2)C=C1,15.03,120,2,160,2,0,0,0,0,0,0,0,0,0,0,0,0,0,0,0,0,,0,,0,,0
CC(C)(C1=CC=C(OCC2CO2)C=C1)C1=CC=C(OCC2CO2)C=C1,227,O=P1(C(NC2=NN=NN2)C2=CC=C(O)C=C2)OC2=C(C=CC=C2)C2=C1C=CC=C2,9,NC1=CC=C(CC2=CC=C(N)C=C2)C=C1,13.59,120,2,160,2,0,0,0,0,0,0,0,0,0,0,0,0,0,0,0,0,,0,,0,,0
CC(C)(C1=CC=C(OCC2CO2)C=C1)C1=CC=C(OCC2CO2)C=C1,227,O=P1(C(NC2=NN=NN2)C2=CC=C(O)C=C2)OC2=C(C=CC=C2)C2=C1C=CC=C2,0,NC1=CC=C(CC2=CC=C(N)C=C2)C=C1,17.91167296,120,2,160,2,0,0,0,0,0,0,0,0,0,0,0,0,0,0,0,0,,0,,0,,0
CC(C)(C1=CC=C(OCC2CO2)C=C1)C1=CC=C(OCC2CO2)C=C1,227,C1CN(CCNP2(NCCN3CCNCC3)=NP(NCCN3CCNCC3)(NCCN3CCNCC3)=NP(NCCN3CCNCC3)(NCCN3CCNCC3)=N2)CCN1,3,NC1=CC=CC(N)=C1,9.65,60,0.33,80,2,150,3.67,0,0,0,0,0,0,0,0,0,0,0,0,0,0,,0,,0,,0
CC(C)(C1=CC=C(OCC2CO2)C=C1)C1=CC=C(OCC2CO2)C=C1,227,C1CN(CCNP2(NCCN3CCNCC3)=NP(NCCN3CCNCC3)(NCCN3CCNCC3)=NP(NCCN3CCNCC3)(NCCN3CCNCC3)=N2)CCN1,6,NC1=CC=CC(N)=C1,9.4,60,0.33,80,2,150,3.67,0,0,0,0,0,0,0,0,0,0,0,0,0,0,,0,,0,,0
CC(C)(C1=CC=C(OCC2CO2)C=C1)C1=CC=C(OCC2CO2)C=C1,227,C1CN(CCNP2(NCCN3CCNCC3)=NP(NCCN3CCNCC3)(NCCN3CCNCC3)=NP(NCCN3CCNCC3)(NCCN3CCNCC3)=N2)CCN1,9,NC1=CC=CC(N)=C1,9.2,60,0.33,80,2,150,3.67,0,0,0,0,0,0,0,0,0,0,0,0,0,0,,0,,0,,0
CC(C)(C1=CC=C(OCC2CO2)C=C1)C1=CC=C(OCC2CO2)C=C1,227,C1CN(CCNP2(NCCN3CCNCC3)=NP(NCCN3CCNCC3)(NCCN3CCNCC3)=NP(NCCN3CCNCC3)(NCCN3CCNCC3)=N2)CCN1,0,NC1=CC=CC(N)=C1,9.90990991,60,0.33,80,2,150,3.67,0,0,0,0,0,0,0,0,0,0,0,0,0,0,,0,,0,,0
CC(C)(C1=CC=C(OCC2CO2)C=C1)C1=CC=C(OCC2CO2)C=C1,227,CC1(C)COP(=O)(NC2=NC3=C(C=CC=C3)S2)OC1,15,NC1=CC=C(CC2=CC=C(N)C=C2)C=C1,17,100,3,150,2,0,0,0,0,0,0,0,0,0,0,0,0,0,0,0,0,,0,,0,,0
CC(C)(C1=CC=C(OCC2CO2)C=C1)C1=CC=C(OCC2CO2)C=C1,227,CC1(C)COP(=O)(NC2=NC3=C(C=CC=C3)S2)OC1,17.5,NC1=CC=C(CC2=CC=C(N)C=C2)C=C1,16.5,100,3,150,2,0,0,0,0,0,0,0,0,0,0,0,0,0,0,0,0,,0,,0,,0
CC(C)(C1=CC=C(OCC2CO2)C=C1)C1=CC=C(OCC2CO2)C=C1,227,CC1(C)COP(=O)(NC2=NC3=C(C=CC=C3)S2)OC1,20,NC1=CC=C(CC2=CC=C(N)C=C2)C=C1,16,100,3,150,2,0,0,0,0,0,0,0,0,0,0,0,0,0,0,0,0,,0,,0,,0
CC(C)(C1=CC=C(OCC2CO2)C=C1)C1=CC=C(OCC2CO2)C=C1,227,CC1(C)COP(=O)(NC2=NC3=C(C=CC=C3)S2)OC1,0,NC1=CC=C(CC2=CC=C(N)C=C2)C=C1,20,100,3,150,2,0,0,0,0,0,0,0,0,0,0,0,0,0,0,0,0,,0,,0,,0
CC(C)(C1=CC=C(OCC2CO2)C=C1)C1=CC=C(OCC2CO2)C=C1,227,COP(C)(=O)OCCN1C(=O)N(CCOP(C)(=O)OC)C(=O)N(CCOP(C)(=O)OC)C1=O,2,NC1=CC=C(CC2=CC=C(N)C=C2)C=C1,17.54,120,2,150,2,180,2,0,0,0,0,0,0,0,0,0,0,0,0,0,0,,0,,0,,0
CC(C)(C1=CC=C(OCC2CO2)C=C1)C1=CC=C(OCC2CO2)C=C1,227,COP(C)(=O)OCCN1C(=O)N(CCOP(C)(=O)OC)C(=O)N(CCOP(C)(=O)OC)C1=O,4,NC1=CC=C(CC2=CC=C(N)C=C2)C=C1,17.18,120,2,150,2,180,2,0,0,0,0,0,0,0,0,0,0,0,0,0,0,,0,,0,,0
CC(C)(C1=CC=C(OCC2CO2)C=C1)C1=CC=C(OCC2CO2)C=C1,227,COP(C)(=O)OCCN1C(=O)N(CCOP(C)(=O)OC)C(=O)N(CCOP(C)(=O)OC)C1=O,0,NC1=CC=C(CC2=CC=C(N)C=C2)C=C1,17.89819376,120,2,150,2,180,2,0,0,0,0,0,0,0,0,0,0,0,0,0,0,,0,,0,,0
CC(C)(C1=CC=C(OCC2CO2)C=C1)C1=CC=C(OCC2CO2)C=C1,227,[NH3+]C1=NC(N)=NC(N)=N1.[NH3+]C2=NC(N)=NC(N)=N2.O=P(O)(OP(O)([O-])=O)[O-],8,NC1=CC=CC(N)=C1,30.5,105,1,150,2,0,0,0,0,0,0,0,0,0,0,0,0,0,0,0,0,,0,,0,,0
CC(C)(C1=CC=C(OCC2CO2)C=C1)C1=CC=C(OCC2CO2)C=C1,227,[NH3+]C1=NC(N)=NC(N)=N1.[NH3+]C2=NC(N)=NC(N)=N2.O=P(O)(OP(O)([O-])=O)[O-],9,NC1=CC=CC(N)=C1,29.8,105,1,150,2,0,0,0,0,0,0,0,0,0,0,0,0,0,0,0,0,,0,,0,,0
CC(C)(C1=CC=C(OCC2CO2)C=C1)C1=CC=C(OCC2CO2)C=C1,227,[NH3+]C1=NC(N)=NC(N)=N1.[NH3+]C2=NC(N)=NC(N)=N2.O=P(O)(OP(O)([O-])=O)[O-],10,NC1=CC=CC(N)=C1,28.8,105,1,150,2,0,0,0,0,0,0,0,0,0,0,0,0,0,0,0,0,,0,,0,,0
CC(C)(C1=CC=C(OCC2CO2)C=C1)C1=CC=C(OCC2CO2)C=C1,227,[NH3+]C1=NC(N)=NC(N)=N1.[NH3+]C2=NC(N)=NC(N)=N2.O=P(O)(OP(O)([O-])=O)[O-],11,NC1=CC=CC(N)=C1,28.7,105,1,150,2,0,0,0,0,0,0,0,0,0,0,0,0,0,0,0,0,,0,,0,,0
CC(C)(C1=CC=C(OCC2CO2)C=C1)C1=CC=C(OCC2CO2)C=C1,227,[NH3+]C1=NC(N)=NC(N)=N1.[NH3+]C2=NC(N)=NC(N)=N2.O=P(O)(OP(O)([O-])=O)[O-],12,NC1=CC=CC(N)=C1,28.2,105,1,150,2,0,0,0,0,0,0,0,0,0,0,0,0,0,0,0,0,,0,,0,,0
CC(C)(C1=CC=C(OCC2CO2)C=C1)C1=CC=C(OCC2CO2)C=C1,227,[NH3+]C1=NC(N)=NC(N)=N1.[NH3+]C2=NC(N)=NC(N)=N2.O=P(O)(OP(O)([O-])=O)[O-],0,NC1=CC=CC(N)=C1,50,105,1,150,2,0,0,0,0,0,0,0,0,0,0,0,0,0,0,0,0,,0,,0,,0
CC(C)(C1=CC=C(OCC2CO2)C=C1)C1=CC=C(OCC2CO2)C=C1,227,O=P1(SC2=NC3=C(C=CC=C3)S2)OC2=C(C=CC=C2)C2=C1C=CC=C2,7.5,NC1=CC=C(CC2=CC=C(N)C=C2)C=C1,18.5,100,3,150,2,0,0,0,0,0,0,0,0,0,0,0,0,0,0,0,0,,0,,0,,0
CC(C)(C1=CC=C(OCC2CO2)C=C1)C1=CC=C(OCC2CO2)C=C1,227,O=P1(SC2=NC3=C(C=CC=C3)S2)OC2=C(C=CC=C2)C2=C1C=CC=C2,10,NC1=CC=C(CC2=CC=C(N)C=C2)C=C1,18,100,3,150,2,0,0,0,0,0,0,0,0,0,0,0,0,0,0,0,0,,0,,0,,0
CC(C)(C1=CC=C(OCC2CO2)C=C1)C1=CC=C(OCC2CO2)C=C1,227,O=P1(SC2=NC3=C(C=CC=C3)S2)OC2=C(C=CC=C2)C2=C1C=CC=C2,12.5,NC1=CC=C(CC2=CC=C(N)C=C2)C=C1,17.5,100,3,150,2,0,0,0,0,0,0,0,0,0,0,0,0,0,0,0,0,,0,,0,,0
CC(C)(C1=CC=C(OCC2CO2)C=C1)C1=CC=C(OCC2CO2)C=C1,227,O=P1(SC2=NC3=C(C=CC=C3)S2)OC2=C(C=CC=C2)C2=C1C=CC=C2,0,NC1=CC=C(CC2=CC=C(N)C=C2)C=C1,20,100,3,150,2,0,0,0,0,0,0,0,0,0,0,0,0,0,0,0,0,,0,,0,,0
CC(C)(C1=CC=C(OCC2CO2)C=C1)C1=CC=C(OCC2CO2)C=C1,188,C1=CC2=C(C=C1)N(P1(N3C=NC4=C3C=CC=C4)=NP(N3C=NC4=C3C=CC=C4)(N3C=NC4=C3C=CC=C4)=NP(N3C=NC4=C3C=CC=C4)(N3C=NC4=C3C=CC=C4)=N1)C=N2,7.4,C1=CC2=C(C=C1)N(P1(N3C=NC4=C3C=CC=C4)=NP(N3C=NC4=C3C=CC=C4)(N3C=NC4=C3C=CC=C4)=NP(N3C=NC4=C3C=CC=C4)(N3C=NC4=C3C=CC=C4)=N1)C=N2,7.4,100,2,150,3,0,0,0,0,0,0,0,0,0,0,0,0,0,0,0,0,,0,,0,,0
CC(C)(C1=CC=C(OCC2CO2)C=C1)C1=CC=C(OCC2CO2)C=C1,188,C1=CC2=C(C=C1)N(P1(N3C=NC4=C3C=CC=C4)=NP(N3C=NC4=C3C=CC=C4)(N3C=NC4=C3C=CC=C4)=NP(N3C=NC4=C3C=CC=C4)(N3C=NC4=C3C=CC=C4)=N1)C=N2,9.1,C1=CC2=C(C=C1)N(P1(N3C=NC4=C3C=CC=C4)=NP(N3C=NC4=C3C=CC=C4)(N3C=NC4=C3C=CC=C4)=NP(N3C=NC4=C3C=CC=C4)(N3C=NC4=C3C=CC=C4)=N1)C=N2,9.1,100,2,150,3,0,0,0,0,0,0,0,0,0,0,0,0,0,0,0,0,,0,,0,,0
CC(C)(C1=CC=C(OCC2CO2)C=C1)C1=CC=C(OCC2CO2)C=C1,188,C1=CC2=C(C=C1)N(P1(N3C=NC4=C3C=CC=C4)=NP(N3C=NC4=C3C=CC=C4)(N3C=NC4=C3C=CC=C4)=NP(N3C=NC4=C3C=CC=C4)(N3C=NC4=C3C=CC=C4)=N1)C=N2,10.7,C1=CC2=C(C=C1)N(P1(N3C=NC4=C3C=CC=C4)=NP(N3C=NC4=C3C=CC=C4)(N3C=NC4=C3C=CC=C4)=NP(N3C=NC4=C3C=CC=C4)(N3C=NC4=C3C=CC=C4)=N1)C=N2,10.7,100,2,150,3,0,0,0,0,0,0,0,0,0,0,0,0,0,0,0,0,,0,,0,,0
CC(C)(C1=CC=C(OCC2CO2)C=C1)C1=CC=C(OCC2CO2)C=C1,188,C1=CC2=C(C=C1)N(P1(N3C=NC4=C3C=CC=C4)=NP(N3C=NC4=C3C=CC=C4)(N3C=NC4=C3C=CC=C4)=NP(N3C=NC4=C3C=CC=C4)(N3C=NC4=C3C=CC=C4)=N1)C=N2,12.3,C1=CC2=C(C=C1)N(P1(N3C=NC4=C3C=CC=C4)=NP(N3C=NC4=C3C=CC=C4)(N3C=NC4=C3C=CC=C4)=NP(N3C=NC4=C3C=CC=C4)(N3C=NC4=C3C=CC=C4)=N1)C=N2,12.3,100,2,150,3,0,0,0,0,0,0,0,0,0,0,0,0,0,0,0,0,,0,,0,,0
CC(C)(C1=CC=C(OCC2CO2)C=C1)C1=CC=C(OCC2CO2)C=C1,188,C1=CC2=C(C=C1)N(P1(N3C=NC4=C3C=CC=C4)=NP(N3C=NC4=C3C=CC=C4)(N3C=NC4=C3C=CC=C4)=NP(N3C=NC4=C3C=CC=C4)(N3C=NC4=C3C=CC=C4)=N1)C=N2,0,C1=CC=C2NC=NC2=C1,9.090909091,100,2,150,3,0,0,0,0,0,0,0,0,0,0,0,0,0,0,0,0,,0,,0,,0
CC(C)(C1=CC=C(OCC2CO2)C=C1)C1=CC=C(OCC2CO2)C=C1,227,O=C1C(C2=CC=C(C=C2)OP(C3=CC=CC=C3)(C4=CC=CC=C4)=O)=COC5=C1C=CC(OP(C6=CC=CC=C6)(C7=CC=CC=C7)=O)=C5,4,NC1=CC=C(CC2=CC=C(N)C=C2)C=C1,17.2,120,2,170,4,0,0,0,0,0,0,0,0,0,0,0,0,0,0,0,0,,0,,0,,0
CC(C)(C1=CC=C(OCC2CO2)C=C1)C1=CC=C(OCC2CO2)C=C1,227,O=C1C(C2=CC=C(C=C2)OP(C3=CC=CC=C3)(C4=CC=CC=C4)=O)=COC5=C1C=CC(OP(C6=CC=CC=C6)(C7=CC=CC=C7)=O)=C5,6,NC1=CC=C(CC2=CC=C(N)C=C2)C=C1,16.9,120,2,170,4,0,0,0,0,0,0,0,0,0,0,0,0,0,0,0,0,,0,,0,,0
CC(C)(C1=CC=C(OCC2CO2)C=C1)C1=CC=C(OCC2CO2)C=C1,227,O=C1C(C2=CC=C(C=C2)OP(C3=CC=CC=C3)(C4=CC=CC=C4)=O)=COC5=C1C=CC(OP(C6=CC=CC=C6)(C7=CC=CC=C7)=O)=C5,8,NC1=CC=C(CC2=CC=C(N)C=C2)C=C1,16.5,120,2,170,4,0,0,0,0,0,0,0,0,0,0,0,0,0,0,0,0,,0,,0,,0
CC(C)(C1=CC=C(OCC2CO2)C=C1)C1=CC=C(OCC2CO2)C=C1,227,O=C1C(C2=CC=C(C=C2)OP(C3=CC=CC=C3)(C4=CC=CC=C4)=O)=COC5=C1C=CC(OP(C6=CC=CC=C6)(C7=CC=CC=C7)=O)=C5,0,NC1=CC=C(CC2=CC=C(N)C=C2)C=C1,17.9,120,2,170,4,0,0,0,0,0,0,0,0,0,0,0,0,0,0,0,0,,0,,0,,0
CC(C)(C1=CC=C(OCC2CO2)C=C1)C1=CC=C(OCC2CO2)C=C1,188,CC1=NC=CN1C1CC(=O)N(C2=CC=C(CC3=CC=C(N4C(=O)CC(N5C=CN=C5C)C4=O)C=C3)C=C2)C1=O,13,CC1=NC=CN1C1CC(=O)N(C2=CC=C(CC3=CC=C(N4C(=O)CC(N5C=CN=C5C)C4=O)C=C3)C=C2)C1=O,13,120,2,150,2,0,0,0,0,0,0,0,0,0,0,0,0,0,0,0,0,,0,,0,,0
CC(C)(C1=CC=C(OCC2CO2)C=C1)C1=CC=C(OCC2CO2)C=C1,188,CC1=NC=CN1C1CC(=O)N(C2=CC=C(CC3=CC=C(N4C(=O)CC(N5C=CN=C5C)C4=O)C=C3)C=C2)C1=O,0,CC1=NC=CN1,6.1,75,2,140,2,0,0,0,0,0,0,0,0,0,0,0,0,0,0,0,0,,0,,0,,0
O=P1(OC2=CC=CC=C2C3=CC=CC=C31)C(COC4=CC=C(C(C5=CC=C(OCC6CO6)C=C5)(C)C)C=C4)O,210,CC1=NC=CN1C1CC(=O)N(C2=CC=C(CC3=CC=C(N4C(=O)CC(N5C=CN=C5C)C4=O)C=C3)C=C2)C1=O,0,CC1=NC=CN1,6.1,75,2,140,2,0,0,0,0,0,0,0,0,0,0,0,0,0,0,0,0,,0,,0,,0
O=P1(OC2=CC=CC=C2C3=CC=CC=C31)C(COC4=CC=C(C(C5=CC=C(OCC6CO6)C=C5)(C)C)C=C4)O,210,CC1=NC=CN1C1CC(=O)N(C2=CC=C(CC3=CC=C(N4C(=O)CC(N5C=CN=C5C)C4=O)C=C3)C=C2)C1=O,13,CC1=NC=CN1C1CC(=O)N(C2=CC=C(CC3=CC=C(N4C(=O)CC(N5C=CN=C5C)C4=O)C=C3)C=C2)C1=O,13,120,2,150,2,0,0,0,0,0,0,0,0,0,0,0,0,0,0,0,0,,0,,0,,0
CC(C)(C1=CC=C(OCC2CO2)C=C1)C1=CC=C(OCC2CO2)C=C1,196,O=P1(CCCC2=CC(C3=CC(CCCP4(=O)OC5=C(C=CC=C5)C5=C4C=CC=C5)=C(O[Si](OC4=CC=C(C5=CC(CCCP6(=O)OC7=C(C=CC=C7)C7=C6C=CC=C7)=C(O)C=C5)C=C4CCCP4(=O)OC5=C(C=CC=C5)C5=C4C=CC=C5)(C4=CC=CC=C4)C4=CC=CC=C4)C=C3)=CC=C2O)OC2=C(C=CC=C2)C2=C1C=CC=C2,4,NC1=CC=C(CC2=CC=C(N)C=C2)C=C1,19.19,120,2,170,4,0,0,0,0,0,0,0,0,0,0,0,0,0,0,0,0,,0,,0,,0
CC(C)(C1=CC=C(OCC2CO2)C=C1)C1=CC=C(OCC2CO2)C=C1,196,O=P1(CCCC2=CC(C3=CC(CCCP4(=O)OC5=C(C=CC=C5)C5=C4C=CC=C5)=C(O[Si](OC4=CC=C(C5=CC(CCCP6(=O)OC7=C(C=CC=C7)C7=C6C=CC=C7)=C(O)C=C5)C=C4CCCP4(=O)OC5=C(C=CC=C5)C5=C4C=CC=C5)(C4=CC=CC=C4)C4=CC=CC=C4)C=C3)=CC=C2O)OC2=C(C=CC=C2)C2=C1C=CC=C2,6,NC1=CC=C(CC2=CC=C(N)C=C2)C=C1,18.69,120,2,170,4,0,0,0,0,0,0,0,0,0,0,0,0,0,0,0,0,,0,,0,,0
CC(C)(C1=CC=C(OCC2CO2)C=C1)C1=CC=C(OCC2CO2)C=C1,196,O=P1(CCCC2=CC(C3=CC(CCCP4(=O)OC5=C(C=CC=C5)C5=C4C=CC=C5)=C(O[Si](OC4=CC=C(C5=CC(CCCP6(=O)OC7=C(C=CC=C7)C7=C6C=CC=C7)=C(O)C=C5)C=C4CCCP4(=O)OC5=C(C=CC=C5)C5=C4C=CC=C5)(C4=CC=CC=C4)C4=CC=CC=C4)C=C3)=CC=C2O)OC2=C(C=CC=C2)C2=C1C=CC=C2,0,NC1=CC=C(CC2=CC=C(N)C=C2)C=C1,20.1915403,120,2,170,4,0,0,0,0,0,0,0,0,0,0,0,0,0,0,0,0,,0,,0,,0
CC(C)(C1=CC=C(OCC2CO2)C=C1)C1=CC=C(OCC2CO2)C=C1,196,CC(C)(C1=CC=C(O[Si](OC2=C(CCCP3(=O)OC4=C(C=CC=C4)C4=C3C=CC=C4)C=C(C(C)(C)C3=CC=C(O)C(CCCP4(=O)OC5=C(C=CC=C5)C5=C4C=CC=C5)=C3)C=C2)(OC2=C(CCCP3(=O)OC4=C(C=CC=C4)C4=C3C=CC=C4)C=C(C(C)(C)C3=CC=C(O)C(CCCP4(=O)OC5=C(C=CC=C5)C5=C4C=CC=C5)=C3)C=C2)C2=CC=CC=C2)C(CCCP2(=O)OC3=C(C=CC=C3)C3=C2C=CC=C3)=C1)C1=CC(CCCP2(=O)OC3=C(C=CC=C3)C3=C2C=CC=C3)=C(O)C=C1,4,NC1=CC=C(CC2=CC=C(N)C=C2)C=C1,19.21,120,2,170,4,0,0,0,0,0,0,0,0,0,0,0,0,0,0,0,0,,0,,0,,0
CC(C)(C1=CC=C(OCC2CO2)C=C1)C1=CC=C(OCC2CO2)C=C1,196,CC(C)(C1=CC=C(O[Si](OC2=C(CCCP3(=O)OC4=C(C=CC=C4)C4=C3C=CC=C4)C=C(C(C)(C)C3=CC=C(O)C(CCCP4(=O)OC5=C(C=CC=C5)C5=C4C=CC=C5)=C3)C=C2)(OC2=C(CCCP3(=O)OC4=C(C=CC=C4)C4=C3C=CC=C4)C=C(C(C)(C)C3=CC=C(O)C(CCCP4(=O)OC5=C(C=CC=C5)C5=C4C=CC=C5)=C3)C=C2)C2=CC=CC=C2)C(CCCP2(=O)OC3=C(C=CC=C3)C3=C2C=CC=C3)=C1)C1=CC(CCCP2(=O)OC3=C(C=CC=C3)C3=C2C=CC=C3)=C(O)C=C1,6,NC1=CC=C(CC2=CC=C(N)C=C2)C=C1,18.67,120,2,170,4,0,0,0,0,0,0,0,0,0,0,0,0,0,0,0,0,,0,,0,,0
CC(C)(C1=CC=C(OCC2CO2)C=C1)C1=CC=C(OCC2CO2)C=C1,196,CC(C)(C1=CC=C(O[Si](OC2=C(CCCP3(=O)OC4=C(C=CC=C4)C4=C3C=CC=C4)C=C(C(C)(C)C3=CC=C(O)C(CCCP4(=O)OC5=C(C=CC=C5)C5=C4C=CC=C5)=C3)C=C2)(OC2=C(CCCP3(=O)OC4=C(C=CC=C4)C4=C3C=CC=C4)C=C(C(C)(C)C3=CC=C(O)C(CCCP4(=O)OC5=C(C=CC=C5)C5=C4C=CC=C5)=C3)C=C2)OC2=C(CCCP3(=O)OC4=C(C=CC=C4)C4=C3C=CC=C4)C=C(C(C)(C)C3=CC=C(O)C(CCCP4(=O)OC5=C(C=CC=C5)C5=C4C=CC=C5)=C3)C=C2)C(CCCP2(=O)OC3=C(C=CC=C3)C3=C2C=CC=C3)=C1)C1=CC(CCCP2(=O)OC3=C(C=CC=C3)C3=C2C=CC=C3)=C(O)C=C1,4,NC1=CC=C(CC2=CC=C(N)C=C2)C=C1,19.17,120,2,170,4,0,0,0,0,0,0,0,0,0,0,0,0,0,0,0,0,,0,,0,,0
CC(C)(C1=CC=C(OCC2CO2)C=C1)C1=CC=C(OCC2CO2)C=C1,196,CC(C)(C1=CC=C(O[Si](OC2=C(CCCP3(=O)OC4=C(C=CC=C4)C4=C3C=CC=C4)C=C(C(C)(C)C3=CC=C(O)C(CCCP4(=O)OC5=C(C=CC=C5)C5=C4C=CC=C5)=C3)C=C2)(OC2=C(CCCP3(=O)OC4=C(C=CC=C4)C4=C3C=CC=C4)C=C(C(C)(C)C3=CC=C(O)C(CCCP4(=O)OC5=C(C=CC=C5)C5=C4C=CC=C5)=C3)C=C2)OC2=C(CCCP3(=O)OC4=C(C=CC=C4)C4=C3C=CC=C4)C=C(C(C)(C)C3=CC=C(O)C(CCCP4(=O)OC5=C(C=CC=C5)C5=C4C=CC=C5)=C3)C=C2)C(CCCP2(=O)OC3=C(C=CC=C3)C3=C2C=CC=C3)=C1)C1=CC(CCCP2(=O)OC3=C(C=CC=C3)C3=C2C=CC=C3)=C(O)C=C1,6,NC1=CC=C(CC2=CC=C(N)C=C2)C=C1,18.66,120,2,170,4,0,0,0,0,0,0,0,0,0,0,0,0,0,0,0,0,,0,,0,,0
CC(C)(C1=CC=C(OCC2CO2)C=C1)C1=CC=C(OCC2CO2)C=C1,196,O=C(CC(C(=O)O)P1(=O)OC2=CC=CC=C2C2=CC=CC=C21)OCCN1C(=O)N(CCOC(=O)CC(C(=O)O)P2(=O)OC3=CC=CC=C3C3=CC=CC=C32)C(=O)N(CCOC(=O)CC(C(=O)O)P2(=O)OC3=C(C=CC=C3)C3=C2C=CC=C3)C1=O,6.5,CC12CC=CCC1C(=O)OC2=O,41.4,100,4,130,2,180,2,200,2,0,0,0,0,0,0,0,0,0,0,0,0,CCN(CC1=CC(CN(C)C)=CC(CN(C)C)=C1O)C,0.104058273,,0,,0
CC(C)(C1=CC=C(OCC2CO2)C=C1)C1=CC=C(OCC2CO2)C=C1,196,O=C(CC(C(=O)O)P1(=O)OC2=CC=CC=C2C2=CC=CC=C21)OCCN1C(=O)N(CCOC(=O)CC(C(=O)O)P2(=O)OC3=CC=CC=C3C3=CC=CC=C32)C(=O)N(CCOC(=O)CC(C(=O)O)P2(=O)OC3=C(C=CC=C3)C3=C2C=CC=C3)C1=O,13,CC12CC=CCC1C(=O)OC2=O,36.9,100,4,130,2,180,2,200,2,0,0,0,0,0,0,0,0,0,0,0,0,CCN(CC1=CC(CN(C)C)=CC(CN(C)C)=C1O)C,0.099950025,,0,,0
CC(C)(C1=CC=C(OCC2CO2)C=C1)C1=CC=C(OCC2CO2)C=C1,196,O=C(CC(C(=O)O)P1(=O)OC2=CC=CC=C2C2=CC=CC=C21)OCCN1C(=O)N(CCOC(=O)CC(C(=O)O)P2(=O)OC3=CC=CC=C3C3=CC=CC=C32)C(=O)N(CCOC(=O)CC(C(=O)O)P2(=O)OC3=C(C=CC=C3)C3=C2C=CC=C3)C1=O,19.5,CC12CC=CCC1C(=O)OC2=O,32.5,100,4,130,2,180,2,200,2,0,0,0,0,0,0,0,0,0,0,0,0,CCN(CC1=CC(CN(C)C)=CC(CN(C)C)=C1O)C,0.095831337,,0,,0
CC(C)(C1=CC=C(OCC2CO2)C=C1)C1=CC=C(OCC2CO2)C=C1,196,O=C(CC(C(=O)O)P1(=O)OC2=CC=CC=C2C2=CC=CC=C21)OCCN1C(=O)N(CCOC(=O)CC(C(=O)O)P2(=O)OC3=CC=CC=C3C3=CC=CC=C32)C(=O)N(CCOC(=O)CC(C(=O)O)P2(=O)OC3=C(C=CC=C3)C3=C2C=CC=C3)C1=O,26,CC12CC=CCC1C(=O)OC2=O,28.1,100,4,130,2,180,2,200,2,0,0,0,0,0,0,0,0,0,0,0,0,CCN(CC1=CC(CN(C)C)=CC(CN(C)C)=C1O)C,0.091743119,,0,,0
CC(C)(C1=CC=C(OCC2CO2)C=C1)C1=CC=C(OCC2CO2)C=C1,196,O=C(CC(C(=O)O)P1(=O)OC2=CC=CC=C2C2=CC=CC=C21)OCCN1C(=O)N(CCOC(=O)CC(C(=O)O)P2(=O)OC3=CC=CC=C3C3=CC=CC=C32)C(=O)N(CCOC(=O)CC(C(=O)O)P2(=O)OC3=C(C=CC=C3)C3=C2C=CC=C3)C1=O,0,CC12CC=CCC1C(=O)OC2=O,45.80854516,100,4,130,2,180,2,200,2,0,0,0,0,0,0,0,0,0,0,0,0,CCN(CC1=CC(CN(C)C)=CC(CN(C)C)=C1O)C,0.108166577,,0,,0
CC(C)(C1=CC=C(OCC2CO2)C=C1)C1=CC=C(OCC2CO2)C=C1,196,[H]P1(=O)OC2=C(C=CC=C2)C2=C1C=CC=C2,13.85983264,CC12CC=CCC1C(=O)OC2=O,33.57740586,100,4,130,2,180,2,200,2,0,0,0,0,0,0,0,0,0,0,0,0,CCN(CC1=CC(CN(C)C)=CC(CN(C)C)=C1O)C,0.10460251,,0,,0
CC(C)(C1=CC=C(OCC2CO2)C=C1)C1=CC=C(OCC2CO2)C=C1,196,C1=CC=C([Si](OC2=CC=C(C3(C4=CC=C(OCC5CO5)C=C4)C4=CC=CN=C4C4=NC=CC=C43)C=C2)(OC2=CC=C(C3(C4=CC=C(OCC5CO5)C=C4)C4=CC=CN=C4C4=NC=CC=C43)C=C2)C2=CC=CC=C2)C=C1,10,NC1=CC=C(CC2=CC=C(N)C=C2)C=C1,18,120,3,160,2,0,0,0,0,0,0,0,0,0,0,0,0,0,0,0,0,,0,,0,,0
CC(C)(C1=CC=C(OCC2CO2)C=C1)C1=CC=C(OCC2CO2)C=C1,196,C1=CC=C([Si](OC2=CC=C(C3(C4=CC=C(OCC5CO5)C=C4)C4=CC=CN=C4C4=NC=CC=C43)C=C2)(OC2=CC=C(C3(C4=CC=C(OCC5CO5)C=C4)C4=CC=CN=C4C4=NC=CC=C43)C=C2)C2=CC=CC=C2)C=C1,20,NC1=CC=C(CC2=CC=C(N)C=C2)C=C1,16,120,3,160,2,0,0,0,0,0,0,0,0,0,0,0,0,0,0,0,0,,0,,0,,0
CC(C)(C1=CC=C(OCC2CO2)C=C1)C1=CC=C(OCC2CO2)C=C1,196,C1=CC=C([Si](OC2=CC=C(C3(C4=CC=C(OCC5CO5)C=C4)C4=CC=CN=C4C4=NC=CC=C43)C=C2)(OC2=CC=C(C3(C4=CC=C(OCC5CO5)C=C4)C4=CC=CN=C4C4=NC=CC=C43)C=C2)C2=CC=CC=C2)C=C1,30,NC1=CC=C(CC2=CC=C(N)C=C2)C=C1,14,120,3,160,2,0,0,0,0,0,0,0,0,0,0,0,0,0,0,0,0,,0,,0,,0
CC(C)(C1=CC=C(OCC2CO2)C=C1)C1=CC=C(OCC2CO2)C=C1,196,C1=CC=C([Si](OC2=CC=C(C3(C4=CC=C(OCC5CO5)C=C4)C4=CC=CN=C4C4=NC=CC=C43)C=C2)(OC2=CC=C(C3(C4=CC=C(OCC5CO5)C=C4)C4=CC=CN=C4C4=NC=CC=C43)C=C2)C2=CC=CC=C2)C=C1,0,NC1=CC=C(CC2=CC=C(N)C=C2)C=C1,20,120,3,160,2,0,0,0,0,0,0,0,0,0,0,0,0,0,0,0,0,,0,,0,,0
CC(C)(C1=CC=C(OCC2CO2)C=C1)C1=CC=C(OCC2CO2)C=C1,227,NCC1=CC=C(C=C1)CNP2(OCC3(COP(NCC4=CC=C(C=C4)CN)(OC3)=O)CO2)=O,23.1,NCC1=CC=C(C=C1)CNP2(OCC3(COP(NCC4=CC=C(C=C4)CN)(OC3)=O)CO2)=O,23.1,119,2,146,3,178,2,0,0,0,0,0,0,0,0,0,0,0,0,0,0,,0,,0,,0
CC(C)(C1=CC=C(OCC2CO2)C=C1)C1=CC=C(OCC2CO2)C=C1,227,NCC1=CC=C(C=C1)CNP2(OCC3(COP(NCC4=CC=C(C=C4)CN)(OC3)=O)CO2)=O,25.9,NCC1=CC=C(C=C1)CNP2(OCC3(COP(NCC4=CC=C(C=C4)CN)(OC3)=O)CO2)=O,25.9,119,2,146,3,178,2,0,0,0,0,0,0,0,0,0,0,0,0,0,0,,0,,0,,0
CC(C)(C1=CC=C(OCC2CO2)C=C1)C1=CC=C(OCC2CO2)C=C1,227,NCC1=CC=C(C=C1)CNP2(OCC3(COP(NCC4=CC=C(C=C4)CN)(OC3)=O)CO2)=O,28.6,NCC1=CC=C(C=C1)CNP2(OCC3(COP(NCC4=CC=C(C=C4)CN)(OC3)=O)CO2)=O,28.6,119,2,146,3,178,2,0,0,0,0,0,0,0,0,0,0,0,0,0,0,,0,,0,,0
CC(C)(C1=CC=C(OCC2CO2)C=C1)C1=CC=C(OCC2CO2)C=C1,227,NCC1=CC=C(C=C1)CNP2(OCC3(COP(NCC4=CC=C(C=C4)CN)(OC3)=O)CO2)=O,0,NCC1=CC=C(CN)C=C1,20,119,2,146,3,178,2,0,0,0,0,0,0,0,0,0,0,0,0,0,0,,0,,0,,0
CC(C)(C1=CC=C(OCC2CO2)C=C1)C1=CC=C(OCC2CO2)C=C1,185,O=P1(C2=NC(P3(=O)OC4=C(C=CC=C4)C4=C3C=CC=C4)=NC(P3(=O)OC4=C(C=CC=C4)C4=C3C=CC=C4)=N2)OC2=C(C=CC=C2)C2=C1C=CC=C2,2.34,NC1=CC=C(S(=O)(=O)C2=CC=C(N)C=C2)C=C1,24.2,160,2,180,4,0,0,0,0,0,0,0,0,0,0,0,0,0,0,0,0,,0,,0,,0
CC(C)(C1=CC=C(OCC2CO2)C=C1)C1=CC=C(OCC2CO2)C=C1,185,O=P1(C2=NC(P3(=O)OC4=C(C=CC=C4)C4=C3C=CC=C4)=NC(P3(=O)OC4=C(C=CC=C4)C4=C3C=CC=C4)=N2)OC2=C(C=CC=C2)C2=C1C=CC=C2,4.67,NC1=CC=C(S(=O)(=O)C2=CC=C(N)C=C2)C=C1,23.7,160,2,180,4,0,0,0,0,0,0,0,0,0,0,0,0,0,0,0,0,,0,,0,,0
CC(C)(C1=CC=C(OCC2CO2)C=C1)C1=CC=C(OCC2CO2)C=C1,185,O=P1(C2=NC(P3(=O)OC4=C(C=CC=C4)C4=C3C=CC=C4)=NC(P3(=O)OC4=C(C=CC=C4)C4=C3C=CC=C4)=N2)OC2=C(C=CC=C2)C2=C1C=CC=C2,6.99,NC1=CC=C(S(=O)(=O)C2=CC=C(N)C=C2)C=C1,23.1,160,2,180,4,0,0,0,0,0,0,0,0,0,0,0,0,0,0,0,0,,0,,0,,0
CC(C)(C1=CC=C(OCC2CO2)C=C1)C1=CC=C(OCC2CO2)C=C1,185,O=P1(C2=NC(P3(=O)OC4=C(C=CC=C4)C4=C3C=CC=C4)=NC(P3(=O)OC4=C(C=CC=C4)C4=C3C=CC=C4)=N2)OC2=C(C=CC=C2)C2=C1C=CC=C2,9.34,NC1=CC=C(S(=O)(=O)C2=CC=C(N)C=C2)C=C1,22.5,160,2,180,4,0,0,0,0,0,0,0,0,0,0,0,0,0,0,0,0,,0,,0,,0
CC(C)(C1=CC=C(OCC2CO2)C=C1)C1=CC=C(OCC2CO2)C=C1,185,O=P1(C2=NC(P3(=O)OC4=C(C=CC=C4)C4=C3C=CC=C4)=NC(P3(=O)OC4=C(C=CC=C4)C4=C3C=CC=C4)=N2)OC2=C(C=CC=C2)C2=C1C=CC=C2,0,NC1=CC=C(S(=O)(=O)C2=CC=C(N)C=C2)C=C1,24.81203008,160,2,180,4,0,0,0,0,0,0,0,0,0,0,0,0,0,0,0,0,,0,,0,,0
CC(C)(C1=CC=C(OCC2CO2)C=C1)C1=CC=C(OCC2CO2)C=C1,227,O=P1(NC2=CC=C(CC3=CC=C(NP4(=O)OC5=C(C=CC=C5)C5=C4C=CC=C5)C=C3)C=C2)OC2=C(C=CC=C2)C2=C1C=CC=C2,2.5,NC1=CC=C(CC2=CC=C(N)C=C2)C=C1,17.5,100,2,150,2,0,0,0,0,0,0,0,0,0,0,0,0,0,0,0,0,,0,,0,,0
CC(C)(C1=CC=C(OCC2CO2)C=C1)C1=CC=C(OCC2CO2)C=C1,227,O=P1(NC2=CC=C(CC3=CC=C(NP4(=O)OC5=C(C=CC=C5)C5=C4C=CC=C5)C=C3)C=C2)OC2=C(C=CC=C2)C2=C1C=CC=C2,5,NC1=CC=C(CC2=CC=C(N)C=C2)C=C1,17,100,2,150,2,0,0,0,0,0,0,0,0,0,0,0,0,0,0,0,0,,0,,0,,0
CC(C)(C1=CC=C(OCC2CO2)C=C1)C1=CC=C(OCC2CO2)C=C1,227,O=P1(N2CCOCC2)OC2=C(C=CC=C2)C2=C1C=CC=C2,2.5,NC1=CC=C(CC2=CC=C(N)C=C2)C=C1,17.5,100,2,150,2,0,0,0,0,0,0,0,0,0,0,0,0,0,0,0,0,,0,,0,,0
CC(C)(C1=CC=C(OCC2CO2)C=C1)C1=CC=C(OCC2CO2)C=C1,227,O=P1(N2CCOCC2)OC2=C(C=CC=C2)C2=C1C=CC=C2,5,NC1=CC=C(CC2=CC=C(N)C=C2)C=C1,17,100,2,150,2,0,0,0,0,0,0,0,0,0,0,0,0,0,0,0,0,,0,,0,,0
CC(C)(C1=CC=C(OCC2CO2)C=C1)C1=CC=C(OCC2CO2)C=C1,227,O=P1(N2CCOCC2)OC2=C(C=CC=C2)C2=C1C=CC=C2,0,NC1=CC=C(CC2=CC=C(N)C=C2)C=C1,17.9,100,2,150,2,0,0,0,0,0,0,0,0,0,0,0,0,0,0,0,0,,0,,0,,0
CC(C)(C1=CC=C(OCC2CO2)C=C1)C1=CC=C(OCC2CO2)C=C1,227,O=P1(NC2=NC(NP3(=O)OC4=C(C=CC=C4)C4=C3C=CC=C4)=NC(NP3(=O)OC4=C(C=CC=C4)C4=C3C=CC=C4)=N2)OC2=CC=CC=C2C2=CC=CC=C21,18.7,NCCCCCNCCN,9,80,4,0,0,0,0,0,0,0,0,0,0,0,0,0,0,0,0,0,0,,0,,0,,0
CC(C)(C1=CC=C(OCC2CO2)C=C1)C1=CC=C(OCC2CO2)C=C1,227,O=P1(NC2=NC(NP3(=O)OC4=C(C=CC=C4)C4=C3C=CC=C4)=NC(NP3(=O)OC4=C(C=CC=C4)C4=C3C=CC=C4)=N2)OC2=CC=CC=C2C2=CC=CC=C21,20,NCCCCCNCCN,8.8,80,4,0,0,0,0,0,0,0,0,0,0,0,0,0,0,0,0,0,0,,0,,0,,0
CC(C)(C1=CC=C(OCC2CO2)C=C1)C1=CC=C(OCC2CO2)C=C1,227,O=P1(NC2=NC(NP3(=O)OC4=C(C=CC=C4)C4=C3C=CC=C4)=NC(NP3(=O)OC4=C(C=CC=C4)C4=C3C=CC=C4)=N2)OC2=CC=CC=C2C2=CC=CC=C21,21.3,NCCCCCNCCN,8.7,80,4,0,0,0,0,0,0,0,0,0,0,0,0,0,0,0,0,0,0,,0,,0,,0
CC(C)(C1=CC=C(OCC2CO2)C=C1)C1=CC=C(OCC2CO2)C=C1,227,O=P1(NC2=NC(NP3(=O)OC4=C(C=CC=C4)C4=C3C=CC=C4)=NC(NP3(=O)OC4=C(C=CC=C4)C4=C3C=CC=C4)=N2)OC2=CC=CC=C2C2=CC=CC=C21,0,NCCCCCNCCN,11.05576803,80,4,0,0,0,0,0,0,0,0,0,0,0,0,0,0,0,0,0,0,,0,,0,,0
CC(C)(C1=CC=C(OCC2CO2)C=C1)C1=CC=C(OCC2CO2)C=C1,196,O=C(NC1=CC=C(NC(=O)OC(C2=CC=C(OP(=O)(OC3=CC=CC=C3)OC3=CC=CC=C3)C=C2)C2=CC=C(OP(=O)(OC3=CC=CC=C3)OC3=CC=CC=C3)C=C2)C=C1)OC(C1=CC=C(OP(=O)(OC2=CC=CC=C2)OC2=CC=CC=C2)C=C1)C1=CC=C(OP(=O)(OC2=CC=CC=C2)OC2=CC=CC=C2)C=C1,5,NC1=CC=C(CC2=CC=C(N)C=C2)C=C1,19.1,120,3,150,6,25,12,0,0,0,0,0,0,0,0,0,0,0,0,0,0,,0,,0,,0
CC(C)(C1=CC=C(OCC2CO2)C=C1)C1=CC=C(OCC2CO2)C=C1,196,O=C(NC1=CC=C(NC(=O)OC(C2=CC=C(OP(=O)(OC3=CC=CC=C3)OC3=CC=CC=C3)C=C2)C2=CC=C(OP(=O)(OC3=CC=CC=C3)OC3=CC=CC=C3)C=C2)C=C1)OC(C1=CC=C(OP(=O)(OC2=CC=CC=C2)OC2=CC=CC=C2)C=C1)C1=CC=C(OP(=O)(OC2=CC=CC=C2)OC2=CC=CC=C2)C=C1,10,NC1=CC=C(CC2=CC=C(N)C=C2)C=C1,18.1,120,3,150,6,25,12,0,0,0,0,0,0,0,0,0,0,0,0,0,0,,0,,0,,0
CC(C)(C1=CC=C(OCC2CO2)C=C1)C1=CC=C(OCC2CO2)C=C1,196,O=C(NC1=CC=C(NC(=O)OC(C2=CC=C(OP(=O)(OC3=CC=CC=C3)OC3=CC=CC=C3)C=C2)C2=CC=C(OP(=O)(OC3=CC=CC=C3)OC3=CC=CC=C3)C=C2)C=C1)OC(C1=CC=C(OP(=O)(OC2=CC=CC=C2)OC2=CC=CC=C2)C=C1)C1=CC=C(OP(=O)(OC2=CC=CC=C2)OC2=CC=CC=C2)C=C1,15,NC1=CC=C(CC2=CC=C(N)C=C2)C=C1,17.1,120,3,150,6,25,12,0,0,0,0,0,0,0,0,0,0,0,0,0,0,,0,,0,,0
CC(C)(C1=CC=C(OCC2CO2)C=C1)C1=CC=C(OCC2CO2)C=C1,227,O=C(NC1=CC=C(NC(=O)OC(C2=CC=C(OP(=O)(OC3=CC=CC=C3)OC3=CC=CC=C3)C=C2)C2=CC=C(OP(=O)(OC3=CC=CC=C3)OC3=CC=CC=C3)C=C2)C=C1)OC(C1=CC=C(OP(=O)(OC2=CC=CC=C2)OC2=CC=CC=C2)C=C1)C1=CC=C(OP(=O)(OC2=CC=CC=C2)OC2=CC=CC=C2)C=C1,0,NC1=CC=C(CC2=CC=C(N)C=C2)C=C1,23.95437262,120,3,150,6,25,12,0,0,0,0,0,0,0,0,0,0,0,0,0,0,,0,,0,,0
CC(C)(C1=CC=C(OCC2CO2)C=C1)C1=CC=C(OCC2CO2)C=C1,227,OB(O)C1=CC=C(OC2=NC(OC3=CC=C(B(O)O)C=C3)=NC(OC3=CC=C(B(O)O)C=C3)=N2)C=C1,5,NC1=CC=C(CC2=CC=C(N)C=C2)C=C1,20.5,80,2,120,2,150,2,0,0,0,0,0,0,0,0,0,0,0,0,0,0,,0,,0,,0
CC(C)(C1=CC=C(OCC2CO2)C=C1)C1=CC=C(OCC2CO2)C=C1,227,OB(O)C1=CC=C(OC2=NC(OC3=CC=C(B(O)O)C=C3)=NC(OC3=CC=C(B(O)O)C=C3)=N2)C=C1,0,NC1=CC=C(CC2=CC=C(N)C=C2)C=C1,21.25984252,80,2,120,2,150,2,0,0,0,0,0,0,0,0,0,0,0,0,0,0,,0,,0,,0
CC(C)(C1=CC=C(OCC2CO2)C=C1)C1=CC=C(OCC2CO2)C=C1,227,O=P([O-])([O-])[O-].[NH4+].[NH4+].[NH4+],5,NC1=CC=C(CC2=CC=C(N)C=C2)C=C1,20.45454545,80,2,120,2,150,2,0,0,0,0,0,0,0,0,0,0,0,0,0,0,,0,,0,,0
CC(C)(C1=CC=C(OCC2CO2)C=C1)C1=CC=C(OCC2CO2)C=C1,227,OB(O)C1=CC=C(OC2=NC(OC3=CC=C(B(O)O)C=C3)=NC(OC3=CC=C(B(O)O)C=C3)=N2)C=C1,1.67,NC1=CC=C(CC2=CC=C(N)C=C2)C=C1,20.45454545,80,2,120,2,150,2,0,0,0,0,0,0,0,0,0,0,0,0,0,0,O=P([O-])([O-])[O-].[NH4+].[NH4+].[NH4+],3.33,,0,,0
CC(C)(C1=CC=C(OCC2CO2)C=C1)C1=CC=C(OCC2CO2)C=C1,227,OB(O)C1=CC=C(OC2=NC(OC3=CC=C(B(O)O)C=C3)=NC(OC3=CC=C(B(O)O)C=C3)=N2)C=C1,1.25,NC1=CC=C(CC2=CC=C(N)C=C2)C=C1,20.45454545,80,2,120,2,150,2,0,0,0,0,0,0,0,0,0,0,0,0,0,0,O=P([O-])([O-])[O-].[NH4+].[NH4+].[NH4+],3.75,,0,,0
CC(C)(C1=CC=C(OCC2CO2)C=C1)C1=CC=C(OCC2CO2)C=C1,196,CCC(CC(C)C(=O)OC1=CC=C(N)C=C1)C(=O)OC1=CC=C(NC(C2=CC(C(F)(F)F)=CC(C(F)(F)F)=C2)P2(=O)OC3=C(C=CC=C3)C3=C2C=CC=C3)C=C1,2,NC1=CC=C(CC2=CC=C(N)C=C2)C=C1,19.6,120,4,140,2,180,2,0,0,0,0,0,0,0,0,0,0,0,0,0,0,,0,,0,,0
CC(C)(C1=CC=C(OCC2CO2)C=C1)C1=CC=C(OCC2CO2)C=C1,196,CCC(CC(C)C(=O)OC1=CC=C(N)C=C1)C(=O)OC1=CC=C(NC(C2=CC(C(F)(F)F)=CC(C(F)(F)F)=C2)P2(=O)OC3=C(C=CC=C3)C3=C2C=CC=C3)C=C1,5,NC1=CC=C(CC2=CC=C(N)C=C2)C=C1,19,120,4,140,2,180,2,0,0,0,0,0,0,0,0,0,0,0,0,0,0,,0,,0,,0
CC(C)(C1=CC=C(OCC2CO2)C=C1)C1=CC=C(OCC2CO2)C=C1,196,CCC(CC(C)C(=O)OC1=CC=C(N)C=C1)C(=O)OC1=CC=C(NC(C2=CC(C(F)(F)F)=CC(C(F)(F)F)=C2)P2(=O)OC3=C(C=CC=C3)C3=C2C=CC=C3)C=C1,10,NC1=CC=C(CC2=CC=C(N)C=C2)C=C1,18,120,4,140,2,180,2,0,0,0,0,0,0,0,0,0,0,0,0,0,0,,0,,0,,0
CC(C)(C1=CC=C(OCC2CO2)C=C1)C1=CC=C(OCC2CO2)C=C1,196,CCC(CC(C)C(=O)OC1=CC=C(N)C=C1)C(=O)OC1=CC=C(NC(C2=CC(C(F)(F)F)=CC(C(F)(F)F)=C2)P2(=O)OC3=C(C=CC=C3)C3=C2C=CC=C3)C=C1,15,NC1=CC=C(CC2=CC=C(N)C=C2)C=C1,17,120,4,140,2,180,2,0,0,0,0,0,0,0,0,0,0,0,0,0,0,,0,,0,,0
CC(C)(C1=CC=C(OCC2CO2)C=C1)C1=CC=C(OCC2CO2)C=C1,196,CCC(CC(C)C(=O)OC1=CC=C(N)C=C1)C(=O)OC1=CC=C(NC(C2=CC(C(F)(F)F)=CC(C(F)(F)F)=C2)P2(=O)OC3=C(C=CC=C3)C3=C2C=CC=C3)C=C1,0,NC1=CC=C(CC2=CC=C(N)C=C2)C=C1,20,120,4,140,2,180,2,0,0,0,0,0,0,0,0,0,0,0,0,0,0,,0,,0,,0
CC(C)(C1=CC=C(OCC2CO2)C=C1)C1=CC=C(OCC2CO2)C=C1,227,C[SiH](N[Si](C)(CCP1(OC2=C(C3=CC=CC=C31)C=CC=C2)=O)C)N,2,NC1=CC=C(CC2=CC=C(N)C=C2)C=C1,19.61,100,2,150,2,0,0,0,0,0,0,0,0,0,0,0,0,0,0,0,0,,0,,0,,0
CC(C)(C1=CC=C(OCC2CO2)C=C1)C1=CC=C(OCC2CO2)C=C1,227,C[SiH](N[Si](C)(CCP1(OC2=C(C3=CC=CC=C31)C=CC=C2)=O)C)N,3.8,NC1=CC=C(CC2=CC=C(N)C=C2)C=C1,19.23,100,2,150,2,0,0,0,0,0,0,0,0,0,0,0,0,0,0,0,0,,0,,0,,0
CC(C)(C1=CC=C(OCC2CO2)C=C1)C1=CC=C(OCC2CO2)C=C1,227,C[SiH](N[Si](C)(CCP1(OC2=C(C3=CC=CC=C31)C=CC=C2)=O)C)N,0,NC1=CC=C(CC2=CC=C(N)C=C2)C=C1,20,100,2,150,2,0,0,0,0,0,0,0,0,0,0,0,0,0,0,0,0,,0,,0,,0
CC(C)(C1=CC=C(OCC2CO2)C=C1)C1=CC=C(OCC2CO2)C=C1,227,C[SiH](N)N[Si](CC=C)(C)C,3.846153846,NC1=CC=C(CC2=CC=C(N)C=C2)C=C1,19.23076923,100,2,150,2,0,0,0,0,0,0,0,0,0,0,0,0,0,0,0,0,,0,,0,,0
CC(C)(C1=CC=C(OCC2CO2)C=C1)C1=CC=C(OCC2CO2)C=C1,188,O=P(O)(CN1CCN(CP(=O)(O)C2=CC=CC=C2)CC1)C1=CC=CC=C1,4,NC1=CC=C(CC2=CC=C(N)C=C2)C=C1,19.39,120,2,170,4,0,0,0,0,0,0,0,0,0,0,0,0,0,0,0,0,,0,,0,,0
CC(C)(C1=CC=C(OCC2CO2)C=C1)C1=CC=C(OCC2CO2)C=C1,188,O=P(O)(CN1CCN(CP(=O)(O)C2=CC=CC=C2)CC1)C1=CC=CC=C1,6,NC1=CC=C(CC2=CC=C(N)C=C2)C=C1,18.98,120,2,170,4,0,0,0,0,0,0,0,0,0,0,0,0,0,0,0,0,,0,,0,,0
CC(C)(C1=CC=C(OCC2CO2)C=C1)C1=CC=C(OCC2CO2)C=C1,188,O=P(O)(CN1CCN(CP(=O)(O)C2=CC=CC=C2)CC1)C1=CC=CC=C1,8,NC1=CC=C(CC2=CC=C(N)C=C2)C=C1,18.58,120,2,170,4,0,0,0,0,0,0,0,0,0,0,0,0,0,0,0,0,,0,,0,,0
CC(C)(C1=CC=C(OCC2CO2)C=C1)C1=CC=C(OCC2CO2)C=C1,188,O=P(O)(CN1CCN(CP(=O)(O)C2=CC=CC=C2)CC1)C1=CC=CC=C1,0,NC1=CC=C(CC2=CC=C(N)C=C2)C=C1,20.1915403,120,2,170,4,0,0,0,0,0,0,0,0,0,0,0,0,0,0,0,0,,0,,0,,0
CC(C)(C1=CC=C(OCC2CO2)C=C1)C1=CC=C(OCC2CO2)C=C1,196,NCCNCCNCCNCCNCCNP(C1=CC=CC=C1)(C2=CC=CC=C2)=O,10,NCCCCCNCCN,8.18,25,15,50,1,0,0,0,0,0,0,0,0,0,0,0,0,0,0,0,0,,0,,0,,0
CC(C)(C1=CC=C(OCC2CO2)C=C1)C1=CC=C(OCC2CO2)C=C1,196,NCCNCCNCCNCCNCCNP(C1=CC=CC=C1)(C2=CC=CC=C2)=O,12.5,NCCCCCNCCN,7.96,25,15,50,1,0,0,0,0,0,0,0,0,0,0,0,0,0,0,0,0,,0,,0,,0
CC(C)(C1=CC=C(OCC2CO2)C=C1)C1=CC=C(OCC2CO2)C=C1,196,NCCNCCNCCNCCNCCNP(C1=CC=CC=C1)(C2=CC=CC=C2)=O,15,NCCCCCNCCN,7.73,25,15,50,1,0,0,0,0,0,0,0,0,0,0,0,0,0,0,0,0,,0,,0,,0
CC(C)(C1=CC=C(OCC2CO2)C=C1)C1=CC=C(OCC2CO2)C=C1,196,NCCNCCNCCNCCNCCNP(C1=CC=CC=C1)(C2=CC=CC=C2)=O,0,NCCCCCNCCN,20,25,15,50,1,0,0,0,0,0,0,0,0,0,0,0,0,0,0,0,0,,0,,0,,0
CC(C)(C1=CC=C(OCC2CO2)C=C1)C1=CC=C(OCC2CO2)C=C1,196,O=P1(C(NCCC2=CNC3=C2C=CC=C3)C2=C(O)C=CC=C2)OC2=C(C=CC=C2)C2=C1C=CC=C2,2,NC1=CC=C(CC2=CC=C(N)C=C2)C=C1,20.22,100,2,150,3,0,0,0,0,0,0,0,0,0,0,0,0,0,0,0,0,,0,,0,,0
CC(C)(C1=CC=C(OCC2CO2)C=C1)C1=CC=C(OCC2CO2)C=C1,196,O=P1(C(NCCC2=CNC3=C2C=CC=C3)C2=C(O)C=CC=C2)OC2=C(C=CC=C2)C2=C1C=CC=C2,4,NC1=CC=C(CC2=CC=C(N)C=C2)C=C1,19.81,100,2,150,3,0,0,0,0,0,0,0,0,0,0,0,0,0,0,0,0,,0,,0,,0
CC(C)(C1=CC=C(OCC2CO2)C=C1)C1=CC=C(OCC2CO2)C=C1,196,O=P1(C(NCCC2=CNC3=C2C=CC=C3)C2=C(O)C=CC=C2)OC2=C(C=CC=C2)C2=C1C=CC=C2,8,NC1=CC=C(CC2=CC=C(N)C=C2)C=C1,18.98,100,2,150,3,0,0,0,0,0,0,0,0,0,0,0,0,0,0,0,0,,0,,0,,0
CC(C)(C1=CC=C(OCC2CO2)C=C1)C1=CC=C(OCC2CO2)C=C1,196,O=P1(C(NCCC2=CNC3=C2C=CC=C3)C2=C(O)C=CC=C2)OC2=C(C=CC=C2)C2=C1C=CC=C2,15,NC1=CC=C(CC2=CC=C(N)C=C2)C=C1,17.54,100,2,150,3,0,0,0,0,0,0,0,0,0,0,0,0,0,0,0,0,,0,,0,,0
CC(C)(C1=CC=C(OCC2CO2)C=C1)C1=CC=C(OCC2CO2)C=C1,196,O=P1(C(NCCC2=CNC3=C2C=CC=C3)C2=C(O)C=CC=C2)OC2=C(C=CC=C2)C2=C1C=CC=C2,0,NC1=CC=C(CC2=CC=C(N)C=C2)C=C1,20.63492063,100,2,150,3,0,0,0,0,0,0,0,0,0,0,0,0,0,0,0,0,,0,,0,,0
CC(C)(C1=CC=C(OCC2CO2)C=C1)C1=CC=C(OCC2CO2)C=C1,196,O=C(OC(C1=CC=C(OP(=O)(OC2=CC=CC=C2)OC2=CC=CC=C2)C=C1)C1=CC=C(OP(=O)(OC2=CC=CC=C2)OC2=CC=CC=C2)C=C1)C1=CC(C(=O)OC(C2=CC=C(OP(=O)(OC3=CC=CC=C3)OC3=CC=CC=C3)C=C2)C2=CC=C(OP(=O)(OC3=CC=CC=C3)OC3=CC=CC=C3)C=C2)=CC(C(=O)OC(C2=CC=C(OP(=O)(OC3=CC=CC=C3)OC3=CC=CC=C3)C=C2)C2=CC=C(OP(=O)(OC3=CC=CC=C3)OC3=CC=CC=C3)C=C2)=C1,5,NC1=CC=C(CC2=CC=C(N)C=C2)C=C1,19.12,110,2,150,5,25,24,0,0,0,0,0,0,0,0,0,0,0,0,0,0,,0,,0,,0
CC(C)(C1=CC=C(OCC2CO2)C=C1)C1=CC=C(OCC2CO2)C=C1,196,O=C(OC(C1=CC=C(OP(=O)(OC2=CC=CC=C2)OC2=CC=CC=C2)C=C1)C1=CC=C(OP(=O)(OC2=CC=CC=C2)OC2=CC=CC=C2)C=C1)C1=CC(C(=O)OC(C2=CC=C(OP(=O)(OC3=CC=CC=C3)OC3=CC=CC=C3)C=C2)C2=CC=C(OP(=O)(OC3=CC=CC=C3)OC3=CC=CC=C3)C=C2)=CC(C(=O)OC(C2=CC=C(OP(=O)(OC3=CC=CC=C3)OC3=CC=CC=C3)C=C2)C2=CC=C(OP(=O)(OC3=CC=CC=C3)OC3=CC=CC=C3)C=C2)=C1,10,NC1=CC=C(CC2=CC=C(N)C=C2)C=C1,18.1,110,2,150,5,25,24,0,0,0,0,0,0,0,0,0,0,0,0,0,0,,0,,0,,0
CC(C)(C1=CC=C(OCC2CO2)C=C1)C1=CC=C(OCC2CO2)C=C1,196,O=C(OC(C1=CC=C(OP(=O)(OC2=CC=CC=C2)OC2=CC=CC=C2)C=C1)C1=CC=C(OP(=O)(OC2=CC=CC=C2)OC2=CC=CC=C2)C=C1)C1=CC(C(=O)OC(C2=CC=C(OP(=O)(OC3=CC=CC=C3)OC3=CC=CC=C3)C=C2)C2=CC=C(OP(=O)(OC3=CC=CC=C3)OC3=CC=CC=C3)C=C2)=CC(C(=O)OC(C2=CC=C(OP(=O)(OC3=CC=CC=C3)OC3=CC=CC=C3)C=C2)C2=CC=C(OP(=O)(OC3=CC=CC=C3)OC3=CC=CC=C3)C=C2)=C1,15,NC1=CC=C(CC2=CC=C(N)C=C2)C=C1,17.1,110,2,150,5,25,24,0,0,0,0,0,0,0,0,0,0,0,0,0,0,,0,,0,,0
CC(C)(C1=CC=C(OCC2CO2)C=C1)C1=CC=C(OCC2CO2)C=C1,196,O=C(OC(C1=CC=C(OP(=O)(OC2=CC=CC=C2)OC2=CC=CC=C2)C=C1)C1=CC=C(OP(=O)(OC2=CC=CC=C2)OC2=CC=CC=C2)C=C1)C1=CC(C(=O)OC(C2=CC=C(OP(=O)(OC3=CC=CC=C3)OC3=CC=CC=C3)C=C2)C2=CC=C(OP(=O)(OC3=CC=CC=C3)OC3=CC=CC=C3)C=C2)=CC(C(=O)OC(C2=CC=C(OP(=O)(OC3=CC=CC=C3)OC3=CC=CC=C3)C=C2)C2=CC=C(OP(=O)(OC3=CC=CC=C3)OC3=CC=CC=C3)C=C2)=C1,0,NC1=CC=C(CC2=CC=C(N)C=C2)C=C1,20.12779553,110,2,150,5,25,24,0,0,0,0,0,0,0,0,0,0,0,0,0,0,,0,,0,,0
CC(C)(C1=CC=C(OCC2CO2)C=C1)C1=CC=C(OCC2CO2)C=C1,227,O=P(O)(OCC12COP(=O)(OC1)OC2)OC1=CC(P2(=O)OC3=CC=CC=C3C3=CC=CC=C32)=C(O)C=C1,2.5,NC1=CC=C(CC2=CC=C(N)C=C2)C=C1,6.2,150,1,180,2,0,0,0,0,0,0,0,0,0,0,0,0,0,0,0,0,,0,,0,,0
CC(C)(C1=CC=C(OCC2CO2)C=C1)C1=CC=C(OCC2CO2)C=C1,227,O=P(O)(OCC12COP(=O)(OC1)OC2)OC1=CC(P2(=O)OC3=CC=CC=C3C3=CC=CC=C32)=C(O)C=C1,5,NC1=CC=C(CC2=CC=C(N)C=C2)C=C1,5.85,150,1,180,2,0,0,0,0,0,0,0,0,0,0,0,0,0,0,0,0,,0,,0,,0
CC(C)(C1=CC=C(OCC2CO2)C=C1)C1=CC=C(OCC2CO2)C=C1,227,O=P(O)(OCC12COP(=O)(OC1)OC2)OC1=CC(P2(=O)OC3=CC=CC=C3C3=CC=CC=C32)=C(O)C=C1,7.5,NC1=CC=C(CC2=CC=C(N)C=C2)C=C1,5.68,150,1,180,2,0,0,0,0,0,0,0,0,0,0,0,0,0,0,0,0,,0,,0,,0
CC(C)(C1=CC=C(OCC2CO2)C=C1)C1=CC=C(OCC2CO2)C=C1,227,O=P(O)(OCC12COP(=O)(OC1)OC2)OC1=CC(P2(=O)OC3=CC=CC=C3C3=CC=CC=C32)=C(O)C=C1,10,NC1=CC=C(CC2=CC=C(N)C=C2)C=C1,5.5,150,1,180,2,0,0,0,0,0,0,0,0,0,0,0,0,0,0,0,0,,0,,0,,0
CC(C)(C1=CC=C(OCC2CO2)C=C1)C1=CC=C(OCC2CO2)C=C1,227,O=P(O)(OCC12COP(=O)(OC1)OC2)OC1=CC(P2(=O)OC3=CC=CC=C3C3=CC=CC=C32)=C(O)C=C1,0,NC1=CC=C(CC2=CC=C(N)C=C2)C=C1,13.6,150,1,180,2,0,0,0,0,0,0,0,0,0,0,0,0,0,0,0,0,,0,,0,,0
CC(C)(C1=CC=C(OCC2CO2)C=C1)C1=CC=C(OCC2CO2)C=C1,196,O=P1(C2C3=C(C=CC=C3)OCN2C2=CC=C(O)C=C2)C2=C(C=CC=C2)NC2=C1C=CC=C2,1,NC1=CC=C(CC2=CC=C(N)C=C2)C=C1,19.8,80,1,100,1,150,1,180,2,210,2,230,2,250,1,0,0,0,0,0,0,,0,,0,,0
CC(C)(C1=CC=C(OCC2CO2)C=C1)C1=CC=C(OCC2CO2)C=C1,196,O=P1(C2C3=C(C=CC=C3)OCN2C2=CC=C(O)C=C2)C2=C(C=CC=C2)NC2=C1C=CC=C2,2,NC1=CC=C(CC2=CC=C(N)C=C2)C=C1,19.6,80,1,100,1,150,1,180,2,210,2,230,2,250,1,0,0,0,0,0,0,,0,,0,,0
CC(C)(C1=CC=C(OCC2CO2)C=C1)C1=CC=C(OCC2CO2)C=C1,196,O=P1(C2C3=C(C=CC=C3)OCN2C2=CC=C(O)C=C2)C2=C(C=CC=C2)NC2=C1C=CC=C2,3,NC1=CC=C(CC2=CC=C(N)C=C2)C=C1,19.4,80,1,100,1,150,1,180,2,210,2,230,2,250,1,0,0,0,0,0,0,,0,,0,,0
CC(C)(C1=CC=C(OCC2CO2)C=C1)C1=CC=C(OCC2CO2)C=C1,196,O=P1(C2C3=C(C=CC=C3)OCN2C2=CC=C(O)C=C2)C2=C(C=CC=C2)NC2=C1C=CC=C2,0,NC1=CC=C(CC2=CC=C(N)C=C2)C=C1,20,80,1,100,1,150,1,180,2,210,2,230,2,250,1,0,0,0,0,0,0,,0,,0,,0
CC(C)(C1=CC=C(OCC2CO2)C=C1)C1=CC=C(OCC2CO2)C=C1,227,O=C(OCC12COP(=O)(OC1)OC2)C1=CC=C2C(=O)OC(=O)C2=C1,8.8,CC12CCC(C1)C1C(=O)OC(=O)C12,35.2,120,2,140,3,160,2,0,0,0,0,0,0,0,0,0,0,0,0,0,0,,0,,0,,0
CC(C)(C1=CC=C(OCC2CO2)C=C1)C1=CC=C(OCC2CO2)C=C1,227,O=C(OCC12COP(=O)(OC1)OC2)C1=CC=C2C(=O)OC(=O)C2=C1,16.5,CC12CCC(C1)C1C(=O)OC(=O)C12,29.7,120,2,140,3,160,2,0,0,0,0,0,0,0,0,0,0,0,0,0,0,,0,,0,,0
CC(C)(C1=CC=C(OCC2CO2)C=C1)C1=CC=C(OCC2CO2)C=C1,227,O=C(OCC12COP(=O)(OC1)OC2)C1=CC=C2C(=O)OC(=O)C2=C1,24.8,CC12CCC(C1)C1C(=O)OC(=O)C12,23.7,120,2,140,3,160,2,0,0,0,0,0,0,0,0,0,0,0,0,0,0,,0,,0,,0
CC(C)(C1=CC=C(OCC2CO2)C=C1)C1=CC=C(OCC2CO2)C=C1,227,O=C(OCC12COP(=O)(OC1)OC2)C1=CC=C2C(=O)OC(=O)C2=C1,33,CC12CCC(C1)C1C(=O)OC(=O)C12,17.8,120,2,140,3,160,2,0,0,0,0,0,0,0,0,0,0,0,0,0,0,,0,,0,,0
CC(C)(C1=CC=C(OCC2CO2)C=C1)C1=CC=C(OCC2CO2)C=C1,227,O=C(OCC12COP(=O)(OC1)OC2)C1=CC=C2C(=O)OC(=O)C2=C1,0,CC12CCC(C1)C1C(=O)OC(=O)C12,39.9651798,120,2,140,3,160,2,0,0,0,0,0,0,0,0,0,0,0,0,0,0,,0,,0,,0
CC(C)(C1=CC=C(OCC2CO2)C=C1)C1=CC=C(OCC2CO2)C=C1,227,OC1=CC=CC=C1C(P2(OC3=C(C4=C2C=CC=C4)C=CC=C3)=O)NC5=NC=CN=C5,5,NC1=CC=C(CC2=CC=C(N)C=C2)C=C1,19.61,100,2,150,2,0,0,0,0,0,0,0,0,0,0,0,0,0,0,0,0,,0,,0,,0
CC(C)(C1=CC=C(OCC2CO2)C=C1)C1=CC=C(OCC2CO2)C=C1,227,OC1=CC=CC=C1C(P2(OC3=C(C4=C2C=CC=C4)C=CC=C3)=O)NC5=NC=CN=C5,8,NC1=CC=C(CC2=CC=C(N)C=C2)C=C1,18.98,100,2,150,2,0,0,0,0,0,0,0,0,0,0,0,0,0,0,0,0,,0,,0,,0
CC(C)(C1=CC=C(OCC2CO2)C=C1)C1=CC=C(OCC2CO2)C=C1,227,OC1=CC=CC=C1C(P2(OC3=C(C4=C2C=CC=C4)C=CC=C3)=O)NC5=NC=CN=C5,10,NC1=CC=C(CC2=CC=C(N)C=C2)C=C1,18.57,100,2,150,2,0,0,0,0,0,0,0,0,0,0,0,0,0,0,0,0,,0,,0,,0
CC(C)(C1=CC=C(OCC2CO2)C=C1)C1=CC=C(OCC2CO2)C=C1,227,OC1=CC=CC=C1C(P2(OC3=C(C4=C2C=CC=C4)C=CC=C3)=O)NC5=NC=CN=C5,0,NC1=CC=C(CC2=CC=C(N)C=C2)C=C1,20.63492063,100,2,150,2,0,0,0,0,0,0,0,0,0,0,0,0,0,0,0,0,,0,,0,,0
CC(C)(C1=CC=C(OCC2CO2)C=C1)C1=CC=C(OCC2CO2)C=C1,227,NC1=CC=C(C=C1)S(=O)(C2=CC=C(C=C2)NP(N)(C3=CC=CC=C3)=O)=O,15,NC1=CC=CC(N)=C1,9.1,80,2,120,2,0,0,0,0,0,0,0,0,0,0,0,0,0,0,0,0,,0,,0,,0
CC(C)(C1=CC=C(OCC2CO2)C=C1)C1=CC=C(OCC2CO2)C=C1,227,NC1=CC=C(C=C1)S(=O)(C2=CC=C(C=C2)OP(O)(C3=CC=CC=C3)=O)=O,15,NC1=CC=CC(N)=C1,9.1,80,2,120,2,0,0,0,0,0,0,0,0,0,0,0,0,0,0,0,0,,0,,0,,0
CC(C)(C1=CC=C(OCC2CO2)C=C1)C1=CC=C(OCC2CO2)C=C1,213,NC1=CC=C(C=C1)S(=O)(C2=CC=C(C=C2)NP(N)(OC3=CC=CC=C3)=O)=O,15.6,NC1=CC=CC(N)=C1,9,80,2,120,2,0,0,0,0,0,0,0,0,0,0,0,0,0,0,0,0,,0,,0,,0
CC(C)(C1=CC=C(OCC2CO2)C=C1)C1=CC=C(OCC2CO2)C=C1,213,NC1=CC=C(C=C1)S(=O)(C2=CC=C(C=C2)OP(O)(OC3=CC=CC=C3)=O)=O,15.6,NC1=CC=CC(N)=C1,9,80,2,120,2,0,0,0,0,0,0,0,0,0,0,0,0,0,0,0,0,,0,,0,,0
CC(C)(C1=CC=C(OCC2CO2)C=C1)C1=CC=C(OCC2CO2)C=C1,213,NC1=CC=C(C=C1)S(=O)(C2=CC=C(C=C2)OP(O)(OC3=CC=CC=C3)=O)=O,0,NC1=CC=CC(N)=C1,10.71428571,80,2,120,2,0,0,0,0,0,0,0,0,0,0,0,0,0,0,0,0,,0,,0,,0
CC(C)(C1=CC=C(OCC2CO2)C=C1)C1=CC=C(OCC2CO2)C=C1,185,O=S(C1=CC=C(C=C1)O)(C2=CC=C(C=C2)OP3(OC4=CC=C(C=C4)S(=O)(C5=CC=C(C=C5)O)=O)=NP(OC6=CC=C(C=C6)S(=O)(C7=CC=C(C=C7)O)=O)(OC8=CC=C(C=C8)S(=O)(C9=CC=C(C=C9)O)=O)=NP(C%10=CC=C(C=C%10)S(=O)(C%11=CC=C(C=C%11)O)=O)(C%12=CC=C(C=C%12)S(=O)(C%13=CC=C(C=C%13)O)=O)=N3)=O,0.5,C1(CN(C2=CC=CC=C2)CO3)=C3C=CC(C4=CC(CN(C5=CC=CC=C5)CO6)=C6C=C4)=C1,49.75,50,24,80,1,100,1,120,1,140,1,160,1,180,1,200,1,220,2,0,0,,0,,0,,0
CC(C)(C1=CC=C(OCC2CO2)C=C1)C1=CC=C(OCC2CO2)C=C1,185,O=S(C1=CC=C(C=C1)O)(C2=CC=C(C=C2)OP3(OC4=CC=C(C=C4)S(=O)(C5=CC=C(C=C5)O)=O)=NP(OC6=CC=C(C=C6)S(=O)(C7=CC=C(C=C7)O)=O)(OC8=CC=C(C=C8)S(=O)(C9=CC=C(C=C9)O)=O)=NP(C%10=CC=C(C=C%10)S(=O)(C%11=CC=C(C=C%11)O)=O)(C%12=CC=C(C=C%12)S(=O)(C%13=CC=C(C=C%13)O)=O)=N3)=O,1,C1(CN(C2=CC=CC=C2)CO3)=C3C=CC(C4=CC(CN(C5=CC=CC=C5)CO6)=C6C=C4)=C1,49.5,50,24,80,1,100,1,120,1,140,1,160,1,180,1,200,1,220,2,0,0,,0,,0,,0
CC(C)(C1=CC=C(OCC2CO2)C=C1)C1=CC=C(OCC2CO2)C=C1,185,O=S(C1=CC=C(C=C1)O)(C2=CC=C(C=C2)OP3(OC4=CC=C(C=C4)S(=O)(C5=CC=C(C=C5)O)=O)=NP(OC6=CC=C(C=C6)S(=O)(C7=CC=C(C=C7)O)=O)(OC8=CC=C(C=C8)S(=O)(C9=CC=C(C=C9)O)=O)=NP(C%10=CC=C(C=C%10)S(=O)(C%11=CC=C(C=C%11)O)=O)(C%12=CC=C(C=C%12)S(=O)(C%13=CC=C(C=C%13)O)=O)=N3)=O,1.5,C1(CN(C2=CC=CC=C2)CO3)=C3C=CC(C4=CC(CN(C5=CC=CC=C5)CO6)=C6C=C4)=C1,49.25,50,24,80,1,100,1,120,1,140,1,160,1,180,1,200,1,220,2,0,0,,0,,0,,0
CC(C)(C1=CC=C(OCC2CO2)C=C1)C1=CC=C(OCC2CO2)C=C1,227,CC1(C)CC(N)CC(C)(CNP2(=O)OCC3(CO2)COP(=O)(NCC2(C)CC(N)CC(C)(C)C2)OC3)C1,10.7,NC1=CC=C(S(=O)(=O)C2=CC=C(N)C=C2)C=C1,17.85714286,90,2,110,2,130,3,0,0,0,0,0,0,0,0,0,0,0,0,0,0,,0,,0,,0
CC(C)(C1=CC=C(OCC2CO2)C=C1)C1=CC=C(OCC2CO2)C=C1,227,CC1(C)CC(N)CC(C)(CNP2(=O)OCC3(CO2)COP(=O)(NCC2(C)CC(N)CC(C)(C)C2)OC3)C1,17.9,NC1=CC=C(S(=O)(=O)C2=CC=C(N)C=C2)C=C1,10.71428571,90,2,110,2,130,3,0,0,0,0,0,0,0,0,0,0,0,0,0,0,,0,,0,,0
CC(C)(C1=CC=C(OCC2CO2)C=C1)C1=CC=C(OCC2CO2)C=C1,227,CC1(C)CC(N)CC(C)(CNP2(=O)OCC3(CO2)COP(=O)(NCC2(C)CC(N)CC(C)(C)C2)OC3)C1,25,NC1=CC=C(S(=O)(=O)C2=CC=C(N)C=C2)C=C1,3.571428571,90,2,110,2,130,3,0,0,0,0,0,0,0,0,0,0,0,0,0,0,,0,,0,,0
CC(C)(C1=CC=C(OCC2CO2)C=C1)C1=CC=C(OCC2CO2)C=C1,227,CC1(C)CC(N)CC(C)(CNP2(=O)OCC3(CO2)COP(=O)(NCC2(C)CC(N)CC(C)(C)C2)OC3)C1,0,NC1=CC=C(S(=O)(=O)C2=CC=C(N)C=C2)C=C1,25.92592593,90,2,110,2,130,3,0,0,0,0,0,0,0,0,0,0,0,0,0,0,,0,,0,,0
CC(C)(C1=CC=C(OCC2CO2)C=C1)C1=CC=C(OCC2CO2)C=C1,196,O=P1(CC(C2=CC=CC=C2)P2(=O)OC3=C(C=CC=C3)C3=CC=CC=C32)OC2=C(C=CC=C2)C2=C1C=CC=C2,0.5,CCC1=NC=C(C)N1,5.97,80,1,140,2,0,0,0,0,0,0,0,0,0,0,0,0,0,0,0,0,,0,,0,,0
CC(C)(C1=CC=C(OCC2CO2)C=C1)C1=CC=C(OCC2CO2)C=C1,196,O=P1(CC(C2=CC=CC=C2)P2(=O)OC3=C(C=CC=C3)C3=CC=CC=C32)OC2=C(C=CC=C2)C2=C1C=CC=C2,1,CCC1=NC=C(C)N1,5.94,80,1,140,2,0,0,0,0,0,0,0,0,0,0,0,0,0,0,0,0,,0,,0,,0
CC(C)(C1=CC=C(OCC2CO2)C=C1)C1=CC=C(OCC2CO2)C=C1,196,O=P1(CC(C2=CC=CC=C2)P2(=O)OC3=C(C=CC=C3)C3=CC=CC=C32)OC2=C(C=CC=C2)C2=C1C=CC=C2,3,CCC1=NC=C(C)N1,5.82,80,1,140,2,0,0,0,0,0,0,0,0,0,0,0,0,0,0,0,0,,0,,0,,0
CC(C)(C1=CC=C(OCC2CO2)C=C1)C1=CC=C(OCC2CO2)C=C1,196,O=P1(CC(C2=CC=CC=C2)P2(=O)OC3=C(C=CC=C3)C3=CC=CC=C32)OC2=C(C=CC=C2)C2=C1C=CC=C2,0,CCC1=NC=C(C)N1,6,80,1,140,2,0,0,0,0,0,0,0,0,0,0,0,0,0,0,0,0,,0,,0,,0
CC(C)(C1=CC=C(OCC2CO2)C=C1)C1=CC=C(OCC2CO2)C=C1,188,CCCC(CN1C(N(C(N(C1=O)CC(CP2(OC3=C(C4=C2C=CC=C4)C=CC=C3)=O)O)=O)CC(COB(C5=CC=CC=C5)O)O)=O)O,7,NC1=CC=C(S(=O)(=O)C2=CC=C(N)C=C2)C=C1,23.08,160,2,180,4,0,0,0,0,0,0,0,0,0,0,0,0,0,0,0,0,,0,,0,,0
CC(C)(C1=CC=C(OCC2CO2)C=C1)C1=CC=C(OCC2CO2)C=C1,188,CCCC(CN1C(N(C(N(C1=O)CC(CP2(OC3=C(C4=C2C=CC=C4)C=CC=C3)=O)O)=O)CC(COB(C5=CC=CC=C5)O)O)=O)O,11,NC1=CC=C(S(=O)(=O)C2=CC=C(N)C=C2)C=C1,22.07,160,2,180,4,0,0,0,0,0,0,0,0,0,0,0,0,0,0,0,0,,0,,0,,0
CC(C)(C1=CC=C(OCC2CO2)C=C1)C1=CC=C(OCC2CO2)C=C1,188,CCCC(CN1C(N(C(N(C1=O)CC(CP2(OC3=C(C4=C2C=CC=C4)C=CC=C3)=O)O)=O)CC(COB(C5=CC=CC=C5)O)O)=O)O,14.7,NC1=CC=C(S(=O)(=O)C2=CC=C(N)C=C2)C=C1,21.15,160,2,180,4,0,0,0,0,0,0,0,0,0,0,0,0,0,0,0,0,,0,,0,,0
CC(C)(C1=CC=C(OCC2CO2)C=C1)C1=CC=C(OCC2CO2)C=C1,188,CCCC(CN1C(N(C(N(C1=O)CC(CP2(OC3=C(C4=C2C=CC=C4)C=CC=C3)=O)O)=O)CC(COB(C5=CC=CC=C5)O)O)=O)O,18.4,NC1=CC=C(S(=O)(=O)C2=CC=C(N)C=C2)C=C1,20.25,160,2,180,4,0,0,0,0,0,0,0,0,0,0,0,0,0,0,0,0,,0,,0,,0
CC(C)(C1=CC=C(OCC2CO2)C=C1)C1=CC=C(OCC2CO2)C=C1,188,CCCC(CN1C(N(C(N(C1=O)CC(CP2(OC3=C(C4=C2C=CC=C4)C=CC=C3)=O)O)=O)CC(COB(C5=CC=CC=C5)O)O)=O)O,0,NC1=CC=C(S(=O)(=O)C2=CC=C(N)C=C2)C=C1,24.81203008,160,2,180,4,0,0,0,0,0,0,0,0,0,0,0,0,0,0,0,0,,0,,0,,0
CC(C)(C1=CC=C(OCC2CO2)C=C1)C1=CC=C(OCC2CO2)C=C1,188,[H]P1(=O)OC2=C(C=CC=C2)C2=C1C=CC=C2,7,NC1=CC=C(S(=O)(=O)C2=CC=C(N)C=C2)C=C1,23.08,160,2,180,4,0,0,0,0,0,0,0,0,0,0,0,0,0,0,0,0,,0,,0,,0
CC(C)(C1=CC=C(OCC2CO2)C=C1)C1=CC=C(OCC2CO2)C=C1,196,O=P1(C(O)C2=CC=C(OC3=NC(OC4=CC=C(C(O)P5(=O)C6=CC=CC=C6NC6=C5C=CC=C6)C=C4)=NC(OC4=CC=C(C(O)P5(=O)C6=CC=CC=C6NC6=C5C=CC=C6)C=C4)=N3)C=C2)C2=CC=CC=C2NC2=C1C=CC=C2,0.5,NC1=CC=C(CC2=CC=C(N)C=C2)C=C1,19.95068014,90,2,130,1,150,1,180,2,200,2,0,0,0,0,0,0,0,0,0,0,,0,,0,,0
CC(C)(C1=CC=C(OCC2CO2)C=C1)C1=CC=C(OCC2CO2)C=C1,196,O=P1(C(O)C2=CC=C(OC3=NC(OC4=CC=C(C(O)P5(=O)C6=CC=CC=C6NC6=C5C=CC=C6)C=C4)=NC(OC4=CC=C(C(O)P5(=O)C6=CC=CC=C6NC6=C5C=CC=C6)C=C4)=N3)C=C2)C2=CC=CC=C2NC2=C1C=CC=C2,1,NC1=CC=C(CC2=CC=C(N)C=C2)C=C1,19.73684211,90,2,130,1,150,1,180,2,200,2,0,0,0,0,0,0,0,0,0,0,,0,,0,,0
CC(C)(C1=CC=C(OCC2CO2)C=C1)C1=CC=C(OCC2CO2)C=C1,196,O=P1(C(O)C2=CC=C(OC3=NC(OC4=CC=C(C(O)P5(=O)C6=CC=CC=C6NC6=C5C=CC=C6)C=C4)=NC(OC4=CC=C(C(O)P5(=O)C6=CC=CC=C6NC6=C5C=CC=C6)C=C4)=N3)C=C2)C2=CC=CC=C2NC2=C1C=CC=C2,1.5,NC1=CC=C(CC2=CC=C(N)C=C2)C=C1,19.52933744,90,2,130,1,150,1,180,2,200,2,0,0,0,0,0,0,0,0,0,0,,0,,0,,0
CC(C)(C1=CC=C(OCC2CO2)C=C1)C1=CC=C(OCC2CO2)C=C1,196,O=P1(C(O)C2=CC=C(OC3=NC(OC4=CC=C(C(O)P5(=O)C6=CC=CC=C6NC6=C5C=CC=C6)C=C4)=NC(OC4=CC=C(C(O)P5(=O)C6=CC=CC=C6NC6=C5C=CC=C6)C=C4)=N3)C=C2)C2=CC=CC=C2NC2=C1C=CC=C2,0,NC1=CC=C(CC2=CC=C(N)C=C2)C=C1,20.17879949,90,2,130,1,150,1,180,2,200,2,0,0,0,0,0,0,0,0,0,0,,0,,0,,0
CC(C)(C1=CC=C(OCC2CO2)C=C1)C1=CC=C(OCC2CO2)C=C1,196,[H]P1(=O)C2=CC=CC=C2NC2=C1C=CC=C2,1,NC1=CC=C(CC2=CC=C(N)C=C2)C=C1,19.73684211,90,2,130,1,150,1,180,2,200,2,0,0,0,0,0,0,0,0,0,0,,0,,0,,0
CC(C)(C1=CC=C(OCC2CO2)C=C1)C1=CC=C(OCC2CO2)C=C1,227,O=C(CCCCCCCCCCSCCOP(=O)(OC1=CC=CC=C1)OC1=CC=CC=C1)OC1COC2C(OC(=O)CCCCCCCCCSCCOP(=O)(OC3=CC=CC=C3)OC3=CC=CC=C3)COC12,35,CCC1=NC=C(C)N1,3.9,95,1.5,130,1.5,0,0,0,0,0,0,0,0,0,0,0,0,0,0,0,0,,0,,0,,0
CC(C)(C1=CC=C(OCC2CO2)C=C1)C1=CC=C(OCC2CO2)C=C1,227,O=C(CCCCCCCCCCSCCOP(=O)(OC1=CC=CC=C1)OC1=CC=CC=C1)OC1COC2C(OC(=O)CCCCCCCCCSCCOP(=O)(OC3=CC=CC=C3)OC3=CC=CC=C3)COC12,70.1,CCC1=NC=C(C)N1,1.8,95,1.5,130,1.5,0,0,0,0,0,0,0,0,0,0,0,0,0,0,0,0,,0,,0,,0
CC(C)(C1=CC=C(OCC2CO2)C=C1)C1=CC=C(OCC2CO2)C=C1,227,O=C(OC1COC2C(COC12)OC(CCCCCCCCCSCCOP(C3=CC=CC=C3)(C4=CC=CC=C4)=O)=O)CCCCCCCCCCSCCOP(C5=CC=CC=C5)(C6=CC=CC=C6)=O,33,CCC1=NC=C(C)N1,4.02,95,1.5,130,1.5,0,0,0,0,0,0,0,0,0,0,0,0,0,0,0,0,,0,,0,,0
CC(C)(C1=CC=C(OCC2CO2)C=C1)C1=CC=C(OCC2CO2)C=C1,227,O=C(OC1COC2C(COC12)OC(CCCCCCCCCSCCOP(C3=CC=CC=C3)(C4=CC=CC=C4)=O)=O)CCCCCCCCCCSCCOP(C5=CC=CC=C5)(C6=CC=CC=C6)=O,66.1,CCC1=NC=C(C)N1,2.034,95,1.5,130,1.5,0,0,0,0,0,0,0,0,0,0,0,0,0,0,0,0,,0,,0,,0
CC(C)(C1=CC=C(OCC2CO2)C=C1)C1=CC=C(OCC2CO2)C=C1,227,O=C(CCCCCCCCCCSCCOP1(=O)OC2=CC=CC=C2C2=C1C=CC=C2)OC1COC2C(OC(=O)CCCCCCCCCSCCOP3(=O)OC4=CC=CC=C4C4=C3C=CC=C4)COC12,33.9,CCC1=NC=C(C)N1,3.966,95,1.5,130,1.5,0,0,0,0,0,0,0,0,0,0,0,0,0,0,0,0,,0,,0,,0
CC(C)(C1=CC=C(OCC2CO2)C=C1)C1=CC=C(OCC2CO2)C=C1,227,O=C(CCCCCCCCCCSCCOP1(=O)OC2=CC=CC=C2C2=C1C=CC=C2)OC1COC2C(OC(=O)CCCCCCCCCSCCOP3(=O)OC4=CC=CC=C4C4=C3C=CC=C4)COC12,67.8,CCC1=NC=C(C)N1,1.932,95,1.5,130,1.5,0,0,0,0,0,0,0,0,0,0,0,0,0,0,0,0,,0,,0,,0
CC(C)(C1=CC=C(OCC2CO2)C=C1)C1=CC=C(OCC2CO2)C=C1,227,O=C(CCCCCCCCCCS(CCOP(OC1=CC=CC=C1)(OC2=CC=CC=C2)=O)(=O)=O)OC3COC4C(OC(CCCCCCCCCS(CCOP(OC5=CC=CC=C5)(OC6=CC=CC=C6)=O)(=O)=O)=O)COC34,36.7,CCC1=NC=C(C)N1,3.798,95,1.5,130,1.5,0,0,0,0,0,0,0,0,0,0,0,0,0,0,0,0,,0,,0,,0
CC(C)(C1=CC=C(OCC2CO2)C=C1)C1=CC=C(OCC2CO2)C=C1,227,O=C(CCCCCCCCCCS(CCOP(OC1=CC=CC=C1)(OC2=CC=CC=C2)=O)(=O)=O)OC3COC4C(OC(CCCCCCCCCS(CCOP(OC5=CC=CC=C5)(OC6=CC=CC=C6)=O)(=O)=O)=O)COC34,73.3,CCC1=NC=C(C)N1,1.602,95,1.5,130,1.5,0,0,0,0,0,0,0,0,0,0,0,0,0,0,0,0,,0,,0,,0
CC(C)(C1=CC=C(OCC2CO2)C=C1)C1=CC=C(OCC2CO2)C=C1,227,O=C(CCCCCCCCCCS(CCOP(C1=CC=CC=C1)(C2=CC=CC=C2)=O)(=O)=O)OC3COC4C(OC(CCCCCCCCCS(CCOP(C5=CC=CC=C5)(C6=CC=CC=C6)=O)(=O)=O)=O)COC34,34.6,CCC1=NC=C(C)N1,3.924,95,1.5,130,1.5,0,0,0,0,0,0,0,0,0,0,0,0,0,0,0,0,,0,,0,,0
CC(C)(C1=CC=C(OCC2CO2)C=C1)C1=CC=C(OCC2CO2)C=C1,227,O=C(CCCCCCCCCCS(CCOP(C1=CC=CC=C1)(C2=CC=CC=C2)=O)(=O)=O)OC3COC4C(OC(CCCCCCCCCS(CCOP(C5=CC=CC=C5)(C6=CC=CC=C6)=O)(=O)=O)=O)COC34,69.2,CCC1=NC=C(C)N1,1.848,95,1.5,130,1.5,0,0,0,0,0,0,0,0,0,0,0,0,0,0,0,0,,0,,0,,0
CC(C)(C1=CC=C(OCC2CO2)C=C1)C1=CC=C(OCC2CO2)C=C1,227,O=C(CCCCCCCCCCS(CCOP1(OC2C=CC=CC2C3=C1C=CC=C3)=O)(=O)=O)OC4COC5C(OC(CCCCCCCCCS(CCOP6(OC7=C(C=CC=C7)C8=C6C=CC=C8)=O)(=O)=O)=O)COC45,35.6,CCC1=NC=C(C)N1,3.864,95,1.5,130,1.5,0,0,0,0,0,0,0,0,0,0,0,0,0,0,0,0,,0,,0,,0
CC(C)(C1=CC=C(OCC2CO2)C=C1)C1=CC=C(OCC2CO2)C=C1,227,O=C(CCCCCCCCCCS(CCOP1(OC2C=CC=CC2C3=C1C=CC=C3)=O)(=O)=O)OC4COC5C(OC(CCCCCCCCCS(CCOP6(OC7=C(C=CC=C7)C8=C6C=CC=C8)=O)(=O)=O)=O)COC45,71.1,CCC1=NC=C(C)N1,1.734,95,1.5,130,1.5,0,0,0,0,0,0,0,0,0,0,0,0,0,0,0,0,,0,,0,,0
CC(C)(C1=CC=C(OCC2CO2)C=C1)C1=CC=C(OCC2CO2)C=C1,227,O=P(OC1=CC=CC=C1)(OC2=CC=CC=C2)OCCS(=O)(CCCCCCCCCC(OC3COC4C(COC34)OC(CCCCCCCCCCS(=O)(CCOP(OC5=CC=CC=C5)(OC6=CC=CC=C6)=O)=O)=O)=O)=O,37.8,CCC1=NC=C(C)N1,3.732,95,1.5,130,1.5,0,0,0,0,0,0,0,0,0,0,0,0,0,0,0,0,,0,,0,,0
CC(C)(C1=CC=C(OCC2CO2)C=C1)C1=CC=C(OCC2CO2)C=C1,227,O=P(OC1=CC=CC=C1)(OC2=CC=CC=C2)OCCS(=O)(CCCCCCCCCC(OC3COC4C(COC34)OC(CCCCCCCCCCS(=O)(CCOP(OC5=CC=CC=C5)(OC6=CC=CC=C6)=O)=O)=O)=O)=O,75.5,CCC1=NC=C(C)N1,1.47,95,1.5,130,1.5,0,0,0,0,0,0,0,0,0,0,0,0,0,0,0,0,,0,,0,,0
CC(C)(C1=CC=C(OCC2CO2)C=C1)C1=CC=C(OCC2CO2)C=C1,227,O=C(OC1COC2C(COC12)OC(CCCCCCCCCS(=O)(CCOP(C3=CC=CC=C3)(C4=CC=CC=C4)=O)=O)=O)CCCCCCCCCCS(=O)(CCOP(C5=CC=CC=C5)(C6=CC=CC=C6)=O)=O,35.6,CCC1=NC=C(C)N1,3.864,95,1.5,130,1.5,0,0,0,0,0,0,0,0,0,0,0,0,0,0,0,0,,0,,0,,0
CC(C)(C1=CC=C(OCC2CO2)C=C1)C1=CC=C(OCC2CO2)C=C1,227,O=C(OC1COC2C(COC12)OC(CCCCCCCCCS(=O)(CCOP(C3=CC=CC=C3)(C4=CC=CC=C4)=O)=O)=O)CCCCCCCCCCS(=O)(CCOP(C5=CC=CC=C5)(C6=CC=CC=C6)=O)=O,71.2,CCC1=NC=C(C)N1,1.728,95,1.5,130,1.5,0,0,0,0,0,0,0,0,0,0,0,0,0,0,0,0,,0,,0,,0
CC(C)(C1=CC=C(OCC2CO2)C=C1)C1=CC=C(OCC2CO2)C=C1,227,O=S(CCCCCCCCCC(OC1COC2C(COC12)OC(CCCCCCCCCCS(=O)(CCOP3(OC4C=CC=CC4C5=C3C=CC=C5)=O)=O)=O)=O)(CCOP6(OC7=C(C8=C6C=CC=C8)C=CC=C7)=O)=O,36.5,CCC1=NC=C(C)N1,3.81,95,1.5,130,1.5,0,0,0,0,0,0,0,0,0,0,0,0,0,0,0,0,,0,,0,,0
CC(C)(C1=CC=C(OCC2CO2)C=C1)C1=CC=C(OCC2CO2)C=C1,227,O=S(CCCCCCCCCC(OC1COC2C(COC12)OC(CCCCCCCCCCS(=O)(CCOP3(OC4C=CC=CC4C5=C3C=CC=C5)=O)=O)=O)=O)(CCOP6(OC7=C(C8=C6C=CC=C8)C=CC=C7)=O)=O,73,CCC1=NC=C(C)N1,1.62,95,1.5,130,1.5,0,0,0,0,0,0,0,0,0,0,0,0,0,0,0,0,,0,,0,,0
CC(C)(C1=CC=C(OCC2CO2)C=C1)C1=CC=C(OCC2CO2)C=C1,196,O=P1(NC2=CC=C(NC3NC(NC4=CC=C(NP5(=O)OC6=C(C=CC=C6)C6=C5C=CC=C6)C=C4)NC(NC4=CC=C(NP5(=O)OC6=C(C=CC=C6)C6=C5C=CC=C6)C=C4)N3)C=C2)OC2=CC=CC=C2C2=C1C=CC=C2,5,NC1=CC=C(CC2=CC=C(N)C=C2)C=C1,19,120,4,140,2,180,2,0,0,0,0,0,0,0,0,0,0,0,0,0,0,,0,,0,,0
CC(C)(C1=CC=C(OCC2CO2)C=C1)C1=CC=C(OCC2CO2)C=C1,196,O=P1(OC2=CC=CC=C2C3=C1C=CC=C3)CN(C4=CC=C(C=C4)NC5NC(NC(N5)NC6=CC=C(C=C6)N(CP7(OC8C=CC=CC8C9=C7C=CC=C9)=O)CP%10(OC%11=C(C%12=C%10C=CC=C%12)C=CC=C%11)=O)NC%13=CC=C(C=C%13)N(CP%14(OC%15=C(C%16=C%14C=CC=C%16)C=CC=C%15)=O)CP%17(OC%18=C(C%19=C%17C=CC=C%19)C=CC=C%18)=O)CP%20(OC%21=C(C%22=C%20C=CC=C%22)C=CC=C%21)=O,5,NC1=CC=C(CC2=CC=C(N)C=C2)C=C1,19,120,4,140,2,180,2,0,0,0,0,0,0,0,0,0,0,0,0,0,0,,0,,0,,0
CC(C)(C1=CC=C(OCC2CO2)C=C1)C1=CC=C(OCC2CO2)C=C1,196,O=P1(OC2=CC=CC=C2C3=C1C=CC=C3)CN(C4=CC=C(C=C4)N(P5(OC6=C(C7=C5C=CC=C7)C=CC=C6)=O)C8NC(NC(N8)N(P9(OC%10=C(C%11=C9C=CC=C%11)C=CC=C%10)=O)C%12=CC=C(C=C%12)N(CP%13(OC%14=C(C%15=C%13C=CC=C%15)C=CC=C%14)=O)CP%16(OC%17=C(C%18=C%16C=CC=C%18)C=CC=C%17)=O)N(P%19(C%20=C(C=CC=C%20)C%21=C(C=CC=C%21)O%19)=O)C%22=CC=C(C=C%22)N(CP%23(OC%24C=CC=CC%24C%25=C%23C=CC=C%25)=O)CP%26(OC%27=C(C%28=C%26C=CC=C%28)C=CC=C%27)=O)CP%29(OC%30=C(C%31=C%29C=CC=C%31)C=CC=C%30)=O,5,NC1=CC=C(CC2=CC=C(N)C=C2)C=C1,19,120,4,140,2,180,2,0,0,0,0,0,0,0,0,0,0,0,0,0,0,,0,,0,,0
CC(C)(C1=CC=C(OCC2CO2)C=C1)C1=CC=C(OCC2CO2)C=C1,227,O=CNC1=CC=C(CC2=CC=C(NC(=O)OCP(=O)(COC(=O)NC3=CC=C(CC4=CC=C(NC=O)C=C4)C=C3)COC(=O)NC3=CC=C(CC4=CC=C(NC=O)C=C4)C=C3)C=C2)C=C1,1,NC1=CC=C(CC2=CC=C(N)C=C2)C=C1,19.8,120,2,150,2,180,2,0,0,0,0,0,0,0,0,0,0,0,0,0,0,,0,,0,,0
CC(C)(C1=CC=C(OCC2CO2)C=C1)C1=CC=C(OCC2CO2)C=C1,227,O=CNC1=CC=C(CC2=CC=C(NC(=O)OCP(=O)(COC(=O)NC3=CC=C(CC4=CC=C(NC=O)C=C4)C=C3)COC(=O)NC3=CC=C(CC4=CC=C(NC=O)C=C4)C=C3)C=C2)C=C1,2,NC1=CC=C(CC2=CC=C(N)C=C2)C=C1,19.6,120,2,150,2,180,2,0,0,0,0,0,0,0,0,0,0,0,0,0,0,,0,,0,,0
CC(C)(C1=CC=C(OCC2CO2)C=C1)C1=CC=C(OCC2CO2)C=C1,227,O=CNC1=CC=C(CC2=CC=C(NC(=O)OCP(=O)(COC(=O)NC3=CC=C(CC4=CC=C(NC=O)C=C4)C=C3)COC(=O)NC3=CC=C(CC4=CC=C(NC=O)C=C4)C=C3)C=C2)C=C1,3,NC1=CC=C(CC2=CC=C(N)C=C2)C=C1,19.4,120,2,150,2,180,2,0,0,0,0,0,0,0,0,0,0,0,0,0,0,,0,,0,,0
CC(C)(C1=CC=C(OCC2CO2)C=C1)C1=CC=C(OCC2CO2)C=C1,227,O=CNC1=CC=C(CC2=CC=C(NC(=O)OCP(=O)(COC(=O)NC3=CC=C(CC4=CC=C(NC=O)C=C4)C=C3)COC(=O)NC3=CC=C(CC4=CC=C(NC=O)C=C4)C=C3)C=C2)C=C1,4,NC1=CC=C(CC2=CC=C(N)C=C2)C=C1,19.2,120,2,150,2,180,2,0,0,0,0,0,0,0,0,0,0,0,0,0,0,,0,,0,,0
CC(C)(C1=CC=C(OCC2CO2)C=C1)C1=CC=C(OCC2CO2)C=C1,227,O=CNC1=CC=C(CC2=CC=C(NC(=O)OCP(=O)(COC(=O)NC3=CC=C(CC4=CC=C(NC=O)C=C4)C=C3)COC(=O)NC3=CC=C(CC4=CC=C(NC=O)C=C4)C=C3)C=C2)C=C1,0,NC1=CC=C(CC2=CC=C(N)C=C2)C=C1,20,120,2,150,2,180,2,0,0,0,0,0,0,0,0,0,0,0,0,0,0,,0,,0,,0
CC(C)(C1=CC=C(OCC2CO2)C=C1)C1=CC=C(OCC2CO2)C=C1,196,O[Si](O)(O)CCCOCC(CP1(OC2=C(C3=C1C=CC=C3)C=CC=C2)=O)OB(O)O,5,CC12CCCCC1C(=O)OC2=O,43.84221863,100,2,120,2,150,2,190,2,0,0,0,0,0,0,0,0,0,0,0,0,,0,,0,,0
CC(C)(C1=CC=C(OCC2CO2)C=C1)C1=CC=C(OCC2CO2)C=C1,196,O[Si](O)(O)CCCOCC(CP1(OC2=C(C3=C1C=CC=C3)C=CC=C2)=O)OB(O)O,10,CC12CCCCC1C(=O)OC2=O,41.53473344,100,2,120,2,150,2,190,2,0,0,0,0,0,0,0,0,0,0,0,0,,0,,0,,0
CC(C)(C1=CC=C(OCC2CO2)C=C1)C1=CC=C(OCC2CO2)C=C1,196,O[Si](O)(O)CCCOCC(CP1(OC2=C(C3=C1C=CC=C3)C=CC=C2)=O)OB(O)O,15,CC12CCCCC1C(=O)OC2=O,39.22724825,100,2,120,2,150,2,190,2,0,0,0,0,0,0,0,0,0,0,0,0,,0,,0,,0
CC(C)(C1=CC=C(OCC2CO2)C=C1)C1=CC=C(OCC2CO2)C=C1,196,O[Si](O)(O)CCCOCC(CP1(OC2=C(C3=C1C=CC=C3)C=CC=C2)=O)OB(O)O,20,CC12CCCCC1C(=O)OC2=O,36.91976306,100,2,120,2,150,2,190,2,0,0,0,0,0,0,0,0,0,0,0,0,,0,,0,,0
CC(C)(C1=CC=C(OCC2CO2)C=C1)C1=CC=C(OCC2CO2)C=C1,196,O[Si](O)(O)CCCOCC(CP1(OC2=C(C3=C1C=CC=C3)C=CC=C2)=O)OB(O)O,0,CC12CCCCC1C(=O)OC2=O,46.14970382,100,2,120,2,150,2,190,2,0,0,0,0,0,0,0,0,0,0,0,0,,0,,0,,0
CC(C)(C1=CC=C(OCC2CO2)C=C1)C1=CC=C(OCC2CO2)C=C1,196,OC1=CC=C(NCP2CN(C3=CC=C(O)C=C3)CN(C3=CC=C(O)C=C3)C2)C=C1,2,NC1=CC=C(CC2=CC=C(N)C=C2)C=C1,19.02,90,1,120,3,140,2,180,2,0,0,0,0,0,0,0,0,0,0,0,0,,0,,0,,0
CC(C)(C1=CC=C(OCC2CO2)C=C1)C1=CC=C(OCC2CO2)C=C1,196,OC1=CC=C(NCP2CN(C3=CC=C(O)C=C3)CN(C3=CC=C(O)C=C3)C2)C=C1,5,NC1=CC=C(CC2=CC=C(N)C=C2)C=C1,17.57,90,1,120,3,140,2,180,2,0,0,0,0,0,0,0,0,0,0,0,0,,0,,0,,0
CC(C)(C1=CC=C(OCC2CO2)C=C1)C1=CC=C(OCC2CO2)C=C1,196,OC1=CC=C(NCP2CN(C3=CC=C(O)C=C3)CN(C3=CC=C(O)C=C3)C2)C=C1,10,NC1=CC=C(CC2=CC=C(N)C=C2)C=C1,15.1,90,1,120,3,140,2,180,2,0,0,0,0,0,0,0,0,0,0,0,0,,0,,0,,0
CC(C)(C1=CC=C(OCC2CO2)C=C1)C1=CC=C(OCC2CO2)C=C1,196,OC1=CC=C(NCP2CN(C3=CC=C(O)C=C3)CN(C3=CC=C(O)C=C3)C2)C=C1,0,NC1=CC=C(CC2=CC=C(N)C=C2)C=C1,20,90,1,120,3,140,2,180,2,0,0,0,0,0,0,0,0,0,0,0,0,,0,,0,,0
CC(C)(C1=CC=C(OCC2CO2)C=C1)C1=CC=C(OCC2CO2)C=C1,196,O=P1(OC2=CC=CC=C2C3=CC=CC=C31)C(C4=CC=CC=C4)CP5(OC6=C(C7=C5C=CC=C7)C=CC=C6)=O,1,CCC1=NC=C(C)N1,5.88,80,1,140,2,0,0,0,0,0,0,0,0,0,0,0,0,0,0,0,0,,0,,0,,0
CC(C)(C1=CC=C(OCC2CO2)C=C1)C1=CC=C(OCC2CO2)C=C1,196,O=P1(OC2=CC=CC=C2C3=CC=CC=C31)C(C4=CC=CC=C4)CP5(OC6=C(C7=C5C=CC=C7)C=CC=C6)=O,3,CCC1=NC=C(C)N1,5.76,80,1,140,2,0,0,0,0,0,0,0,0,0,0,0,0,0,0,0,0,,0,,0,,0
CC(C)(C1=CC=C(OCC2CO2)C=C1)C1=CC=C(OCC2CO2)C=C1,196,O=P1(OC2=CC=CC=C2C3=CC=CC=C31)C(C4=CC=CC=C4)CP5(OC6=C(C7=C5C=CC=C7)C=CC=C6)=O,7,CCC1=NC=C(C)N1,5.52,80,1,140,2,0,0,0,0,0,0,0,0,0,0,0,0,0,0,0,0,,0,,0,,0
CC(C)(C1=CC=C(OCC2CO2)C=C1)C1=CC=C(OCC2CO2)C=C1,196,O=P1(OC2=CC=CC=C2C3=CC=CC=C31)C(C4=CC=CC=C4)CP5(OC6=C(C7=C5C=CC=C7)C=CC=C6)=O,0,CCC1=NC=C(C)N1,6,80,1,140,2,0,0,0,0,0,0,0,0,0,0,0,0,0,0,0,0,,0,,0,,0
CC(C)(C1=CC=C(OCC2CO2)C=C1)C1=CC=C(OCC2CO2)C=C1,196,O=[Si]=O.O=[Si]=O.CCCCCCCCCCCCCCCCCC[N+](C)(C)CCCCCCCCCCCCCCCCCC.[Al+3].[Al+3].[O-2].[O-2].[O-2].[Cl-],1,CCC1=NC=C(C)N1,5.88,80,1,140,2,0,0,0,0,0,0,0,0,0,0,0,0,0,0,0,0,,0,,0,,0
CC(C)(C1=CC=C(OCC2CO2)C=C1)C1=CC=C(OCC2CO2)C=C1,196,O=[Si]=O.O=[Si]=O.CCCCCCCCCCCCCCCCCC[N+](C)(C)CCCCCCCCCCCCCCCCCC.[Al+3].[Al+3].[O-2].[O-2].[O-2].[Cl-],3,CCC1=NC=C(C)N1,5.76,80,1,140,2,0,0,0,0,0,0,0,0,0,0,0,0,0,0,0,0,,0,,0,,0
CC(C)(C1=CC=C(OCC2CO2)C=C1)C1=CC=C(OCC2CO2)C=C1,196,O=[Si]=O.O=[Si]=O.CCCCCCCCCCCCCCCCCC[N+](C)(C)CCCCCCCCCCCCCCCCCC.[Al+3].[Al+3].[O-2].[O-2].[O-2].[Cl-],7,CCC1=NC=C(C)N1,5.52,80,1,140,2,0,0,0,0,0,0,0,0,0,0,0,0,0,0,0,0,,0,,0,,0
CC(C)(C1=CC=C(OCC2CO2)C=C1)C1=CC=C(OCC2CO2)C=C1,196,O=P1(OC2=CC=CC=C2C3=CC=CC=C31)C(C4=CC=CC=C4)CP5(OC6=C(C7=C5C=CC=C7)C=CC=C6)=O,0.5,CCC1=NC=C(C)N1,5.88,80,1,140,2,0,0,0,0,0,0,0,0,0,0,0,0,0,0,0,0,O=[Si]=O.O=[Si]=O.CCCCCCCCCCCCCCCCCC[N+](C)(C)CCCCCCCCCCCCCCCCCC.[Al+3].[Al+3].[O-2].[O-2].[O-2].[Cl-],0.5,,0,,0
CC(C)(C1=CC=C(OCC2CO2)C=C1)C1=CC=C(OCC2CO2)C=C1,196,O=P1(OC2=CC=CC=C2C3=CC=CC=C31)C(C4=CC=CC=C4)CP5(OC6=C(C7=C5C=CC=C7)C=CC=C6)=O,1.5,CCC1=NC=C(C)N1,5.76,80,1,140,2,0,0,0,0,0,0,0,0,0,0,0,0,0,0,0,0,O=[Si]=O.O=[Si]=O.CCCCCCCCCCCCCCCCCC[N+](C)(C)CCCCCCCCCCCCCCCCCC.[Al+3].[Al+3].[O-2].[O-2].[O-2].[Cl-],1.5,,0,,0
CC(C)(C1=CC=C(OCC2CO2)C=C1)C1=CC=C(OCC2CO2)C=C1,196,O=P1(OC2=CC=CC=C2C3=CC=CC=C31)C(C4=CC=CC=C4)CP5(OC6=C(C7=C5C=CC=C7)C=CC=C6)=O,3.5,CCC1=NC=C(C)N1,5.52,80,1,140,2,0,0,0,0,0,0,0,0,0,0,0,0,0,0,0,0,O=[Si]=O.O=[Si]=O.CCCCCCCCCCCCCCCCCC[N+](C)(C)CCCCCCCCCCCCCCCCCC.[Al+3].[Al+3].[O-2].[O-2].[O-2].[Cl-],3.5,,0,,0
CC(C)(C1=CC=C(OCC2CO2)C=C1)C1=CC=C(OCC2CO2)C=C1,196,NCC1CCCC(CNP2(=O)OCC3(COP(N)(=O)OC3)CO2)C1,7.1,NC1=CC=C(S(=O)(=O)C2=CC=C(N)C=C2)C=C1,21.42857143,135,2,160,6,0,0,0,0,0,0,0,0,0,0,0,0,0,0,0,0,,0,,0,,0
CC(C)(C1=CC=C(OCC2CO2)C=C1)C1=CC=C(OCC2CO2)C=C1,196,NCC1CCCC(CNP2(=O)OCC3(COP(N)(=O)OC3)CO2)C1,14.3,NC1=CC=C(S(=O)(=O)C2=CC=C(N)C=C2)C=C1,14.28571429,135,2,160,6,0,0,0,0,0,0,0,0,0,0,0,0,0,0,0,0,,0,,0,,0
CC(C)(C1=CC=C(OCC2CO2)C=C1)C1=CC=C(OCC2CO2)C=C1,196,NCC1CCCC(CNP2(=O)OCC3(COP(N)(=O)OC3)CO2)C1,21.4,NC1=CC=C(S(=O)(=O)C2=CC=C(N)C=C2)C=C1,7.142857143,135,2,160,6,0,0,0,0,0,0,0,0,0,0,0,0,0,0,0,0,,0,,0,,0
CC(C)(C1=CC=C(OCC2CO2)C=C1)C1=CC=C(OCC2CO2)C=C1,196,NCC1CCCC(CNP2(=O)OCC3(COP(N)(=O)OC3)CO2)C1,0,NC1=CC=C(S(=O)(=O)C2=CC=C(N)C=C2)C=C1,28.57142857,135,2,160,6,0,0,0,0,0,0,0,0,0,0,0,0,0,0,0,0,,0,,0,,0
CC(C)(C1=CC=C(OCC2CO2)C=C1)C1=CC=C(OCC2CO2)C=C1,196,CNCCN(P(C1=CC=CC=C1)(C2=CC=CC=C2)=O)CCN(CCNCCNCCN(CCNP(C3=CC=CC=C3)(C4=CC=CC=C4)=O)CCN)CCN,20,CNCCN(P(C1=CC=CC=C1)(C2=CC=CC=C2)=O)CCN(CCNCCNCCN(CCNP(C3=CC=CC=C3)(C4=CC=CC=C4)=O)CCN)CCN,20,56,1,80,2,0,0,0,0,0,0,0,0,0,0,0,0,0,0,0,0,,0,,0,,0
CC(C)(C1=CC=C(OCC2CO2)C=C1)C1=CC=C(OCC2CO2)C=C1,196,CNCCN(P(C1=CC=CC=C1)(C2=CC=CC=C2)=O)CCN(CCNCCNCCN(CCNP(C3=CC=CC=C3)(C4=CC=CC=C4)=O)CCN)CCN,25,CNCCN(P(C1=CC=CC=C1)(C2=CC=CC=C2)=O)CCN(CCNCCNCCN(CCNP(C3=CC=CC=C3)(C4=CC=CC=C4)=O)CCN)CCN,25,56,1,80,2,0,0,0,0,0,0,0,0,0,0,0,0,0,0,0,0,,0,,0,,0
CC(C)(C1=CC=C(OCC2CO2)C=C1)C1=CC=C(OCC2CO2)C=C1,196,CNCCN(P(C1=CC=CC=C1)(C2=CC=CC=C2)=O)CCN(CCNCCNCCN(CCNP(C3=CC=CC=C3)(C4=CC=CC=C4)=O)CCN)CCN,30,CNCCN(P(C1=CC=CC=C1)(C2=CC=CC=C2)=O)CCN(CCNCCNCCN(CCNP(C3=CC=CC=C3)(C4=CC=CC=C4)=O)CCN)CCN,30,56,1,80,2,0,0,0,0,0,0,0,0,0,0,0,0,0,0,0,0,,0,,0,,0
CC(C)(C1=CC=C(OCC2CO2)C=C1)C1=CC=C(OCC2CO2)C=C1,196,CNCCN(P(C1=CC=CC=C1)(C2=CC=CC=C2)=O)CCN(CCNCCNCCN(CCNP(C3=CC=CC=C3)(C4=CC=CC=C4)=O)CCN)CCN,35,CNCCN(P(C1=CC=CC=C1)(C2=CC=CC=C2)=O)CCN(CCNCCNCCN(CCNP(C3=CC=CC=C3)(C4=CC=CC=C4)=O)CCN)CCN,35,56,1,80,2,0,0,0,0,0,0,0,0,0,0,0,0,0,0,0,0,,0,,0,,0
CC(C)(C1=CC=C(OCC2CO2)C=C1)C1=CC=C(OCC2CO2)C=C1,196,CNCCN(P(C1=CC=CC=C1)(C2=CC=CC=C2)=O)CCN(CCNCCNCCN(CCNP(C3=CC=CC=C3)(C4=CC=CC=C4)=O)CCN)CCN,0,NCCNCCN(CCNCCN)CCN(CCNCCN)CCNCCN(CCN)CCN,29.9719888,56,1,80,2,0,0,0,0,0,0,0,0,0,0,0,0,0,0,0,0,,0,,0,,0
CC(C)(C1=CC=C(OCC2CO2)C=C1)C1=CC=C(OCC2CO2)C=C1,179,CCC(C)C(=O)OCCN1C(=O)N(CCOC(=O)CCP2(=O)OC3=CC=CC=C3C3=C2C=CC=C3)C(=O)N(CCOC(=O)CCP2(=O)OC3=C(C=CC=C3)C3=C2C=CC=C3)C1=O,13.81,N#CNC(=N)N,4.79,110,1,130,1,200,2,0,0,0,0,0,0,0,0,0,0,0,0,0,0,,0,CN(C)C(NC1=CC=CC=C1)=O,1.6,,0
CC(C)(C1=CC=C(OCC2CO2)C=C1)C1=CC=C(OCC2CO2)C=C1,179,CCC(C)C(=O)OCCN1C(=O)N(CCOC(=O)CCP2(=O)OC3=CC=CC=C3C3=C2C=CC=C3)C(=O)N(CCOC(=O)CCP2(=O)OC3=C(C=CC=C3)C3=C2C=CC=C3)C1=O,2.76,N#CNC(=N)N,4.57,110,1,130,1,200,2,0,0,0,0,0,0,0,0,0,0,0,0,0,0,O=P([O-])([O-])[O-].[NH3+]C1=NC([NH3+])=NC([NH3+])=N1,15,CN(C)C(NC1=CC=CC=C1)=O,1.52,,0
CC(C)(C1=CC=C(OCC2CO2)C=C1)C1=CC=C(OCC2CO2)C=C1,179,CCC(C)C(=O)OCCN1C(=O)N(CCOC(=O)CCP2(=O)OC3=CC=CC=C3C3=C2C=CC=C3)C(=O)N(CCOC(=O)CCP2(=O)OC3=C(C=CC=C3)C3=C2C=CC=C3)C1=O,11.05,N#CNC(=N)N,3.27,110,1,130,1,200,2,0,0,0,0,0,0,0,0,0,0,0,0,0,0,O=[Al]O,30,CN(C)C(NC1=CC=CC=C1)=O,1.09,,0
CC(C)(C1=CC=C(OCC2CO2)C=C1)C1=CC=C(OCC2CO2)C=C1,179,CCC(C)C(=O)OCCN1C(=O)N(CCOC(=O)CCP(=O)(OC)OC)C(=O)N(CCOC(=O)CCP2(=O)OC3=C(C=CC=C3)C3=C2C=CC=C3)C1=O,24.2,N#CNC(=N)N,4.21,110,1,130,1,200,2,0,0,0,0,0,0,0,0,0,0,0,0,0,0,,0,CN(C)C(NC1=CC=CC=C1)=O,1.4,,0
CC(C)(C1=CC=C(OCC2CO2)C=C1)C1=CC=C(OCC2CO2)C=C1,179,CCC(C)C(=O)OCCN1C(=O)N(CCOC(=O)CCP(=O)(OC)OC)C(=O)N(CCOC(=O)CCP2(=O)OC3=C(C=CC=C3)C3=C2C=CC=C3)C1=O,2.42,N#CNC(=N)N,4.59,110,1,130,1,200,2,0,0,0,0,0,0,0,0,0,0,0,0,0,0,O=P([O-])([O-])[O-].[NH3+]C1=NC([NH3+])=NC([NH3+])=N1,15,CN(C)C(NC1=CC=CC=C1)=O,1.53,,0
CC(C)(C1=CC=C(OCC2CO2)C=C1)C1=CC=C(OCC2CO2)C=C1,179,CCC(C)C(=O)OCCN1C(=O)N(CCOC(=O)CCP(=O)(OC)OC)C(=O)N(CCOC(=O)CCP2(=O)OC3=C(C=CC=C3)C3=C2C=CC=C3)C1=O,12.1,N#CNC(=N)N,3.22,110,1,130,1,200,2,0,0,0,0,0,0,0,0,0,0,0,0,0,0,O=[Al]O,30,CN(C)C(NC1=CC=CC=C1)=O,1.07,,0
CC(C)(C1=CC=C(OCC2CO2)C=C1)C1=CC=C(OCC2CO2)C=C1,179,CCC(C)C(=O)OCCN1C(=O)N(CCOC(=O)CCP(=O)(OC)OC)C(=O)N(CCOC(=O)CCP(=O)(OC)OC)C1=O,25.97,N#CNC(=N)N,4.11,110,1,130,1,200,2,0,0,0,0,0,0,0,0,0,0,0,0,0,0,,0,CN(C)C(NC1=CC=CC=C1)=O,1.37,,0
CC(C)(C1=CC=C(OCC2CO2)C=C1)C1=CC=C(OCC2CO2)C=C1,179,CCC(C)C(=O)OCCN1C(=O)N(CCOC(=O)CCP(=O)(OC)OC)C(=O)N(CCOC(=O)CCP(=O)(OC)OC)C1=O,6.23,N#CNC(=N)N,4.93,110,1,130,1,200,2,0,0,0,0,0,0,0,0,0,0,0,0,0,0,O=P([O-])([O-])[O-].[NH3+]C1=NC([NH3+])=NC([NH3+])=N1,15,CN(C)C(NC1=CC=CC=C1)=O,1.64,,0
CC(C)(C1=CC=C(OCC2CO2)C=C1)C1=CC=C(OCC2CO2)C=C1,179,CCC(C)C(=O)OCCN1C(=O)N(CCOC(=O)CCP(=O)(OC)OC)C(=O)N(CCOC(=O)CCP(=O)(OC)OC)C1=O,16.62,N#CNC(=N)N,2.97,110,1,130,1,200,2,0,0,0,0,0,0,0,0,0,0,0,0,0,0,O=[Al]O,30,CN(C)C(NC1=CC=CC=C1)=O,0.99,,0
CC(C)(C1=CC=C(OCC2CO2)C=C1)C1=CC=C(OCC2CO2)C=C1,179,CCC(C)C(=O)OCCN1C(=O)N(CCOC(=O)CCP(=O)(OC)OC)C(=O)N(CCOC(=O)CCP(=O)(OC)OC)C1=O,0,N#CNC(=N)N,5.56,110,1,130,1,200,2,0,0,0,0,0,0,0,0,0,0,0,0,0,0,,0,CN(C)C(NC1=CC=CC=C1)=O,1.85,,0
CC(C)(C1=CC=C(OCC2CO2)C=C1)C1=CC=C(OCC2CO2)C=C1,179,O=P([O-])([O-])[O-].[NH3+]C1=NC([NH3+])=NC([NH3+])=N1,15,N#CNC(=N)N,4.72,110,1,130,1,200,2,0,0,0,0,0,0,0,0,0,0,0,0,0,0,,0,CN(C)C(NC1=CC=CC=C1)=O,1.57,,0
CC(C)(C1=CC=C(OCC2CO2)C=C1)C1=CC=C(OCC2CO2)C=C1,179,O=[Al]O,30,N#CNC(=N)N,3.89,110,1,130,1,200,2,0,0,0,0,0,0,0,0,0,0,0,0,0,0,,0,CN(C)C(NC1=CC=CC=C1)=O,1.3,,0
CC(C)(C1=CC=C(OCC2CO2)C=C1)C1=CC=C(OCC2CO2)C=C1,227,OB(O)C1=CC=C(OP2(OC3=CC=C(B(O)O)C=C3)=NP(OC3=CC=C(B(O)O)C=C3)(OC3=CC=C(B(O)O)C=C3)=NP(OC3=CC=C(B(O)O)C=C3)(OC3=CC=C(B(O)O)C=C3)=N2)C=C1,1,NC1=CC=C(CC2=CC=C(N)C=C2)C=C1,19.8,80,2,120,2,150,2,0,0,0,0,0,0,0,0,0,0,0,0,0,0,,0,,0,,0
CC(C)(C1=CC=C(OCC2CO2)C=C1)C1=CC=C(OCC2CO2)C=C1,227,OB(O)C1=CC=C(OP2(OC3=CC=C(B(O)O)C=C3)=NP(OC3=CC=C(B(O)O)C=C3)(OC3=CC=C(B(O)O)C=C3)=NP(OC3=CC=C(B(O)O)C=C3)(OC3=CC=C(B(O)O)C=C3)=N2)C=C1,3,NC1=CC=C(CC2=CC=C(N)C=C2)C=C1,19.42,80,2,120,2,150,2,0,0,0,0,0,0,0,0,0,0,0,0,0,0,,0,,0,,0
CC(C)(C1=CC=C(OCC2CO2)C=C1)C1=CC=C(OCC2CO2)C=C1,227,OB(O)C1=CC=C(OP2(OC3=CC=C(B(O)O)C=C3)=NP(OC3=CC=C(B(O)O)C=C3)(OC3=CC=C(B(O)O)C=C3)=NP(OC3=CC=C(B(O)O)C=C3)(OC3=CC=C(B(O)O)C=C3)=N2)C=C1,5,NC1=CC=C(CC2=CC=C(N)C=C2)C=C1,19.05,80,2,120,2,150,2,0,0,0,0,0,0,0,0,0,0,0,0,0,0,,0,,0,,0
CC(C)(C1=CC=C(OCC2CO2)C=C1)C1=CC=C(OCC2CO2)C=C1,227,OB(O)C1=CC=C(OP2(OC3=CC=C(B(O)O)C=C3)=NP(OC3=CC=C(B(O)O)C=C3)(OC3=CC=C(B(O)O)C=C3)=NP(OC3=CC=C(B(O)O)C=C3)(OC3=CC=C(B(O)O)C=C3)=N2)C=C1,7,NC1=CC=C(CC2=CC=C(N)C=C2)C=C1,18.69,80,2,120,2,150,2,0,0,0,0,0,0,0,0,0,0,0,0,0,0,,0,,0,,0
CC(C)(C1=CC=C(OCC2CO2)C=C1)C1=CC=C(OCC2CO2)C=C1,227,OB(O)C1=CC=C(OP2(OC3=CC=C(B(O)O)C=C3)=NP(OC3=CC=C(B(O)O)C=C3)(OC3=CC=C(B(O)O)C=C3)=NP(OC3=CC=C(B(O)O)C=C3)(OC3=CC=C(B(O)O)C=C3)=N2)C=C1,10,NC1=CC=C(CC2=CC=C(N)C=C2)C=C1,18.18,80,2,120,2,150,2,0,0,0,0,0,0,0,0,0,0,0,0,0,0,,0,,0,,0
CC(C)(C1=CC=C(OCC2CO2)C=C1)C1=CC=C(OCC2CO2)C=C1,227,OB(O)C1=CC=C(OP2(OC3=CC=C(B(O)O)C=C3)=NP(OC3=CC=C(B(O)O)C=C3)(OC3=CC=C(B(O)O)C=C3)=NP(OC3=CC=C(B(O)O)C=C3)(OC3=CC=C(B(O)O)C=C3)=N2)C=C1,0,NC1=CC=C(CC2=CC=C(N)C=C2)C=C1,20,80,2,120,2,150,2,0,0,0,0,0,0,0,0,0,0,0,0,0,0,,0,,0,,0
CC(C)(C1=CC=C(OCC2CO2)C=C1)C1=CC=C(OCC2CO2)C=C1,188,O=P1(C(NC2=NC3=C(C=CC=C3)S2)C2=CC=C(C(NC3=NC4=C(C=CC=C4)S3)P3(=O)OC4=C(C=CC=C4)C4=C3C=CC=C4)C=C2)OC2=C(C=CC=C2)C2=C1C=CC=C2,3.4,NC1=CC=C(CC2=CC=C(N)C=C2)C=C1,19.63,120,2,140,2,160,2,180,2,0,0,0,0,0,0,0,0,0,0,0,0,,0,,0,,0
CC(C)(C1=CC=C(OCC2CO2)C=C1)C1=CC=C(OCC2CO2)C=C1,188,O=P1(C(NC2=NC3=C(C=CC=C3)S2)C2=CC=C(C(NC3=NC4=C(C=CC=C4)S3)P3(=O)OC4=C(C=CC=C4)C4=C3C=CC=C4)C=C2)OC2=C(C=CC=C2)C2=C1C=CC=C2,6.7,NC1=CC=C(CC2=CC=C(N)C=C2)C=C1,18.72,120,2,140,2,160,2,180,2,0,0,0,0,0,0,0,0,0,0,0,0,,0,,0,,0
CC(C)(C1=CC=C(OCC2CO2)C=C1)C1=CC=C(OCC2CO2)C=C1,188,O=P1(C(NC2=NC3=C(C=CC=C3)S2)C2=CC=C(C(NC3=NC4=C(C=CC=C4)S3)P3(=O)OC4=C(C=CC=C4)C4=C3C=CC=C4)C=C2)OC2=C(C=CC=C2)C2=C1C=CC=C2,10,NC1=CC=C(CC2=CC=C(N)C=C2)C=C1,17.7,120,2,140,2,160,2,180,2,0,0,0,0,0,0,0,0,0,0,0,0,,0,,0,,0
CC(C)(C1=CC=C(OCC2CO2)C=C1)C1=CC=C(OCC2CO2)C=C1,188,O=P1(C(NC2=NC3=C(C=CC=C3)S2)C2=CC=C(C(NC3=NC4=C(C=CC=C4)S3)P3(=O)OC4=C(C=CC=C4)C4=C3C=CC=C4)C=C2)OC2=C(C=CC=C2)C2=C1C=CC=C2,13.4,NC1=CC=C(CC2=CC=C(N)C=C2)C=C1,16.7,120,2,140,2,160,2,180,2,0,0,0,0,0,0,0,0,0,0,0,0,,0,,0,,0
CC(C)(C1=CC=C(OCC2CO2)C=C1)C1=CC=C(OCC2CO2)C=C1,188,O=P1(C(NC2=NC3=C(C=CC=C3)S2)C2=CC=C(C(NC3=NC4=C(C=CC=C4)S3)P3(=O)OC4=C(C=CC=C4)C4=C3C=CC=C4)C=C2)OC2=C(C=CC=C2)C2=C1C=CC=C2,0,NC1=CC=C(CC2=CC=C(N)C=C2)C=C1,20.76069731,120,2,140,2,160,2,180,2,0,0,0,0,0,0,0,0,0,0,0,0,,0,,0,,0
CC(C)(C1=CC=C(OCC2CO2)C=C1)C1=CC=C(OCC2CO2)C=C1,188,O=P1C2=CC=CC=C2C3=C(O1)C=CC=C3,7.11,NC1=CC=C(CC2=CC=C(N)C=C2)C=C1,18.03,120,2,140,2,160,2,180,2,0,0,0,0,0,0,0,0,0,0,0,0,,0,,0,,0
CC(C)(C1=CC=C(OCC2CO2)C=C1)C1=CC=C(OCC2CO2)C=C1,196,O=P1(CCCC2=CC(C3=CC(CCCP4(=O)OC5=C(C=CC=C5)C5=C4C=CC=C5)=C(O)C=C3)=CC=C2O[Si](O)(C2=CC=CC=C2)C2=CC=CC=C2)OC2=C(C=CC=C2)C2=C1C=CC=C2,4,NC1=CC=C(CC2=CC=C(N)C=C2)C=C1,19.19354839,120,2,170,4,0,0,0,0,0,0,0,0,0,0,0,0,0,0,0,0,,0,,0,,0
CC(C)(C1=CC=C(OCC2CO2)C=C1)C1=CC=C(OCC2CO2)C=C1,196,O=P1(CCCC2=CC(C3=CC(CCCP4(=O)OC5=C(C=CC=C5)C5=C4C=CC=C5)=C(O)C=C3)=CC=C2O[Si](O)(C2=CC=CC=C2)C2=CC=CC=C2)OC2=C(C=CC=C2)C2=C1C=CC=C2,6,NC1=CC=C(CC2=CC=C(N)C=C2)C=C1,18.6911665,120,2,170,4,0,0,0,0,0,0,0,0,0,0,0,0,0,0,0,0,,0,,0,,0
CC(C)(C1=CC=C(OCC2CO2)C=C1)C1=CC=C(OCC2CO2)C=C1,196,O=P1(CCCC2=CC(C3=CC(CCCP4(=O)OC5=C(C=CC=C5)C5=C4C=CC=C5)=C(O)C=C3)=CC=C2O[Si](O)(C2=CC=CC=C2)C2=CC=CC=C2)OC2=C(C=CC=C2)C2=C1C=CC=C2,8,NC1=CC=C(CC2=CC=C(N)C=C2)C=C1,18.19322459,120,2,170,4,0,0,0,0,0,0,0,0,0,0,0,0,0,0,0,0,,0,,0,,0
CC(C)(C1=CC=C(OCC2CO2)C=C1)C1=CC=C(OCC2CO2)C=C1,196,O=P1(CCCC2=CC(C3=CC(CCCP4(C5=CC=CC=C5C6=C(O4)C=CC=C6)=O)=C(O[Si](C7=CC=CC=C7)(C8=CC=CC=C8)OC9=CC(CCCP%10(C%11=CC=CC=C%11C%12=C(O%10)C=CC=C%12)=O)=C(O[Si](C%13=CC=CC=C%13)(C%14=CC=CC=C%14)OC%15=CC=C(C%16=CC(CCCP%17(C%18=CC=CC=C%18C%19=C(O%17)C=CC=C%19)=O)=C(O)C=C%16)C=C%15CCCP%20(C%21=CC=CC=C%21C%22=C(O%20)C=CC=C%22)=O)C=C9)C=C3)=CC=C2O)C%23=CC=CC=C%23C%24=C(O1)C=CC=C%24,8,NC1=CC=C(CC2=CC=C(N)C=C2)C=C1,18.33,120,2,170,4,0,0,0,0,0,0,0,0,0,0,0,0,0,0,0,0,,0,,0,,0
CC(C)(C1=CC=C(OCC2CO2)C=C1)C1=CC=C(OCC2CO2)C=C1,196,O=P1(CCCC2=CC(C3=CC(CCCP4(C5=CC=CC=C5C6=C(O4)C=CC=C6)=O)=C(O[Si](C7=CC=CC=C7)(C8=CC=CC=C8)OC9=CC(CCCP%10(C%11=CC=CC=C%11C%12=C(O%10)C=CC=C%12)=O)=C(O[Si](C%13=CC=CC=C%13)(C%14=CC=CC=C%14)OC%15=CC(CCCP%16(C%17=CC=CC=C%17C%18=C(O%16)C=CC=C%18)=O)=C(O[Si](C%19=CC=CC=C%19)(C%20=CC=CC=C%20)OC%21=CC(CCCP%22(C%23=CC=CC=C%23C%24=C(O%22)C=CC=C%24)=O)=C(O[Si](C%25=CC=CC=C%25)(C%26=CC=CC=C%26)OC%27=CC(CCCP%28(C%29=CC=CC=C%29C%30=C(O%28)C=CC=C%30)=O)=C(O[Si](C%31=CC=CC=C%31)(C%32=CC=CC=C%32)OC%33=CC=C(C%34=CC(CCCP%35(C%36=CC=CC=C%36C%37=C(O%35)C=CC=C%37)=O)=C(O)C=C%34)C=C%33CCCP%38(C%39=CC=CC=C%39C%40=C(O%38)C=CC=C%40)=O)C=C%27)C=C%21)C=C%15)C=C9)C=C3)=CC=C2O)C%41=CC=CC=C%41C%42=C(O1)C=CC=C%42,8,NC1=CC=C(CC2=CC=C(N)C=C2)C=C1,18.46,120,2,170,4,0,0,0,0,0,0,0,0,0,0,0,0,0,0,0,0,,0,,0,,0
CC(C)(C1=CC=C(OCC2CO2)C=C1)C1=CC=C(OCC2CO2)C=C1,196,O=P1(OC2=C(C3=C1C=CC=C3)C=CC=C2)CCCC4=CC(C(C)(C)C5=CC(CCCP6(C7=C(C8=C(O6)C=CC=C8)C=CC=C7)=O)=C(O)C=C5)=CC=C4O,7.2,NC1=CC=C(CC2=CC=C(N)C=C2)C=C1,17.98,120,2,170,4,0,0,0,0,0,0,0,0,0,0,0,0,0,0,0,0,,0,,0,,0
CC(C)(C1=CC=C(OCC2CO2)C=C1)C1=CC=C(OCC2CO2)C=C1,196,CC(C1=CC=C(O)C=C1)C1=CC=C(O[Si](OC2=CC=C(C(C)(C)C3=CC=C(O)C=C3)C=C2)(C2=CC=CC=C2)C2=CC=CC=C2)C=C1,4.8,NC1=CC=C(CC2=CC=C(N)C=C2)C=C1,18.62,120,2,170,4,0,0,0,0,0,0,0,0,0,0,0,0,0,0,0,0,,0,,0,,0
CC(C)(C1=CC=C(OCC2CO2)C=C1)C1=CC=C(OCC2CO2)C=C1,196,CC(C1=CC=C(O)C=C1)C1=CC=C(O[Si](OC2=CC=C(C(C)(C)C3=CC=C(O)C=C3)C=C2)(C2=CC=CC=C2)C2=CC=CC=C2)C=C1,0,NC1=CC=C(CC2=CC=C(N)C=C2)C=C1,20.1915403,120,2,170,4,0,0,0,0,0,0,0,0,0,0,0,0,0,0,0,0,,0,,0,,0
CC(C)(C1=CC=C(OCC2CO2)C=C1)C1=CC=C(OCC2CO2)C=C1,196,[O-]P(O)(C1=CC=CC=C1)=O.NC2=NC(N)=NC([NH3+])=N2,5,CC1(C)CC(N)CC(C)(CN)C1,24.6,25,1,70,3,0,0,0,0,0,0,0,0,0,0,0,0,0,0,0,0,,0,,0,,0
CC(C)(C1=CC=C(OCC2CO2)C=C1)C1=CC=C(OCC2CO2)C=C1,196,[O-]P(O)(C1=CC=CC=C1)=O.NC2=NC(N)=NC([NH3+])=N2,10,CC1(C)CC(N)CC(C)(CN)C1,23.3,25,1,70,3,0,0,0,0,0,0,0,0,0,0,0,0,0,0,0,0,,0,,0,,0
CC(C)(C1=CC=C(OCC2CO2)C=C1)C1=CC=C(OCC2CO2)C=C1,196,[O-]P(O)(C1=CC=CC=C1)=O.NC2=NC(N)=NC([NH3+])=N2,15,CC1(C)CC(N)CC(C)(CN)C1,22,25,1,70,3,0,0,0,0,0,0,0,0,0,0,0,0,0,0,0,0,,0,,0,,0
CC(C)(C1=CC=C(OCC2CO2)C=C1)C1=CC=C(OCC2CO2)C=C1,196,[O-]P(O)(C1=CC=CC=C1)=O.NC2=NC(N)=NC([NH3+])=N2,20,CC1(C)CC(N)CC(C)(CN)C1,20.7,25,1,70,3,0,0,0,0,0,0,0,0,0,0,0,0,0,0,0,0,,0,,0,,0
CC(C)(C1=CC=C(OCC2CO2)C=C1)C1=CC=C(OCC2CO2)C=C1,196,[O-]P(O)(C1=CC=CC=C1)=O.NC2=NC(N)=NC([NH3+])=N2,25,CC1(C)CC(N)CC(C)(CN)C1,19.4,25,1,70,3,0,0,0,0,0,0,0,0,0,0,0,0,0,0,0,0,,0,,0,,0
CC(C)(C1=CC=C(OCC2CO2)C=C1)C1=CC=C(OCC2CO2)C=C1,196,[O-]P(O)(C1=CC=CC=C1)=O.NC2=NC(N)=NC([NH3+])=N2,0,CC1(C)CC(N)CC(C)(CN)C1,25.9,25,1,70,3,0,0,0,0,0,0,0,0,0,0,0,0,0,0,0,0,,0,,0,,0
C1=CC(N(CC2CO2)CC2CO2)=CC=C1CC1=CC=C(N(CC2CO2)CC2CO2)C=C1,117,CC(C1=CC=C(O)C=C1)(C1=CC=C(O)C=C1)P1(=O)OC2=C(C=CC=C2)C2=C1C=CC=C2,2.5,NC1=CC=C(S(=O)(=O)C2=CC=C(N)C=C2)C=C1,34.75493316,180,2,200,2,0,0,0,0,0,0,0,0,0,0,0,0,0,0,0,0,,0,,0,,0
C1=CC(N(CC2CO2)CC2CO2)=CC=C1CC1=CC=C(N(CC2CO2)CC2CO2)C=C1,117,CC(C1=CC=C(O)C=C1)(C1=CC=C(O)C=C1)P1(=O)OC2=C(C=CC=C2)C2=C1C=CC=C2,5,NC1=CC=C(S(=O)(=O)C2=CC=C(N)C=C2)C=C1,34.41599001,180,2,200,2,0,0,0,0,0,0,0,0,0,0,0,0,0,0,0,0,,0,,0,,0
C1=CC(N(CC2CO2)CC2CO2)=CC=C1CC1=CC=C(N(CC2CO2)CC2CO2)C=C1,117,CC(C1=CC=C(O)C=C1)(C1=CC=C(O)C=C1)P1(=O)OC2=C(C=CC=C2)C2=C1C=CC=C2,7.5,NC1=CC=C(S(=O)(=O)C2=CC=C(N)C=C2)C=C1,34.12990196,180,2,200,2,0,0,0,0,0,0,0,0,0,0,0,0,0,0,0,0,,0,,0,,0
C1=CC(N(CC2CO2)CC2CO2)=CC=C1CC1=CC=C(N(CC2CO2)CC2CO2)C=C1,117,CC(C1=CC=C(O)C=C1)(C1=CC=C(O)C=C1)P1(=O)OC2=C(C=CC=C2)C2=C1C=CC=C2,10,NC1=CC=C(S(=O)(=O)C2=CC=C(N)C=C2)C=C1,33.85447986,180,2,200,2,0,0,0,0,0,0,0,0,0,0,0,0,0,0,0,0,,0,,0,,0
C1=CC(N(CC2CO2)CC2CO2)=CC=C1CC1=CC=C(N(CC2CO2)CC2CO2)C=C1,117,CC(C1=CC=C(O)C=C1)(C1=CC=C(O)C=C1)P1(=O)OC2=C(C=CC=C2)C2=C1C=CC=C2,12.5,NC1=CC=C(S(=O)(=O)C2=CC=C(N)C=C2)C=C1,34.09227082,180,2,200,2,0,0,0,0,0,0,0,0,0,0,0,0,0,0,0,0,,0,,0,,0
C1=CC(N(CC2CO2)CC2CO2)=CC=C1CC1=CC=C(N(CC2CO2)CC2CO2)C=C1,117,CC(C1=CC=C(O)C=C1)(C1=CC=C(O)C=C1)P1(=O)OC2=C(C=CC=C2)C2=C1C=CC=C2,15,NC1=CC=C(S(=O)(=O)C2=CC=C(N)C=C2)C=C1,33.29466357,180,2,200,2,0,0,0,0,0,0,0,0,0,0,0,0,0,0,0,0,,0,,0,,0
C1=CC(N(CC2CO2)CC2CO2)=CC=C1CC1=CC=C(N(CC2CO2)CC2CO2)C=C1,117,CC(C1=CC=C(O)C=C1)(C1=CC=C(O)C=C1)P1(=O)OC2=C(C=CC=C2)C2=C1C=CC=C2,0,NC1=CC=C(S(=O)(=O)C2=CC=C(N)C=C2)C=C1,35.06493506,180,2,200,2,0,0,0,0,0,0,0,0,0,0,0,0,0,0,0,0,,0,,0,,0
CC(C)(C1=CC=C(OCC2CO2)C=C1)C1=CC=C(OCC2CO2)C=C1,178,O=C1N(C(N(C(N1CCCP2(OC3=C(C4=C2C=CC=C4)C=CC=C3)=O)=O)CCCP5(OC6=C(C7=C5C=CC=C7)C=CC=C6)=O)=O)CCCP8(OC9=C(C%10=C8C=CC=C%10)C=CC=C9)=O,8,NC1=CC=C(S(=O)(=O)C2=CC=C(N)C=C2)C=C1,22.14,160,1,180,2,200,1,0,0,0,0,0,0,0,0,0,0,0,0,0,0,,0,,0,,0
CC(C)(C1=CC=C(OCC2CO2)C=C1)C1=CC=C(OCC2CO2)C=C1,178,O=C1N(C(N(C(N1CCCP2(OC3=C(C4=C2C=CC=C4)C=CC=C3)=O)=O)CCCP5(OC6=C(C7=C5C=CC=C7)C=CC=C6)=O)=O)CCCP8(OC9=C(C%10=C8C=CC=C%10)C=CC=C9)=O,6,NC1=CC=C(S(=O)(=O)C2=CC=C(N)C=C2)C=C1,22.63,160,1,180,2,200,1,0,0,0,0,0,0,0,0,0,0,0,0,0,0,,0,,0,,0
CC(C)(C1=CC=C(OCC2CO2)C=C1)C1=CC=C(OCC2CO2)C=C1,178,O=C1N(C(N(C(N1CCCP2(OC3=C(C4=C2C=CC=C4)C=CC=C3)=O)=O)CCCP5(OC6=C(C7=C5C=CC=C7)C=CC=C6)=O)=O)CCCP8(OC9=C(C%10=C8C=CC=C%10)C=CC=C9)=O,4,NC1=CC=C(S(=O)(=O)C2=CC=C(N)C=C2)C=C1,23.11,160,1,180,2,200,1,0,0,0,0,0,0,0,0,0,0,0,0,0,0,,0,,0,,0
CC(C)(C1=CC=C(OCC2CO2)C=C1)C1=CC=C(OCC2CO2)C=C1,178,O=C1N(C(N(C(N1CCCP2(OC3=C(C4=C2C=CC=C4)C=CC=C3)=O)=O)CCCP5(OC6=C(C7=C5C=CC=C7)C=CC=C6)=O)=O)CCCP8(OC9=C(C%10=C8C=CC=C%10)C=CC=C9)=O,6,NC1=CC=C(S(=O)(=O)C2=CC=C(N)C=C2)C=C1,22.14460356,160,1,180,2,200,1,0,0,0,0,0,0,0,0,0,0,0,0,0,0,O=BOB=O,2,,0,,0
CC(C)(C1=CC=C(OCC2CO2)C=C1)C1=CC=C(OCC2CO2)C=C1,178,O=C1N(C(N(C(N1CCCP2(OC3=C(C4=C2C=CC=C4)C=CC=C3)=O)=O)CCCP5(OC6=C(C7=C5C=CC=C7)C=CC=C6)=O)=O)CCCP8(OC9=C(C%10=C8C=CC=C%10)C=CC=C9)=O,4.5,NC1=CC=C(S(=O)(=O)C2=CC=C(N)C=C2)C=C1,22.62669522,160,1,180,2,200,1,0,0,0,0,0,0,0,0,0,0,0,0,0,0,O=BOB=O,1.5,,0,,0
CC(C)(C1=CC=C(OCC2CO2)C=C1)C1=CC=C(OCC2CO2)C=C1,178,O=C1N(C(N(C(N1CCCP2(OC3=C(C4=C2C=CC=C4)C=CC=C3)=O)=O)CCCP5(OC6=C(C7=C5C=CC=C7)C=CC=C6)=O)=O)CCCP8(OC9=C(C%10=C8C=CC=C%10)C=CC=C9)=O,3,NC1=CC=C(S(=O)(=O)C2=CC=C(N)C=C2)C=C1,23.10832483,160,1,180,2,200,1,0,0,0,0,0,0,0,0,0,0,0,0,0,0,O=BOB=O,1,,0,,0
CC(C)(C1=CC=C(OCC2CO2)C=C1)C1=CC=C(OCC2CO2)C=C1,178,O=C1N(C(N(C(N1CCCP2(OC3=C(C4=C2C=CC=C4)C=CC=C3)=O)=O)CCCP5(OC6=C(C7=C5C=CC=C7)C=CC=C6)=O)=O)CCCP8(OC9=C(C%10=C8C=CC=C%10)C=CC=C9)=O,6,NC1=CC=C(S(=O)(=O)C2=CC=C(N)C=C2)C=C1,22.14460356,160,1,180,2,200,1,0,0,0,0,0,0,0,0,0,0,0,0,0,0,O=B[O-].O=B[O-].O.O.O.O.[Zn+2],2,,0,,0
CC(C)(C1=CC=C(OCC2CO2)C=C1)C1=CC=C(OCC2CO2)C=C1,178,O=C1N(C(N(C(N1CCCP2(OC3=C(C4=C2C=CC=C4)C=CC=C3)=O)=O)CCCP5(OC6=C(C7=C5C=CC=C7)C=CC=C6)=O)=O)CCCP8(OC9=C(C%10=C8C=CC=C%10)C=CC=C9)=O,4.5,NC1=CC=C(S(=O)(=O)C2=CC=C(N)C=C2)C=C1,22.62669522,160,1,180,2,200,1,0,0,0,0,0,0,0,0,0,0,0,0,0,0,O=B[O-].O=B[O-].O.O.O.O.[Zn+2],1.5,,0,,0
CC(C)(C1=CC=C(OCC2CO2)C=C1)C1=CC=C(OCC2CO2)C=C1,178,O=C1N(C(N(C(N1CCCP2(OC3=C(C4=C2C=CC=C4)C=CC=C3)=O)=O)CCCP5(OC6=C(C7=C5C=CC=C7)C=CC=C6)=O)=O)CCCP8(OC9=C(C%10=C8C=CC=C%10)C=CC=C9)=O,3,NC1=CC=C(S(=O)(=O)C2=CC=C(N)C=C2)C=C1,23.10832483,160,1,180,2,200,1,0,0,0,0,0,0,0,0,0,0,0,0,0,0,O=B[O-].O=B[O-].O.O.O.O.[Zn+2],1,,0,,0
CC(C)(C1=CC=C(OCC2CO2)C=C1)C1=CC=C(OCC2CO2)C=C1,178,O=C1N(C(N(C(N1CCCP2(OC3=C(C4=C2C=CC=C4)C=CC=C3)=O)=O)CCCP5(OC6=C(C7=C5C=CC=C7)C=CC=C6)=O)=O)CCCP8(OC9=C(C%10=C8C=CC=C%10)C=CC=C9)=O,6,NC1=CC=C(S(=O)(=O)C2=CC=C(N)C=C2)C=C1,22.14460356,160,1,180,2,200,1,0,0,0,0,0,0,0,0,0,0,0,0,0,0,O=P12OB(O2)O1,2,,0,,0
CC(C)(C1=CC=C(OCC2CO2)C=C1)C1=CC=C(OCC2CO2)C=C1,178,O=C1N(C(N(C(N1CCCP2(OC3=C(C4=C2C=CC=C4)C=CC=C3)=O)=O)CCCP5(OC6=C(C7=C5C=CC=C7)C=CC=C6)=O)=O)CCCP8(OC9=C(C%10=C8C=CC=C%10)C=CC=C9)=O,4.5,NC1=CC=C(S(=O)(=O)C2=CC=C(N)C=C2)C=C1,22.62669522,160,1,180,2,200,1,0,0,0,0,0,0,0,0,0,0,0,0,0,0,O=P12OB(O2)O1,1.5,,0,,0
CC(C)(C1=CC=C(OCC2CO2)C=C1)C1=CC=C(OCC2CO2)C=C1,178,O=C1N(C(N(C(N1CCCP2(OC3=C(C4=C2C=CC=C4)C=CC=C3)=O)=O)CCCP5(OC6=C(C7=C5C=CC=C7)C=CC=C6)=O)=O)CCCP8(OC9=C(C%10=C8C=CC=C%10)C=CC=C9)=O,3,NC1=CC=C(S(=O)(=O)C2=CC=C(N)C=C2)C=C1,23.10832483,160,1,180,2,200,1,0,0,0,0,0,0,0,0,0,0,0,0,0,0,O=P12OB(O2)O1,1,,0,,0
CC(C)(C1=CC=C(OCC2CO2)C=C1)C1=CC=C(OCC2CO2)C=C1,178,O=B[O-].O=B[O-].O.O.O.O.[Zn+2],6,NC1=CC=C(S(=O)(=O)C2=CC=C(N)C=C2)C=C1,22.62669522,160,1,180,2,200,1,0,0,0,0,0,0,0,0,0,0,0,0,0,0,,0,,0,,0
CC(C)(C1=CC=C(OCC2CO2)C=C1)C1=CC=C(OCC2CO2)C=C1,178,O=P12OB(O2)O1,6,NC1=CC=C(S(=O)(=O)C2=CC=C(N)C=C2)C=C1,22.62669522,160,1,180,2,200,1,0,0,0,0,0,0,0,0,0,0,0,0,0,0,,0,,0,,0
CC(C)(C1=CC=C(OCC2CO2)C=C1)C1=CC=C(OCC2CO2)C=C1,227,O=P1(C(C2=CC=C(O)C=C2)C2=CC=C(O)C=C2)OC2=C(C=CC=C2)C2=CC=CC=C21,3.9,NC1=CC=C(S(=O)(=O)C2=CC=C(N)C=C2)C=C1,20.42,120,2,150,2,0,0,0,0,0,0,0,0,0,0,0,0,0,0,0,0,,0,,0,,0
CC(C)(C1=CC=C(OCC2CO2)C=C1)C1=CC=C(OCC2CO2)C=C1,227,O=P1(C(C2=CC=C(O)C=C2)C2=CC=C(O)C=C2)OC2=C(C=CC=C2)C2=CC=CC=C21,6.5,NC1=CC=C(S(=O)(=O)C2=CC=C(N)C=C2)C=C1,19.22,120,2,150,2,0,0,0,0,0,0,0,0,0,0,0,0,0,0,0,0,,0,,0,,0
CC(C)(C1=CC=C(OCC2CO2)C=C1)C1=CC=C(OCC2CO2)C=C1,227,O=P1(C(C2=CC=C(O)C=C2)C2=CC=C(O)C=C2)OC2=C(C=CC=C2)C2=CC=CC=C21,9,NC1=CC=C(S(=O)(=O)C2=CC=C(N)C=C2)C=C1,18.02,120,2,150,2,0,0,0,0,0,0,0,0,0,0,0,0,0,0,0,0,,0,,0,,0
CC(C)(C1=CC=C(OCC2CO2)C=C1)C1=CC=C(OCC2CO2)C=C1,227,O=P1(C(C2=CC=C(O)C=C2)C2=CC=C(O)C=C2)OC2=C(C=CC=C2)C2=CC=CC=C21,11.7,NC1=CC=C(S(=O)(=O)C2=CC=C(N)C=C2)C=C1,16.66,120,2,150,2,0,0,0,0,0,0,0,0,0,0,0,0,0,0,0,0,,0,,0,,0
CC(C)(C1=CC=C(OCC2CO2)C=C1)C1=CC=C(OCC2CO2)C=C1,227,O=P1(C(C2=CC=C(O)C=C2)C2=CC=C(O)C=C2)OC2=C(C=CC=C2)C2=CC=CC=C21,0,NC1=CC=C(S(=O)(=O)C2=CC=C(N)C=C2)C=C1,22.2092571,120,2,150,2,0,0,0,0,0,0,0,0,0,0,0,0,0,0,0,0,,0,,0,,0
CC(C)(C1=CC=C(OCC2CO2)C=C1)C1=CC=C(OCC2CO2)C=C1,227,O=P(C1=CC=CC=C1)(C1=CC=CC=C1)C(C1=CC=C(O)C=C1)C1C=CC(O)=CC1,4,NC1=CC=C(S(=O)(=O)C2=CC=C(N)C=C2)C=C1,20.38,120,2,150,2,0,0,0,0,0,0,0,0,0,0,0,0,0,0,0,0,,0,,0,,0
CC(C)(C1=CC=C(OCC2CO2)C=C1)C1=CC=C(OCC2CO2)C=C1,227,O=P(C1=CC=CC=C1)(C1=CC=CC=C1)C(C1=CC=C(O)C=C1)C1C=CC(O)=CC1,6.7,NC1=CC=C(S(=O)(=O)C2=CC=C(N)C=C2)C=C1,19.17,120,2,150,2,0,0,0,0,0,0,0,0,0,0,0,0,0,0,0,0,,0,,0,,0
CC(C)(C1=CC=C(OCC2CO2)C=C1)C1=CC=C(OCC2CO2)C=C1,227,O=P(C1=CC=CC=C1)(C1=CC=CC=C1)C(C1=CC=C(O)C=C1)C1C=CC(O)=CC1,9.4,NC1=CC=C(S(=O)(=O)C2=CC=C(N)C=C2)C=C1,17.95,120,2,150,2,0,0,0,0,0,0,0,0,0,0,0,0,0,0,0,0,,0,,0,,0
CC(C)(C1=CC=C(OCC2CO2)C=C1)C1=CC=C(OCC2CO2)C=C1,227,O=P(C1=CC=CC=C1)(C1=CC=CC=C1)C(C1=CC=C(O)C=C1)C1C=CC(O)=CC1,12,NC1=CC=C(S(=O)(=O)C2=CC=C(N)C=C2)C=C1,16.73,120,2,150,2,0,0,0,0,0,0,0,0,0,0,0,0,0,0,0,0,,0,,0,,0
CC(C)(C1=CC=C(OCC2CO2)C=C1)C1=CC=C(OCC2CO2)C=C1,196,O=P1(OC(C=CC=C2)=C2C3=C1C=CC=C3)C(NC4=CC=C(NC5=CC=CC=C5)C=C4)C6=CC=C(C(P7(OC(C=CC=C8)=C8C9=C7C=CC=C9)=O)NC%10=CC=C(NC%11=CC=CC=C%11)C=C%10)C=C6,4.4,NC1=CC=C(CC2=CC=C(N)C=C2)C=C1,19.12,120,12,140,2,180,2,0,0,0,0,0,0,0,0,0,0,0,0,0,0,,0,,0,,0
CC(C)(C1=CC=C(OCC2CO2)C=C1)C1=CC=C(OCC2CO2)C=C1,196,O=P1(OC(C=CC=C2)=C2C3=C1C=CC=C3)C(NC4=CC=C(NC5=CC=CC=C5)C=C4)C6=CC=C(C(P7(OC(C=CC=C8)=C8C9=C7C=CC=C9)=O)NC%10=CC=C(NC%11=CC=CC=C%11)C=C%10)C=C6,8.6,NC1=CC=C(CC2=CC=C(N)C=C2)C=C1,18.28,120,12,140,2,180,2,0,0,0,0,0,0,0,0,0,0,0,0,0,0,,0,,0,,0
CC(C)(C1=CC=C(OCC2CO2)C=C1)C1=CC=C(OCC2CO2)C=C1,196,O=P1(OC(C=CC=C2)=C2C3=C1C=CC=C3)C(NC4=CC=C(NC5=CC=CC=C5)C=C4)C6=CC=C(C(P7(OC(C=CC=C8)=C8C9=C7C=CC=C9)=O)NC%10=CC=C(NC%11=CC=CC=C%11)C=C%10)C=C6,12.4,NC1=CC=C(CC2=CC=C(N)C=C2)C=C1,17.52,120,12,140,2,180,2,0,0,0,0,0,0,0,0,0,0,0,0,0,0,,0,,0,,0
CC(C)(C1=CC=C(OCC2CO2)C=C1)C1=CC=C(OCC2CO2)C=C1,196,O=P1(OC(C=CC=C2)=C2C3=C1C=CC=C3)C(NC4=CC=C(NC5=CC=CC=C5)C=C4)C6=CC=C(C(P7(OC(C=CC=C8)=C8C9=C7C=CC=C9)=O)NC%10=CC=C(NC%11=CC=CC=C%11)C=C%10)C=C6,16,NC1=CC=C(CC2=CC=C(N)C=C2)C=C1,16.8,120,12,140,2,180,2,0,0,0,0,0,0,0,0,0,0,0,0,0,0,,0,,0,,0
CC(C)(C1=CC=C(OCC2CO2)C=C1)C1=CC=C(OCC2CO2)C=C1,196,O=P1(OC(C=CC=C2)=C2C3=C1C=CC=C3)C(NC4=CC=C(NC5=CC=CC=C5)C=C4)C6=CC=C(C(P7(OC(C=CC=C8)=C8C9=C7C=CC=C9)=O)NC%10=CC=C(NC%11=CC=CC=C%11)C=C%10)C=C6,0,NC1=CC=C(CC2=CC=C(N)C=C2)C=C1,20,120,12,140,2,180,2,0,0,0,0,0,0,0,0,0,0,0,0,0,0,,0,,0,,0
CC(C)(C1=CC=C(OCC2CO2)C=C1)C1=CC=C(OCC2CO2)C=C1,227,O=S(C(C=C1)=CC=C1NC(P(C2=CC=CC=C2)(C3=CC=CC=C3)=O)C4=CC=CC=C4O)(C5=CC=C(C=C5)NC(P(C6=CC=CC=C6)(C7=CC=CC=C7)=O)C8=C(C=CC=C8)O)=O,4.13,NC1=CC=C(S(=O)(=O)C2=CC=C(N)C=C2)C=C1,19.99848266,120,2,150,2,0,0,0,0,0,0,0,0,0,0,0,0,0,0,0,0,,0,,0,,0
CC(C)(C1=CC=C(OCC2CO2)C=C1)C1=CC=C(OCC2CO2)C=C1,227,O=S(C(C=C1)=CC=C1NC(P(C2=CC=CC=C2)(C3=CC=CC=C3)=O)C4=CC=CC=C4O)(C5=CC=C(C=C5)NC(P(C6=CC=CC=C6)(C7=CC=CC=C7)=O)C8=C(C=CC=C8)O)=O,6.95,NC1=CC=C(S(=O)(=O)C2=CC=C(N)C=C2)C=C1,18.20971484,120,2,150,2,0,0,0,0,0,0,0,0,0,0,0,0,0,0,0,0,,0,,0,,0
CC(C)(C1=CC=C(OCC2CO2)C=C1)C1=CC=C(OCC2CO2)C=C1,227,O=S(C(C=C1)=CC=C1NC(P(C2=CC=CC=C2)(C3=CC=CC=C3)=O)C4=CC=CC=C4O)(C5=CC=C(C=C5)NC(P(C6=CC=CC=C6)(C7=CC=CC=C7)=O)C8=C(C=CC=C8)O)=O,9.84,NC1=CC=C(S(=O)(=O)C2=CC=C(N)C=C2)C=C1,17.00804682,120,2,150,2,0,0,0,0,0,0,0,0,0,0,0,0,0,0,0,0,,0,,0,,0
CC(C)(C1=CC=C(OCC2CO2)C=C1)C1=CC=C(OCC2CO2)C=C1,227,O=S(C(C=C1)=CC=C1NC(P(C2=CC=CC=C2)(C3=CC=CC=C3)=O)C4=CC=CC=C4O)(C5=CC=C(C=C5)NC(P(C6=CC=CC=C6)(C7=CC=CC=C7)=O)C8=C(C=CC=C8)O)=O,12.5,NC1=CC=C(S(=O)(=O)C2=CC=C(N)C=C2)C=C1,15.85470698,120,2,150,2,0,0,0,0,0,0,0,0,0,0,0,0,0,0,0,0,,0,,0,,0
CC(C)(C1=CC=C(OCC2CO2)C=C1)C1=CC=C(OCC2CO2)C=C1,227,O=S(C(C=C1)=CC=C1NC(P(C2=CC=CC=C2)(C3=CC=CC=C3)=O)C4=CC=CC=C4O)(C5=CC=C(C=C5)NC(P(C6=CC=CC=C6)(C7=CC=CC=C7)=O)C8=C(C=CC=C8)O)=O,0,NC1=CC=C(S(=O)(=O)C2=CC=C(N)C=C2)C=C1,22.2092571,120,2,150,2,0,0,0,0,0,0,0,0,0,0,0,0,0,0,0,0,,0,,0,,0
CC(C)(C1=CC=C(OCC2CO2)C=C1)C1=CC=C(OCC2CO2)C=C1,227,O=P(COP1(=O)OC2=C(C=CC=C2)C2=C1C=CC=C2)(COP1(=O)OC2=C(C=CC=C2)C2=C1C=CC=C2)COP1(=O)OC2=C(C=CC=C2)C2=C1C=CC=C2,1,NC1=CC=C(CC2=CC=C(N)C=C2)C=C1,19.8,100,2,150,2,0,0,0,0,0,0,0,0,0,0,0,0,0,0,0,0,,0,,0,,0
CC(C)(C1=CC=C(OCC2CO2)C=C1)C1=CC=C(OCC2CO2)C=C1,227,O=P(COP1(=O)OC2=C(C=CC=C2)C2=C1C=CC=C2)(COP1(=O)OC2=C(C=CC=C2)C2=C1C=CC=C2)COP1(=O)OC2=C(C=CC=C2)C2=C1C=CC=C2,1.5,NC1=CC=C(CC2=CC=C(N)C=C2)C=C1,19.7,100,2,150,2,0,0,0,0,0,0,0,0,0,0,0,0,0,0,0,0,,0,,0,,0
CC(C)(C1=CC=C(OCC2CO2)C=C1)C1=CC=C(OCC2CO2)C=C1,227,O=P(COP1(=O)OC2=C(C=CC=C2)C2=C1C=CC=C2)(COP1(=O)OC2=C(C=CC=C2)C2=C1C=CC=C2)COP1(=O)OC2=C(C=CC=C2)C2=C1C=CC=C2,2,NC1=CC=C(CC2=CC=C(N)C=C2)C=C1,19.6,100,2,150,2,0,0,0,0,0,0,0,0,0,0,0,0,0,0,0,0,,0,,0,,0
CC(C)(C1=CC=C(OCC2CO2)C=C1)C1=CC=C(OCC2CO2)C=C1,227,O=P(COP1(=O)OC2=C(C=CC=C2)C2=C1C=CC=C2)(COP1(=O)OC2=C(C=CC=C2)C2=C1C=CC=C2)COP1(=O)OC2=C(C=CC=C2)C2=C1C=CC=C2,2.5,NC1=CC=C(CC2=CC=C(N)C=C2)C=C1,19.5,100,2,150,2,0,0,0,0,0,0,0,0,0,0,0,0,0,0,0,0,,0,,0,,0
CC(C)(C1=CC=C(OCC2CO2)C=C1)C1=CC=C(OCC2CO2)C=C1,227,O=P(COP1(=O)OC2=C(C=CC=C2)C2=C1C=CC=C2)(COP1(=O)OC2=C(C=CC=C2)C2=C1C=CC=C2)COP1(=O)OC2=C(C=CC=C2)C2=C1C=CC=C2,0,NC1=CC=C(CC2=CC=C(N)C=C2)C=C1,20,100,2,150,2,0,0,0,0,0,0,0,0,0,0,0,0,0,0,0,0,,0,,0,,0
CC(C)(C1=CC=C(OCC2CO2)C=C1)C1=CC=C(OCC2CO2)C=C1,227,OP(O)([O-])=O.[O-]P(O)(O)=O.[NH2+]1CC[NH2+]CC1,1,NC1=CC=CC(N)=C1,9.810810811,105,1,150,2,0,0,0,0,0,0,0,0,0,0,0,0,0,0,0,0,,0,,0,,0
CC(C)(C1=CC=C(OCC2CO2)C=C1)C1=CC=C(OCC2CO2)C=C1,227,OP(O)([O-])=O.[O-]P(O)(O)=O.[NH2+]1CC[NH2+]CC1,2,NC1=CC=CC(N)=C1,9.711711712,105,1,150,2,0,0,0,0,0,0,0,0,0,0,0,0,0,0,0,0,,0,,0,,0
CC(C)(C1=CC=C(OCC2CO2)C=C1)C1=CC=C(OCC2CO2)C=C1,227,OP(O)([O-])=O.[O-]P(O)(O)=O.[NH2+]1CC[NH2+]CC1,3,NC1=CC=CC(N)=C1,9.612612613,105,1,150,2,0,0,0,0,0,0,0,0,0,0,0,0,0,0,0,0,,0,,0,,0
CC(C)(C1=CC=C(OCC2CO2)C=C1)C1=CC=C(OCC2CO2)C=C1,227,OP(O)([O-])=O.[O-]P(O)(O)=O.[NH2+]1CC[NH2+]CC1,4,NC1=CC=CC(N)=C1,9.513513514,105,1,150,2,0,0,0,0,0,0,0,0,0,0,0,0,0,0,0,0,,0,,0,,0
CC(C)(C1=CC=C(OCC2CO2)C=C1)C1=CC=C(OCC2CO2)C=C1,227,OP(O)([O-])=O.[O-]P(O)(O)=O.[NH2+]1CC[NH2+]CC1,5,NC1=CC=CC(N)=C1,9.414414414,105,1,150,2,0,0,0,0,0,0,0,0,0,0,0,0,0,0,0,0,,0,,0,,0
CC(C)(C1=CC=C(OCC2CO2)C=C1)C1=CC=C(OCC2CO2)C=C1,227,OP(O)([O-])=O.[O-]P(O)(O)=O.[NH2+]1CC[NH2+]CC1,6,NC1=CC=CC(N)=C1,9.315315315,105,1,150,2,0,0,0,0,0,0,0,0,0,0,0,0,0,0,0,0,,0,,0,,0
CC(C)(C1=CC=C(OCC2CO2)C=C1)C1=CC=C(OCC2CO2)C=C1,227,OP(O)([O-])=O.[O-]P(O)(O)=O.[NH2+]1CC[NH2+]CC1,0,NC1=CC=CC(N)=C1,9.90990991,105,1,150,2,0,0,0,0,0,0,0,0,0,0,0,0,0,0,0,0,,0,,0,,0
CC(C)(C1=CC=C(OCC2CO2)C=C1)C1=CC=C(OCC2CO2)C=C1,196,O=P1(OC2=C(C3=C1C=CC=C3)C=CC=C2)C4=C(C=CC(O)=C4)O,6,NC1=CC=C(S(=O)(=O)C2=CC=C(N)C=C2)C=C1,22.63,160,1,180,2,200,1,0,0,0,0,0,0,0,0,0,0,0,0,0,0,,0,,0,,0
CC(C)(C1=CC=C(OCC2CO2)C=C1)C1=CC=C(OCC2CO2)C=C1,196,O=P1(OC2=C(C3=C1C=CC=C3)C=CC=C2)C4=C(C=CC(O)=C4)O,0,NC1=CC=C(S(=O)(=O)C2=CC=C(N)C=C2)C=C1,24.06985573,160,1,180,2,200,1,0,0,0,0,0,0,0,0,0,0,0,0,0,0,,0,,0,,0
CC(C)(C1=CC=C(OCC2CO2)C=C1)C1=CC=C(OCC2CO2)C=C1,196,OB(OC1=C(P2(OC3=C(C=CC=C3)C4=C2C=CC=C4)=O)C=C(O)C=C1)OC5=CC(P6(OC7=C(C=CC=C7)C8=C6C=CC=C8)=O)=C(O)C=C5,2,NC1=CC=C(S(=O)(=O)C2=CC=C(N)C=C2)C=C1,23.58630952,160,1,180,2,200,1,0,0,0,0,0,0,0,0,0,0,0,0,0,0,,0,,0,,0
CC(C)(C1=CC=C(OCC2CO2)C=C1)C1=CC=C(OCC2CO2)C=C1,196,OB(OC1=C(P2(OC3=C(C=CC=C3)C4=C2C=CC=C4)=O)C=C(O)C=C1)OC5=CC(P6(OC7=C(C=CC=C7)C8=C6C=CC=C8)=O)=C(O)C=C5,4,NC1=CC=C(S(=O)(=O)C2=CC=C(N)C=C2)C=C1,23.10495627,160,1,180,2,200,1,0,0,0,0,0,0,0,0,0,0,0,0,0,0,,0,,0,,0
CC(C)(C1=CC=C(OCC2CO2)C=C1)C1=CC=C(OCC2CO2)C=C1,196,OB(OC1=C(P2(OC3=C(C=CC=C3)C4=C2C=CC=C4)=O)C=C(O)C=C1)OC5=CC(P6(OC7=C(C=CC=C7)C8=C6C=CC=C8)=O)=C(O)C=C5,6,NC1=CC=C(S(=O)(=O)C2=CC=C(N)C=C2)C=C1,22.62669522,160,1,180,2,200,1,0,0,0,0,0,0,0,0,0,0,0,0,0,0,,0,,0,,0
CC(C)(C1=CC=C(OCC2CO2)C=C1)C1=CC=C(OCC2CO2)C=C1,196,O=P1(C2=C(C=CC(OB(OC3=CC(P4(OC5=C(C=CC=C5)C6=C4C=CC=C6)=O)=C(O)C=C3)OC7=C(C=C(C=C7)O)P8(OC9=C(C%10=C8C=CC=C%10)C=CC=C9)=O)=C2)OB(OC%11=C(P%12(OC%13=C(C=CC=C%13)C%14=C%12C=CC=C%14)=O)C=C(O)C=C%11)OC%15=CC(P%16(OC%17=C(C=CC=C%17)C%18=C%16C=CC=C%18)=O)=C(OB(O)O)C=C%15)OC%19=C(C%20=C1C=CC=C%20)C=CC=C%19,2,NC1=CC=C(S(=O)(=O)C2=CC=C(N)C=C2)C=C1,23.58630952,160,1,180,2,200,1,0,0,0,0,0,0,0,0,0,0,0,0,0,0,,0,,0,,0
CC(C)(C1=CC=C(OCC2CO2)C=C1)C1=CC=C(OCC2CO2)C=C1,196,O=P1(C2=C(C=CC(OB(OC3=CC(P4(OC5=C(C=CC=C5)C6=C4C=CC=C6)=O)=C(O)C=C3)OC7=C(C=C(C=C7)O)P8(OC9=C(C%10=C8C=CC=C%10)C=CC=C9)=O)=C2)OB(OC%11=C(P%12(OC%13=C(C=CC=C%13)C%14=C%12C=CC=C%14)=O)C=C(O)C=C%11)OC%15=CC(P%16(OC%17=C(C=CC=C%17)C%18=C%16C=CC=C%18)=O)=C(OB(O)O)C=C%15)OC%19=C(C%20=C1C=CC=C%20)C=CC=C%19,4,NC1=CC=C(S(=O)(=O)C2=CC=C(N)C=C2)C=C1,23.10495627,160,1,180,2,200,1,0,0,0,0,0,0,0,0,0,0,0,0,0,0,,0,,0,,0
CC(C)(C1=CC=C(OCC2CO2)C=C1)C1=CC=C(OCC2CO2)C=C1,196,O=P1(C2=C(C=CC(OB(OC3=CC(P4(OC5=C(C=CC=C5)C6=C4C=CC=C6)=O)=C(O)C=C3)OC7=C(C=C(C=C7)O)P8(OC9=C(C%10=C8C=CC=C%10)C=CC=C9)=O)=C2)OB(OC%11=C(P%12(OC%13=C(C=CC=C%13)C%14=C%12C=CC=C%14)=O)C=C(O)C=C%11)OC%15=CC(P%16(OC%17=C(C=CC=C%17)C%18=C%16C=CC=C%18)=O)=C(OB(O)O)C=C%15)OC%19=C(C%20=C1C=CC=C%20)C=CC=C%19,6,NC1=CC=C(S(=O)(=O)C2=CC=C(N)C=C2)C=C1,22.62669522,160,1,180,2,200,1,0,0,0,0,0,0,0,0,0,0,0,0,0,0,,0,,0,,0
CC(C)(C1=CC=C(OCC2CO2)C=C1)C1=CC=C(OCC2CO2)C=C1,196,C1=CC=C(OB(OC2=CC=CC=C2)OC2=CC=CC=C2)C=C1,6,NC1=CC=C(S(=O)(=O)C2=CC=C(N)C=C2)C=C1,22.66,160,1,180,2,200,1,0,0,0,0,0,0,0,0,0,0,0,0,0,0,,0,,0,,0
CC(C)(C1=CC=C(OCC2CO2)C=C1)C1=CC=C(OCC2CO2)C=C1,188,C1=CC=C(NC2=NC(NC3=CC=CC=C3)=NC(NC3=CC=CC=C3)=N2)C=C1,20,NC1=CC=C(S(=O)(=O)C2=CC=C(N)C=C2)C=C1,19.21896368,160,2,180,5,0,0,0,0,0,0,0,0,0,0,0,0,0,0,0,0,,0,,0,,0
CC(C)(C1=CC=C(OCC2CO2)C=C1)C1=CC=C(OCC2CO2)C=C1,188,C1=CC=C(OP2(OC3=CC=CC=C3)=NP(OC3=CC=CC=C3)(OC3=CC=CC=C3)=NP(OC3=CC=CC=C3)(OC3=CC=CC=C3)=N2)C=C1,8.2,NC1=CC=C(S(=O)(=O)C2=CC=C(N)C=C2)C=C1,22.05376083,160,2,180,5,0,0,0,0,0,0,0,0,0,0,0,0,0,0,0,0,,0,,0,,0
CC(C)(C1=CC=C(OCC2CO2)C=C1)C1=CC=C(OCC2CO2)C=C1,188,C1=CC=C(OP2(OC3=CC=CC=C3)=NP(OC3=CC=CC=C3)(OC3=CC=CC=C3)=NP(OC3=CC=CC=C3)(OC3=CC=CC=C3)=N2)C=C1,0,NC1=CC=C(S(=O)(=O)C2=CC=C(N)C=C2)C=C1,24.0237046,160,2,180,5,0,0,0,0,0,0,0,0,0,0,0,0,0,0,0,0,,0,,0,,0
CC(C)(C1=CC=C(OCC2CO2)C=C1)C1=CC=C(OCC2CO2)C=C1,188,C1=CC=C(OP2(OC3=CC=CC=C3)=NP(OC3=CC=CC=C3)(OC3=CC=CC=C3)=NP(OC3=CC=CC=C3)(OC3=CC=CC=C3)=N2)C=C1,18,NC1=CC=C(S(=O)(=O)C2=CC=C(N)C=C2)C=C1,19.216,160,2,180,5,0,0,0,0,0,0,0,0,0,0,0,0,0,0,0,0,[H]P1(=O)OC2=C(C=CC=C2)C2=C1C=CC=C2,2,,0,,0
CC(C)(C1=CC=C(OCC2CO2)C=C1)C1=CC=C(OCC2CO2)C=C1,188,C1=CC=C(OP2(OC3=CC=CC=C3)=NP(OC3=CC=CC=C3)(OC3=CC=CC=C3)=NP(OC3=CC=CC=C3)(OC3=CC=CC=C3)=N2)C=C1,16,NC1=CC=C(S(=O)(=O)C2=CC=C(N)C=C2)C=C1,19.216,160,2,180,5,0,0,0,0,0,0,0,0,0,0,0,0,0,0,0,0,[H]P1(=O)OC2=C(C=CC=C2)C2=C1C=CC=C2,4,,0,,0
CC(C)(C1=CC=C(OCC2CO2)C=C1)C1=CC=C(OCC2CO2)C=C1,188,C1=CC=C(OP2(OC3=CC=CC=C3)=NP(OC3=CC=CC=C3)(OC3=CC=CC=C3)=NP(OC3=CC=CC=C3)(OC3=CC=CC=C3)=N2)C=C1,14,NC1=CC=C(S(=O)(=O)C2=CC=C(N)C=C2)C=C1,19.216,160,2,180,5,0,0,0,0,0,0,0,0,0,0,0,0,0,0,0,0,[H]P1(=O)OC2=C(C=CC=C2)C2=C1C=CC=C2,6,,0,,0
CC(C)(C1=CC=C(OCC2CO2)C=C1)C1=CC=C(OCC2CO2)C=C1,188,C1=CC=C(OP2(OC3=CC=CC=C3)=NP(OC3=CC=CC=C3)(OC3=CC=CC=C3)=NP(OC3=CC=CC=C3)(OC3=CC=CC=C3)=N2)C=C1,12,NC1=CC=C(S(=O)(=O)C2=CC=C(N)C=C2)C=C1,19.216,160,2,180,5,0,0,0,0,0,0,0,0,0,0,0,0,0,0,0,0,[H]P1(=O)OC2=C(C=CC=C2)C2=C1C=CC=C2,8,,0,,0
CC(C)(C1=CC=C(OCC2CO2)C=C1)C1=CC=C(OCC2CO2)C=C1,188,C1=CC=C(OP2(OC3=CC=CC=C3)=NP(OC3=CC=CC=C3)(OC3=CC=CC=C3)=NP(OC3=CC=CC=C3)(OC3=CC=CC=C3)=N2)C=C1,18,NC1=CC=C(S(=O)(=O)C2=CC=C(N)C=C2)C=C1,19.216,160,2,180,5,0,0,0,0,0,0,0,0,0,0,0,0,0,0,0,0,C1(OP2(OC3=CC=CC=C3)=NP(OC4=CC=CC=C4)(OC5=CC=CC=C5)=NP(OC6=CC=CC=C6)(OC7=CC=CC=C7)=N2)=CC=CC=C1,2,,0,,0
CC(C)(C1=CC=C(OCC2CO2)C=C1)C1=CC=C(OCC2CO2)C=C1,188,C1=CC=C(OP2(OC3=CC=CC=C3)=NP(OC3=CC=CC=C3)(OC3=CC=CC=C3)=NP(OC3=CC=CC=C3)(OC3=CC=CC=C3)=N2)C=C1,16,NC1=CC=C(S(=O)(=O)C2=CC=C(N)C=C2)C=C1,19.216,160,2,180,5,0,0,0,0,0,0,0,0,0,0,0,0,0,0,0,0,C1(OP2(OC3=CC=CC=C3)=NP(OC4=CC=CC=C4)(OC5=CC=CC=C5)=NP(OC6=CC=CC=C6)(OC7=CC=CC=C7)=N2)=CC=CC=C1,4,,0,,0
CC(C)(C1=CC=C(OCC2CO2)C=C1)C1=CC=C(OCC2CO2)C=C1,188,C1=CC=C(OP2(OC3=CC=CC=C3)=NP(OC3=CC=CC=C3)(OC3=CC=CC=C3)=NP(OC3=CC=CC=C3)(OC3=CC=CC=C3)=N2)C=C1,14,NC1=CC=C(S(=O)(=O)C2=CC=C(N)C=C2)C=C1,19.216,160,2,180,5,0,0,0,0,0,0,0,0,0,0,0,0,0,0,0,0,C1(OP2(OC3=CC=CC=C3)=NP(OC4=CC=CC=C4)(OC5=CC=CC=C5)=NP(OC6=CC=CC=C6)(OC7=CC=CC=C7)=N2)=CC=CC=C1,6,,0,,0
CC(C)(C1=CC=C(OCC2CO2)C=C1)C1=CC=C(OCC2CO2)C=C1,188,C1=CC=C(OP2(OC3=CC=CC=C3)=NP(OC3=CC=CC=C3)(OC3=CC=CC=C3)=NP(OC3=CC=CC=C3)(OC3=CC=CC=C3)=N2)C=C1,12,NC1=CC=C(S(=O)(=O)C2=CC=C(N)C=C2)C=C1,19.216,160,2,180,5,0,0,0,0,0,0,0,0,0,0,0,0,0,0,0,0,C1(OP2(OC3=CC=CC=C3)=NP(OC4=CC=CC=C4)(OC5=CC=CC=C5)=NP(OC6=CC=CC=C6)(OC7=CC=CC=C7)=N2)=CC=CC=C1,8,,0,,0
CC(C)(C1=CC=C(OCC2CO2)C=C1)C1=CC=C(OCC2CO2)C=C1,188,[H]P1(=O)OC2=C(C=CC=C2)C2=C1C=CC=C2,7.7,NC1=CC=C(S(=O)(=O)C2=CC=C(N)C=C2)C=C1,22.17046,160,2,180,5,0,0,0,0,0,0,0,0,0,0,0,0,0,0,0,0,,0,,0,,0
CC(C)(C1=CC=C(OCC2CO2)C=C1)C1=CC=C(OCC2CO2)C=C1,188,C1(OP2(OC3=CC=CC=C3)=NP(OC4=CC=CC=C4)(OC5=CC=CC=C5)=NP(OC6=CC=CC=C6)(OC7=CC=CC=C7)=N2)=CC=CC=C1,8.2,NC1=CC=C(S(=O)(=O)C2=CC=C(N)C=C2)C=C1,22.05036,160,2,180,5,0,0,0,0,0,0,0,0,0,0,0,0,0,0,0,0,,0,,0,,0
CC(C)(C1=CC=C(OCC2CO2)C=C1)C1=CC=C(OCC2CO2)C=C1,227,OP(OCC1(CO2)COP2(O[NH2+]C3=NC(N)=NC(N)=N3)=O)(OC1)=O,15,CNC1=CC=C(NC(=O)C2=CC=C(C(C)=O)C=C2)C=C1,28.33,25,168,0,0,0,0,0,0,0,0,0,0,0,0,0,0,0,0,0,0,,0,,0,,0
CC(C)(C1=CC=C(OCC2CO2)C=C1)C1=CC=C(OCC2CO2)C=C1,227,OP(OCC1(CO2)COP2(O[NH2+]C3=NC(N)=NC(N)=N3)=O)(OC1)=O,0,CNC1=CC=C(NC(=O)C2=CC=C(C(C)=O)C=C2)C=C1,33.33,25,168,0,0,0,0,0,0,0,0,0,0,0,0,0,0,0,0,0,0,,0,,0,,0
CC(C)(C1=CC=C(OCC2CO2)C=C1)C1=CC=C(OCC2CO2)C=C1,227,O=P12OCC(CO1)(CO2)COP(N3CCNCC3)(N4CCNCC4)=O,5,NC1=CC=C(CC2=CC=C(N)C=C2)C=C1,19,100,2,150,2,0,0,0,0,0,0,0,0,0,0,0,0,0,0,0,0,,0,,0,,0
CC(C)(C1=CC=C(OCC2CO2)C=C1)C1=CC=C(OCC2CO2)C=C1,227,O=P12OCC(CO1)(CO2)COP(N3CCNCC3)(N4CCNCC4)=O,10,NC1=CC=C(CC2=CC=C(N)C=C2)C=C1,18,100,2,150,2,0,0,0,0,0,0,0,0,0,0,0,0,0,0,0,0,,0,,0,,0
CC(C)(C1=CC=C(OCC2CO2)C=C1)C1=CC=C(OCC2CO2)C=C1,227,O=P12OCC(CO1)(CO2)COP(N3CCNCC3)(N4CCNCC4)=O,15,NC1=CC=C(CC2=CC=C(N)C=C2)C=C1,17,100,2,150,2,0,0,0,0,0,0,0,0,0,0,0,0,0,0,0,0,,0,,0,,0
CC(C)(C1=CC=C(OCC2CO2)C=C1)C1=CC=C(OCC2CO2)C=C1,227,O=P12OCC(CO1)(CO2)COP(N3CCNCC3)(N4CCNCC4)=O,20,NC1=CC=C(CC2=CC=C(N)C=C2)C=C1,16,100,2,150,2,0,0,0,0,0,0,0,0,0,0,0,0,0,0,0,0,,0,,0,,0
CC(C)(C1=CC=C(OCC2CO2)C=C1)C1=CC=C(OCC2CO2)C=C1,227,O=P12OCC(CO1)(CO2)COP(N3CCNCC3)(N4CCNCC4)=O,0,NC1=CC=C(CC2=CC=C(N)C=C2)C=C1,20,100,2,150,2,0,0,0,0,0,0,0,0,0,0,0,0,0,0,0,0,,0,,0,,0
CC(C)(C1=CC=C(OCC2CO2)C=C1)C1=CC=C(OCC2CO2)C=C1,227,O=P(C1=CC=CC=C1)(C1=CC=CC=C1)N1C=CN=C1,7.5,O=P(C1=CC=CC=C1)(C1=CC=CC=C1)N1C=CN=C1,7.5,120,2,180,2,0,0,0,0,0,0,0,0,0,0,0,0,0,0,0,0,,0,,0,,0
CC(C)(C1=CC=C(OCC2CO2)C=C1)C1=CC=C(OCC2CO2)C=C1,227,O=P(C1=CC=CC=C1)(C1=CC=CC=C1)N1C=CN=C1,15,O=P(C1=CC=CC=C1)(C1=CC=CC=C1)N1C=CN=C1,15,120,2,180,2,0,0,0,0,0,0,0,0,0,0,0,0,0,0,0,0,,0,,0,,0
CC(C)(C1=CC=C(OCC2CO2)C=C1)C1=CC=C(OCC2CO2)C=C1,227,O=P(C1=CC=CC=C1)(C1=CC=CC=C1)N1C=CN=C1,0,C1=CNC=N1,7.5,70,2,140,2,0,0,0,0,0,0,0,0,0,0,0,0,0,0,0,0,,0,,0,,0
CC(C)(C1=CC=C(OCC2CO2)C=C1)C1=CC=C(OCC2CO2)C=C1,227,O=P(OC1=CC=CC=C1)(OC1=CC=CC=C1)N1C=CN=C1,7.5,O=P(OC1=CC=CC=C1)(OC1=CC=CC=C1)N1C=CN=C1,7.5,120,2,180,2,0,0,0,0,0,0,0,0,0,0,0,0,0,0,0,0,,0,,0,,0
CC(C)(C1=CC=C(OCC2CO2)C=C1)C1=CC=C(OCC2CO2)C=C1,227,O=P(OC1=CC=CC=C1)(OC1=CC=CC=C1)N1C=CN=C1,15,O=P(OC1=CC=CC=C1)(OC1=CC=CC=C1)N1C=CN=C1,15,120,2,180,2,0,0,0,0,0,0,0,0,0,0,0,0,0,0,0,0,,0,,0,,0
CC(C)(C1=CC=C(OCC2CO2)C=C1)C1=CC=C(OCC2CO2)C=C1,227,OC1=CC=C(C=C1)C(P2(OC3=C(C4=C2C=CC=C4)C=CC=C3)=O)NC5=NC6=C(S5)C=CC=C6,5,NC1=CC=C(CC2=CC=C(N)C=C2)C=C1,16.12,100,3,150,2,180,2,0,0,0,0,0,0,0,0,0,0,0,0,0,0,,0,,0,,0
CC(C)(C1=CC=C(OCC2CO2)C=C1)C1=CC=C(OCC2CO2)C=C1,227,OC1=CC=C(C=C1)C(P2(OC3=C(C4=C2C=CC=C4)C=CC=C3)=O)NC5=NC6=C(S5)C=CC=C6,7.5,NC1=CC=C(CC2=CC=C(N)C=C2)C=C1,15.25,100,3,150,2,180,2,0,0,0,0,0,0,0,0,0,0,0,0,0,0,,0,,0,,0
CC(C)(C1=CC=C(OCC2CO2)C=C1)C1=CC=C(OCC2CO2)C=C1,227,OC1=CC=C(C=C1)C(P2(OC3=C(C4=C2C=CC=C4)C=CC=C3)=O)NC5=NC6=C(S5)C=CC=C6,10,NC1=CC=C(CC2=CC=C(N)C=C2)C=C1,14.33,100,3,150,2,180,2,0,0,0,0,0,0,0,0,0,0,0,0,0,0,,0,,0,,0
CC(C)(C1=CC=C(OCC2CO2)C=C1)C1=CC=C(OCC2CO2)C=C1,227,OC1=CC=C(C=C1)C(P2(OC3=C(C4=C2C=CC=C4)C=CC=C3)=O)NC5=NC6=C(S5)C=CC=C6,0,NC1=CC=C(CC2=CC=C(N)C=C2)C=C1,20,100,3,150,2,0,0,0,0,0,0,0,0,0,0,0,0,0,0,0,0,,0,,0,,0
CC(C)(C1=CC=C(OCC2CO2)C=C1)C1=CC=C(OCC2CO2)C=C1,227,NC1=CC=C(NC(C2=CC=C(C(NC3=CC=C(NC(C4=CC=C(C=O)C=C4)P4(=O)OC5=C(C=CC=C5)C5=C4C=CC=C5)C=C3)P3(=O)OC4=C(C=CC=C4)C4=C3C=CC=C4)C=C2)P2(=O)OC3=C(C=CC=C3)C3=C2C=CC=C3)C=C1,4,NC1=CC=C(CC2=CC=C(N)C=C2)C=C1,16.57,120,2,160,2,0,0,0,0,0,0,0,0,0,0,0,0,0,0,0,0,,0,,0,,0
CC(C)(C1=CC=C(OCC2CO2)C=C1)C1=CC=C(OCC2CO2)C=C1,227,NC1=CC=C(NC(C2=CC=C(C(NC3=CC=C(NC(C4=CC=C(C=O)C=C4)P4(=O)OC5=C(C=CC=C5)C5=C4C=CC=C5)C=C3)P3(=O)OC4=C(C=CC=C4)C4=C3C=CC=C4)C=C2)P2(=O)OC3=C(C=CC=C3)C3=C2C=CC=C3)C=C1,0,NC1=CC=C(CC2=CC=C(N)C=C2)C=C1,17.91167296,120,2,160,2,0,0,0,0,0,0,0,0,0,0,0,0,0,0,0,0,,0,,0,,0
CC(C)(C1=CC=C(OCC2CO2)C=C1)C1=CC=C(OCC2CO2)C=C1,227,NC1=CC=C(NC(C2=CC=C(C(NC3=CC=C(NC(C4=CC=C(C=O)C=C4)P4(=O)OC5=C(C=CC=C5)C5=C4C=CC=C5)C=C3)P3(=O)OC4=C(C=CC=C4)C4=C3C=CC=C4)C=C2)P2(=O)OC3=C(C=CC=C3)C3=C2C=CC=C3)C=C1,4,NC1=CC=C(CC2=CC=C(N)C=C2)C=C1,16.56533754,120,2,160,2,0,0,0,0,0,0,0,0,0,0,0,0,0,0,0,0,C[N+](CCO)(CCCCCCCCCCCCCCCCCC)C.O=[Si]=O.O=[Si]=O.[Cl-].[Al+3].[Al+3].[O-2].[O-2].[O-2],0.5,,0,,0
CC(C)(C1=CC=C(OCC2CO2)C=C1)C1=CC=C(OCC2CO2)C=C1,227,NC1=CC=C(NC(C2=CC=C(C(NC3=CC=C(NC(C4=CC=C(C=O)C=C4)P4(=O)OC5=C(C=CC=C5)C5=C4C=CC=C5)C=C3)P3(=O)OC4=C(C=CC=C4)C4=C3C=CC=C4)C=C2)P2(=O)OC3=C(C=CC=C3)C3=C2C=CC=C3)C=C1,4,NC1=CC=C(CC2=CC=C(N)C=C2)C=C1,16.48204886,120,2,160,2,0,0,0,0,0,0,0,0,0,0,0,0,0,0,0,0,C[N+](CCO)(CCCCCCCCCCCCCCCCCC)C.O=[Si]=O.O=[Si]=O.[Cl-].[Al+3].[Al+3].[O-2].[O-2].[O-2],1,,0,,0
CC(C)(C1=CC=C(OCC2CO2)C=C1)C1=CC=C(OCC2CO2)C=C1,227,NC1=CC=C(NC(C2=CC=C(C(NC3=CC=C(NC(C4=CC=C(C=O)C=C4)P4(=O)OC5=C(C=CC=C5)C5=C4C=CC=C5)C=C3)P3(=O)OC4=C(C=CC=C4)C4=C3C=CC=C4)C=C2)P2(=O)OC3=C(C=CC=C3)C3=C2C=CC=C3)C=C1,4,NC1=CC=C(CC2=CC=C(N)C=C2)C=C1,16.39831171,120,2,160,2,0,0,0,0,0,0,0,0,0,0,0,0,0,0,0,0,C[N+](CCO)(CCCCCCCCCCCCCCCCCC)C.O=[Si]=O.O=[Si]=O.[Cl-].[Al+3].[Al+3].[O-2].[O-2].[O-2],1.5,,0,,0
CC(C)(C1=CC=C(OCC2CO2)C=C1)C1=CC=C(OCC2CO2)C=C1,227,C[N+](CCO)(CCCCCCCCCCCCCCCCCC)C.O=[Si]=O.O=[Si]=O.[Cl-].[Al+3].[Al+3].[O-2].[O-2].[O-2],0.5,NC1=CC=C(CC2=CC=C(N)C=C2)C=C1,17.82242914,120,2,160,2,0,0,0,0,0,0,0,0,0,0,0,0,0,0,0,0,,0,,0,,0
CC(C)(C1=CC=C(OCC2CO2)C=C1)C1=CC=C(OCC2CO2)C=C1,196,O=C1N(CC(O)CP2(=O)OC3=C(C=CC=C3)C3=C2C=CC=C3)C(=O)N(CC(O)CP2(=O)OC3=C(C=CC=C3)C3=C2C=CC=C3)C(=O)N1CC(O)CP1(=O)OC2=C(C=CC=C2)C2=C1C=CC=C2,4,NC1=CC=C(CC2=CC=C(N)C=C2)C=C1,19.38,120,2,170,4,0,0,0,0,0,0,0,0,0,0,0,0,0,0,0,0,,0,,0,,0
CC(C)(C1=CC=C(OCC2CO2)C=C1)C1=CC=C(OCC2CO2)C=C1,196,O=C1N(CC(O)CP2(=O)OC3=C(C=CC=C3)C3=C2C=CC=C3)C(=O)N(CC(O)CP2(=O)OC3=C(C=CC=C3)C3=C2C=CC=C3)C(=O)N1CC(O)CP1(=O)OC2=C(C=CC=C2)C2=C1C=CC=C2,3,NC1=CC=C(CC2=CC=C(N)C=C2)C=C1,19.59,120,2,170,4,0,0,0,0,0,0,0,0,0,0,0,0,0,0,0,0,,0,,0,,0
CC(C)(C1=CC=C(OCC2CO2)C=C1)C1=CC=C(OCC2CO2)C=C1,196,O=C1N(CC(O)CP2(=O)OC3=C(C=CC=C3)C3=C2C=CC=C3)C(=O)N(CC(O)CP2(=O)OC3=C(C=CC=C3)C3=C2C=CC=C3)C(=O)N1CC(O)CP1(=O)OC2=C(C=CC=C2)C2=C1C=CC=C2,2,NC1=CC=C(CC2=CC=C(N)C=C2)C=C1,19.79,120,2,170,4,0,0,0,0,0,0,0,0,0,0,0,0,0,0,0,0,,0,,0,,0
CC(C)(C1=CC=C(OCC2CO2)C=C1)C1=CC=C(OCC2CO2)C=C1,196,O=C1N(CC(O)CP2(=O)OC3=C(C=CC=C3)C3=C2C=CC=C3)C(=O)N(CC(O)CP2(=O)OC3=C(C=CC=C3)C3=C2C=CC=C3)C(=O)N1CC(O)CP1(=O)OC2=C(C=CC=C2)C2=C1C=CC=C2,1,NC1=CC=C(CC2=CC=C(N)C=C2)C=C1,19.99,120,2,170,4,0,0,0,0,0,0,0,0,0,0,0,0,0,0,0,0,,0,,0,,0
CC(C)(C1=CC=C(OCC2CO2)C=C1)C1=CC=C(OCC2CO2)C=C1,196,O=C1N(CC(O)CP2(=O)OC3=C(C=CC=C3)C3=C2C=CC=C3)C(=O)N(CC(O)CP2(=O)OC3=C(C=CC=C3)C3=C2C=CC=C3)C(=O)N1CC(O)CP1(=O)OC2=C(C=CC=C2)C2=C1C=CC=C2,0,NC1=CC=C(CC2=CC=C(N)C=C2)C=C1,20.1915403,120,2,170,4,0,0,0,0,0,0,0,0,0,0,0,0,0,0,0,0,,0,,0,,0
CC(C)(C1=CC=C(OCC2CO2)C=C1)C1=CC=C(OCC2CO2)C=C1,196,O=C1N(CC(O)CP2(=O)OC3=C(C=CC=C3)C3=C2C=CC=C3)C(=O)N(CC(O)CP2(=O)OC3=C(C=CC=C3)C3=C2C=CC=C3)C(=O)N1CC(O)CP1(=O)OC2=C(C=CC=C2)C2=C1C=CC=C2,2,NC1=CC=C(CC2=CC=C(N)C=C2)C=C1,19.58507509,120,2,170,4,0,0,0,0,0,0,0,0,0,0,0,0,0,0,0,0,C=C[Si]1(O[Si](C=C)(O[Si](C=C)(O[Si](C=C)(O1)C)C)C)C,1,,0,,0
CC(C)(C1=CC=C(OCC2CO2)C=C1)C1=CC=C(OCC2CO2)C=C1,196,O=C1N(CC(O)CP2(=O)OC3=C(C=CC=C3)C3=C2C=CC=C3)C(=O)N(CC(O)CP2(=O)OC3=C(C=CC=C3)C3=C2C=CC=C3)C(=O)N1CC(O)CP1(=O)OC2=C(C=CC=C2)C2=C1C=CC=C2,1,NC1=CC=C(CC2=CC=C(N)C=C2)C=C1,19.58507509,120,2,170,4,0,0,0,0,0,0,0,0,0,0,0,0,0,0,0,0,C=C[Si]1(O[Si](C=C)(O[Si](C=C)(O[Si](C=C)(O1)C)C)C)C,2,,0,,0
CC(C)(C1=CC=C(OCC2CO2)C=C1)C1=CC=C(OCC2CO2)C=C1,196,O=C1N(CC(O)CP2(=O)OC3=C(C=CC=C3)C3=C2C=CC=C3)C(=O)N(CC(O)CP2(=O)OC3=C(C=CC=C3)C3=C2C=CC=C3)C(=O)N1CC(O)CP1(=O)OC2=C(C=CC=C2)C2=C1C=CC=C2,2,NC1=CC=C(CC2=CC=C(N)C=C2)C=C1,19.38400245,120,2,170,4,0,0,0,0,0,0,0,0,0,0,0,0,0,0,0,0,C=C[Si]1(O[Si](C=C)(O[Si](C=C)(O[Si](C=C)(O1)C)C)C)C,2,,0,,0
CC(C)(C1=CC=C(OCC2CO2)C=C1)C1=CC=C(OCC2CO2)C=C1,196,O=C1N(CC(O)CP2(=O)OC3=C(C=CC=C3)C3=C2C=CC=C3)C(=O)N(CC(O)CP2(=O)OC3=C(C=CC=C3)C3=C2C=CC=C3)C(=O)N1CC(O)CP1(=O)OC2=C(C=CC=C2)C2=C1C=CC=C2,1,NC1=CC=C(CC2=CC=C(N)C=C2)C=C1,19.38400245,120,2,170,4,0,0,0,0,0,0,0,0,0,0,0,0,0,0,0,0,C=C[Si]1(O[Si](C=C)(O[Si](C=C)(O[Si](C=C)(O1)C)C)C)C,3,,0,,0
CC(C)(C1=CC=C(OCC2CO2)C=C1)C1=CC=C(OCC2CO2)C=C1,196,C=C[Si]1(O[Si](C=C)(O[Si](C=C)(O[Si](C=C)(O1)C)C)C)C,4,NC1=CC=C(CC2=CC=C(N)C=C2)C=C1,19.38400245,120,2,170,4,0,0,0,0,0,0,0,0,0,0,0,0,0,0,0,0,,0,,0,,0
CC(C)(C1=CC=C(OCC2CO2)C=C1)C1=CC=C(OCC2CO2)C=C1,196,NC1=CC=C(C=C1)OP2(OC3=CC=CC=C3)=NP(OC4=CC=C(C=C4)N)(OC5=CC=C(C=C5)N)=NP(OC6=CC=C(C=C6)N)(OC7=CC=C(C=C7)N)=N2,15,NC1=CC=C(CC2=CC=C(N)C=C2)C=C1,5,120,3,180,2,0,0,0,0,0,0,0,0,0,0,0,0,0,0,0,0,,0,,0,,0
CC(C)(C1=CC=C(OCC2CO2)C=C1)C1=CC=C(OCC2CO2)C=C1,196,NC1=CC=C(C=C1)OP2(OC3=CC=CC=C3)=NP(OC4=CC=C(C=C4)N)(OC5=CC=C(C=C5)N)=NP(OC6=CC=C(C=C6)N)(OC7=CC=C(C=C7)N)=N2,0,NC1=CC=C(CC2=CC=C(N)C=C2)C=C1,5,120,3,180,2,0,0,0,0,0,0,0,0,0,0,0,0,0,0,0,0,,0,,0,,0
CC(C)(C1=CC=C(OCC2CO2)C=C1)C1=CC=C(OCC2CO2)C=C1,188,O=P1(NC2=NC=CS2)OC2=C(C=CC=C2)C2=C1C=CC=C2,2.5,NC1=CC=C(CC2=CC=C(N)C=C2)C=C1,19.5,100,2,150,3,0,0,0,0,0,0,0,0,0,0,0,0,0,0,0,0,,0,,0,,0
CC(C)(C1=CC=C(OCC2CO2)C=C1)C1=CC=C(OCC2CO2)C=C1,188,O=P1(NC2=NC=CS2)OC2=C(C=CC=C2)C2=C1C=CC=C2,5,NC1=CC=C(CC2=CC=C(N)C=C2)C=C1,19,100,2,150,3,0,0,0,0,0,0,0,0,0,0,0,0,0,0,0,0,,0,,0,,0
CC(C)(C1=CC=C(OCC2CO2)C=C1)C1=CC=C(OCC2CO2)C=C1,188,O=P1(NC2=NC=CS2)OC2=C(C=CC=C2)C2=C1C=CC=C2,7.5,NC1=CC=C(CC2=CC=C(N)C=C2)C=C1,18.5,100,2,150,3,0,0,0,0,0,0,0,0,0,0,0,0,0,0,0,0,,0,,0,,0
CC(C)(C1=CC=C(OCC2CO2)C=C1)C1=CC=C(OCC2CO2)C=C1,188,O=P1(NC2=NC=CS2)OC2=C(C=CC=C2)C2=C1C=CC=C2,10,NC1=CC=C(CC2=CC=C(N)C=C2)C=C1,18,100,2,150,3,0,0,0,0,0,0,0,0,0,0,0,0,0,0,0,0,,0,,0,,0
CC(C)(C1=CC=C(OCC2CO2)C=C1)C1=CC=C(OCC2CO2)C=C1,188,O=P1(NC2=NC=CS2)OC2=C(C=CC=C2)C2=C1C=CC=C2,12.5,NC1=CC=C(CC2=CC=C(N)C=C2)C=C1,17.49,100,2,150,3,0,0,0,0,0,0,0,0,0,0,0,0,0,0,0,0,,0,,0,,0
CC(C)(C1=CC=C(OCC2CO2)C=C1)C1=CC=C(OCC2CO2)C=C1,188,O=P1(NC2=NC=CS2)OC2=C(C=CC=C2)C2=C1C=CC=C2,0,NC1=CC=C(CC2=CC=C(N)C=C2)C=C1,20,100,2,150,3,0,0,0,0,0,0,0,0,0,0,0,0,0,0,0,0,,0,,0,,0
CC(C)(C1=CC=C(OCC2CO2)C=C1)C1=CC=C(OCC2CO2)C=C1,196,CCOP(=O)(OCC)C(O)C1=CC=C(OP2(OC3=CC=C(C(O)P(=O)(OCC)OCC)C=C3)=NP(OC3=CC=C(C(O)P(=O)(OCC)OCC)C=C3)(OC3=CC=C(C(O)P(=O)(OCC)OCC)C=C3)=NP(OC3=CC=C(C(O)P(=O)(OCC)OCC)C=C3)(OC3=CC=C(C(O)P(=O)(OCC)OCC)C=C3)=N2)C=C1,5,NC1=CC=C(CC2=CC=C(N)C=C2)C=C1,19.18,80,2,130,8,0,0,0,0,0,0,0,0,0,0,0,0,0,0,0,0,,0,,0,,0
CC(C)(C1=CC=C(OCC2CO2)C=C1)C1=CC=C(OCC2CO2)C=C1,196,CCOP(=O)(OCC)C(O)C1=CC=C(OP2(OC3=CC=C(C(O)P(=O)(OCC)OCC)C=C3)=NP(OC3=CC=C(C(O)P(=O)(OCC)OCC)C=C3)(OC3=CC=C(C(O)P(=O)(OCC)OCC)C=C3)=NP(OC3=CC=C(C(O)P(=O)(OCC)OCC)C=C3)(OC3=CC=C(C(O)P(=O)(OCC)OCC)C=C3)=N2)C=C1,10,NC1=CC=C(CC2=CC=C(N)C=C2)C=C1,18.18,80,2,130,8,0,0,0,0,0,0,0,0,0,0,0,0,0,0,0,0,,0,,0,,0
CC(C)(C1=CC=C(OCC2CO2)C=C1)C1=CC=C(OCC2CO2)C=C1,196,CCOP(=O)(OCC)C(O)C1=CC=C(OP2(OC3=CC=C(C(O)P(=O)(OCC)OCC)C=C3)=NP(OC3=CC=C(C(O)P(=O)(OCC)OCC)C=C3)(OC3=CC=C(C(O)P(=O)(OCC)OCC)C=C3)=NP(OC3=CC=C(C(O)P(=O)(OCC)OCC)C=C3)(OC3=CC=C(C(O)P(=O)(OCC)OCC)C=C3)=N2)C=C1,15,NC1=CC=C(CC2=CC=C(N)C=C2)C=C1,17.16,80,2,130,8,0,0,0,0,0,0,0,0,0,0,0,0,0,0,0,0,,0,,0,,0
CC(C)(C1=CC=C(OCC2CO2)C=C1)C1=CC=C(OCC2CO2)C=C1,196,CCOP(=O)(OCC)C(O)C1=CC=C(OP2(OC3=CC=C(C(O)P(=O)(OCC)OCC)C=C3)=NP(OC3=CC=C(C(O)P(=O)(OCC)OCC)C=C3)(OC3=CC=C(C(O)P(=O)(OCC)OCC)C=C3)=NP(OC3=CC=C(C(O)P(=O)(OCC)OCC)C=C3)(OC3=CC=C(C(O)P(=O)(OCC)OCC)C=C3)=N2)C=C1,20,NC1=CC=C(CC2=CC=C(N)C=C2)C=C1,16.15,80,2,130,8,0,0,0,0,0,0,0,0,0,0,0,0,0,0,0,0,,0,,0,,0
CC(C)(C1=CC=C(OCC2CO2)C=C1)C1=CC=C(OCC2CO2)C=C1,196,CCOP(=O)(OCC)C(O)C1=CC=C(OP2(OC3=CC=C(C(O)P(=O)(OCC)OCC)C=C3)=NP(OC3=CC=C(C(O)P(=O)(OCC)OCC)C=C3)(OC3=CC=C(C(O)P(=O)(OCC)OCC)C=C3)=NP(OC3=CC=C(C(O)P(=O)(OCC)OCC)C=C3)(OC3=CC=C(C(O)P(=O)(OCC)OCC)C=C3)=N2)C=C1,0,NC1=CC=C(CC2=CC=C(N)C=C2)C=C1,20.1915403,80,2,130,8,0,0,0,0,0,0,0,0,0,0,0,0,0,0,0,0,,0,,0,,0
CC(C)(C1=CC=C(OCC2CO2)C=C1)C1=CC=C(OCC2CO2)C=C1,196,NC1=CC=C(CC2=CC=C(NP(=O)(NC3=CC=C(CC4=CC=C(N)C=C4)C=C3)NC3=CC=C(CC4=CC=C(N)C=C4)C=C3)C=C2)C=C1,27.5,NC1=CC=C(CC2=CC=C(NP(=O)(NC3=CC=C(CC4=CC=C(N)C=C4)C=C3)NC3=CC=C(CC4=CC=C(N)C=C4)C=C3)C=C2)C=C1,27.5,94,2,120,4,0,0,0,0,0,0,0,0,0,0,0,0,0,0,0,0,,0,,0,,0
CC(C)(C1=CC=C(OCC2CO2)C=C1)C1=CC=C(OCC2CO2)C=C1,185,NC1=CC=C(CC2=CC=C(NP(=O)(NC3=CC=C(CC4=CC=C(N)C=C4)C=C3)NC3=CC=C(CC4=CC=C(N)C=C4)C=C3)C=C2)C=C1,0,NC1=CC=C(CC2=CC=C(N)C=C2)C=C1,21.875,120,2,150,4,0,0,0,0,0,0,0,0,0,0,0,0,0,0,0,0,,0,,0,,0
CC(C)(C1=CC=C(OCC2CO2)C=C1)C1=CC=C(OCC2CO2)C=C1,196,C1=CC2=C(C=C1)NC(C1=CC=C(OC3=NC(OC4=CC=C(C5NC6=C(C=CC=C6)N5)C=C4)=NC(OC4=CC=C(C5NC6=C(C=CC=C6)N5)C=C4)=N3)C=C1)N2,8,NC1=CC=C(CC2=CC=C(N)C=C2)C=C1,15.86479903,100,2,120,2,150,2,180,2,0,0,0,0,0,0,0,0,0,0,0,0,,0,,0,,0
CC(C)(C1=CC=C(OCC2CO2)C=C1)C1=CC=C(OCC2CO2)C=C1,196,O=P1(C(O)C2=CC=C(OC3=NC(OC4=CC=C(C5NC6=C(C=CC=C6)N5)C=C4)=NC(OC4=CC=C(C(O)P5(=O)OC6=C(C=CC=C6)C6=C5C=CC=C6)C=C4)=N3)C=C2)OC2=C(C=CC=C2)C2=C1C=CC=C2,1.96,NC1=CC=C(CC2=CC=C(N)C=C2)C=C1,19.62045169,100,2,120,2,150,2,180,2,0,0,0,0,0,0,0,0,0,0,0,0,,0,,0,,0
CC(C)(C1=CC=C(OCC2CO2)C=C1)C1=CC=C(OCC2CO2)C=C1,196,O=P1(C(O)C2=CC=C(OC3=NC(OC4=CC=C(C5NC6=C(C=CC=C6)N5)C=C4)=NC(OC4=CC=C(C(O)P5(=O)OC6=C(C=CC=C6)C6=C5C=CC=C6)C=C4)=N3)C=C2)OC2=C(C=CC=C2)C2=C1C=CC=C2,3.85,NC1=CC=C(CC2=CC=C(N)C=C2)C=C1,19.08761655,100,2,120,2,150,2,180,2,0,0,0,0,0,0,0,0,0,0,0,0,,0,,0,,0
CC(C)(C1=CC=C(OCC2CO2)C=C1)C1=CC=C(OCC2CO2)C=C1,196,O=P1(C(O)C2=CC=C(OC3=NC(OC4=CC=C(C5NC6=C(C=CC=C6)N5)C=C4)=NC(OC4=CC=C(C(O)P5(=O)OC6=C(C=CC=C6)C6=C5C=CC=C6)C=C4)=N3)C=C2)OC2=C(C=CC=C2)C2=C1C=CC=C2,5.68,NC1=CC=C(CC2=CC=C(N)C=C2)C=C1,18.56677524,100,2,120,2,150,2,180,2,0,0,0,0,0,0,0,0,0,0,0,0,,0,,0,,0
CC(C)(C1=CC=C(OCC2CO2)C=C1)C1=CC=C(OCC2CO2)C=C1,196,O=P1(C(O)C2=CC=C(OC3=NC(OC4=CC=C(C5NC6=C(C=CC=C6)N5)C=C4)=NC(OC4=CC=C(C(O)P5(=O)OC6=C(C=CC=C6)C6=C5C=CC=C6)C=C4)=N3)C=C2)OC2=C(C=CC=C2)C2=C1C=CC=C2,7.45,NC1=CC=C(CC2=CC=C(N)C=C2)C=C1,18.06331471,100,2,120,2,150,2,180,2,0,0,0,0,0,0,0,0,0,0,0,0,,0,,0,,0
CC(C)(C1=CC=C(OCC2CO2)C=C1)C1=CC=C(OCC2CO2)C=C1,196,O=P1(C(O)C2=CC=C(OC3=NC(OC4=CC=C(C5NC6=C(C=CC=C6)N5)C=C4)=NC(OC4=CC=C(C(O)P5(=O)OC6=C(C=CC=C6)C6=C5C=CC=C6)C=C4)=N3)C=C2)OC2=C(C=CC=C2)C2=C1C=CC=C2,10.81,NC1=CC=C(CC2=CC=C(N)C=C2)C=C1,17.10516831,100,2,120,2,150,2,180,2,0,0,0,0,0,0,0,0,0,0,0,0,,0,,0,,0
CC(C)(C1=CC=C(OCC2CO2)C=C1)C1=CC=C(OCC2CO2)C=C1,196,O=P1(C(O)C2=CC=C(OC3=NC(OC4=CC=C(C5NC6=C(C=CC=C6)N5)C=C4)=NC(OC4=CC=C(C(O)P5(=O)OC6=C(C=CC=C6)C6=C5C=CC=C6)C=C4)=N3)C=C2)OC2=C(C=CC=C2)C2=C1C=CC=C2,0,NC1=CC=C(CC2=CC=C(N)C=C2)C=C1,20.17879949,100,2,120,2,150,2,180,2,0,0,0,0,0,0,0,0,0,0,0,0,,0,,0,,0
CC(C)(C1=CC=C(OCC2CO2)C=C1)C1=CC=C(OCC2CO2)C=C1,196,[H]P1(=O)OC2=C(C=CC=C2)C2=C1C=CC=C2,4.885918414,NC1=CC=C(CC2=CC=C(N)C=C2)C=C1,18.29774159,100,2,120,2,150,2,180,2,0,0,0,0,0,0,0,0,0,0,0,0,,0,,0,,0
CC(C)(C1=CC=C(OCC2CO2)C=C1)C1=CC=C(OCC2CO2)C=C1,196,O=P1(CCCC2=CC(C3=CC(CCCP4(=O)OC5=C(C=CC=C5)C5=C4C=CC=C5)=C(OCC(O)CP4(=O)OC5=C(C=CC=C5)C5=C4C=CC=C5)C=C3)=CC=C2OCC(O)CP2(=O)OC3=C(C=CC=C3)C3=C2C=CC=C3)OC2=C(C=CC=C2)C2=C1C=CC=C2,2,NC1=CC=C(CC2=CC=C(N)C=C2)C=C1,19.79,120,2,170,4,0,0,0,0,0,0,0,0,0,0,0,0,0,0,0,0,,0,,0,,0
CC(C)(C1=CC=C(OCC2CO2)C=C1)C1=CC=C(OCC2CO2)C=C1,196,O=P1(CCCC2=CC(C3=CC(CCCP4(=O)OC5=C(C=CC=C5)C5=C4C=CC=C5)=C(OCC(O)CP4(=O)OC5=C(C=CC=C5)C5=C4C=CC=C5)C=C3)=CC=C2OCC(O)CP2(=O)OC3=C(C=CC=C3)C3=C2C=CC=C3)OC2=C(C=CC=C2)C2=C1C=CC=C2,3,NC1=CC=C(CC2=CC=C(N)C=C2)C=C1,19.59,120,2,170,4,0,0,0,0,0,0,0,0,0,0,0,0,0,0,0,0,,0,,0,,0
CC(C)(C1=CC=C(OCC2CO2)C=C1)C1=CC=C(OCC2CO2)C=C1,196,O=P1(CCCC2=CC(C3=CC(CCCP4(=O)OC5=C(C=CC=C5)C5=C4C=CC=C5)=C(OCC(O)CP4(=O)OC5=C(C=CC=C5)C5=C4C=CC=C5)C=C3)=CC=C2OCC(O)CP2(=O)OC3=C(C=CC=C3)C3=C2C=CC=C3)OC2=C(C=CC=C2)C2=C1C=CC=C2,4,NC1=CC=C(CC2=CC=C(N)C=C2)C=C1,19.38,120,2,170,4,0,0,0,0,0,0,0,0,0,0,0,0,0,0,0,0,,0,,0,,0
CC(C)(C1=CC=C(OCC2CO2)C=C1)C1=CC=C(OCC2CO2)C=C1,196,O=P1(CCCC2=CC(C3=CC(CCCP4(=O)OC5=C(C=CC=C5)C5=C4C=CC=C5)=C(OCC(O)CP4(=O)OC5=C(C=CC=C5)C5=C4C=CC=C5)C=C3)=CC=C2OCC(O)CP2(=O)OC3=C(C=CC=C3)C3=C2C=CC=C3)OC2=C(C=CC=C2)C2=C1C=CC=C2,5,NC1=CC=C(CC2=CC=C(N)C=C2)C=C1,19.18,120,2,170,4,0,0,0,0,0,0,0,0,0,0,0,0,0,0,0,0,,0,,0,,0
CC(C)(C1=CC=C(OCC2CO2)C=C1)C1=CC=C(OCC2CO2)C=C1,196,O=P1(CCCC2=CC(C3=CC(CCCP4(=O)OC5=C(C=CC=C5)C5=C4C=CC=C5)=C(OCC(O)CP4(=O)OC5=C(C=CC=C5)C5=C4C=CC=C5)C=C3)=CC=C2OCC(O)CP2(=O)OC3=C(C=CC=C3)C3=C2C=CC=C3)OC2=C(C=CC=C2)C2=C1C=CC=C2,6,NC1=CC=C(S(=O)(=O)C2=CC=C(N)C=C2)C=C1,22.63,160,1,180,2,200,1,0,0,0,0,0,0,0,0,0,0,0,0,0,0,,0,,0,,0
CC(C)(C1=CC=C(OCC2CO2)C=C1)C1=CC=C(OCC2CO2)C=C1,196,O=P1(CCCC2=CC(C3=CC(CCCP4(=O)OC5=C(C=CC=C5)C5=C4C=CC=C5)=C(OCC(O)CP4(=O)OC5=C(C=CC=C5)C5=C4C=CC=C5)C=C3)=CC=C2OCC(O)CP2(=O)OC3=C(C=CC=C3)C3=C2C=CC=C3)OC2=C(C=CC=C2)C2=C1C=CC=C2,8,NC1=CC=C(S(=O)(=O)C2=CC=C(N)C=C2)C=C1,22.14,160,1,180,2,200,1,0,0,0,0,0,0,0,0,0,0,0,0,0,0,,0,,0,,0
CC(C)(C1=CC=C(OCC2CO2)C=C1)C1=CC=C(OCC2CO2)C=C1,196,O=P1(CCCC2=CC(C3=CC(CCCP4(=O)OC5=C(C=CC=C5)C5=C4C=CC=C5)=C(OCC(O)CP4(=O)OC5=C(C=CC=C5)C5=C4C=CC=C5)C=C3)=CC=C2OCC(O)CP2(=O)OC3=C(C=CC=C3)C3=C2C=CC=C3)OC2=C(C=CC=C2)C2=C1C=CC=C2,10,NC1=CC=C(S(=O)(=O)C2=CC=C(N)C=C2)C=C1,21.66,160,1,180,2,200,1,0,0,0,0,0,0,0,0,0,0,0,0,0,0,,0,,0,,0
CC(C)(C1=CC=C(OCC2CO2)C=C1)C1=CC=C(OCC2CO2)C=C1,196,O=P1(CCCC2=CC(C3=CC(CCCP4(=O)OC5=C(C=CC=C5)C5=C4C=CC=C5)=C(OCC(O)CP4(=O)OC5=C(C=CC=C5)C5=C4C=CC=C5)C=C3)=CC=C2OCC(O)CP2(=O)OC3=C(C=CC=C3)C3=C2C=CC=C3)OC2=C(C=CC=C2)C2=C1C=CC=C2,12,NC1=CC=C(S(=O)(=O)C2=CC=C(N)C=C2)C=C1,21.18,160,1,180,2,200,1,0,0,0,0,0,0,0,0,0,0,0,0,0,0,,0,,0,,0
CC(C)(C1=CC=C(OCC2CO2)C=C1)C1=CC=C(OCC2CO2)C=C1,196,O=P1(CCCC2=CC(C3=CC(CCCP4(=O)OC5=C(C=CC=C5)C5=C4C=CC=C5)=C(OCC(O)CP4(=O)OC5=C(C=CC=C5)C5=C4C=CC=C5)C=C3)=CC=C2OCC(O)CP2(=O)OC3=C(C=CC=C3)C3=C2C=CC=C3)OC2=C(C=CC=C2)C2=C1C=CC=C2,14,NC1=CC=C(S(=O)(=O)C2=CC=C(N)C=C2)C=C1,20.7,160,1,180,2,200,1,0,0,0,0,0,0,0,0,0,0,0,0,0,0,,0,,0,,0
CC(C)(C1=CC=C(OCC2CO2)C=C1)C1=CC=C(OCC2CO2)C=C1,196,O=P1(CCCC2=CC(C3=CC(CCCP4(=O)OC5=C(C=CC=C5)C5=C4C=CC=C5)=C(OCC(O)CP4(=O)OC5=C(C=CC=C5)C5=C4C=CC=C5)C=C3)=CC=C2OCC(O)CP2(=O)OC3=C(C=CC=C3)C3=C2C=CC=C3)OC2=C(C=CC=C2)C2=C1C=CC=C2,0,NC1=CC=C(CC2=CC=C(N)C=C2)C=C1,20.1915403,120,2,170,4,0,0,0,0,0,0,0,0,0,0,0,0,0,0,0,0,,0,,0,,0
CC(C)(C1=CC=C(OCC2CO2)C=C1)C1=CC=C(OCC2CO2)C=C1,196,O=P1(CCCC2=CC(C3=CC(CCCP4(=O)OC5=C(C=CC=C5)C5=C4C=CC=C5)=C(OCC(O)CP4(=O)OC5=C(C=CC=C5)C5=C4C=CC=C5)C=C3)=CC=C2OCC(O)CP2(=O)OC3=C(C=CC=C3)C3=C2C=CC=C3)OC2=C(C=CC=C2)C2=C1C=CC=C2,0,NC1=CC=C(S(=O)(=O)C2=CC=C(N)C=C2)C=C1,24.06985573,160,1,180,2,200,1,0,0,0,0,0,0,0,0,0,0,0,0,0,0,,0,,0,,0
CC(C)(C1=CC=C(OCC2CO2)C=C1)C1=CC=C(OCC2CO2)C=C1,185,O=S(=O)(C1=CC=C(OP2(NC3=CC=CC=C3)=NP(NC3=CC=CC=C3)(NC3=CC=CC=C3)=NP(NC3=CC=CC=C3)(NC3=CC=CC=C3)=N2)C=C1)C1=CC=C(OP2(NC3=CC=CC=C3)=NP(NC3=CC=CC=C3)(NC3=CC=CC=C3)=NP(NC3=CC=CC=C3)(NC3=CC=CC=C3)=N2)C=C1,3,NC1=CC=C(CC2=CC=C(N)C=C2)C=C1,17.26,90,2,130,2,170,0.5,0,0,0,0,0,0,0,0,0,0,0,0,0,0,,0,,0,,0
CC(C)(C1=CC=C(OCC2CO2)C=C1)C1=CC=C(OCC2CO2)C=C1,185,O=S(=O)(C1=CC=C(OP2(NC3=CC=CC=C3)=NP(NC3=CC=CC=C3)(NC3=CC=CC=C3)=NP(NC3=CC=CC=C3)(NC3=CC=CC=C3)=N2)C=C1)C1=CC=C(OP2(NC3=CC=CC=C3)=NP(NC3=CC=CC=C3)(NC3=CC=CC=C3)=NP(NC3=CC=CC=C3)(NC3=CC=CC=C3)=N2)C=C1,6,NC1=CC=C(CC2=CC=C(N)C=C2)C=C1,16.8,90,2,130,2,170,0.5,0,0,0,0,0,0,0,0,0,0,0,0,0,0,,0,,0,,0
CC(C)(C1=CC=C(OCC2CO2)C=C1)C1=CC=C(OCC2CO2)C=C1,185,O=S(=O)(C1=CC=C(OP2(NC3=CC=CC=C3)=NP(NC3=CC=CC=C3)(NC3=CC=CC=C3)=NP(NC3=CC=CC=C3)(NC3=CC=CC=C3)=N2)C=C1)C1=CC=C(OP2(NC3=CC=CC=C3)=NP(NC3=CC=CC=C3)(NC3=CC=CC=C3)=NP(NC3=CC=CC=C3)(NC3=CC=CC=C3)=N2)C=C1,9,NC1=CC=C(CC2=CC=C(N)C=C2)C=C1,16.35,90,2,130,2,170,0.5,0,0,0,0,0,0,0,0,0,0,0,0,0,0,,0,,0,,0
CC(C)(C1=CC=C(OCC2CO2)C=C1)C1=CC=C(OCC2CO2)C=C1,185,O=S(=O)(C1=CC=C(OP2(NC3=CC=CC=C3)=NP(NC3=CC=CC=C3)(NC3=CC=CC=C3)=NP(NC3=CC=CC=C3)(NC3=CC=CC=C3)=N2)C=C1)C1=CC=C(OP2(NC3=CC=CC=C3)=NP(NC3=CC=CC=C3)(NC3=CC=CC=C3)=NP(NC3=CC=CC=C3)(NC3=CC=CC=C3)=N2)C=C1,12,NC1=CC=C(CC2=CC=C(N)C=C2)C=C1,15.89,90,2,130,2,170,0.5,0,0,0,0,0,0,0,0,0,0,0,0,0,0,,0,,0,,0
CC(C)(C1=CC=C(OCC2CO2)C=C1)C1=CC=C(OCC2CO2)C=C1,185,O=S(=O)(C1=CC=C(OP2(NC3=CC=CC=C3)=NP(NC3=CC=CC=C3)(NC3=CC=CC=C3)=NP(NC3=CC=CC=C3)(NC3=CC=CC=C3)=N2)C=C1)C1=CC=C(OP2(NC3=CC=CC=C3)=NP(NC3=CC=CC=C3)(NC3=CC=CC=C3)=NP(NC3=CC=CC=C3)(NC3=CC=CC=C3)=N2)C=C1,0,NC1=CC=C(CC2=CC=C(N)C=C2)C=C1,21.18226601,90,2,130,2,170,0.5,0,0,0,0,0,0,0,0,0,0,0,0,0,0,,0,,0,,0
CC(C)(C1=CC=C(OCC2CO2)C=C1)C1=CC=C(OCC2CO2)C=C1,185,CC(C)(C1=CC=C(OP2(OC3=CC=CC=C3)=NP(OC3=CC=CC=C3)(OC3=CC=CC=C3)=NP(OC3=CC=C=C=C3)(OC3=CC=CC=C3)=N2)C=C1)C1=CC=C(OP2(OC3=CC=CC=C3)=NP(OC3=CC=CC=C3)(OC3=CC=CC=C3)=NP(OC3=CC=CC=C3)(OC3=CC=CC=C3)=N2)C=C1,3,NC1=CC=C(CC2=CC=C(N)C=C2)C=C1,20.55,100,2,150,2,170,0.5,0,0,0,0,0,0,0,0,0,0,0,0,0,0,,0,,0,,0
CC(C)(C1=CC=C(OCC2CO2)C=C1)C1=CC=C(OCC2CO2)C=C1,185,CC(C)(C1=CC=C(OP2(OC3=CC=CC=C3)=NP(OC3=CC=CC=C3)(OC3=CC=CC=C3)=NP(OC3=CC=C=C=C3)(OC3=CC=CC=C3)=N2)C=C1)C1=CC=C(OP2(OC3=CC=CC=C3)=NP(OC3=CC=CC=C3)(OC3=CC=CC=C3)=NP(OC3=CC=CC=C3)(OC3=CC=CC=C3)=N2)C=C1,6,NC1=CC=C(CC2=CC=C(N)C=C2)C=C1,19.91,100,2,150,2,170,0.5,0,0,0,0,0,0,0,0,0,0,0,0,0,0,,0,,0,,0
CC(C)(C1=CC=C(OCC2CO2)C=C1)C1=CC=C(OCC2CO2)C=C1,185,CC(C)(C1=CC=C(OP2(OC3=CC=CC=C3)=NP(OC3=CC=CC=C3)(OC3=CC=CC=C3)=NP(OC3=CC=C=C=C3)(OC3=CC=CC=C3)=N2)C=C1)C1=CC=C(OP2(OC3=CC=CC=C3)=NP(OC3=CC=CC=C3)(OC3=CC=CC=C3)=NP(OC3=CC=CC=C3)(OC3=CC=CC=C3)=N2)C=C1,9,NC1=CC=C(CC2=CC=C(N)C=C2)C=C1,19.28,100,2,150,2,170,0.5,0,0,0,0,0,0,0,0,0,0,0,0,0,0,,0,,0,,0
CC(C)(C1=CC=C(OCC2CO2)C=C1)C1=CC=C(OCC2CO2)C=C1,185,CC(C)(C1=CC=C(OP2(OC3=CC=CC=C3)=NP(OC3=CC=CC=C3)(OC3=CC=CC=C3)=NP(OC3=CC=C=C=C3)(OC3=CC=CC=C3)=N2)C=C1)C1=CC=C(OP2(OC3=CC=CC=C3)=NP(OC3=CC=CC=C3)(OC3=CC=CC=C3)=NP(OC3=CC=CC=C3)(OC3=CC=CC=C3)=N2)C=C1,0,NC1=CC=C(CC2=CC=C(N)C=C2)C=C1,21.18226601,100,2,150,2,170,0.5,0,0,0,0,0,0,0,0,0,0,0,0,0,0,,0,,0,,0
CC(C)(C1=CC=C(OCC2CO2)C=C1)C1=CC=C(OCC2CO2)C=C1,192,OC1=C(C=C(C=C1)OP(O)(OC2=CC=CC=C2)=O)P3(OC4=C(C5=C3C=CC=C5)C=CC=C4)=O,3,NC1=CC=CC(N)=C1,10,80,2,120,3,0,0,0,0,0,0,0,0,0,0,0,0,0,0,0,0,,0,,0,,0
CC(C)(C1=CC=C(OCC2CO2)C=C1)C1=CC=C(OCC2CO2)C=C1,192,OC1=C(C=C(C=C1)OP(O)(OC2=CC=CC=C2)=O)P3(OC4=C(C5=C3C=CC=C5)C=CC=C4)=O,5,NC1=CC=CC(N)=C1,10,80,2,120,3,0,0,0,0,0,0,0,0,0,0,0,0,0,0,0,0,,0,,0,,0
CC(C)(C1=CC=C(OCC2CO2)C=C1)C1=CC=C(OCC2CO2)C=C1,192,OC1=C(C=C(C=C1)OP(O)(OC2=CC=CC=C2)=O)P3(OC4=C(C5=C3C=CC=C5)C=CC=C4)=O,10,NC1=CC=CC(N)=C1,10,80,2,120,3,0,0,0,0,0,0,0,0,0,0,0,0,0,0,0,0,,0,,0,,0
CC(C)(C1=CC=C(OCC2CO2)C=C1)C1=CC=C(OCC2CO2)C=C1,192,OC1=C(C=C(C=C1)OP(O)(OC2=CC=CC=C2)=O)P3(OC4=C(C5=C3C=CC=C5)C=CC=C4)=O,0,NC1=CC=CC(N)=C1,10,80,2,120,3,0,0,0,0,0,0,0,0,0,0,0,0,0,0,0,0,,0,,0,,0
CC(C)(C1=CC=C(OCC2CO2)C=C1)C1=CC=C(OCC2CO2)C=C1,227,OB(O)C1=CC=C(C2=NC(C3=CC=C(B(O)O)S3)=NC(C3=CC=C(B(O)O)S3)=N2)S1,1,NCCN,6.481481481,25,12,60,2,0,0,0,0,0,0,0,0,0,0,0,0,0,0,0,0,,0,,0,,0
CC(C)(C1=CC=C(OCC2CO2)C=C1)C1=CC=C(OCC2CO2)C=C1,227,OB(O)C1=CC=C(C2=NC(C3=CC=C(B(O)O)S3)=NC(C3=CC=C(B(O)O)S3)=N2)S1,5,NCCN,6.25,25,12,60,2,0,0,0,0,0,0,0,0,0,0,0,0,0,0,0,0,,0,,0,,0
CC(C)(C1=CC=C(OCC2CO2)C=C1)C1=CC=C(OCC2CO2)C=C1,227,OB(O)C1=CC=C(C2=NC(C3=CC=C(B(O)O)S3)=NC(C3=CC=C(B(O)O)S3)=N2)S1,10,NCCN,5.982905983,25,12,60,2,0,0,0,0,0,0,0,0,0,0,0,0,0,0,0,0,,0,,0,,0
CC(C)(C1=CC=C(OCC2CO2)C=C1)C1=CC=C(OCC2CO2)C=C1,227,OB(O)C1=CC=C(C2=NC(C3=CC=C(B(O)O)S3)=NC(C3=CC=C(B(O)O)S3)=N2)S1,15,NCCN,5.737704918,25,12,60,2,0,0,0,0,0,0,0,0,0,0,0,0,0,0,0,0,,0,,0,,0
CC(C)(C1=CC=C(OCC2CO2)C=C1)C1=CC=C(OCC2CO2)C=C1,227,OB(O)C1=CC=C(C2=NC(C3=CC=C(B(O)O)S3)=NC(C3=CC=C(B(O)O)S3)=N2)S1,20,NCCN,5.511811024,25,12,60,2,0,0,0,0,0,0,0,0,0,0,0,0,0,0,0,0,,0,,0,,0
CC(C)(C1=CC=C(OCC2CO2)C=C1)C1=CC=C(OCC2CO2)C=C1,227,OB(O)C1=CC=C(C2=NC(C3=CC=C(B(O)O)S3)=NC(C3=CC=C(B(O)O)S3)=N2)S1,0,NCCN,7,25,12,60,2,0,0,0,0,0,0,0,0,0,0,0,0,0,0,0,0,,0,,0,,0
CC(C)(C1=CC=C(OCC2CO2)C=C1)C1=CC=C(OCC2CO2)C=C1,196,O=P(NC1=NC2=C(S1)C=CC=C2)(C3=CC=CC=C3)NC4=NC5=C(S4)C=CC=C5,5,NC1=CC=C(CC2=CC=C(N)C=C2)C=C1,17.13,120,2,150,2,180,1,0,0,0,0,0,0,0,0,0,0,0,0,0,0,,0,,0,,0
CC(C)(C1=CC=C(OCC2CO2)C=C1)C1=CC=C(OCC2CO2)C=C1,196,O=P(NC1=NC2=C(S1)C=CC=C2)(C3=CC=CC=C3)NC4=NC5=C(S4)C=CC=C5,7.5,NC1=CC=C(CC2=CC=C(N)C=C2)C=C1,16.68,120,2,150,2,180,1,0,0,0,0,0,0,0,0,0,0,0,0,0,0,,0,,0,,0
CC(C)(C1=CC=C(OCC2CO2)C=C1)C1=CC=C(OCC2CO2)C=C1,196,O=P(NC1=NC2=C(S1)C=CC=C2)(C3=CC=CC=C3)NC4=NC5=C(S4)C=CC=C5,10,NC1=CC=C(CC2=CC=C(N)C=C2)C=C1,16.22,120,2,150,2,180,1,0,0,0,0,0,0,0,0,0,0,0,0,0,0,,0,,0,,0
CC(C)(C1=CC=C(OCC2CO2)C=C1)C1=CC=C(OCC2CO2)C=C1,196,O=P(NC1=NC2=C(S1)C=CC=C2)(C3=CC=CC=C3)NC4=NC5=C(S4)C=CC=C5,12.5,NC1=CC=C(CC2=CC=C(N)C=C2)C=C1,15.78,120,2,150,2,180,1,0,0,0,0,0,0,0,0,0,0,0,0,0,0,,0,,0,,0
CC(C)(C1=CC=C(OCC2CO2)C=C1)C1=CC=C(OCC2CO2)C=C1,196,O=P(NC1=NC2=C(S1)C=CC=C2)(C3=CC=CC=C3)NC4=NC5=C(S4)C=CC=C5,0,NC1=CC=C(CC2=CC=C(N)C=C2)C=C1,18.03278689,120,2,150,2,180,1,0,0,0,0,0,0,0,0,0,0,0,0,0,0,,0,,0,,0
CC(C)(C1=CC=C(OCC2CO2)C=C1)C1=CC=C(OCC2CO2)C=C1,188,CC1(C)CC(NC(C2=CC=C(C(NC3CC(C)(C)NC(C)(C)C3)P3(=O)OC4=C(C=CC=C4)C4=CC=CC=C43)C=C2)P2(=O)OC3=C(C=CC=C3)C3=CC=CC=C32)CC(C)(C)N1,3.4,NC1=CC=C(CC2=CC=C(N)C=C2)C=C1,19.9,120,2,140,2,160,2,180,2,0,0,0,0,0,0,0,0,0,0,0,0,,0,,0,,0
CC(C)(C1=CC=C(OCC2CO2)C=C1)C1=CC=C(OCC2CO2)C=C1,188,CC1(C)CC(NC(C2=CC=C(C(NC3CC(C)(C)NC(C)(C)C3)P3(=O)OC4=C(C=CC=C4)C4=CC=CC=C43)C=C2)P2(=O)OC3=C(C=CC=C3)C3=CC=CC=C32)CC(C)(C)N1,6.8,NC1=CC=C(CC2=CC=C(N)C=C2)C=C1,18.7,120,2,140,2,160,2,180,2,0,0,0,0,0,0,0,0,0,0,0,0,,0,,0,,0
CC(C)(C1=CC=C(OCC2CO2)C=C1)C1=CC=C(OCC2CO2)C=C1,188,CC1(C)CC(NC(C2=CC=C(C(NC3CC(C)(C)NC(C)(C)C3)P3(=O)OC4=C(C=CC=C4)C4=CC=CC=C43)C=C2)P2(=O)OC3=C(C=CC=C3)C3=CC=CC=C32)CC(C)(C)N1,10.2,NC1=CC=C(CC2=CC=C(N)C=C2)C=C1,17.7,120,2,140,2,160,2,180,2,0,0,0,0,0,0,0,0,0,0,0,0,,0,,0,,0
CC(C)(C1=CC=C(OCC2CO2)C=C1)C1=CC=C(OCC2CO2)C=C1,188,CC1(C)CC(NC(C2=CC=C(C(NC3CC(C)(C)NC(C)(C)C3)P3(=O)OC4=C(C=CC=C4)C4=CC=CC=C43)C=C2)P2(=O)OC3=C(C=CC=C3)C3=CC=CC=C32)CC(C)(C)N1,13.6,NC1=CC=C(CC2=CC=C(N)C=C2)C=C1,16.7,120,2,140,2,160,2,180,2,0,0,0,0,0,0,0,0,0,0,0,0,,0,,0,,0
CC(C)(C1=CC=C(OCC2CO2)C=C1)C1=CC=C(OCC2CO2)C=C1,188,[H]P1(=O)OC2=C(C=CC=C2)C2=C1C=CC=C2,7.1,NC1=CC=C(CC2=CC=C(N)C=C2)C=C1,18,120,2,140,2,160,2,180,2,0,0,0,0,0,0,0,0,0,0,0,0,,0,,0,,0
CC(C)(C1=CC=C(OCC2CO2)C=C1)C1=CC=C(OCC2CO2)C=C1,188,[H]P1(=O)OC2=C(C=CC=C2)C2=C1C=CC=C2,0,NC1=CC=C(CC2=CC=C(N)C=C2)C=C1,20.8,120,2,140,2,160,2,180,2,0,0,0,0,0,0,0,0,0,0,0,0,,0,,0,,0
CC(C)(C1=CC=C(OCC2CO2)C=C1)C1=CC=C(OCC2CO2)C=C1,227,O=P12OCC(CO)(CO1)O2,9.1,NC1=CC=C(CC2=CC=C(N)C=C2)C=C1,18,100,2,150,2,0,0,0,0,0,0,0,0,0,0,0,0,0,0,0,0,,0,,0,,0
CC(C)(C1=CC=C(OCC2CO2)C=C1)C1=CC=C(OCC2CO2)C=C1,227,O=P12OCC(COP3(=O)OC4=C(C=CC=C4)C4=CC=CC=C43)(CO1)O2,5.7,NC1=CC=C(CC2=CC=C(N)C=C2)C=C1,16.87,100,2,150,2,0,0,0,0,0,0,0,0,0,0,0,0,0,0,0,0,,0,,0,,0
CC(C)(C1=CC=C(OCC2CO2)C=C1)C1=CC=C(OCC2CO2)C=C1,227,O=P12OCC(COP3(=O)OC4=C(C=CC=C4)C4=CC=CC=C43)(CO1)O2,7.4,NC1=CC=C(CC2=CC=C(N)C=C2)C=C1,16.56,100,2,150,2,0,0,0,0,0,0,0,0,0,0,0,0,0,0,0,0,,0,,0,,0
CC(C)(C1=CC=C(OCC2CO2)C=C1)C1=CC=C(OCC2CO2)C=C1,227,O=P12OCC(COP3(=O)OC4=C(C=CC=C4)C4=CC=CC=C43)(CO1)O2,9.1,NC1=CC=C(CC2=CC=C(N)C=C2)C=C1,16.26,100,2,150,2,0,0,0,0,0,0,0,0,0,0,0,0,0,0,0,0,,0,,0,,0
CC(C)(C1=CC=C(OCC2CO2)C=C1)C1=CC=C(OCC2CO2)C=C1,227,O=P12OCC(COP3(=O)OC4=C(C=CC=C4)C4=CC=CC=C43)(CO1)O2,0,NC1=CC=C(CC2=CC=C(N)C=C2)C=C1,17.88471013,100,2,150,2,0,0,0,0,0,0,0,0,0,0,0,0,0,0,0,0,,0,,0,,0
CC(C)(C1=CC=C(OCC2CO2)C=C1)C1=CC=C(OCC2CO2)C=C1,227,[H]P1(=O)OC2=C(C=CC=C2)C2=C1C=CC=C2,9.1,NC1=CC=C(CC2=CC=C(N)C=C2)C=C1,16.26,100,2,150,2,0,0,0,0,0,0,0,0,0,0,0,0,0,0,0,0,,0,,0,,0
CC(C)(C1=CC=C(OCC2CO2)C=C1)C1=CC=C(OCC2CO2)C=C1,227,O=P1(C(NC2=NC=CS2)C2=CC=C(O)C=C2)OC2=CC=CC=C2C2=CC=CC=C21,5,NC1=CC=C(CC2=CC=C(N)C=C2)C=C1,16.03,100,3,150,2,180,2,0,0,0,0,0,0,0,0,0,0,0,0,0,0,,0,,0,,0
CC(C)(C1=CC=C(OCC2CO2)C=C1)C1=CC=C(OCC2CO2)C=C1,227,O=P1(C(NC2=NC=CS2)C2=CC=C(O)C=C2)OC2=CC=CC=C2C2=CC=CC=C21,7.5,NC1=CC=C(CC2=CC=C(N)C=C2)C=C1,15.08,100,3,150,2,180,2,0,0,0,0,0,0,0,0,0,0,0,0,0,0,,0,,0,,0
CC(C)(C1=CC=C(OCC2CO2)C=C1)C1=CC=C(OCC2CO2)C=C1,227,O=P1(C(NC2=NC=CS2)C2=CC=C(O)C=C2)OC2=CC=CC=C2C2=CC=CC=C21,10,NC1=CC=C(CC2=CC=C(N)C=C2)C=C1,14.12,100,3,150,2,180,2,0,0,0,0,0,0,0,0,0,0,0,0,0,0,,0,,0,,0
CC(C)(C1=CC=C(OCC2CO2)C=C1)C1=CC=C(OCC2CO2)C=C1,227,O=P1(C(NC2=NC=CS2)C2=CC=C(O)C=C2)OC2=CC=CC=C2C2=CC=CC=C21,12.5,NC1=CC=C(CC2=CC=C(N)C=C2)C=C1,13.15,100,3,150,2,180,2,0,0,0,0,0,0,0,0,0,0,0,0,0,0,,0,,0,,0
CC(C)(C1=CC=C(OCC2CO2)C=C1)C1=CC=C(OCC2CO2)C=C1,227,O=P1(C(NC2=NC=CS2)C2=CC=C(O)C=C2)OC2=CC=CC=C2C2=CC=CC=C21,0,NC1=CC=C(CC2=CC=C(N)C=C2)C=C1,20,100,3,150,2,180,2,0,0,0,0,0,0,0,0,0,0,0,0,0,0,,0,,0,,0
CC(C)(C1=CC=C(OCC2CO2)C=C1)C1=CC=C(OCC2CO2)C=C1,227,O=P1(OC2=C(C3=C1C=CC=C3)C=CC=C2)C(C4=CC=C(C=C4)C(P5(OC6=C(C7=C5C=CC=C7)C=CC=C6)=O)NC8=NNC=N8)NC9=NNC=N9,1,NC1=CC=C(CC2=CC=C(N)C=C2)C=C1,17.5,120,2,160,2,0,0,0,0,0,0,0,0,0,0,0,0,0,0,0,0,,0,,0,,0
CC(C)(C1=CC=C(OCC2CO2)C=C1)C1=CC=C(OCC2CO2)C=C1,227,O=P1(OC2=C(C3=C1C=CC=C3)C=CC=C2)C(C4=CC=C(C=C4)C(P5(OC6=C(C7=C5C=CC=C7)C=CC=C6)=O)NC8=NNC=N8)NC9=NNC=N9,2,NC1=CC=C(CC2=CC=C(N)C=C2)C=C1,17.09,120,2,160,2,0,0,0,0,0,0,0,0,0,0,0,0,0,0,0,0,,0,,0,,0
CC(C)(C1=CC=C(OCC2CO2)C=C1)C1=CC=C(OCC2CO2)C=C1,227,O=P1(OC2=C(C3=C1C=CC=C3)C=CC=C2)C(C4=CC=C(C=C4)C(P5(OC6=C(C7=C5C=CC=C7)C=CC=C6)=O)NC8=NNC=N8)NC9=NNC=N9,3,NC1=CC=C(CC2=CC=C(N)C=C2)C=C1,16.68,120,2,160,2,0,0,0,0,0,0,0,0,0,0,0,0,0,0,0,0,,0,,0,,0
CC(C)(C1=CC=C(OCC2CO2)C=C1)C1=CC=C(OCC2CO2)C=C1,227,O=P1(OC2=C(C3=C1C=CC=C3)C=CC=C2)C(C4=CC=C(C=C4)C(P5(OC6=C(C7=C5C=CC=C7)C=CC=C6)=O)NC8=NNC=N8)NC9=NNC=N9,4,NC1=CC=C(CC2=CC=C(N)C=C2)C=C1,16.26,120,2,160,2,0,0,0,0,0,0,0,0,0,0,0,0,0,0,0,0,,0,,0,,0
CC(C)(C1=CC=C(OCC2CO2)C=C1)C1=CC=C(OCC2CO2)C=C1,227,O=P1(OC2=C(C3=C1C=CC=C3)C=CC=C2)C(C4=CC=C(C=C4)C(P5(OC6=C(C7=C5C=CC=C7)C=CC=C6)=O)NC8=NNC=N8)NC9=NNC=N9,5,NC1=CC=C(CC2=CC=C(N)C=C2)C=C1,15.85,120,2,160,2,0,0,0,0,0,0,0,0,0,0,0,0,0,0,0,0,,0,,0,,0
CC(C)(C1=CC=C(OCC2CO2)C=C1)C1=CC=C(OCC2CO2)C=C1,227,O=P1(OC2=C(C3=C1C=CC=C3)C=CC=C2)C(C4=CC=C(C=C4)C(P5(OC6=C(C7=C5C=CC=C7)C=CC=C6)=O)NC8=NNC=N8)NC9=NNC=N9,6,NC1=CC=C(CC2=CC=C(N)C=C2)C=C1,15.44,120,2,160,2,0,0,0,0,0,0,0,0,0,0,0,0,0,0,0,0,,0,,0,,0
CC(C)(C1=CC=C(OCC2CO2)C=C1)C1=CC=C(OCC2CO2)C=C1,227,O=P1(OC2=C(C3=C1C=CC=C3)C=CC=C2)C(C4=CC=C(C=C4)C(P5(OC6=C(C7=C5C=CC=C7)C=CC=C6)=O)NC8=NNC=N8)NC9=NNC=N9,0,NC1=CC=C(CC2=CC=C(N)C=C2)C=C1,17.91167296,120,2,160,2,0,0,0,0,0,0,0,0,0,0,0,0,0,0,0,0,,0,,0,,0
CC(C)(C1=CC=C(OCC2CO2)C=C1)C1=CC=C(OCC2CO2)C=C1,196,[O-]P1OC2=C(C3=C1C=CC=C3)C=CC=C2.NC4=NC(N)=NC([NH3+])=N4,1,NC1=CC=C(CC2=CC=C(N)C=C2)C=C1,21.66,100,2,150,2,0,0,0,0,0,0,0,0,0,0,0,0,0,0,0,0,,0,,0,,0
CC(C)(C1=CC=C(OCC2CO2)C=C1)C1=CC=C(OCC2CO2)C=C1,196,[O-]P1OC2=C(C3=C1C=CC=C3)C=CC=C2.NC4=NC(N)=NC([NH3+])=N4,2,NC1=CC=C(CC2=CC=C(N)C=C2)C=C1,21.46,100,2,150,2,0,0,0,0,0,0,0,0,0,0,0,0,0,0,0,0,,0,,0,,0
CC(C)(C1=CC=C(OCC2CO2)C=C1)C1=CC=C(OCC2CO2)C=C1,196,[O-]P1OC2=C(C3=C1C=CC=C3)C=CC=C2.NC4=NC(N)=NC([NH3+])=N4,3.76,NC1=CC=C(CC2=CC=C(N)C=C2)C=C1,21.05,100,2,150,2,0,0,0,0,0,0,0,0,0,0,0,0,0,0,0,0,,0,,0,,0
CC(C)(C1=CC=C(OCC2CO2)C=C1)C1=CC=C(OCC2CO2)C=C1,196,[O-]P1OC2=C(C3=C1C=CC=C3)C=CC=C2.NC4=NC(N)=NC([NH3+])=N4,7.25,NC1=CC=C(CC2=CC=C(N)C=C2)C=C1,20.29,100,2,150,2,0,0,0,0,0,0,0,0,0,0,0,0,0,0,0,0,,0,,0,,0
CC(C)(C1=CC=C(OCC2CO2)C=C1)C1=CC=C(OCC2CO2)C=C1,196,[O-]P1OC2=C(C3=C1C=CC=C3)C=CC=C2.NC4=NC(N)=NC([NH3+])=N4,0,NC1=CC=C(CC2=CC=C(N)C=C2)C=C1,21.875,100,2,150,2,0,0,0,0,0,0,0,0,0,0,0,0,0,0,0,0,,0,,0,,0
CC(C)(C1=CC=C(OCC2CO2)C=C1)C1=CC=C(OCC2CO2)C=C1,227,O=P1(C(NC2=CC=C(CC3=CC=C(NC(C4=CC=C(O)C=C4)P4(=O)C5=C(C=CC=C5)NC5=C4C=CC=C5)C=C3)C=C2)C2=CC=C(O)C=C2)C2=CC=CC=C2NC2=C1C=CC=C2,1,NC1=CC=C(CC2=CC=C(N)C=C2)C=C1,19.8,80,2,100,1,150,2,180,2,200,3,0,0,0,0,0,0,0,0,0,0,,0,,0,,0
CC(C)(C1=CC=C(OCC2CO2)C=C1)C1=CC=C(OCC2CO2)C=C1,227,O=P1(C(NC2=CC=C(CC3=CC=C(NC(C4=CC=C(O)C=C4)P4(=O)C5=C(C=CC=C5)NC5=C4C=CC=C5)C=C3)C=C2)C2=CC=C(O)C=C2)C2=CC=CC=C2NC2=C1C=CC=C2,1.5,NC1=CC=C(CC2=CC=C(N)C=C2)C=C1,19.7,80,2,100,1,150,2,180,2,200,3,0,0,0,0,0,0,0,0,0,0,,0,,0,,0
CC(C)(C1=CC=C(OCC2CO2)C=C1)C1=CC=C(OCC2CO2)C=C1,227,O=P1(C(NC2=CC=C(CC3=CC=C(NC(C4=CC=C(O)C=C4)P4(=O)C5=C(C=CC=C5)NC5=C4C=CC=C5)C=C3)C=C2)C2=CC=C(O)C=C2)C2=CC=CC=C2NC2=C1C=CC=C2,2,NC1=CC=C(CC2=CC=C(N)C=C2)C=C1,19.6,80,2,100,1,150,2,180,2,200,3,0,0,0,0,0,0,0,0,0,0,,0,,0,,0
CC(C)(C1=CC=C(OCC2CO2)C=C1)C1=CC=C(OCC2CO2)C=C1,227,O=P1(C(NC2=CC=C(CC3=CC=C(NC(C4=CC=C(O)C=C4)P4(=O)C5=C(C=CC=C5)NC5=C4C=CC=C5)C=C3)C=C2)C2=CC=C(O)C=C2)C2=CC=CC=C2NC2=C1C=CC=C2,2.5,NC1=CC=C(CC2=CC=C(N)C=C2)C=C1,19.5,80,2,100,1,150,2,180,2,200,3,0,0,0,0,0,0,0,0,0,0,,0,,0,,0
CC(C)(C1=CC=C(OCC2CO2)C=C1)C1=CC=C(OCC2CO2)C=C1,227,O=P1(C(NC2=CC=C(CC3=CC=C(NC(C4=CC=C(O)C=C4)P4(=O)C5=C(C=CC=C5)NC5=C4C=CC=C5)C=C3)C=C2)C2=CC=C(O)C=C2)C2=CC=CC=C2NC2=C1C=CC=C2,3,NC1=CC=C(CC2=CC=C(N)C=C2)C=C1,19.4,80,2,100,1,150,2,180,2,200,3,0,0,0,0,0,0,0,0,0,0,,0,,0,,0
CC(C)(C1=CC=C(OCC2CO2)C=C1)C1=CC=C(OCC2CO2)C=C1,227,O=P1(C(NC2=CC=C(CC3=CC=C(NC(C4=CC=C(O)C=C4)P4(=O)C5=C(C=CC=C5)NC5=C4C=CC=C5)C=C3)C=C2)C2=CC=C(O)C=C2)C2=CC=CC=C2NC2=C1C=CC=C2,3.5,NC1=CC=C(CC2=CC=C(N)C=C2)C=C1,19.3,80,2,100,1,150,2,180,2,200,3,0,0,0,0,0,0,0,0,0,0,,0,,0,,0
CC(C)(C1=CC=C(OCC2CO2)C=C1)C1=CC=C(OCC2CO2)C=C1,227,O=P1(C(NC2=CC=C(CC3=CC=C(NC(C4=CC=C(O)C=C4)P4(=O)C5=C(C=CC=C5)NC5=C4C=CC=C5)C=C3)C=C2)C2=CC=C(O)C=C2)C2=CC=CC=C2NC2=C1C=CC=C2,0,NC1=CC=C(CC2=CC=C(N)C=C2)C=C1,20,80,2,100,1,150,2,180,2,200,3,0,0,0,0,0,0,0,0,0,0,,0,,0,,0
CC(C)(C1=CC=C(OCC2CO2)C=C1)C1=CC=C(OCC2CO2)C=C1,188,O=C(OC(C1=CC=C(OC2=NC(OC3=CC=C([C@H](OC(=O)C4=CC5=C(C=C4)C(=O)OC5=O)P4(=O)OC5=C(C=CC=C5)C5=C4C=CC=C5)C=C3)=NC(OC3=CC=C(C(OC(=O)C4=CC5=C(C=C4)C(=O)OC5=O)P4(=O)OC5=C(C=CC=C5)C5=C4C=CC=C5)C=C3)=N2)C=C1)P1(=O)OC2=C(C=CC=C2)C2=C1C=CC=C2)C1=CC=C2C(=O)OC(=O)C2=C1,8.7,CC12CCCCC1C(=O)OC2=O,40.66039644,130,1,150,6,170,1,0,0,0,0,0,0,0,0,0,0,0,0,0,0,CN(C)CC1=CC=CC=C1,0.101132686,,0,,0
CC(C)(C1=CC=C(OCC2CO2)C=C1)C1=CC=C(OCC2CO2)C=C1,188,O=C(OC(C1=CC=C(OC2=NC(OC3=CC=C([C@H](OC(=O)C4=CC5=C(C=C4)C(=O)OC5=O)P4(=O)OC5=C(C=CC=C5)C5=C4C=CC=C5)C=C3)=NC(OC3=CC=C(C(OC(=O)C4=CC5=C(C=C4)C(=O)OC5=O)P4(=O)OC5=C(C=CC=C5)C5=C4C=CC=C5)C=C3)=N2)C=C1)P1(=O)OC2=C(C=CC=C2)C2=C1C=CC=C2)C1=CC=C2C(=O)OC(=O)C2=C1,17.3,CC12CCCCC1C(=O)OC2=O,35.19465757,130,1,150,6,170,1,0,0,0,0,0,0,0,0,0,0,0,0,0,0,CN(C)CC1=CC=CC=C1,0.099460074,,0,,0
CC(C)(C1=CC=C(OCC2CO2)C=C1)C1=CC=C(OCC2CO2)C=C1,188,O=C(OC(C1=CC=C(OC2=NC(OC3=CC=C([C@H](OC(=O)C4=CC5=C(C=C4)C(=O)OC5=O)P4(=O)OC5=C(C=CC=C5)C5=C4C=CC=C5)C=C3)=NC(OC3=CC=C(C(OC(=O)C4=CC5=C(C=C4)C(=O)OC5=O)P4(=O)OC5=C(C=CC=C5)C5=C4C=CC=C5)C=C3)=N2)C=C1)P1(=O)OC2=C(C=CC=C2)C2=C1C=CC=C2)C1=CC=C2C(=O)OC(=O)C2=C1,26,CC12CCCCC1C(=O)OC2=O,29.72889438,130,1,150,6,170,1,0,0,0,0,0,0,0,0,0,0,0,0,0,0,CN(C)CC1=CC=CC=C1,0.101554221,,0,,0
CC(C)(C1=CC=C(OCC2CO2)C=C1)C1=CC=C(OCC2CO2)C=C1,188,O=C(OC(C1=CC=C(OC2=NC(OC3=CC=C([C@H](OC(=O)C4=CC5=C(C=C4)C(=O)OC5=O)P4(=O)OC5=C(C=CC=C5)C5=C4C=CC=C5)C=C3)=NC(OC3=CC=C(C(OC(=O)C4=CC5=C(C=C4)C(=O)OC5=O)P4(=O)OC5=C(C=CC=C5)C5=C4C=CC=C5)C=C3)=N2)C=C1)P1(=O)OC2=C(C=CC=C2)C2=C1C=CC=C2)C1=CC=C2C(=O)OC(=O)C2=C1,34.7,CC12CCCCC1C(=O)OC2=O,24.26600057,130,1,150,6,170,1,0,0,0,0,0,0,0,0,0,0,0,0,0,0,CN(C)CC1=CC=CC=C1,0.098276074,,0,,0
CC(C)(C1=CC=C(OCC2CO2)C=C1)C1=CC=C(OCC2CO2)C=C1,188,O=C(OC(C1=CC=C(OC2=NC(OC3=CC=C([C@H](OC(=O)C4=CC5=C(C=C4)C(=O)OC5=O)P4(=O)OC5=C(C=CC=C5)C5=C4C=CC=C5)C=C3)=NC(OC3=CC=C(C(OC(=O)C4=CC5=C(C=C4)C(=O)OC5=O)P4(=O)OC5=C(C=CC=C5)C5=C4C=CC=C5)C=C3)=N2)C=C1)P1(=O)OC2=C(C=CC=C2)C2=C1C=CC=C2)C1=CC=C2C(=O)OC(=O)C2=C1,0,CC12CCCCC1C(=O)OC2=O,46.1257192,130,1,150,6,170,1,0,0,0,0,0,0,0,0,0,0,0,0,0,0,CN(C)CC1=CC=CC=C1,0.102167016,,0,,0
CC(C)(C1=CC=C(OCC2CO2)C=C1)C1=CC=C(OCC2CO2)C=C1,196,O=P1(C(O)C2=CC=C(O)C=C2)C2=C(C=CC=C2)NC2=C1C=CC=C2,0.5,NC1=CC=C(CC2=CC=C(N)C=C2)C=C1,19.89,80,1,150,2,180,2,200,2,0,0,0,0,0,0,0,0,0,0,0,0,,0,,0,,0
CC(C)(C1=CC=C(OCC2CO2)C=C1)C1=CC=C(OCC2CO2)C=C1,196,O=P1(C(O)C2=CC=C(O)C=C2)C2=C(C=CC=C2)NC2=C1C=CC=C2,1,NC1=CC=C(CC2=CC=C(N)C=C2)C=C1,19.61,80,1,150,2,180,2,200,2,0,0,0,0,0,0,0,0,0,0,0,0,,0,,0,,0
CC(C)(C1=CC=C(OCC2CO2)C=C1)C1=CC=C(OCC2CO2)C=C1,196,O=P1(C(O)C2=CC=C(O)C=C2)C2=C(C=CC=C2)NC2=C1C=CC=C2,1.5,NC1=CC=C(CC2=CC=C(N)C=C2)C=C1,19.34,80,1,150,2,180,2,200,2,0,0,0,0,0,0,0,0,0,0,0,0,,0,,0,,0
CC(C)(C1=CC=C(OCC2CO2)C=C1)C1=CC=C(OCC2CO2)C=C1,196,O=P1(C(O)C2=CC=C(O)C=C2)C2=C(C=CC=C2)NC2=C1C=CC=C2,2,NC1=CC=C(CC2=CC=C(N)C=C2)C=C1,19.06,80,1,150,2,180,2,200,2,0,0,0,0,0,0,0,0,0,0,0,0,,0,,0,,0
CC(C)(C1=CC=C(OCC2CO2)C=C1)C1=CC=C(OCC2CO2)C=C1,196,O=P1(C(O)C2=CC=C(O)C=C2)C2=C(C=CC=C2)NC2=C1C=CC=C2,2.5,NC1=CC=C(CC2=CC=C(N)C=C2)C=C1,18.78,80,1,150,2,180,2,200,2,0,0,0,0,0,0,0,0,0,0,0,0,,0,,0,,0
CC(C)(C1=CC=C(OCC2CO2)C=C1)C1=CC=C(OCC2CO2)C=C1,196,O=P1(C(O)C2=CC=C(O)C=C2)C2=C(C=CC=C2)NC2=C1C=CC=C2,0,NC1=CC=C(CC2=CC=C(N)C=C2)C=C1,20.17,80,1,150,2,180,2,200,2,0,0,0,0,0,0,0,0,0,0,0,0,,0,,0,,0
CC(C)(C1=CC=C(OCC2CO2)C=C1)C1=CC=C(OCC2CO2)C=C1,185,SCCOP(OCCS)(OCCS)=O,31.5,NCCCCCNCCN,5.42,70,3,0,0,0,0,0,0,0,0,0,0,0,0,0,0,0,0,0,0,,0,,0,,0
CC(C)(C1=CC=C(OCC2CO2)C=C1)C1=CC=C(OCC2CO2)C=C1,185,SCCOP(OCCS)(OCCS)=O,31.8,NCCCCCNCCN,4.58,70,3,0,0,0,0,0,0,0,0,0,0,0,0,0,0,0,0,0,0,,0,,0,,0
CC(C)(C1=CC=C(OCC2CO2)C=C1)C1=CC=C(OCC2CO2)C=C1,185,SCCOP(OCCS)(OCCS)=O,32.3,NCCCCCNCCN,3.29,70,3,0,0,0,0,0,0,0,0,0,0,0,0,0,0,0,0,0,0,,0,,0,,0
CC(C)(C1=CC=C(OCC2CO2)C=C1)C1=CC=C(OCC2CO2)C=C1,185,SCCOP(OCCS)(OCCS)=O,0,NCCCCCNCCN,12.28070175,70,3,0,0,0,0,0,0,0,0,0,0,0,0,0,0,0,0,0,0,,0,,0,,0
CC(C)(C1=CC=C(OCC2CO2)C=C1)C1=CC=C(OCC2CO2)C=C1,227,O=C(O)CC(C(=O)O)P(=O)(C1=CC=CC=C1)C1=CC=CC=C1,2.058823529,O=C1OC(=O)C2=CC=CC=C12,39.11764706,160,1,180,3,0,0,0,0,0,0,0,0,0,0,0,0,0,0,0,0,,0,,0,,0
CC(C)(C1=CC=C(OCC2CO2)C=C1)C1=CC=C(OCC2CO2)C=C1,227,O=C(O)CC(C(=O)O)P(=O)(C1=CC=CC=C1)C1=CC=CC=C1,4.117647059,O=C1OC(=O)C2=CC=CC=C12,37.05882353,160,1,180,3,0,0,0,0,0,0,0,0,0,0,0,0,0,0,0,0,,0,,0,,0
CC(C)(C1=CC=C(OCC2CO2)C=C1)C1=CC=C(OCC2CO2)C=C1,227,O=C(O)CC(C(=O)O)P(=O)(C1=CC=CC=C1)C1=CC=CC=C1,6.176470588,O=C1OC(=O)C2=CC=CC=C12,35,160,1,180,3,0,0,0,0,0,0,0,0,0,0,0,0,0,0,0,0,,0,,0,,0
CC(C)(C1=CC=C(OCC2CO2)C=C1)C1=CC=C(OCC2CO2)C=C1,227,O=C(O)CC(C(=O)O)P(=O)(C1=CC=CC=C1)C1=CC=CC=C1,8.235294118,O=C1OC(=O)C2=CC=CC=C12,32.94117647,160,1,180,3,0,0,0,0,0,0,0,0,0,0,0,0,0,0,0,0,,0,,0,,0
CC(C)(C1=CC=C(OCC2CO2)C=C1)C1=CC=C(OCC2CO2)C=C1,227,O=C(O)CC(C(=O)O)P(=O)(C1=CC=CC=C1)C1=CC=CC=C1,10.29411765,O=C1OC(=O)C2=CC=CC=C12,30.88235294,160,1,180,3,0,0,0,0,0,0,0,0,0,0,0,0,0,0,0,0,,0,,0,,0
CC(C)(C1=CC=C(OCC2CO2)C=C1)C1=CC=C(OCC2CO2)C=C1,227,O=C(O)CC(C(=O)O)P(=O)(C1=CC=CC=C1)C1=CC=CC=C1,0,O=C1OC(=O)C2=CC=CC=C12,41.17647059,160,1,180,3,0,0,0,0,0,0,0,0,0,0,0,0,0,0,0,0,,0,,0,,0
CC(C)(C1=CC=C(OCC2CO2)C=C1)C1=CC=C(OCC2CO2)C=C1,196,O=P1(OC2=CC=CC=C2C3=CC=CC=C31)C(C4=CC=C(C=C4)C(P5(OC6=CC=CC=C6C7=CC=CC=C75)=O)NC8=CC=C(C=C8)O)NC9=CC=C(O)C=C9,9.5,NC1=CC=C(CC2=CC=C(N)C=C2)C=C1,22.7,135,14,160,2,190,2,220,2,0,0,0,0,0,0,0,0,0,0,0,0,CCC1=NC(C)=CN1CCC#N,0.2,,0,,0
CC(C)(C1=CC=C(OCC2CO2)C=C1)C1=CC=C(OCC2CO2)C=C1,196,O=P1(OC2=CC=CC=C2C3=CC=CC=C31)C(C4=CC=C(C=C4)C(P5(OC6=CC=CC=C6C7=CC=CC=C75)=O)NC8=CC=C(C=C8)O)NC9=CC=C(O)C=C9,19.1,NC1=CC=C(CC2=CC=C(N)C=C2)C=C1,20.2,135,14,160,2,190,2,220,2,0,0,0,0,0,0,0,0,0,0,0,0,CCC1=NC(C)=CN1CCC#N,0.2,,0,,0
CC(C)(C1=CC=C(OCC2CO2)C=C1)C1=CC=C(OCC2CO2)C=C1,196,O=P1(OC2=CC=CC=C2C3=CC=CC=C31)C(C4=CC=C(C=C4)C(P5(OC6=CC=CC=C6C7=CC=CC=C75)=O)NC8=CC=C(C=C8)O)NC9=CC=C(O)C=C9,28.6,NC1=CC=C(CC2=CC=C(N)C=C2)C=C1,17.7,135,14,160,2,190,2,220,2,0,0,0,0,0,0,0,0,0,0,0,0,CCC1=NC(C)=CN1CCC#N,0.2,,0,,0
CC(C)(C1=CC=C(OCC2CO2)C=C1)C1=CC=C(OCC2CO2)C=C1,196,O=P1(OC2=CC=CC=C2C3=CC=CC=C31)C(C4=CC=C(C=C4)C(P5(OC6=CC=CC=C6C7=CC=CC=C75)=O)NC8=CC=C(C=C8)O)NC9=CC=C(O)C=C9,37.1,NC1=CC=C(CC2=CC=C(N)C=C2)C=C1,15.1,135,14,160,2,190,2,220,2,0,0,0,0,0,0,0,0,0,0,0,0,CCC1=NC(C)=CN1CCC#N,0.2,,0,,0
CC(C)(C1=CC=C(OCC2CO2)C=C1)C1=CC=C(OCC2CO2)C=C1,196,O=P1(OC2=CC=CC=C2C3=CC=CC=C31)C(C4=CC=C(C=C4)C(P5(OC6=CC=CC=C6C7=CC=CC=C75)=O)NC8=CC=C(C=C8)O)NC9=CC=C(O)C=C9,47.7,NC1=CC=C(CC2=CC=C(N)C=C2)C=C1,12.6,135,14,160,2,190,2,220,2,0,0,0,0,0,0,0,0,0,0,0,0,CCC1=NC(C)=CN1CCC#N,0.2,,0,,0
CC(C)(C1=CC=C(OCC2CO2)C=C1)C1=CC=C(OCC2CO2)C=C1,196,O=P1(OC2=CC=CC=C2C3=CC=CC=C31)C(C4=CC=C(C=C4)C(P5(OC6=CC=CC=C6C7=CC=CC=C75)=O)NC8=CC=C(C=C8)O)NC9=CC=C(O)C=C9,0,NC1=CC=C(CC2=CC=C(N)C=C2)C=C1,20.12779553,135,14,160,2,190,2,220,2,0,0,0,0,0,0,0,0,0,0,0,0,CCC1=NC(C)=CN1CCC#N,0.2,,0,,0
CC(C)(C1=CC=C(OCC2CO2)C=C1)C1=CC=C(OCC2CO2)C=C1,196,O=C1N(CC(O)COC2=CC=C(OCC(O)CN3C(=O)N(CC(O)CP4(=O)OC5=C(C=CC=C5)C5=C4C=CC=C5)C(=O)N(CC(O)CP4(=O)OC5=C(C=CC=C5)C5=C4C=CC=C5)C3=O)C(P3(=O)OC4=C(C=CC=C4)C4=C3C=CC=C4)=C2)C(=O)N(CC(O)CP2(=O)OC3=C(C=CC=C3)C3=C2C=CC=C3)C(=O)N1CC(O)CP1(=O)OC2=C(C=CC=C2)C2=C1C=CC=C2,2,NC1=CC=C(CC2=CC=C(N)C=C2)C=C1,19.79,120,2,170,4,0,0,0,0,0,0,0,0,0,0,0,0,0,0,0,0,,0,,0,,0
CC(C)(C1=CC=C(OCC2CO2)C=C1)C1=CC=C(OCC2CO2)C=C1,196,O=C1N(CC(O)COC2=CC=C(OCC(O)CN3C(=O)N(CC(O)CP4(=O)OC5=C(C=CC=C5)C5=C4C=CC=C5)C(=O)N(CC(O)CP4(=O)OC5=C(C=CC=C5)C5=C4C=CC=C5)C3=O)C(P3(=O)OC4=C(C=CC=C4)C4=C3C=CC=C4)=C2)C(=O)N(CC(O)CP2(=O)OC3=C(C=CC=C3)C3=C2C=CC=C3)C(=O)N1CC(O)CP1(=O)OC2=C(C=CC=C2)C2=C1C=CC=C2,4,NC1=CC=C(CC2=CC=C(N)C=C2)C=C1,19.38,120,2,170,4,0,0,0,0,0,0,0,0,0,0,0,0,0,0,0,0,,0,,0,,0
CC(C)(C1=CC=C(OCC2CO2)C=C1)C1=CC=C(OCC2CO2)C=C1,196,O=C1N(CC(O)COC2=CC=C(OCC(O)CN3C(=O)N(CC(O)CP4(=O)OC5=C(C=CC=C5)C5=C4C=CC=C5)C(=O)N(CC(O)CP4(=O)OC5=C(C=CC=C5)C5=C4C=CC=C5)C3=O)C(P3(=O)OC4=C(C=CC=C4)C4=C3C=CC=C4)=C2)C(=O)N(CC(O)CP2(=O)OC3=C(C=CC=C3)C3=C2C=CC=C3)C(=O)N1CC(O)CP1(=O)OC2=C(C=CC=C2)C2=C1C=CC=C2,6,NC1=CC=C(CC2=CC=C(N)C=C2)C=C1,18.98,120,2,170,4,0,0,0,0,0,0,0,0,0,0,0,0,0,0,0,0,,0,,0,,0
CC(C)(C1=CC=C(OCC2CO2)C=C1)C1=CC=C(OCC2CO2)C=C1,196,O=C1N(CC(O)COC2=CC=C(OCC(O)CN3C(=O)N(CC(O)CP4(=O)OC5=C(C=CC=C5)C5=C4C=CC=C5)C(=O)N(CC(O)CP4(=O)OC5=C(C=CC=C5)C5=C4C=CC=C5)C3=O)C(P3(=O)OC4=C(C=CC=C4)C4=C3C=CC=C4)=C2)C(=O)N(CC(O)CP2(=O)OC3=C(C=CC=C3)C3=C2C=CC=C3)C(=O)N1CC(O)CP1(=O)OC2=C(C=CC=C2)C2=C1C=CC=C2,0,NC1=CC=C(CC2=CC=C(N)C=C2)C=C1,20.1915403,120,2,170,4,0,0,0,0,0,0,0,0,0,0,0,0,0,0,0,0,,0,,0,,0
CC(C)(C1=CC=C(OCC2CO2)C=C1)C1=CC=C(OCC2CO2)C=C1,227,O=P1(OC2=C(C3=C1C=CC=C3)C=CC=C2)C(C4=CC=CC=C4O)NC5=CC=C(C=C5)NC(P6(OC7=C(C8=C6C=CC=C8)C=CC=C7)=O)C9=CC=CC=C9O,4,NC1=CC=C(CC2=CC=C(N)C=C2)C=C1,16.33,120,2,160,2,0,0,0,0,0,0,0,0,0,0,0,0,0,0,0,0,,0,,0,,0
CC(C)(C1=CC=C(OCC2CO2)C=C1)C1=CC=C(OCC2CO2)C=C1,227,O=P1(OC2=C(C3=C1C=CC=C3)C=CC=C2)C(C4=CC=CC=C4O)NC5=CC=C(C=C5)NC(P6(OC7=C(C8=C6C=CC=C8)C=CC=C7)=O)C9=CC=CC=C9O,7,NC1=CC=C(CC2=CC=C(N)C=C2)C=C1,15.14,120,2,160,2,0,0,0,0,0,0,0,0,0,0,0,0,0,0,0,0,,0,,0,,0
CC(C)(C1=CC=C(OCC2CO2)C=C1)C1=CC=C(OCC2CO2)C=C1,227,O=P1(OC2=C(C3=C1C=CC=C3)C=CC=C2)C(C4=CC=CC=C4O)NC5=CC=C(C=C5)NC(P6(OC7=C(C8=C6C=CC=C8)C=CC=C7)=O)C9=CC=CC=C9O,10,NC1=CC=C(CC2=CC=C(N)C=C2)C=C1,13.95,120,2,160,2,0,0,0,0,0,0,0,0,0,0,0,0,0,0,0,0,,0,,0,,0
CC(C)(C1=CC=C(OCC2CO2)C=C1)C1=CC=C(OCC2CO2)C=C1,227,O=P1(OC2=C(C3=C1C=CC=C3)C=CC=C2)C(C4=CC=CC=C4O)NC5=CC=C(C=C5)NC(P6(OC7=C(C8=C6C=CC=C8)C=CC=C7)=O)C9=CC=CC=C9O,0,NC1=CC=C(CC2=CC=C(N)C=C2)C=C1,17.91167296,120,2,160,2,0,0,0,0,0,0,0,0,0,0,0,0,0,0,0,0,,0,,0,,0
CC(C)(C1=CC=C(OCC2CO2)C=C1)C1=CC=C(OCC2CO2)C=C1,227,CCOP(=O)(OCC)C(NC1=CC(C)=C(NC(C2=CC=CC=C2O)P(=O)(OCC)OCC)C=C1)C1=CC=CC=C1O,10,NC1=CC=C(CC2=CC=C(N)C=C2)C=C1,13.38,120,2,160,2,0,0,0,0,0,0,0,0,0,0,0,0,0,0,0,0,,0,,0,,0
CC(C)(C1=CC=C(OCC2CO2)C=C1)C1=CC=C(OCC2CO2)C=C1,227,NC1=CC=C(C=C1)NC(P2(OC3=C(C4=C2C=CC=C4)C=CC=C3)=O)C5=CC=C(C=C5)C(P6(OC7=C(C8=C6C=CC=C8)C=CC=C7)=O)NC9=CC=C(C=C9)NC(P%10(OC%11=C(C%12=C%10C=CC=C%12)C=CC=C%11)=O)C%13=CC=C(C=C%13)C=O,4,NC1=CC=C(CC2=CC=C(N)C=C2)C=C1,16.65,120,2,160,2,0,0,0,0,0,0,0,0,0,0,0,0,0,0,0,0,,0,,0,,0
CC(C)(C1=CC=C(OCC2CO2)C=C1)C1=CC=C(OCC2CO2)C=C1,227,NC1=CC=C(C=C1)NC(P2(OC3=C(C4=C2C=CC=C4)C=CC=C3)=O)C5=CC=C(C=C5)C(P6(OC7=C(C8=C6C=CC=C8)C=CC=C7)=O)NC9=CC=C(C=C9)NC(P%10(OC%11=C(C%12=C%10C=CC=C%12)C=CC=C%11)=O)C%13=CC=C(C=C%13)C=O,7,NC1=CC=C(CC2=CC=C(N)C=C2)C=C1,15.7,120,2,160,2,0,0,0,0,0,0,0,0,0,0,0,0,0,0,0,0,,0,,0,,0
CC(C)(C1=CC=C(OCC2CO2)C=C1)C1=CC=C(OCC2CO2)C=C1,227,NC1=CC=C(C=C1)NC(P2(OC3=C(C4=C2C=CC=C4)C=CC=C3)=O)C5=CC=C(C=C5)C(P6(OC7=C(C8=C6C=CC=C8)C=CC=C7)=O)NC9=CC=C(C=C9)NC(P%10(OC%11=C(C%12=C%10C=CC=C%12)C=CC=C%11)=O)C%13=CC=C(C=C%13)C=O,10,NC1=CC=C(CC2=CC=C(N)C=C2)C=C1,14.75,120,2,160,2,0,0,0,0,0,0,0,0,0,0,0,0,0,0,0,0,,0,,0,,0
CC(C)(C1=CC=C(OCC2CO2)C=C1)C1=CC=C(OCC2CO2)C=C1,227,NC1=CC=C(C=C1)NC(P2(OC3=C(C4=C2C=CC=C4)C=CC=C3)=O)C5=CC=C(C=C5)C(P6(OC7=C(C8=C6C=CC=C8)C=CC=C7)=O)NC9=CC=C(C=C9)NC(P%10(OC%11=C(C%12=C%10C=CC=C%12)C=CC=C%11)=O)C%13=CC=C(C=C%13)C=O,0,NC1=CC=C(CC2=CC=C(N)C=C2)C=C1,17.91167296,120,2,160,2,0,0,0,0,0,0,0,0,0,0,0,0,0,0,0,0,,0,,0,,0
CC(C)(C1=CC=C(OCC2CO2)C=C1)C1=CC=C(OCC2CO2)C=C1,196,OC1=CC=C(C=C1)NC(P2(C3=C(NC4=C2C=CC=C4)C=CC=C3)=O)C5=CC=C(C=C5)O,1,NC1=CC=C(CC2=CC=C(N)C=C2)C=C1,19.61,80,2,110,1,150,2,180,2,200,3,0,0,0,0,0,0,0,0,0,0,,0,,0,,0
CC(C)(C1=CC=C(OCC2CO2)C=C1)C1=CC=C(OCC2CO2)C=C1,196,OC1=CC=C(C=C1)NC(P2(C3=C(NC4=C2C=CC=C4)C=CC=C3)=O)C5=CC=C(C=C5)O,1.5,NC1=CC=C(CC2=CC=C(N)C=C2)C=C1,19.32,80,2,110,1,150,2,180,2,200,3,0,0,0,0,0,0,0,0,0,0,,0,,0,,0
CC(C)(C1=CC=C(OCC2CO2)C=C1)C1=CC=C(OCC2CO2)C=C1,196,OC1=CC=C(C=C1)NC(P2(C3=C(NC4=C2C=CC=C4)C=CC=C3)=O)C5=CC=C(C=C5)O,2,NC1=CC=C(CC2=CC=C(N)C=C2)C=C1,19.03,80,2,110,1,150,2,180,2,200,3,0,0,0,0,0,0,0,0,0,0,,0,,0,,0
CC(C)(C1=CC=C(OCC2CO2)C=C1)C1=CC=C(OCC2CO2)C=C1,196,OC1=CC=C(C=C1)NC(P2(C3=C(NC4=C2C=CC=C4)C=CC=C3)=O)C5=CC=C(C=C5)O,2.5,NC1=CC=C(CC2=CC=C(N)C=C2)C=C1,18.75,80,2,110,1,150,2,180,2,200,3,0,0,0,0,0,0,0,0,0,0,,0,,0,,0
CC(C)(C1=CC=C(OCC2CO2)C=C1)C1=CC=C(OCC2CO2)C=C1,196,OC1=CC=C(C=C1)NC(P2(C3=C(NC4=C2C=CC=C4)C=CC=C3)=O)C5=CC=C(C=C5)O,3,NC1=CC=C(CC2=CC=C(N)C=C2)C=C1,18.46,80,2,110,1,150,2,180,2,200,3,0,0,0,0,0,0,0,0,0,0,,0,,0,,0
CC(C)(C1=CC=C(OCC2CO2)C=C1)C1=CC=C(OCC2CO2)C=C1,196,OC1=CC=C(C=C1)NC(P2(C3=C(NC4=C2C=CC=C4)C=CC=C3)=O)C5=CC=C(C=C5)O,3.5,NC1=CC=C(CC2=CC=C(N)C=C2)C=C1,18.18,80,2,110,1,150,2,180,2,200,3,0,0,0,0,0,0,0,0,0,0,,0,,0,,0
CC(C)(C1=CC=C(OCC2CO2)C=C1)C1=CC=C(OCC2CO2)C=C1,196,OC1=CC=C(C=C1)NC(P2(C3=C(NC4=C2C=CC=C4)C=CC=C3)=O)C5=CC=C(C=C5)O,0,NC1=CC=C(CC2=CC=C(N)C=C2)C=C1,20.18,80,2,110,1,150,2,180,2,200,3,0,0,0,0,0,0,0,0,0,0,,0,,0,,0
CC(C)(C1=CC=C(OCC2CO2)C=C1)C1=CC=C(OCC2CO2)C=C1,196,ClP1(OCC2(COP(NCC3=CC=CC(CN)=C3)(OC2)=O)CO1)=O,21.42857143,ClP1(OCC2(COP(NCC3=CC=CC(CN)=C3)(OC2)=O)CO1)=O,21.42857143,136,2,150,4,0,0,0,0,0,0,0,0,0,0,0,0,0,0,0,0,CCCCCCCCCCCCOCC1CO1,7.14,,0,,0
CC(C)(C1=CC=C(OCC2CO2)C=C1)C1=CC=C(OCC2CO2)C=C1,196,ClP1(OCC2(COP(NCC3=CC=CC(CN)=C3)(OC2)=O)CO1)=O,22.58064516,ClP1(OCC2(COP(NCC3=CC=CC(CN)=C3)(OC2)=O)CO1)=O,22.58064516,136,2,150,4,0,0,0,0,0,0,0,0,0,0,0,0,0,0,0,0,CCCCCCCCCCCCOCC1CO1,6.896551724,,0,,0
CC(C)(C1=CC=C(OCC2CO2)C=C1)C1=CC=C(OCC2CO2)C=C1,196,ClP1(OCC2(COP(NCC3=CC=CC(CN)=C3)(OC2)=O)CO1)=O,25,ClP1(OCC2(COP(NCC3=CC=CC(CN)=C3)(OC2)=O)CO1)=O,25,136,2,150,4,0,0,0,0,0,0,0,0,0,0,0,0,0,0,0,0,CCCCCCCCCCCCOCC1CO1,6.666666667,,0,,0
CC(C)(C1=CC=C(OCC2CO2)C=C1)C1=CC=C(OCC2CO2)C=C1,196,ClP1(OCC2(COP(NCC3=CC=CC(CN)=C3)(OC2)=O)CO1)=O,0,NCC1=CC=CC(CN)=C1,16.66666667,136,2,150,4,0,0,0,0,0,0,0,0,0,0,0,0,0,0,0,0,,0,,0,,0
CC(C)(C1=CC=C(OCC2CO2)C=C1)C1=CC=C(OCC2CO2)C=C1,196,O=C1N(CC(O)CP2(=O)OC3=C(C=CC=C3)C3=C2C=CC=C3)C(=O)N(CC(O)CP2(=O)OC3=C(C=CC=C3)C3=C2C=CC=C3)C(=O)N1CC(O)CP1(=O)OC2=C(C=CC=C2)C2=C1C=CC=C2,1,NC1=CC=C(CC2=CC=C(N)C=C2)C=C1,19.98893893,120,2,170,4,0,0,0,0,0,0,0,0,0,0,0,0,0,0,0,0,,0,,0,,0
CC(C)(C1=CC=C(OCC2CO2)C=C1)C1=CC=C(OCC2CO2)C=C1,196,O=C1N(CC(O)CP2(=O)OC3=C(C=CC=C3)C3=C2C=CC=C3)C(=O)N(CC(O)CP2(=O)OC3=C(C=CC=C3)C3=C2C=CC=C3)C(=O)N1CC(O)CP1(=O)OC2=C(C=CC=C2)C2=C1C=CC=C2,2,NC1=CC=C(CC2=CC=C(N)C=C2)C=C1,19.78726732,120,2,170,4,0,0,0,0,0,0,0,0,0,0,0,0,0,0,0,0,,0,,0,,0
CC(C)(C1=CC=C(OCC2CO2)C=C1)C1=CC=C(OCC2CO2)C=C1,196,O=C1N(CC(O)CP2(=O)OC3=C(C=CC=C3)C3=C2C=CC=C3)C(=O)N(CC(O)CP2(=O)OC3=C(C=CC=C3)C3=C2C=CC=C3)C(=O)N1CC(O)CP1(=O)OC2=C(C=CC=C2)C2=C1C=CC=C2,3,NC1=CC=C(CC2=CC=C(N)C=C2)C=C1,19.58507509,120,2,170,4,0,0,0,0,0,0,0,0,0,0,0,0,0,0,0,0,,0,,0,,0
CC(C)(C1=CC=C(OCC2CO2)C=C1)C1=CC=C(OCC2CO2)C=C1,196,O=C1N(CC(O)CP2(=O)OC3=C(C=CC=C3)C3=C2C=CC=C3)C(=O)N(CC(O)CP2(=O)OC3=C(C=CC=C3)C3=C2C=CC=C3)C(=O)N1CC(O)CP1(=O)OC2=C(C=CC=C2)C2=C1C=CC=C2,0,NC1=CC=C(CC2=CC=C(N)C=C2)C=C1,20.1915403,120,2,170,4,0,0,0,0,0,0,0,0,0,0,0,0,0,0,0,0,,0,,0,,0
CC(C)(C1=CC=C(OCC2CO2)C=C1)C1=CC=C(OCC2CO2)C=C1,196,O=C1N(CC(O)CP2(=O)OC3=C(C=CC=C3)C3=C2C=CC=C3)C(=O)N(CC(O)CP2(=O)OC3=C(C=CC=C3)C3=C2C=CC=C3)C(=O)N1CC(O)CP1(=O)OC2=C(C=CC=C2)C2=C1C=CC=C2,1,NC1=CC=C(CC2=CC=C(N)C=C2)C=C1,19.58659131,120,2,170,4,0,0,0,0,0,0,0,0,0,0,0,0,0,0,0,0,NC1=NC([NH2]O=C2N([H]3)C(NC(N2)=O)=O[NH2]4)=[N]3C4=N1,2,,0,,0
CC(C)(C1=CC=C(OCC2CO2)C=C1)C1=CC=C(OCC2CO2)C=C1,196,O=C1N(CC(O)CP2(=O)OC3=C(C=CC=C3)C3=C2C=CC=C3)C(=O)N(CC(O)CP2(=O)OC3=C(C=CC=C3)C3=C2C=CC=C3)C(=O)N1CC(O)CP1(=O)OC2=C(C=CC=C2)C2=C1C=CC=C2,2,NC1=CC=C(CC2=CC=C(N)C=C2)C=C1,19.38400245,120,2,170,4,0,0,0,0,0,0,0,0,0,0,0,0,0,0,0,0,NC1=NC([NH2]O=C2N([H]3)C(NC(N2)=O)=O[NH2]4)=[N]3C4=N1,2,,0,,0
CC(C)(C1=CC=C(OCC2CO2)C=C1)C1=CC=C(OCC2CO2)C=C1,196,O=C1N(CC(O)CP2(=O)OC3=C(C=CC=C3)C3=C2C=CC=C3)C(=O)N(CC(O)CP2(=O)OC3=C(C=CC=C3)C3=C2C=CC=C3)C(=O)N1CC(O)CP1(=O)OC2=C(C=CC=C2)C2=C1C=CC=C2,3,NC1=CC=C(CC2=CC=C(N)C=C2)C=C1,19.18119788,120,2,170,4,0,0,0,0,0,0,0,0,0,0,0,0,0,0,0,0,NC1=NC([NH2]O=C2N([H]3)C(NC(N2)=O)=O[NH2]4)=[N]3C4=N1,2,,0,,0
CC(C)(C1=CC=C(OCC2CO2)C=C1)C1=CC=C(OCC2CO2)C=C1,196,NC1=NC([NH2]O=C2N([H]3)C(NC(N2)=O)=O[NH2]4)=[N]3C4=N1,2,NC1=CC=C(CC2=CC=C(N)C=C2)C=C1,19.78726732,120,2,170,4,0,0,0,0,0,0,0,0,0,0,0,0,0,0,0,0,,0,,0,,0
CC(C)(C1=CC=C(OCC2CO2)C=C1)C1=CC=C(OCC2CO2)C=C1,196,O=C(OC(COC1=CC=C(C=C1)C(C)(C2=CC=C(C=C2)OP(C)(OC3=CC=C(C=C3)C(C)(C4=CC=C(C=C4)OCC(OC(CCC(O)=O)=O)C)C)=O)C)C)CCC(O)=O,10,CC12CC=CCC1C(=O)OC2=O,40.19851117,100,5,150,15,0,0,0,0,0,0,0,0,0,0,0,0,0,0,0,0,CCN(CC1=CC(CN(C)C)=CC(CN(C)C)=C1O)C,0.248138958,,0,,0
CC(C)(C1=CC=C(OCC2CO2)C=C1)C1=CC=C(OCC2CO2)C=C1,196,O=C(OC(COC1=CC=C(C=C1)C(C)(C2=CC=C(C=C2)OP(C)(OC3=CC=C(C=C3)C(C)(C4=CC=C(C=C4)OCC(OC(CCC(O)=O)=O)C)C)=O)C)C)CCC(O)=O,20,CC12CC=CCC1C(=O)OC2=O,34.46712018,100,5,150,15,0,0,0,0,0,0,0,0,0,0,0,0,0,0,0,0,CCN(CC1=CC(CN(C)C)=CC(CN(C)C)=C1O)C,0.22675737,,0,,0
CC(C)(C1=CC=C(OCC2CO2)C=C1)C1=CC=C(OCC2CO2)C=C1,196,O=C(OC(COC1=CC=C(C=C1)C(C)(C2=CC=C(C=C2)OP(C)(OC3=CC=C(C=C3)C(C)(C4=CC=C(C=C4)OCC(OC(CCC(O)=O)=O)C)C)=O)C)C)CCC(O)=O,30,CC12CC=CCC1C(=O)OC2=O,29.03885481,100,5,150,15,0,0,0,0,0,0,0,0,0,0,0,0,0,0,0,0,CCN(CC1=CC(CN(C)C)=CC(CN(C)C)=C1O)C,0.204498978,,0,,0
CC(C)(C1=CC=C(OCC2CO2)C=C1)C1=CC=C(OCC2CO2)C=C1,196,O=C(OC(COC1=CC=C(C=C1)C(C)(C2=CC=C(C=C2)OP(C)(OC3=CC=C(C=C3)C(C)(C4=CC=C(C=C4)OCC(OC(CCC(O)=O)=O)C)C)=O)C)C)CCC(O)=O,40,CC12CC=CCC1C(=O)OC2=O,23.40036563,100,5,150,15,0,0,0,0,0,0,0,0,0,0,0,0,0,0,0,0,CCN(CC1=CC(CN(C)C)=CC(CN(C)C)=C1O)C,0.182815356,,0,,0
CC(C)(C1=CC=C(OCC2CO2)C=C1)C1=CC=C(OCC2CO2)C=C1,196,O=C(OC(COC1=CC=C(C=C1)C(C)(C2=CC=C(C=C2)OP(C)(OC3=CC=C(C=C3)C(C)(C4=CC=C(C=C4)OCC(OC(CCC(O)=O)=O)C)C)=O)C)C)CCC(O)=O,50,CC12CC=CCC1C(=O)OC2=O,17.71336554,100,5,150,15,0,0,0,0,0,0,0,0,0,0,0,0,0,0,0,0,CCN(CC1=CC(CN(C)C)=CC(CN(C)C)=C1O)C,0.161030596,,0,,0
CC(C)(C1=CC=C(OCC2CO2)C=C1)C1=CC=C(OCC2CO2)C=C1,196,O=C(OC(COC1=CC=C(C=C1)C(C)(C2=CC=C(C=C2)OP(C)(OC3=CC=C(C=C3)C(C)(C4=CC=C(C=C4)OCC(OC(CCC(O)=O)=O)C)C)=O)C)C)CCC(O)=O,0,CC12CC=CCC1C(=O)OC2=O,45.52845528,100,5,150,15,0,0,0,0,0,0,0,0,0,0,0,0,0,0,0,0,CCN(CC1=CC(CN(C)C)=CC(CN(C)C)=C1O)C,0.27100271,,0,,0
CC(C)(C1=CC=C(OCC2CO2)C=C1)C1=CC=C(OCC2CO2)C=C1,227,O=P(COP(=O)(O)C1=CC=CC=C1)(COP(=O)(O)C1=CC=CC=C1)COP(=O)(O)C1=CC=CC=C1,2.5,NC1=CC=C(CC2=CC=C(N)C=C2)C=C1,19.5,120,2,150,2,0,0,0,0,0,0,0,0,0,0,0,0,0,0,0,0,,0,,0,,0
CC(C)(C1=CC=C(OCC2CO2)C=C1)C1=CC=C(OCC2CO2)C=C1,227,O=P(COP(=O)(O)C1=CC=CC=C1)(COP(=O)(O)C1=CC=CC=C1)COP(=O)(O)C1=CC=CC=C1,5,NC1=CC=C(CC2=CC=C(N)C=C2)C=C1,19,120,2,150,2,0,0,0,0,0,0,0,0,0,0,0,0,0,0,0,0,,0,,0,,0
CC(C)(C1=CC=C(OCC2CO2)C=C1)C1=CC=C(OCC2CO2)C=C1,227,O=P(COP(=O)(O)C1=CC=CC=C1)(COP(=O)(O)C1=CC=CC=C1)COP(=O)(O)C1=CC=CC=C1,7.5,NC1=CC=C(CC2=CC=C(N)C=C2)C=C1,18.5,120,2,150,2,0,0,0,0,0,0,0,0,0,0,0,0,0,0,0,0,,0,,0,,0
CC(C)(C1=CC=C(OCC2CO2)C=C1)C1=CC=C(OCC2CO2)C=C1,227,O=P(COP(=O)(O)C1=CC=CC=C1)(COP(=O)(O)C1=CC=CC=C1)COP(=O)(O)C1=CC=CC=C1,0,NC1=CC=C(CC2=CC=C(N)C=C2)C=C1,20,120,2,150,2,0,0,0,0,0,0,0,0,0,0,0,0,0,0,0,0,,0,,0,,0
CC(C)(C1=CC=C(OCC2CO2)C=C1)C1=CC=C(OCC2CO2)C=C1,227,O=P1(OC2=CC=CC=C2C3=CC=CC=C31)C(C4=CC=C(C=C4)OP5(OC6=CC=C(C=C6)C(P7(OC8=CC=CC=C8C9=CC=CC=C97)=O)NC%10=CC=C(C=C%10)O)=NP(OC%11=CC=C(C=C%11)C(P%12(OC%13=CC=CC=C%13C%14=CC=CC=C%14%12)=O)NC%15=CC=C(C=C%15)O)(OC%16=CC=C(C=C%16)C(P%17(OC%18=CC=CC=C%18C%19=CC=CC=C%19%17)=O)NC%20=CC=C(C=C%20)O)=NP(OC%21=CC=C(C=C%21)C(P%22(OC%23=CC=CC=C%23C%24=CC=CC=C%24%22)=O)NC%25=CC=C(C=C%25)O)(OC%26=CC=C(C=C%26)C(P%27(OC%28=CC=CC=C%28C%29=C%27C=CC=C%29)=O)NC%30=CC=C(C=C%30)O)=N5)NC%31=CC=C(C=C%31)O,9.7,NC1=CC=C(S(=O)(=O)C2=CC=C(N)C=C2)C=C1,20.03,150,2,180,2,0,0,0,0,0,0,0,0,0,0,0,0,0,0,0,0,,0,,0,,0
CC(C)(C1=CC=C(OCC2CO2)C=C1)C1=CC=C(OCC2CO2)C=C1,227,O=P1(OC2=CC=CC=C2C3=CC=CC=C31)C(C4=CC=C(C=C4)OP5(OC6=CC=C(C=C6)C(P7(OC8=CC=CC=C8C9=CC=CC=C97)=O)NC%10=CC=C(C=C%10)O)=NP(OC%11=CC=C(C=C%11)C(P%12(OC%13=CC=CC=C%13C%14=CC=CC=C%14%12)=O)NC%15=CC=C(C=C%15)O)(OC%16=CC=C(C=C%16)C(P%17(OC%18=CC=CC=C%18C%19=CC=CC=C%19%17)=O)NC%20=CC=C(C=C%20)O)=NP(OC%21=CC=C(C=C%21)C(P%22(OC%23=CC=CC=C%23C%24=CC=CC=C%24%22)=O)NC%25=CC=C(C=C%25)O)(OC%26=CC=C(C=C%26)C(P%27(OC%28=CC=CC=C%28C%29=C%27C=CC=C%29)=O)NC%30=CC=C(C=C%30)O)=N5)NC%31=CC=C(C=C%31)O,10.6,NC1=CC=C(S(=O)(=O)C2=CC=C(N)C=C2)C=C1,19.72,150,2,180,2,0,0,0,0,0,0,0,0,0,0,0,0,0,0,0,0,,0,,0,,0
CC(C)(C1=CC=C(OCC2CO2)C=C1)C1=CC=C(OCC2CO2)C=C1,227,O=P1(OC2=CC=CC=C2C3=CC=CC=C31)C(C4=CC=C(C=C4)OP5(OC6=CC=C(C=C6)C(P7(OC8=CC=CC=C8C9=CC=CC=C97)=O)NC%10=CC=C(C=C%10)O)=NP(OC%11=CC=C(C=C%11)C(P%12(OC%13=CC=CC=C%13C%14=CC=CC=C%14%12)=O)NC%15=CC=C(C=C%15)O)(OC%16=CC=C(C=C%16)C(P%17(OC%18=CC=CC=C%18C%19=CC=CC=C%19%17)=O)NC%20=CC=C(C=C%20)O)=NP(OC%21=CC=C(C=C%21)C(P%22(OC%23=CC=CC=C%23C%24=CC=CC=C%24%22)=O)NC%25=CC=C(C=C%25)O)(OC%26=CC=C(C=C%26)C(P%27(OC%28=CC=CC=C%28C%29=C%27C=CC=C%29)=O)NC%30=CC=C(C=C%30)O)=N5)NC%31=CC=C(C=C%31)O,11.7,NC1=CC=C(S(=O)(=O)C2=CC=C(N)C=C2)C=C1,19.38,150,2,180,2,0,0,0,0,0,0,0,0,0,0,0,0,0,0,0,0,,0,,0,,0
CC(C)(C1=CC=C(OCC2CO2)C=C1)C1=CC=C(OCC2CO2)C=C1,227,O=P1(OC2=CC=CC=C2C3=CC=CC=C31)C(C4=CC=C(C=C4)OP5(OC6=CC=C(C=C6)C(P7(OC8=CC=CC=C8C9=CC=CC=C97)=O)NC%10=CC=C(C=C%10)O)=NP(OC%11=CC=C(C=C%11)C(P%12(OC%13=CC=CC=C%13C%14=CC=CC=C%14%12)=O)NC%15=CC=C(C=C%15)O)(OC%16=CC=C(C=C%16)C(P%17(OC%18=CC=CC=C%18C%19=CC=CC=C%19%17)=O)NC%20=CC=C(C=C%20)O)=NP(OC%21=CC=C(C=C%21)C(P%22(OC%23=CC=CC=C%23C%24=CC=CC=C%24%22)=O)NC%25=CC=C(C=C%25)O)(OC%26=CC=C(C=C%26)C(P%27(OC%28=CC=CC=C%28C%29=C%27C=CC=C%29)=O)NC%30=CC=C(C=C%30)O)=N5)NC%31=CC=C(C=C%31)O,12.6,NC1=CC=C(S(=O)(=O)C2=CC=C(N)C=C2)C=C1,19.08,150,2,180,2,0,0,0,0,0,0,0,0,0,0,0,0,0,0,0,0,,0,,0,,0
CC(C)(C1=CC=C(OCC2CO2)C=C1)C1=CC=C(OCC2CO2)C=C1,227,O=P1(OC2=CC=CC=C2C3=CC=CC=C31)C(C4=CC=C(C=C4)OP5(OC6=CC=C(C=C6)C(P7(OC8=CC=CC=C8C9=CC=CC=C97)=O)NC%10=CC=C(C=C%10)O)=NP(OC%11=CC=C(C=C%11)C(P%12(OC%13=CC=CC=C%13C%14=CC=CC=C%14%12)=O)NC%15=CC=C(C=C%15)O)(OC%16=CC=C(C=C%16)C(P%17(OC%18=CC=CC=C%18C%19=CC=CC=C%19%17)=O)NC%20=CC=C(C=C%20)O)=NP(OC%21=CC=C(C=C%21)C(P%22(OC%23=CC=CC=C%23C%24=CC=CC=C%24%22)=O)NC%25=CC=C(C=C%25)O)(OC%26=CC=C(C=C%26)C(P%27(OC%28=CC=CC=C%28C%29=C%27C=CC=C%29)=O)NC%30=CC=C(C=C%30)O)=N5)NC%31=CC=C(C=C%31)O,0,NC1=CC=C(S(=O)(=O)C2=CC=C(N)C=C2)C=C1,19.33664122,150,2,180,2,0,0,0,0,0,0,0,0,0,0,0,0,0,0,0,0,,0,,0,,0
CC(C)(C1=CC=C(OCC2CO2)C=C1)C1=CC=C(OCC2CO2)C=C1,188,O=P(OC1=CC=C(C=C1)NC(P2(OC3=C(C4=CC=CC=C42)C=CC=C3)=O)C5=CC=C(C=C5)C(P6(OC7=C(C8=CC=CC=C86)C=CC=C7)=O)NC9=CC=C(C=C9)O)(C%10=CC=CC=C%10)O,4.33,N#CNC(=N)N,4.9,90,1.5,120,2,155,2.5,0,0,0,0,0,0,0,0,0,0,0,0,0,0,CN(C)C(NC1=CC=CC=C1)=O,0.9,,0,,0
CC(C)(C1=CC=C(OCC2CO2)C=C1)C1=CC=C(OCC2CO2)C=C1,188,O=P(OC1=CC=C(C=C1)NC(P2(OC3=C(C4=CC=CC=C42)C=CC=C3)=O)C5=CC=C(C=C5)C(P6(OC7=C(C8=CC=CC=C86)C=CC=C7)=O)NC9=CC=C(C=C9)O)(C%10=CC=CC=C%10)O,8.34,N#CNC(=N)N,4.98,90,1.5,120,2,155,2.5,0,0,0,0,0,0,0,0,0,0,0,0,0,0,CN(C)C(NC1=CC=CC=C1)=O,0.9,,0,,0
CC(C)(C1=CC=C(OCC2CO2)C=C1)C1=CC=C(OCC2CO2)C=C1,188,O=P(OC1=CC=C(C=C1)NC(P2(OC3=C(C4=CC=CC=C42)C=CC=C3)=O)C5=CC=C(C=C5)C(P6(OC7=C(C8=CC=CC=C86)C=CC=C7)=O)NC9=CC=C(C=C9)O)(C%10=CC=CC=C%10)O,18.03,N#CNC(=N)N,4.98,90,1.5,120,2,155,2.5,0,0,0,0,0,0,0,0,0,0,0,0,0,0,CN(C)C(NC1=CC=CC=C1)=O,0.8,,0,,0
CC(C)(C1=CC=C(OCC2CO2)C=C1)C1=CC=C(OCC2CO2)C=C1,188,O=P(OC1=CC=C(C=C1)NC(P2(OC3=C(C4=CC=CC=C42)C=CC=C3)=O)C5=CC=C(C=C5)C(P6(OC7=C(C8=CC=CC=C86)C=CC=C7)=O)NC9=CC=C(C=C9)O)(C%10=CC=CC=C%10)O,0,N#CNC(=N)N,5,90,1.5,120,2,155,2.5,0,0,0,0,0,0,0,0,0,0,0,0,0,0,CN(C)C(NC1=CC=CC=C1)=O,1,,0,,0
CC(C)(C1=CC=C(OCC2CO2)C=C1)C1=CC=C(OCC2CO2)C=C1,188,C=CCNP(=O)(NCC=C)C1=CC=CC=C1,1,NC1=CC=C(S(=O)(=O)C2=CC=C(N)C=C2)C=C1,25.12,160,1,180,2,200,1,0,0,0,0,0,0,0,0,0,0,0,0,0,0,,0,,0,,0
CC(C)(C1=CC=C(OCC2CO2)C=C1)C1=CC=C(OCC2CO2)C=C1,188,C=CCNP(=O)(NCC=C)C1=CC=CC=C1,3,NC1=CC=C(S(=O)(=O)C2=CC=C(N)C=C2)C=C1,24.61,160,1,180,2,200,1,0,0,0,0,0,0,0,0,0,0,0,0,0,0,,0,,0,,0
CC(C)(C1=CC=C(OCC2CO2)C=C1)C1=CC=C(OCC2CO2)C=C1,188,C=CCNP(=O)(NCC=C)C1=CC=CC=C1,5,NC1=CC=C(S(=O)(=O)C2=CC=C(N)C=C2)C=C1,24.1,160,1,180,2,200,1,0,0,0,0,0,0,0,0,0,0,0,0,0,0,,0,,0,,0
CC(C)(C1=CC=C(OCC2CO2)C=C1)C1=CC=C(OCC2CO2)C=C1,188,C=CCNP(=O)(O)NCC=C,1,NC1=CC=C(S(=O)(=O)C2=CC=C(N)C=C2)C=C1,25.12,160,1,180,2,200,1,0,0,0,0,0,0,0,0,0,0,0,0,0,0,,0,,0,,0
CC(C)(C1=CC=C(OCC2CO2)C=C1)C1=CC=C(OCC2CO2)C=C1,188,C=CCNP(=O)(O)NCC=C,3,NC1=CC=C(S(=O)(=O)C2=CC=C(N)C=C2)C=C1,24.61,160,1,180,2,200,1,0,0,0,0,0,0,0,0,0,0,0,0,0,0,,0,,0,,0
CC(C)(C1=CC=C(OCC2CO2)C=C1)C1=CC=C(OCC2CO2)C=C1,188,C=CCNP(=O)(O)NCC=C,5,NC1=CC=C(S(=O)(=O)C2=CC=C(N)C=C2)C=C1,24.1,160,1,180,2,200,1,0,0,0,0,0,0,0,0,0,0,0,0,0,0,,0,,0,,0
CC(C)(C1=CC=C(OCC2CO2)C=C1)C1=CC=C(OCC2CO2)C=C1,188,C=CCNP(=O)(O)NCC=C,30,NC1=CC=C(S(=O)(=O)C2=CC=C(N)C=C2)C=C1,17.76,160,1,180,2,200,1,0,0,0,0,0,0,0,0,0,0,0,0,0,0,,0,,0,,0
CC(C)(C1=CC=C(OCC2CO2)C=C1)C1=CC=C(OCC2CO2)C=C1,188,CCCCCCCCNP(=O)(NCCCCCCCC)C1=CC=CC=C1,7.5,NC1=CC=C(S(=O)(=O)C2=CC=C(N)C=C2)C=C1,23.47,160,1,180,2,200,1,0,0,0,0,0,0,0,0,0,0,0,0,0,0,,0,,0,,0
CC(C)(C1=CC=C(OCC2CO2)C=C1)C1=CC=C(OCC2CO2)C=C1,188,CCCCCCCCNP(=O)(NCCCCCCCC)OC1=CC=CC=C1,7.5,NC1=CC=C(S(=O)(=O)C2=CC=C(N)C=C2)C=C1,23.47,160,1,180,2,200,1,0,0,0,0,0,0,0,0,0,0,0,0,0,0,,0,,0,,0
CC(C)(C1=CC=C(OCC2CO2)C=C1)C1=CC=C(OCC2CO2)C=C1,188,O=P(NCCC1=CC=CC=C1)(NCCC1=CC=CC=C1)OC1=CC=CC=C1,7.7,NC1=CC=C(S(=O)(=O)C2=CC=C(N)C=C2)C=C1,23.42,160,1,180,2,200,1,0,0,0,0,0,0,0,0,0,0,0,0,0,0,,0,,0,,0
CC(C)(C1=CC=C(OCC2CO2)C=C1)C1=CC=C(OCC2CO2)C=C1,188,O=P(NCCC1=CC=CC=C1)(NCCC1=CC=CC=C1)C1=CC=CC=C1,7.7,NC1=CC=C(S(=O)(=O)C2=CC=C(N)C=C2)C=C1,23.42,160,1,180,2,200,1,0,0,0,0,0,0,0,0,0,0,0,0,0,0,,0,,0,,0
CC(C)(C1=CC=C(OCC2CO2)C=C1)C1=CC=C(OCC2CO2)C=C1,188,O=P(NCCC1=CC=CC=C1)(NCCC1=CC=CC=C1)C1=CC=CC=C1,0,NC1=CC=C(S(=O)(=O)C2=CC=C(N)C=C2)C=C1,25.37313433,160,1,180,2,200,1,0,0,0,0,0,0,0,0,0,0,0,0,0,0,,0,,0,,0
CC(C)(C1=CC=C(OCC2CO2)C=C1)C1=CC=C(OCC2CO2)C=C1,188,O=C1C=CC(=O)N1C1=CC=C(OP2(OC3=CC=C(N4C(=O)C=CC4=O)C=C3)=NP(OC3=CC=C(N4C(=O)C=CC4=O)C=C3)(OC3=CC=C(N4C(=O)C=CC4=O)C=C3)=NP(OC3=CC=C(N4C(=O)C=CC4=O)C=C3)(OC3=CC=C(N4C(=O)C=CC4=O)C=C3)=N2)C=C1,3.4,NC1=CC=C(S(=O)(=O)C2=CC=C(N)C=C2)C=C1,24.73,160,2,180,4,200,2,0,0,0,0,0,0,0,0,0,0,0,0,0,0,,0,,0,,0
CC(C)(C1=CC=C(OCC2CO2)C=C1)C1=CC=C(OCC2CO2)C=C1,188,O=C1C=CC(=O)N1C1=CC=C(OP2(OC3=CC=C(N4C(=O)C=CC4=O)C=C3)=NP(OC3=CC=C(N4C(=O)C=CC4=O)C=C3)(OC3=CC=C(N4C(=O)C=CC4=O)C=C3)=NP(OC3=CC=C(N4C(=O)C=CC4=O)C=C3)(OC3=CC=C(N4C(=O)C=CC4=O)C=C3)=N2)C=C1,6.8,NC1=CC=C(S(=O)(=O)C2=CC=C(N)C=C2)C=C1,24.61,160,2,180,4,200,2,0,0,0,0,0,0,0,0,0,0,0,0,0,0,,0,,0,,0
CC(C)(C1=CC=C(OCC2CO2)C=C1)C1=CC=C(OCC2CO2)C=C1,188,O=C1C=CC(=O)N1C1=CC=C(OP2(OC3=CC=C(N4C(=O)C=CC4=O)C=C3)=NP(OC3=CC=C(N4C(=O)C=CC4=O)C=C3)(OC3=CC=C(N4C(=O)C=CC4=O)C=C3)=NP(OC3=CC=C(N4C(=O)C=CC4=O)C=C3)(OC3=CC=C(N4C(=O)C=CC4=O)C=C3)=N2)C=C1,10.2,NC1=CC=C(S(=O)(=O)C2=CC=C(N)C=C2)C=C1,24.54,160,2,180,4,200,2,0,0,0,0,0,0,0,0,0,0,0,0,0,0,,0,,0,,0
CC(C)(C1=CC=C(OCC2CO2)C=C1)C1=CC=C(OCC2CO2)C=C1,188,O=C1C=CC(=O)N1C1=CC=C(OP2(OC3=CC=C(N4C(=O)C=CC4=O)C=C3)=NP(OC3=CC=C(N4C(=O)C=CC4=O)C=C3)(OC3=CC=C(N4C(=O)C=CC4=O)C=C3)=NP(OC3=CC=C(N4C(=O)C=CC4=O)C=C3)(OC3=CC=C(N4C(=O)C=CC4=O)C=C3)=N2)C=C1,13.6,NC1=CC=C(S(=O)(=O)C2=CC=C(N)C=C2)C=C1,24.47,160,2,180,4,200,2,0,0,0,0,0,0,0,0,0,0,0,0,0,0,,0,,0,,0
CC(C)(C1=CC=C(OCC2CO2)C=C1)C1=CC=C(OCC2CO2)C=C1,188,O=C1C=CC(=O)N1C1=CC=C(OP2(OC3=CC=C(N4C(=O)C=CC4=O)C=C3)=NP(OC3=CC=C(N4C(=O)C=CC4=O)C=C3)(OC3=CC=C(N4C(=O)C=CC4=O)C=C3)=NP(OC3=CC=C(N4C(=O)C=CC4=O)C=C3)(OC3=CC=C(N4C(=O)C=CC4=O)C=C3)=N2)C=C1,17,NC1=CC=C(S(=O)(=O)C2=CC=C(N)C=C2)C=C1,24.35,160,2,180,4,200,2,0,0,0,0,0,0,0,0,0,0,0,0,0,0,,0,,0,,0
CC(C)(C1=CC=C(OCC2CO2)C=C1)C1=CC=C(OCC2CO2)C=C1,188,O=C1C=CC(=O)N1C1=CC=C(OP2(OC3=CC=C(N4C(=O)C=CC4=O)C=C3)=NP(OC3=CC=C(N4C(=O)C=CC4=O)C=C3)(OC3=CC=C(N4C(=O)C=CC4=O)C=C3)=NP(OC3=CC=C(N4C(=O)C=CC4=O)C=C3)(OC3=CC=C(N4C(=O)C=CC4=O)C=C3)=N2)C=C1,0,NC1=CC=C(S(=O)(=O)C2=CC=C(N)C=C2)C=C1,24.81203008,160,2,180,5,0,0,0,0,0,0,0,0,0,0,0,0,0,0,0,0,,0,,0,,0
CC(C)(C1=CC=C(OCC2CO2)C=C1)C1=CC=C(OCC2CO2)C=C1,185,CC(C)(C1=CC=C(OP2(NC3=CC=CC=C3)=N[PH](NC3=CC=CC=C3)=NP(NC3=CC=CC=C3)(NC3=CC=CC=C3)=N2)C=C1)C1=CC=C(OP2(NC3=CC=CC=C3)=NP(NC3=CC=CC=C3)(NC3=CC=CC=C3)=NP(NC3=CC=CC=C3)(NC3=CC=CC=C3)=N2)C=C1,3,NC1=CC=C(CC2=CC=C(N)C=C2)C=C1,17.26,90,2,130,2,0,0,0,0,0,0,0,0,0,0,0,0,0,0,0,0,,0,,0,,0
CC(C)(C1=CC=C(OCC2CO2)C=C1)C1=CC=C(OCC2CO2)C=C1,185,CC(C)(C1=CC=C(OP2(NC3=CC=CC=C3)=N[PH](NC3=CC=CC=C3)=NP(NC3=CC=CC=C3)(NC3=CC=CC=C3)=N2)C=C1)C1=CC=C(OP2(NC3=CC=CC=C3)=NP(NC3=CC=CC=C3)(NC3=CC=CC=C3)=NP(NC3=CC=CC=C3)(NC3=CC=CC=C3)=N2)C=C1,6,NC1=CC=C(CC2=CC=C(N)C=C2)C=C1,16.8,90,2,130,2,0,0,0,0,0,0,0,0,0,0,0,0,0,0,0,0,,0,,0,,0
CC(C)(C1=CC=C(OCC2CO2)C=C1)C1=CC=C(OCC2CO2)C=C1,185,CC(C)(C1=CC=C(OP2(NC3=CC=CC=C3)=N[PH](NC3=CC=CC=C3)=NP(NC3=CC=CC=C3)(NC3=CC=CC=C3)=N2)C=C1)C1=CC=C(OP2(NC3=CC=CC=C3)=NP(NC3=CC=CC=C3)(NC3=CC=CC=C3)=NP(NC3=CC=CC=C3)(NC3=CC=CC=C3)=N2)C=C1,9,NC1=CC=C(CC2=CC=C(N)C=C2)C=C1,16.35,90,2,130,2,0,0,0,0,0,0,0,0,0,0,0,0,0,0,0,0,,0,,0,,0
CC(C)(C1=CC=C(OCC2CO2)C=C1)C1=CC=C(OCC2CO2)C=C1,185,CC(C)(C1=CC=C(OP2(NC3=CC=CC=C3)=N[PH](NC3=CC=CC=C3)=NP(NC3=CC=CC=C3)(NC3=CC=CC=C3)=N2)C=C1)C1=CC=C(OP2(NC3=CC=CC=C3)=NP(NC3=CC=CC=C3)(NC3=CC=CC=C3)=NP(NC3=CC=CC=C3)(NC3=CC=CC=C3)=N2)C=C1,0,NC1=CC=C(CC2=CC=C(N)C=C2)C=C1,21.18226601,90,2,130,2,0,0,0,0,0,0,0,0,0,0,0,0,0,0,0,0,,0,,0,,0
CC(C)(C1=CC=C(OCC2CO2)C=C1)C1=CC=C(OCC2CO2)C=C1,196,O=C1N(CCCP2(=O)OC3=CC=CC=C3C3=C2C=CC=C3)C(=O)N(CCCP2(=O)OC3=C(C=CC=C3)C3=C2C=CC=C3)C(=O)N1CCCP1(=O)OC2=C(C=CC=C2)C2=C1C=CC=C2,6,NC1=CC=C(S(=O)(=O)C2=CC=C(N)C=C2)C=C1,22.57,150,3,180,5,0,0,0,0,0,0,0,0,0,0,0,0,0,0,0,0,,0,,0,,0
CC(C)(C1=CC=C(OCC2CO2)C=C1)C1=CC=C(OCC2CO2)C=C1,196,O=C1N(CCCP2(=O)OC3=CC=CC=C3C3=C2C=CC=C3)C(=O)N(CCCP2(=O)OC3=C(C=CC=C3)C3=C2C=CC=C3)C(=O)N1CCCP1(=O)OC2=C(C=CC=C2)C2=C1C=CC=C2,8,NC1=CC=C(S(=O)(=O)C2=CC=C(N)C=C2)C=C1,22.1,150,3,180,5,0,0,0,0,0,0,0,0,0,0,0,0,0,0,0,0,,0,,0,,0
CC(C)(C1=CC=C(OCC2CO2)C=C1)C1=CC=C(OCC2CO2)C=C1,196,O=C1N(CCCP2(=O)OC3=CC=CC=C3C3=C2C=CC=C3)C(=O)N(CCCP2(=O)OC3=C(C=CC=C3)C3=C2C=CC=C3)C(=O)N1CCCP1(=O)OC2=C(C=CC=C2)C2=C1C=CC=C2,10,NC1=CC=C(S(=O)(=O)C2=CC=C(N)C=C2)C=C1,21.61,150,3,180,5,0,0,0,0,0,0,0,0,0,0,0,0,0,0,0,0,,0,,0,,0
CC(C)(C1=CC=C(OCC2CO2)C=C1)C1=CC=C(OCC2CO2)C=C1,196,O=C1N(CCCP2(=O)OC3=CC=CC=C3C3=C2C=CC=C3)C(=O)N(CCCP2(=O)OC3=C(C=CC=C3)C3=C2C=CC=C3)C(=O)N1CCCP1(=O)OC2=C(C=CC=C2)C2=C1C=CC=C2,12,NC1=CC=C(S(=O)(=O)C2=CC=C(N)C=C2)C=C1,21.14,150,3,180,5,0,0,0,0,0,0,0,0,0,0,0,0,0,0,0,0,,0,,0,,0
CC(C)(C1=CC=C(OCC2CO2)C=C1)C1=CC=C(OCC2CO2)C=C1,196,O=C1N(CCCP2(=O)OC3=CC=CC=C3C3=C2C=CC=C3)C(=O)N(CCCP2(=O)OC3=C(C=CC=C3)C3=C2C=CC=C3)C(=O)N1CCCP1(=O)OC2=C(C=CC=C2)C2=C1C=CC=C2,0,NC1=CC=C(S(=O)(=O)C2=CC=C(N)C=C2)C=C1,24.01215805,150,3,180,5,0,0,0,0,0,0,0,0,0,0,0,0,0,0,0,0,,0,,0,,0
CC(C)(C1=CC=C(OCC2CO2)C=C1)C1=CC=C(OCC2CO2)C=C1,196,C=CCN(C(N(CC=C)C(N1CC=C)=O)=O)C1=O,10,NC1=CC=C(S(=O)(=O)C2=CC=C(N)C=C2)C=C1,21.61,150,3,180,5,0,0,0,0,0,0,0,0,0,0,0,0,0,0,0,0,,0,,0,,0
CC(C)(C1=CC=C(OCC2CO2)C=C1)C1=CC=C(OCC2CO2)C=C1,196,O=P1OC2=CC=CC=C2C3=C1C=CC=C3,10,NC1=CC=C(S(=O)(=O)C2=CC=C(N)C=C2)C=C1,21.61,150,3,180,5,0,0,0,0,0,0,0,0,0,0,0,0,0,0,0,0,,0,,0,,0
CC(C)(C1=CC=C(OCC2CO2)C=C1)C1=CC=C(OCC2CO2)C=C1,188,O=C1N(C(N(C(N1CC(COC2=CC=C(C=C2)N3C(CC(C3=O)P4(OC5=C(C6=C4C=CC=C6)C=CC=C5)=O)=O)O)=O)CC(COC7=CC=C(C=C7)N8C(CC(C8=O)P9(OC%10=C(C%11=C9C=CC=C%11)C=CC=C%10)=O)=O)O)=O)CC(COC%12=CC=C(C=C%12)N%13C(CC(C%13=O)P%14(OC%15=CC=CC=C%15C%16=CC=CC=C%16%14)=O)=O)O,3.6,NC1=CC=C(S(=O)(=O)C2=CC=C(N)C=C2)C=C1,24,160,2,180,5,0,0,0,0,0,0,0,0,0,0,0,0,0,0,0,0,,0,,0,,0
CC(C)(C1=CC=C(OCC2CO2)C=C1)C1=CC=C(OCC2CO2)C=C1,188,O=C1N(C(N(C(N1CC(COC2=CC=C(C=C2)N3C(CC(C3=O)P4(OC5=C(C6=C4C=CC=C6)C=CC=C5)=O)=O)O)=O)CC(COC7=CC=C(C=C7)N8C(CC(C8=O)P9(OC%10=C(C%11=C9C=CC=C%11)C=CC=C%10)=O)=O)O)=O)CC(COC%12=CC=C(C=C%12)N%13C(CC(C%13=O)P%14(OC%15=CC=CC=C%15C%16=CC=CC=C%16%14)=O)=O)O,6.6,NC1=CC=C(S(=O)(=O)C2=CC=C(N)C=C2)C=C1,23.16,160,2,180,5,0,0,0,0,0,0,0,0,0,0,0,0,0,0,0,0,,0,,0,,0
CC(C)(C1=CC=C(OCC2CO2)C=C1)C1=CC=C(OCC2CO2)C=C1,188,O=C1N(C(N(C(N1CC(COC2=CC=C(C=C2)N3C(CC(C3=O)P4(OC5=C(C6=C4C=CC=C6)C=CC=C5)=O)=O)O)=O)CC(COC7=CC=C(C=C7)N8C(CC(C8=O)P9(OC%10=C(C%11=C9C=CC=C%11)C=CC=C%10)=O)=O)O)=O)CC(COC%12=CC=C(C=C%12)N%13C(CC(C%13=O)P%14(OC%15=CC=CC=C%15C%16=CC=CC=C%16%14)=O)=O)O,10,NC1=CC=C(S(=O)(=O)C2=CC=C(N)C=C2)C=C1,22.33,160,2,180,5,0,0,0,0,0,0,0,0,0,0,0,0,0,0,0,0,,0,,0,,0
CC(C)(C1=CC=C(OCC2CO2)C=C1)C1=CC=C(OCC2CO2)C=C1,188,O=C1N(C(N(C(N1CC(COC2=CC=C(C=C2)N3C(CC(C3=O)P4(OC5=C(C6=C4C=CC=C6)C=CC=C5)=O)=O)O)=O)CC(COC7=CC=C(C=C7)N8C(CC(C8=O)P9(OC%10=C(C%11=C9C=CC=C%11)C=CC=C%10)=O)=O)O)=O)CC(COC%12=CC=C(C=C%12)N%13C(CC(C%13=O)P%14(OC%15=CC=CC=C%15C%16=CC=CC=C%16%14)=O)=O)O,13.5,NC1=CC=C(S(=O)(=O)C2=CC=C(N)C=C2)C=C1,21.46,160,2,180,5,0,0,0,0,0,0,0,0,0,0,0,0,0,0,0,0,,0,,0,,0
CC(C)(C1=CC=C(OCC2CO2)C=C1)C1=CC=C(OCC2CO2)C=C1,188,O=C1N(C(N(C(N1CC(COC2=CC=C(C=C2)N3C(CC(C3=O)P4(OC5=C(C6=C4C=CC=C6)C=CC=C5)=O)=O)O)=O)CC(COC7=CC=C(C=C7)N8C(CC(C8=O)P9(OC%10=C(C%11=C9C=CC=C%11)C=CC=C%10)=O)=O)O)=O)CC(COC%12=CC=C(C=C%12)N%13C(CC(C%13=O)P%14(OC%15=CC=CC=C%15C%16=CC=CC=C%16%14)=O)=O)O,17,NC1=CC=C(S(=O)(=O)C2=CC=C(N)C=C2)C=C1,20.59,160,2,180,5,0,0,0,0,0,0,0,0,0,0,0,0,0,0,0,0,,0,,0,,0
CC(C)(C1=CC=C(OCC2CO2)C=C1)C1=CC=C(OCC2CO2)C=C1,188,O=C1N(C(N(C(N1CC(COC2=CC=C(C=C2)N3C(CC(C3=O)P4(OC5=C(C6=C4C=CC=C6)C=CC=C5)=O)=O)O)=O)CC(COC7=CC=C(C=C7)N8C(CC(C8=O)P9(OC%10=C(C%11=C9C=CC=C%11)C=CC=C%10)=O)=O)O)=O)CC(COC%12=CC=C(C=C%12)N%13C(CC(C%13=O)P%14(OC%15=CC=CC=C%15C%16=CC=CC=C%16%14)=O)=O)O,0,NC1=CC=C(S(=O)(=O)C2=CC=C(N)C=C2)C=C1,24.81203008,160,2,180,5,0,0,0,0,0,0,0,0,0,0,0,0,0,0,0,0,,0,,0,,0
CC(C)(C1=CC=C(OCC2CO2)C=C1)C1=CC=C(OCC2CO2)C=C1,227,O=P1(NC2=NC3=C(C=CC=C3)S2)OC2=C(C=CC=C2)C2=C1C=CC=C2,5,NC1=CC=C(CC2=CC=C(N)C=C2)C=C1,19,100,2,150,3,0,0,0,0,0,0,0,0,0,0,0,0,0,0,0,0,,0,,0,,0
CC(C)(C1=CC=C(OCC2CO2)C=C1)C1=CC=C(OCC2CO2)C=C1,227,O=P1(NC2=NC3=C(C=CC=C3)S2)OC2=C(C=CC=C2)C2=C1C=CC=C2,7.5,NC1=CC=C(CC2=CC=C(N)C=C2)C=C1,18.5,100,2,150,3,0,0,0,0,0,0,0,0,0,0,0,0,0,0,0,0,,0,,0,,0
CC(C)(C1=CC=C(OCC2CO2)C=C1)C1=CC=C(OCC2CO2)C=C1,227,O=P1(NC2=NC3=C(C=CC=C3)S2)OC2=C(C=CC=C2)C2=C1C=CC=C2,10,NC1=CC=C(CC2=CC=C(N)C=C2)C=C1,18,100,2,150,3,0,0,0,0,0,0,0,0,0,0,0,0,0,0,0,0,,0,,0,,0
CC(C)(C1=CC=C(OCC2CO2)C=C1)C1=CC=C(OCC2CO2)C=C1,227,O=P1(NC2=NC3=C(C=CC=C3)S2)OC2=C(C=CC=C2)C2=C1C=CC=C2,12.5,NC1=CC=C(CC2=CC=C(N)C=C2)C=C1,17.5,100,2,150,3,0,0,0,0,0,0,0,0,0,0,0,0,0,0,0,0,,0,,0,,0
CC(C)(C1=CC=C(OCC2CO2)C=C1)C1=CC=C(OCC2CO2)C=C1,227,O=P1(NC2=NC3=C(C=CC=C3)S2)OC2=C(C=CC=C2)C2=C1C=CC=C2,0,NC1=CC=C(CC2=CC=C(N)C=C2)C=C1,20,100,2,150,3,0,0,0,0,0,0,0,0,0,0,0,0,0,0,0,0,,0,,0,,0
CC(C)(C1=CC=C(OCC2CO2)C=C1)C1=CC=C(OCC2CO2)C=C1,227,[H]P1(=O)OC2=C(C=CC=C2)C2=C1C=CC=C2,4.507257448,NC1=CC=C(CC2=CC=C(N)C=C2)C=C1,19.09854851,100,2,150,3,0,0,0,0,0,0,0,0,0,0,0,0,0,0,0,0,,0,,0,,0
CC(C)(C1=CC=C(OCC2CO2)C=C1)C1=CC=C(OCC2CO2)C=C1,188,CC(O)CN1C(=O)N(CCCOB(O)O)C(=O)N(CC(O)CP2(=O)OC3=C(C=CC=C3)C3=C2C=CC=C3)C1=O,7,NC1=CC=C(S(=O)(=O)C2=CC=C(N)C=C2)C=C1,23.08,160,2,180,4,0,0,0,0,0,0,0,0,0,0,0,0,0,0,0,0,,0,,0,,0
CC(C)(C1=CC=C(OCC2CO2)C=C1)C1=CC=C(OCC2CO2)C=C1,188,CC(O)CN1C(=O)N(CCCOB(O)O)C(=O)N(CC(O)CP2(=O)OC3=C(C=CC=C3)C3=C2C=CC=C3)C1=O,10,NC1=CC=C(S(=O)(=O)C2=CC=C(N)C=C2)C=C1,22.34,160,2,180,4,0,0,0,0,0,0,0,0,0,0,0,0,0,0,0,0,,0,,0,,0
CC(C)(C1=CC=C(OCC2CO2)C=C1)C1=CC=C(OCC2CO2)C=C1,188,CC(O)CN1C(=O)N(CCCOB(O)O)C(=O)N(CC(O)CP2(=O)OC3=C(C=CC=C3)C3=C2C=CC=C3)C1=O,15,NC1=CC=C(S(=O)(=O)C2=CC=C(N)C=C2)C=C1,21.09,160,2,180,4,0,0,0,0,0,0,0,0,0,0,0,0,0,0,0,0,,0,,0,,0
CC(C)(C1=CC=C(OCC2CO2)C=C1)C1=CC=C(OCC2CO2)C=C1,188,CC(O)CN1C(=O)N(CCCOB(O)O)C(=O)N(CC(O)CP2(=O)OC3=C(C=CC=C3)C3=C2C=CC=C3)C1=O,20,NC1=CC=C(S(=O)(=O)C2=CC=C(N)C=C2)C=C1,19.84,160,2,180,4,0,0,0,0,0,0,0,0,0,0,0,0,0,0,0,0,,0,,0,,0
CC(C)(C1=CC=C(OCC2CO2)C=C1)C1=CC=C(OCC2CO2)C=C1,188,CC(O)CN1C(=O)N(CCCOB(O)O)C(=O)N(CC(O)CP2(=O)OC3=C(C=CC=C3)C3=C2C=CC=C3)C1=O,0,NC1=CC=C(S(=O)(=O)C2=CC=C(N)C=C2)C=C1,24.81203008,160,2,180,4,0,0,0,0,0,0,0,0,0,0,0,0,0,0,0,0,,0,,0,,0
CC(C)(C1=CC=C(OCC2CO2)C=C1)C1=CC=C(OCC2CO2)C=C1,188,[H]P1(=O)OC2=C(C=CC=C2)C2=C1C=CC=C2,6.993006993,NC1=CC=C(S(=O)(=O)C2=CC=C(N)C=C2)C=C1,23.07692308,160,2,180,4,0,0,0,0,0,0,0,0,0,0,0,0,0,0,0,0,,0,,0,,0
CC(C)(C1=CC=C(OCC2CO2)C=C1)C1=CC=C(OCC2CO2)C=C1,227,CCOP(CCCSCC(COC1=CC(OCC(CSCCCP(OCC)(OCC)=O)O)=CC(OCC(CSCCCP(OCC)(OC(C)=O)=O)O)=C1)O)(OCC)=O,10,CC1(C)CC(N)CC(C)(CN)C1,18,80,4,150,10,0,0,0,0,0,0,0,0,0,0,0,0,0,0,0,0,,0,,0,,0
CC(C)(C1=CC=C(OCC2CO2)C=C1)C1=CC=C(OCC2CO2)C=C1,227,CCOP(CCCSCC(COC1=CC(OCC(CSCCCP(OCC)(OCC)=O)O)=CC(OCC(CSCCCP(OCC)(OC(C)=O)=O)O)=C1)O)(OCC)=O,20.2,CC1(C)CC(N)CC(C)(CN)C1,16,80,4,150,10,0,0,0,0,0,0,0,0,0,0,0,0,0,0,0,0,,0,,0,,0
CC(C)(C1=CC=C(OCC2CO2)C=C1)C1=CC=C(OCC2CO2)C=C1,227,CCOP(CCCSCC(COC1=CC(OCC(CSCCCP(OCC)(OCC)=O)O)=CC(OCC(CSCCCP(OCC)(OC(C)=O)=O)O)=C1)O)(OCC)=O,30.2,CC1(C)CC(N)CC(C)(CN)C1,14,80,4,150,10,0,0,0,0,0,0,0,0,0,0,0,0,0,0,0,0,,0,,0,,0
CC(C)(C1=CC=C(OCC2CO2)C=C1)C1=CC=C(OCC2CO2)C=C1,227,CCCCCOC1=CC(OCC2CO2)=CC(OCC(O)CSCCCP(=O)(OCC)OCC)=C1,16.7,CC1(C)CC(N)CC(C)(CN)C1,18.7,80,4,150,10,0,0,0,0,0,0,0,0,0,0,0,0,0,0,0,0,,0,,0,,0
CC(C)(C1=CC=C(OCC2CO2)C=C1)C1=CC=C(OCC2CO2)C=C1,227,CCCCCOC1=CC(OCC2CO2)=CC(OCC(O)CSCCCP(=O)(OCC)OCC)=C1,33.1,CC1(C)CC(N)CC(C)(CN)C1,17.4,80,4,150,10,0,0,0,0,0,0,0,0,0,0,0,0,0,0,0,0,,0,,0,,0
CC(C)(C1=CC=C(OCC2CO2)C=C1)C1=CC=C(OCC2CO2)C=C1,227,CCCCCOC1=CC(OCC2CO2)=CC(OCC(O)CSCCCP(=O)(OCC)OCC)=C1,49.5,CC1(C)CC(N)CC(C)(CN)C1,16.1,80,4,150,10,0,0,0,0,0,0,0,0,0,0,0,0,0,0,0,0,,0,,0,,0
CC(C)(C1=CC=C(OCC2CO2)C=C1)C1=CC=C(OCC2CO2)C=C1,227,CCCCCOC1=CC(OCC2CO2)=CC(OCC(O)CSCCCP(=O)(OCC)OCC)=C1,0,CC1(C)CC(N)CC(C)(CN)C1,20,80,4,150,10,0,0,0,0,0,0,0,0,0,0,0,0,0,0,0,0,,0,,0,,0
CC(C)(C1=CC=C(OCC2CO2)C=C1)C1=CC=C(OCC2CO2)C=C1,196,O=C1N(C(N(C(N1CC(CP2(OC3=C(C4=C2C=CC=C4)C=CC=C3)=O)O)=O)CC(CP5(OC6=C(C7=C5C=CC=C7)C=CC=C6)=O)O)=O)CC(CP8(OC9=C(C%10=C8C=CC=C%10)C=CC=C9)=O)O,2,NC1=CC=C(CC2=CC=C(N)C=C2)C=C1,19.78107897,120,2,170,4,0,0,0,0,0,0,0,0,0,0,0,0,0,0,0,0,,0,,0,,0
CC(C)(C1=CC=C(OCC2CO2)C=C1)C1=CC=C(OCC2CO2)C=C1,196,O=C1N(C(N(C(N1CC(CP2(OC3=C(C4=C2C=CC=C4)C=CC=C3)=O)O)=O)CC(CP5(OC6=C(C7=C5C=CC=C7)C=CC=C6)=O)O)=O)CC(CP8(OC9=C(C%10=C8C=CC=C%10)C=CC=C9)=O)O,4,NC1=CC=C(CC2=CC=C(N)C=C2)C=C1,19.38697318,120,2,170,4,0,0,0,0,0,0,0,0,0,0,0,0,0,0,0,0,,0,,0,,0
CC(C)(C1=CC=C(OCC2CO2)C=C1)C1=CC=C(OCC2CO2)C=C1,196,O=C1N(C(N(C(N1CC(CP2(OC3=C(C4=C2C=CC=C4)C=CC=C3)=O)O)=O)CC(CP5(OC6=C(C7=C5C=CC=C7)C=CC=C6)=O)O)=O)CC(CP8(OC9=C(C%10=C8C=CC=C%10)C=CC=C9)=O)O,6,NC1=CC=C(CC2=CC=C(N)C=C2)C=C1,18.97974494,120,2,170,4,0,0,0,0,0,0,0,0,0,0,0,0,0,0,0,0,,0,,0,,0
CC(C)(C1=CC=C(OCC2CO2)C=C1)C1=CC=C(OCC2CO2)C=C1,196,O=C1N(C(N(C(N1CC(CP2(OC3=C(C4=C2C=CC=C4)C=CC=C3)=O)O)=O)CC(CP5(OC6=C(C7=C5C=CC=C7)C=CC=C6)=O)O)=O)CC(CP8(OC9=C(C%10=C8C=CC=C%10)C=CC=C9)=O)O,8,NC1=CC=C(CC2=CC=C(N)C=C2)C=C1,18.57562408,120,2,170,4,0,0,0,0,0,0,0,0,0,0,0,0,0,0,0,0,,0,,0,,0
CC(C)(C1=CC=C(OCC2CO2)C=C1)C1=CC=C(OCC2CO2)C=C1,196,O=C1N(C(N(C(N1CC(CP2(OC3=C(C4=C2C=CC=C4)C=CC=C3)=O)O)=O)CC(CP5(OC6=C(C7=C5C=CC=C7)C=CC=C6)=O)O)=O)CC(CP8(OC9=C(C%10=C8C=CC=C%10)C=CC=C9)=O)O,10,NC1=CC=C(CC2=CC=C(N)C=C2)C=C1,18.17528736,120,2,170,4,0,0,0,0,0,0,0,0,0,0,0,0,0,0,0,0,,0,,0,,0
CC(C)(C1=CC=C(OCC2CO2)C=C1)C1=CC=C(OCC2CO2)C=C1,196,O=C1N(C(N(C(N1CC(CP2(OC3=C(C4=C2C=CC=C4)C=CC=C3)=O)O)=O)CC(CP5(OC6=C(C7=C5C=CC=C7)C=CC=C6)=O)O)=O)CC(CP8(OC9=C(C%10=C8C=CC=C%10)C=CC=C9)=O)O,12,NC1=CC=C(CC2=CC=C(N)C=C2)C=C1,17.76685393,120,2,170,4,0,0,0,0,0,0,0,0,0,0,0,0,0,0,0,0,,0,,0,,0
CC(C)(C1=CC=C(OCC2CO2)C=C1)C1=CC=C(OCC2CO2)C=C1,196,O=C1N(C(N(C(N1CC(CP2(OC3=C(C4=C2C=CC=C4)C=CC=C3)=O)O)=O)CC(CP5(OC6=C(C7=C5C=CC=C7)C=CC=C6)=O)O)=O)CC(CP8(OC9=C(C%10=C8C=CC=C%10)C=CC=C9)=O)O,0,NC1=CC=C(S(=O)(=O)C2=CC=C(N)C=C2)C=C1,24.06985573,150,3,180,5,0,0,0,0,0,0,0,0,0,0,0,0,0,0,0,0,,0,,0,,0
CC(C)(C1=CC=C(OCC2CO2)C=C1)C1=CC=C(OCC2CO2)C=C1,196,O=C1N(C(N(C(N1CC(CP2(OC3=C(C4=C2C=CC=C4)C=CC=C3)=O)O)=O)CC(CP5(OC6=C(C7=C5C=CC=C7)C=CC=C6)=O)O)=O)CC(CP8(OC9=C(C%10=C8C=CC=C%10)C=CC=C9)=O)O,0,NC1=CC=C(CC2=CC=C(N)C=C2)C=C1,20.1915403,120,2,170,4,0,0,0,0,0,0,0,0,0,0,0,0,0,0,0,0,,0,,0,,0
CC(C)(C1=CC=C(OCC2CO2)C=C1)C1=CC=C(OCC2CO2)C=C1,196,O=C1N(C(N(C(N1CC(CP2(OC3=C(C4=C2C=CC=C4)C=CC=C3)=O)O)=O)CC(CP5(OC6=C(C7=C5C=CC=C7)C=CC=C6)=O)O)=O)CC(CP8(OC9=C(C%10=C8C=CC=C%10)C=CC=C9)=O)O,0,NC1=CC=CC(N)=C1,12.12653779,80,2,150,3,0,0,0,0,0,0,0,0,0,0,0,0,0,0,0,0,,0,,0,,0
CC(C)(C1=CC=C(OCC2CO2)C=C1)C1=CC=C(OCC2CO2)C=C1,196,O=C1N(C(N(C(N1CC(CP2(OC3=C(C4=C2C=CC=C4)C=CC=C3)=O)O)=O)CC(CP5(OC6=C(C7=C5C=CC=C7)C=CC=C6)=O)O)=O)CC(CP8(OC9=C(C%10=C8C=CC=C%10)C=CC=C9)=O)O,2,NC1=CC=C(S(=O)(=O)C2=CC=C(N)C=C2)C=C1,23.58630952,150,3,180,5,0,0,0,0,0,0,0,0,0,0,0,0,0,0,0,0,,0,,0,,0
CC(C)(C1=CC=C(OCC2CO2)C=C1)C1=CC=C(OCC2CO2)C=C1,196,O=C1N(C(N(C(N1CC(CP2(OC3=C(C4=C2C=CC=C4)C=CC=C3)=O)O)=O)CC(CP5(OC6=C(C7=C5C=CC=C7)C=CC=C6)=O)O)=O)CC(CP8(OC9=C(C%10=C8C=CC=C%10)C=CC=C9)=O)O,4,NC1=CC=C(S(=O)(=O)C2=CC=C(N)C=C2)C=C1,23.10495627,150,3,180,5,0,0,0,0,0,0,0,0,0,0,0,0,0,0,0,0,,0,,0,,0
CC(C)(C1=CC=C(OCC2CO2)C=C1)C1=CC=C(OCC2CO2)C=C1,196,O=C1N(C(N(C(N1CC(CP2(OC3=C(C4=C2C=CC=C4)C=CC=C3)=O)O)=O)CC(CP5(OC6=C(C7=C5C=CC=C7)C=CC=C6)=O)O)=O)CC(CP8(OC9=C(C%10=C8C=CC=C%10)C=CC=C9)=O)O,6,NC1=CC=C(S(=O)(=O)C2=CC=C(N)C=C2)C=C1,22.62669522,150,3,180,5,0,0,0,0,0,0,0,0,0,0,0,0,0,0,0,0,,0,,0,,0
CC(C)(C1=CC=C(OCC2CO2)C=C1)C1=CC=C(OCC2CO2)C=C1,196,O=C1N(C(N(C(N1CC(CP2(OC3=C(C4=C2C=CC=C4)C=CC=C3)=O)O)=O)CC(CP5(OC6=C(C7=C5C=CC=C7)C=CC=C6)=O)O)=O)CC(CP8(OC9=C(C%10=C8C=CC=C%10)C=CC=C9)=O)O,8,NC1=CC=C(S(=O)(=O)C2=CC=C(N)C=C2)C=C1,22.13687151,150,3,180,5,0,0,0,0,0,0,0,0,0,0,0,0,0,0,0,0,,0,,0,,0
CC(C)(C1=CC=C(OCC2CO2)C=C1)C1=CC=C(OCC2CO2)C=C1,196,O=C1N(C(N(C(N1CC(CP2(OC3=C(C4=C2C=CC=C4)C=CC=C3)=O)O)=O)CC(CP5(OC6=C(C7=C5C=CC=C7)C=CC=C6)=O)O)=O)CC(CP8(OC9=C(C%10=C8C=CC=C%10)C=CC=C9)=O)O,10,NC1=CC=C(S(=O)(=O)C2=CC=C(N)C=C2)C=C1,21.66780588,150,3,180,5,0,0,0,0,0,0,0,0,0,0,0,0,0,0,0,0,,0,,0,,0
CC(C)(C1=CC=C(OCC2CO2)C=C1)C1=CC=C(OCC2CO2)C=C1,196,O=C1N(C(N(C(N1CC(CP2(OC3=C(C4=C2C=CC=C4)C=CC=C3)=O)O)=O)CC(CP5(OC6=C(C7=C5C=CC=C7)C=CC=C6)=O)O)=O)CC(CP8(OC9=C(C%10=C8C=CC=C%10)C=CC=C9)=O)O,12,NC1=CC=C(S(=O)(=O)C2=CC=C(N)C=C2)C=C1,21.1756847,150,3,180,5,0,0,0,0,0,0,0,0,0,0,0,0,0,0,0,0,,0,,0,,0
CC(C)(C1=CC=C(OCC2CO2)C=C1)C1=CC=C(OCC2CO2)C=C1,196,O=C1N(C(N(C(N1CC(CP2(OC3=C(C4=C2C=CC=C4)C=CC=C3)=O)O)=O)CC(CP5(OC6=C(C7=C5C=CC=C7)C=CC=C6)=O)O)=O)CC(CP8(OC9=C(C%10=C8C=CC=C%10)C=CC=C9)=O)O,2,NC1=CC=CC(N)=C1,11.88425766,80,2,150,3,0,0,0,0,0,0,0,0,0,0,0,0,0,0,0,0,,0,,0,,0
CC(C)(C1=CC=C(OCC2CO2)C=C1)C1=CC=C(OCC2CO2)C=C1,196,O=C1N(C(N(C(N1CC(CP2(OC3=C(C4=C2C=CC=C4)C=CC=C3)=O)O)=O)CC(CP5(OC6=C(C7=C5C=CC=C7)C=CC=C6)=O)O)=O)CC(CP8(OC9=C(C%10=C8C=CC=C%10)C=CC=C9)=O)O,4,NC1=CC=CC(N)=C1,11.64556962,80,2,150,3,0,0,0,0,0,0,0,0,0,0,0,0,0,0,0,0,,0,,0,,0
CC(C)(C1=CC=C(OCC2CO2)C=C1)C1=CC=C(OCC2CO2)C=C1,196,O=C1N(C(N(C(N1CC(CP2(OC3=C(C4=C2C=CC=C4)C=CC=C3)=O)O)=O)CC(CP5(OC6=C(C7=C5C=CC=C7)C=CC=C6)=O)O)=O)CC(CP8(OC9=C(C%10=C8C=CC=C%10)C=CC=C9)=O)O,6,NC1=CC=CC(N)=C1,11.39554088,80,2,150,3,0,0,0,0,0,0,0,0,0,0,0,0,0,0,0,0,,0,,0,,0
CC(C)(C1=CC=C(OCC2CO2)C=C1)C1=CC=C(OCC2CO2)C=C1,196,O=C1N(C(N(C(N1CC(CP2(OC3=C(C4=C2C=CC=C4)C=CC=C3)=O)O)=O)CC(CP5(OC6=C(C7=C5C=CC=C7)C=CC=C6)=O)O)=O)CC(CP8(OC9=C(C%10=C8C=CC=C%10)C=CC=C9)=O)O,8,NC1=CC=CC(N)=C1,11.15602264,80,2,150,3,0,0,0,0,0,0,0,0,0,0,0,0,0,0,0,0,,0,,0,,0
CC(C)(C1=CC=C(OCC2CO2)C=C1)C1=CC=C(OCC2CO2)C=C1,196,O=C1N(C(N(C(N1CC(CP2(OC3=C(C4=C2C=CC=C4)C=CC=C3)=O)O)=O)CC(CP5(OC6=C(C7=C5C=CC=C7)C=CC=C6)=O)O)=O)CC(CP8(OC9=C(C%10=C8C=CC=C%10)C=CC=C9)=O)O,10,NC1=CC=CC(N)=C1,10.91772152,80,2,150,3,0,0,0,0,0,0,0,0,0,0,0,0,0,0,0,0,,0,,0,,0
CC(C)(C1=CC=C(OCC2CO2)C=C1)C1=CC=C(OCC2CO2)C=C1,196,O=C1N(C(N(C(N1CC(CP2(OC3=C(C4=C2C=CC=C4)C=CC=C3)=O)O)=O)CC(CP5(OC6=C(C7=C5C=CC=C7)C=CC=C6)=O)O)=O)CC(CP8(OC9=C(C%10=C8C=CC=C%10)C=CC=C9)=O)O,12,NC1=CC=CC(N)=C1,10.67285383,80,2,150,3,0,0,0,0,0,0,0,0,0,0,0,0,0,0,0,0,,0,,0,,0
CC(C)(C1=CC=C(OCC2CO2)C=C1)C1=CC=C(OCC2CO2)C=C1,196,C1CNP2(=NP3(=NP4(=N2)NCCN4)NCCN3)N1,20,C1CNP2(=NP3(=NP4(=N2)NCCN4)NCCN3)N1,20,110,2,140,2,160,3,0,0,0,0,0,0,0,0,0,0,0,0,0,0,CC1=NC=CN1,0.3,,0,,0
CC(C)(C1=CC=C(OCC2CO2)C=C1)C1=CC=C(OCC2CO2)C=C1,196,C1CNP2(=NP3(=NP4(=N2)NCCN4)NCCN3)N1,25,C1CNP2(=NP3(=NP4(=N2)NCCN4)NCCN3)N1,25,110,2,140,2,160,3,0,0,0,0,0,0,0,0,0,0,0,0,0,0,CC1=NC=CN1,0.3,,0,,0
CC(C)(C1=CC=C(OCC2CO2)C=C1)C1=CC=C(OCC2CO2)C=C1,196,C1CNP2(=NP3(=NP4(=N2)NCCN4)NCCN3)N1,30,C1CNP2(=NP3(=NP4(=N2)NCCN4)NCCN3)N1,30,110,2,140,2,160,3,0,0,0,0,0,0,0,0,0,0,0,0,0,0,CC1=NC=CN1,0.3,,0,,0
CC(C)(C1=CC=C(OCC2CO2)C=C1)C1=CC=C(OCC2CO2)C=C1,196,C1CNP2(=NP3(=NP4(=N2)NCCN4)NCCN3)N1,35,C1CNP2(=NP3(=NP4(=N2)NCCN4)NCCN3)N1,35,110,2,140,2,160,3,0,0,0,0,0,0,0,0,0,0,0,0,0,0,CC1=NC=CN1,0.3,,0,,0
CC(C)(C1=CC=C(OCC2CO2)C=C1)C1=CC=C(OCC2CO2)C=C1,185,CN=P(N=P(C)(OC1=CC=CC=C1)OC1=CC=CC=C1)(OC1=CC=CC=C1)OC1=CC=C(CCCCCCC2CO2)C=C1,10,NC1=CC=C(CC2=CC=C(N)C=C2)C=C1,18,150,3,180,2,0,0,0,0,0,0,0,0,0,0,0,0,0,0,0,0,CCN(CC1=CC(CN(C)C)=CC(CN(C)C)=C1O)C,0.3,,0,,0
CC(C)(C1=CC=C(OCC2CO2)C=C1)C1=CC=C(OCC2CO2)C=C1,185,CN=P(N=P(C)(OC1=CC=CC=C1)OC1=CC=CC=C1)(OC1=CC=CC=C1)OC1=CC=C(CCCCCCC2CO2)C=C1,20,NC1=CC=C(CC2=CC=C(N)C=C2)C=C1,16,150,3,180,2,0,0,0,0,0,0,0,0,0,0,0,0,0,0,0,0,CCN(CC1=CC(CN(C)C)=CC(CN(C)C)=C1O)C,0.3,,0,,0
CC(C)(C1=CC=C(OCC2CO2)C=C1)C1=CC=C(OCC2CO2)C=C1,185,CN=P(N=P(C)(OC1=CC=CC=C1)OC1=CC=CC=C1)(OC1=CC=CC=C1)OC1=CC=C(CCCCCCC2CO2)C=C1,30,NC1=CC=C(CC2=CC=C(N)C=C2)C=C1,14,150,3,180,2,0,0,0,0,0,0,0,0,0,0,0,0,0,0,0,0,CCN(CC1=CC(CN(C)C)=CC(CN(C)C)=C1O)C,0.3,,0,,0
CC(C)(C1=CC=C(OCC2CO2)C=C1)C1=CC=C(OCC2CO2)C=C1,185,CN=P(N=P(C)(OC1=CC=CC=C1)OC1=CC=CC=C1)(OC1=CC=CC=C1)OC1=CC=C(CCCCCCC2CO2)C=C1,0,NC1=CC=C(CC2=CC=C(N)C=C2)C=C1,20,150,3,180,2,0,0,0,0,0,0,0,0,0,0,0,0,0,0,0,0,CCN(CC1=CC(CN(C)C)=CC(CN(C)C)=C1O)C,0.3,,0,,0
CC(C)(C1=CC=C(OCC2CO2)C=C1)C1=CC=C(OCC2CO2)C=C1,227,NC1=CC=C(C=C1)S(=O)(C2=CC=C(C=C2)NP(Cl)(OCC34COP(OC3)(O4)=O)=O)=O,5,NC1=CC=CC(N)=C1,10.18675722,80,2,120,2,0,0,0,0,0,0,0,0,0,0,0,0,0,0,0,0,,0,,0,,0
CC(C)(C1=CC=C(OCC2CO2)C=C1)C1=CC=C(OCC2CO2)C=C1,227,NC1=CC=C(C=C1)S(=O)(C2=CC=C(C=C2)NP(Cl)(OCC34COP(OC3)(O4)=O)=O)=O,10,NC1=CC=CC(N)=C1,9.708737864,80,2,120,2,0,0,0,0,0,0,0,0,0,0,0,0,0,0,0,0,,0,,0,,0
CC(C)(C1=CC=C(OCC2CO2)C=C1)C1=CC=C(OCC2CO2)C=C1,227,NC1=CC=C(C=C1)S(=O)(C2=CC=C(C=C2)NP(Cl)(OCC34COP(OC3)(O4)=O)=O)=O,15,NC1=CC=CC(N)=C1,9.273570325,80,2,120,2,0,0,0,0,0,0,0,0,0,0,0,0,0,0,0,0,,0,,0,,0
CC(C)(C1=CC=C(OCC2CO2)C=C1)C1=CC=C(OCC2CO2)C=C1,227,NC1=CC=C(C=C1)S(=O)(C2=CC=C(C=C2)NP(Cl)(OCC34COP(OC3)(O4)=O)=O)=O,20,NC1=CC=CC(N)=C1,8.875739645,80,2,120,2,0,0,0,0,0,0,0,0,0,0,0,0,0,0,0,0,,0,,0,,0
CC(C)(C1=CC=C(OCC2CO2)C=C1)C1=CC=C(OCC2CO2)C=C1,227,NC1=CC=C(C=C1)S(=O)(C2=CC=C(C=C2)NP(Cl)(OCC34COP(OC3)(O4)=O)=O)=O,0,NC1=CC=CC(N)=C1,12,80,2,120,2,0,0,0,0,0,0,0,0,0,0,0,0,0,0,0,0,,0,,0,,0
CC(C)(C1=CC=C(OCC2CO2)C=C1)C1=CC=C(OCC2CO2)C=C1,227,NC1=CC=C(C=C1)S(=O)(C2=CC=C(C=C2)NP(Cl)(OCC34COP(OC3)(O4)=O)=O)=O,5,NC1=CC=CC(N)=C1,9.708737864,80,2,120,2,0,0,0,0,0,0,0,0,0,0,0,0,0,0,0,0,O=P([O-])([O-])[O-].[NH4+].[NH4+].[NH4+],5,,0,,0
CC(C)(C1=CC=C(OCC2CO2)C=C1)C1=CC=C(OCC2CO2)C=C1,196,O=P1(OC2=C(C3=C1C=CC=C3)C=CC=C2)C(C4=CC=C(C=C4)O)NC5=CC=C(C=C5)CC6=CC=C(C=C6)NC(P7(OC8=C(C9=C7C=CC=C9)C=CC=C8)=O)C%10=CC=C(C=C%10)O,3.4,NC1=CC=C(CC2=CC=C(N)C=C2)C=C1,18.88,80,1,100,1,120,1,150,3,180,2,0,0,0,0,0,0,0,0,0,0,,0,,0,,0
CC(C)(C1=CC=C(OCC2CO2)C=C1)C1=CC=C(OCC2CO2)C=C1,196,O=P1(OC2=C(C3=C1C=CC=C3)C=CC=C2)C(C4=CC=C(C=C4)O)NC5=CC=C(C=C5)CC6=CC=C(C=C6)NC(P7(OC8=C(C9=C7C=CC=C9)C=CC=C8)=O)C%10=CC=C(C=C%10)O,6.7,NC1=CC=C(CC2=CC=C(N)C=C2)C=C1,17.56,80,1,100,1,120,1,150,3,180,2,0,0,0,0,0,0,0,0,0,0,,0,,0,,0
CC(C)(C1=CC=C(OCC2CO2)C=C1)C1=CC=C(OCC2CO2)C=C1,196,O=P1(OC2=C(C3=C1C=CC=C3)C=CC=C2)C(C4=CC=C(C=C4)O)NC5=CC=C(C=C5)CC6=CC=C(C=C6)NC(P7(OC8=C(C9=C7C=CC=C9)C=CC=C8)=O)C%10=CC=C(C=C%10)O,13.5,NC1=CC=C(CC2=CC=C(N)C=C2)C=C1,14.89,80,1,100,1,120,1,150,3,180,2,0,0,0,0,0,0,0,0,0,0,,0,,0,,0
CC(C)(C1=CC=C(OCC2CO2)C=C1)C1=CC=C(OCC2CO2)C=C1,196,O=P1(OC2=C(C3=C1C=CC=C3)C=CC=C2)C(C4=CC=C(C=C4)O)NC5=CC=C(C=C5)CC6=CC=C(C=C6)NC(P7(OC8=C(C9=C7C=CC=C9)C=CC=C8)=O)C%10=CC=C(C=C%10)O,0,NC1=CC=C(CC2=CC=C(N)C=C2)C=C1,20.1915403,80,1,100,1,120,1,150,3,180,2,0,0,0,0,0,0,0,0,0,0,,0,,0,,0
CC(C)(C1=CC=C(OCC2CO2)C=C1)C1=CC=C(OCC2CO2)C=C1,188,CC1(COP(C(C2=CC=C(C=C2)OC3=NC(OC4=CC=C(C=C4)C(P5(OCC(C)(CO5)C)=O)O)=NC(OC6=CC=C(C=C6)C(P7(OCC(C)(CO7)C)=O)O)=N3)O)(OC1)=O)C,4.8,NC1=CC=C(S(=O)(=O)C2=CC=C(N)C=C2)C=C1,23.54145343,120,2,150,2,180,2,0,0,0,0,0,0,0,0,0,0,0,0,0,0,,0,,0,,0
CC(C)(C1=CC=C(OCC2CO2)C=C1)C1=CC=C(OCC2CO2)C=C1,188,CC1(COP(C(C2=CC=C(C=C2)OC3=NC(OC4=CC=C(C=C4)C(P5(OCC(C)(CO5)C)=O)O)=NC(OC6=CC=C(C=C6)C(P7(OCC(C)(CO7)C)=O)O)=N3)O)(OC1)=O)C,9.2,NC1=CC=C(S(=O)(=O)C2=CC=C(N)C=C2)C=C1,22.4609375,120,2,150,2,180,2,0,0,0,0,0,0,0,0,0,0,0,0,0,0,,0,,0,,0
CC(C)(C1=CC=C(OCC2CO2)C=C1)C1=CC=C(OCC2CO2)C=C1,188,CC1(COP(C(C2=CC=C(C=C2)OC3=NC(OC4=CC=C(C=C4)C(P5(OCC(C)(CO5)C)=O)O)=NC(OC6=CC=C(C=C6)C(P7(OCC(C)(CO7)C)=O)O)=N3)O)(OC1)=O)C,14.4,NC1=CC=C(S(=O)(=O)C2=CC=C(N)C=C2)C=C1,21.1786372,120,2,150,2,180,2,0,0,0,0,0,0,0,0,0,0,0,0,0,0,,0,,0,,0
CC(C)(C1=CC=C(OCC2CO2)C=C1)C1=CC=C(OCC2CO2)C=C1,188,OC1=CC=C(C=C1)OC2=NC(OC3=CC=C(O)C=C3)=NC(OC4=CC=C(C=C4)O)=N2,1.2,NC1=CC=C(S(=O)(=O)C2=CC=C(N)C=C2)C=C1,24.44208289,120,2,150,2,180,2,0,0,0,0,0,0,0,0,0,0,0,0,0,0,,0,,0,,0
CC(C)(C1=CC=C(OCC2CO2)C=C1)C1=CC=C(OCC2CO2)C=C1,188,OC1=CC=C(C=C1)OC2=NC(OC3=CC=C(O)C=C3)=NC(OC4=CC=C(C=C4)O)=N2,2.3,NC1=CC=C(S(=O)(=O)C2=CC=C(N)C=C2)C=C1,24.15966387,120,2,150,2,180,2,0,0,0,0,0,0,0,0,0,0,0,0,0,0,,0,,0,,0
CC(C)(C1=CC=C(OCC2CO2)C=C1)C1=CC=C(OCC2CO2)C=C1,188,OC1=CC=C(C=C1)OC2=NC(OC3=CC=C(O)C=C3)=NC(OC4=CC=C(C=C4)O)=N2,3.4,NC1=CC=C(S(=O)(=O)C2=CC=C(N)C=C2)C=C1,23.88369678,120,2,150,2,180,2,0,0,0,0,0,0,0,0,0,0,0,0,0,0,,0,,0,,0
CC(C)(C1=CC=C(OCC2CO2)C=C1)C1=CC=C(OCC2CO2)C=C1,188,CC1(COP(CC(O)C2=CC=CC=C2)(OC1)=O)C,4.1,NC1=CC=C(S(=O)(=O)C2=CC=C(N)C=C2)C=C1,23.71134021,120,2,150,2,180,2,0,0,0,0,0,0,0,0,0,0,0,0,0,0,,0,,0,,0
CC(C)(C1=CC=C(OCC2CO2)C=C1)C1=CC=C(OCC2CO2)C=C1,188,CC1(COP(CC(O)C2=CC=CC=C2)(OC1)=O)C,8.3,NC1=CC=C(S(=O)(=O)C2=CC=C(N)C=C2)C=C1,22.68244576,120,2,150,2,180,2,0,0,0,0,0,0,0,0,0,0,0,0,0,0,,0,,0,,0
CC(C)(C1=CC=C(OCC2CO2)C=C1)C1=CC=C(OCC2CO2)C=C1,188,CC1(COP(CC(O)C2=CC=CC=C2)(OC1)=O)C,12.4,NC1=CC=C(S(=O)(=O)C2=CC=C(N)C=C2)C=C1,21.65725047,120,2,150,2,180,2,0,0,0,0,0,0,0,0,0,0,0,0,0,0,,0,,0,,0
CC(C)(C1=CC=C(OCC2CO2)C=C1)C1=CC=C(OCC2CO2)C=C1,188,CC1(COP(CC(O)C2=CC=CC=C2)(OC1)=O)C,0,NC1=CC=C(S(=O)(=O)C2=CC=C(N)C=C2)C=C1,24.7311828,120,2,150,2,180,2,0,0,0,0,0,0,0,0,0,0,0,0,0,0,,0,,0,,0
CC(C)(C1=CC=C(OCC2CO2)C=C1)C1=CC=C(OCC2CO2)C=C1,188,O=C1CC(P2(=O)OC3=C(C=CC=C3)C3=CC=CC=C32)C(=O)N1C1=CC=C(OC2=NC(OC3=CC=C(N4C(=O)CC(P5(=O)OC6=C(C=CC=C6)C6=C5C=CC=C6)C4=O)C=C3)=NC(OC3=CC=C(N4C(=O)CC(P5(=O)OC6=C(C=CC=C6)C6=C5C=CC=C6)C4=O)C=C3)=N2)C=C1,7,NC1=CC=C(S(=O)(=O)C2=CC=C(N)C=C2)C=C1,23.07692308,160,2,180,5,0,0,0,0,0,0,0,0,0,0,0,0,0,0,0,0,,0,,0,,0
CC(C)(C1=CC=C(OCC2CO2)C=C1)C1=CC=C(OCC2CO2)C=C1,188,O=C1CC(P2(=O)OC3=C(C=CC=C3)C3=CC=CC=C32)C(=O)N1C1=CC=C(OC2=NC(OC3=CC=C(N4C(=O)CC(P5(=O)OC6=C(C=CC=C6)C6=C5C=CC=C6)C4=O)C=C3)=NC(OC3=CC=C(N4C(=O)CC(P5(=O)OC6=C(C=CC=C6)C6=C5C=CC=C6)C4=O)C=C3)=N2)C=C1,10.4,NC1=CC=C(S(=O)(=O)C2=CC=C(N)C=C2)C=C1,22.22222222,160,2,180,5,0,0,0,0,0,0,0,0,0,0,0,0,0,0,0,0,,0,,0,,0
CC(C)(C1=CC=C(OCC2CO2)C=C1)C1=CC=C(OCC2CO2)C=C1,188,O=C1CC(P2(=O)OC3=C(C=CC=C3)C3=CC=CC=C32)C(=O)N1C1=CC=C(OC2=NC(OC3=CC=C(N4C(=O)CC(P5(=O)OC6=C(C=CC=C6)C6=C5C=CC=C6)C4=O)C=C3)=NC(OC3=CC=C(N4C(=O)CC(P5(=O)OC6=C(C=CC=C6)C6=C5C=CC=C6)C4=O)C=C3)=N2)C=C1,13.9,NC1=CC=C(S(=O)(=O)C2=CC=C(N)C=C2)C=C1,21.3592233,160,2,180,5,0,0,0,0,0,0,0,0,0,0,0,0,0,0,0,0,,0,,0,,0
CC(C)(C1=CC=C(OCC2CO2)C=C1)C1=CC=C(OCC2CO2)C=C1,188,O=C1CC(P2(=O)OC3=C(C=CC=C3)C3=CC=CC=C32)C(=O)N1C1=CC=C(OC2=NC(OC3=CC=C(N4C(=O)CC(P5(=O)OC6=C(C=CC=C6)C6=C5C=CC=C6)C4=O)C=C3)=NC(OC3=CC=C(N4C(=O)CC(P5(=O)OC6=C(C=CC=C6)C6=C5C=CC=C6)C4=O)C=C3)=N2)C=C1,17.4,NC1=CC=C(S(=O)(=O)C2=CC=C(N)C=C2)C=C1,20.49689441,160,2,180,5,0,0,0,0,0,0,0,0,0,0,0,0,0,0,0,0,,0,,0,,0
CC(C)(C1=CC=C(OCC2CO2)C=C1)C1=CC=C(OCC2CO2)C=C1,188,O=C1CC(P2(=O)OC3=C(C=CC=C3)C3=CC=CC=C32)C(=O)N1C1=CC=C(OC2=NC(OC3=CC=C(N4C(=O)CC(P5(=O)OC6=C(C=CC=C6)C6=C5C=CC=C6)C4=O)C=C3)=NC(OC3=CC=C(N4C(=O)CC(P5(=O)OC6=C(C=CC=C6)C6=C5C=CC=C6)C4=O)C=C3)=N2)C=C1,20.8,NC1=CC=C(S(=O)(=O)C2=CC=C(N)C=C2)C=C1,19.64285714,160,2,180,5,0,0,0,0,0,0,0,0,0,0,0,0,0,0,0,0,,0,,0,,0
CC(C)(C1=CC=C(OCC2CO2)C=C1)C1=CC=C(OCC2CO2)C=C1,188,O=C1C=CC(=O)N1C1=CC=C(OC2=NC(OC3=CC=C(N4C(=O)C=CC4=O)C=C3)=NC(OC3=CC=C(N4C(=O)C=CC4=O)C=C3)=N2)C=C1,7,NC1=CC=C(S(=O)(=O)C2=CC=C(N)C=C2)C=C1,23.07692308,160,2,180,5,0,0,0,0,0,0,0,0,0,0,0,0,0,0,0,0,,0,,0,,0
CC(C)(C1=CC=C(OCC2CO2)C=C1)C1=CC=C(OCC2CO2)C=C1,188,O=C1C=CC(=O)N1C1=CC=C(OC2=NC(OC3=CC=C(N4C(=O)C=CC4=O)C=C3)=NC(OC3=CC=C(N4C(=O)C=CC4=O)C=C3)=N2)C=C1,0,NC1=CC=C(S(=O)(=O)C2=CC=C(N)C=C2)C=C1,24.81203008,160,2,180,5,0,0,0,0,0,0,0,0,0,0,0,0,0,0,0,0,,0,,0,,0
CC(C)(C1=CC=C(OCC2CO2)C=C1)C1=CC=C(OCC2CO2)C=C1,188,[H]P1(=O)OC2=C(C=CC=C2)C2=C1C=CC=C2,7,NC1=CC=C(S(=O)(=O)C2=CC=C(N)C=C2)C=C1,23.07692308,160,2,180,5,0,0,0,0,0,0,0,0,0,0,0,0,0,0,0,0,,0,,0,,0
CC(C)(C1=CC=C(OCC2CO2)C=C1)C1=CC=C(OCC2CO2)C=C1,227,CC(C1=CC=C(C=C1)OP(O)(OC2=CC=CC=C2)=O)(C)C3=CC=C(C=C3)O,5,NC1=CC=CC(N)=C1,8.56557377,80,2,120,2,0,0,0,0,0,0,0,0,0,0,0,0,0,0,0,0,,0,,0,,0
CC(C)(C1=CC=C(OCC2CO2)C=C1)C1=CC=C(OCC2CO2)C=C1,227,CC(C1=CC=C(C=C1)OP(O)(OC2=CC=CC=C2)=O)(C)C3=CC=C(C=C3)O,10,NC1=CC=CC(N)=C1,8.114754098,80,2,120,2,0,0,0,0,0,0,0,0,0,0,0,0,0,0,0,0,,0,,0,,0
CC(C)(C1=CC=C(OCC2CO2)C=C1)C1=CC=C(OCC2CO2)C=C1,227,CC(C1=CC=C(C=C1)OP(O)(OC2=CC=CC=C2)=O)(C)C3=CC=C(C=C3)O,15,NC1=CC=CC(N)=C1,7.663934426,80,2,120,2,0,0,0,0,0,0,0,0,0,0,0,0,0,0,0,0,,0,,0,,0
CC(C)(C1=CC=C(OCC2CO2)C=C1)C1=CC=C(OCC2CO2)C=C1,227,CC(C1=CC=C(C=C1)OP(O)(OC2=CC=CC=C2)=O)(C)C3=CC=C(C=C3)O,20,NC1=CC=CC(N)=C1,7.213114754,80,2,120,2,0,0,0,0,0,0,0,0,0,0,0,0,0,0,0,0,,0,,0,,0
CC(C)(C1=CC=C(OCC2CO2)C=C1)C1=CC=C(OCC2CO2)C=C1,227,CC(C1=CC=C(C=C1)OP(O)(OC2=CC=CC=C2)=O)(C)C3=CC=C(C=C3)O,0,NC1=CC=CC(N)=C1,9.90990991,80,2,120,2,0,0,0,0,0,0,0,0,0,0,0,0,0,0,0,0,,0,,0,,0
CC(C)(C1=CC=C(OCC2CO2)C=C1)C1=CC=C(OCC2CO2)C=C1,196,O=[PH]1C2=C(C=CC=C2)NC2=C1C=CC=C2,0.5,NC1=CC=C(CC2=CC=C(N)C=C2)C=C1,19.89,80,2,110,1,150,2,180,2,200,2,0,0,0,0,0,0,0,0,0,0,,0,,0,,0
CC(C)(C1=CC=C(OCC2CO2)C=C1)C1=CC=C(OCC2CO2)C=C1,196,O=[PH]1C2=C(C=CC=C2)NC2=C1C=CC=C2,1,NC1=CC=C(CC2=CC=C(N)C=C2)C=C1,19.61,80,2,110,1,150,2,180,2,200,2,0,0,0,0,0,0,0,0,0,0,,0,,0,,0
CC(C)(C1=CC=C(OCC2CO2)C=C1)C1=CC=C(OCC2CO2)C=C1,196,O=[PH]1C2=C(C=CC=C2)NC2=C1C=CC=C2,1.5,NC1=CC=C(CC2=CC=C(N)C=C2)C=C1,19.32,80,2,110,1,150,2,180,2,200,2,0,0,0,0,0,0,0,0,0,0,,0,,0,,0
CC(C)(C1=CC=C(OCC2CO2)C=C1)C1=CC=C(OCC2CO2)C=C1,196,O=[PH]1C2=C(C=CC=C2)NC2=C1C=CC=C2,2,NC1=CC=C(CC2=CC=C(N)C=C2)C=C1,19.04,80,2,110,1,150,2,180,2,200,2,0,0,0,0,0,0,0,0,0,0,,0,,0,,0
CC(C)(C1=CC=C(OCC2CO2)C=C1)C1=CC=C(OCC2CO2)C=C1,196,O=[PH]1C2=C(C=CC=C2)NC2=C1C=CC=C2,2.5,NC1=CC=C(CC2=CC=C(N)C=C2)C=C1,18.75,80,2,110,1,150,2,180,2,200,2,0,0,0,0,0,0,0,0,0,0,,0,,0,,0
CC(C)(C1=CC=C(OCC2CO2)C=C1)C1=CC=C(OCC2CO2)C=C1,196,O=[PH]1C2=C(C=CC=C2)NC2=C1C=CC=C2,3,NC1=CC=C(CC2=CC=C(N)C=C2)C=C1,18.47,80,2,110,1,150,2,180,2,200,2,0,0,0,0,0,0,0,0,0,0,,0,,0,,0
CC(C)(C1=CC=C(OCC2CO2)C=C1)C1=CC=C(OCC2CO2)C=C1,196,O=[PH]1C2=C(C=CC=C2)NC2=C1C=CC=C2,0,NC1=CC=C(CC2=CC=C(N)C=C2)C=C1,20.18,80,2,110,1,150,2,180,2,200,2,0,0,0,0,0,0,0,0,0,0,,0,,0,,0
CC(C)(C1=CC=C(OCC2CO2)C=C1)C1=CC=C(OCC2CO2)C=C1,227,NC1=CSC(P(=O)(C2=CC=CC=C2)C2=CC(N)=CS2)=C1,3,NC1=CC=CC(N)=C1,12,120,3,170,4,0,0,0,0,0,0,0,0,0,0,0,0,0,0,0,0,,0,,0,,0
CC(C)(C1=CC=C(OCC2CO2)C=C1)C1=CC=C(OCC2CO2)C=C1,227,NC1=CSC(P(=O)(C2=CC=CC=C2)C2=CC(N)=CS2)=C1,7.4,NC1=CC=CC(N)=C1,11.1,120,3,170,4,0,0,0,0,0,0,0,0,0,0,0,0,0,0,0,0,,0,,0,,0
CC(C)(C1=CC=C(OCC2CO2)C=C1)C1=CC=C(OCC2CO2)C=C1,227,NC1=CSC(P(=O)(C2=CC=CC=C2)C2=CC(N)=CS2)=C1,13,NC1=CC=CC(N)=C1,8.7,120,3,170,4,0,0,0,0,0,0,0,0,0,0,0,0,0,0,0,0,,0,,0,,0
CC(C)(C1=CC=C(OCC2CO2)C=C1)C1=CC=C(OCC2CO2)C=C1,227,NC1=CSC(P(=O)(C2=CC=CC=C2)C2=CC(N)=CS2)=C1,19.7,NC1=CC=CC(N)=C1,4.9,120,3,170,4,0,0,0,0,0,0,0,0,0,0,0,0,0,0,0,0,,0,,0,,0
CC(C)(C1=CC=C(OCC2CO2)C=C1)C1=CC=C(OCC2CO2)C=C1,227,NC1=CSC(P(=O)(C2=CC=CC=C2)C2=CC(N)=CS2)=C1,27.3,NC1=CC=CC(N)=C1,0,120,3,170,4,0,0,0,0,0,0,0,0,0,0,0,0,0,0,0,0,,0,,0,,0
CC(C)(C1=CC=C(OCC2CO2)C=C1)C1=CC=C(OCC2CO2)C=C1,227,NC1=CSC(P(=O)(C2=CC=CC=C2)C2=CC(N)=CS2)=C1,0,NC1=CC=CC(N)=C1,11.3,120,3,170,4,0,0,0,0,0,0,0,0,0,0,0,0,0,0,0,0,,0,,0,,0
CC(C)(C1=CC=C(OCC2CO2)C=C1)C1=CC=C(OCC2CO2)C=C1,227,CC1=CC=CC(C)=C1OP(=O)(OC1=C(C)C=CC=C1C)C1=CC=CC=C1,6,NC1=CC=CC(N)=C1,9.315315315,105,2,150,2,0,0,0,0,0,0,0,0,0,0,0,0,0,0,0,0,,0,,0,,0
CC(C)(C1=CC=C(OCC2CO2)C=C1)C1=CC=C(OCC2CO2)C=C1,227,CC1=CC=CC(C)=C1OP(=O)(OC1=C(C)C=CC=C1C)C1=CC=CC=C1,8,NC1=CC=CC(N)=C1,9.117117117,105,2,150,2,0,0,0,0,0,0,0,0,0,0,0,0,0,0,0,0,,0,,0,,0
CC(C)(C1=CC=C(OCC2CO2)C=C1)C1=CC=C(OCC2CO2)C=C1,227,CC1=CC=CC(C)=C1OP(=O)(OC1=C(C)C=CC=C1C)C1=CC=CC=C1,10,NC1=CC=CC(N)=C1,8.918918919,105,2,150,2,0,0,0,0,0,0,0,0,0,0,0,0,0,0,0,0,,0,,0,,0
CC(C)(C1=CC=C(OCC2CO2)C=C1)C1=CC=C(OCC2CO2)C=C1,227,CC1=CC=CC(C)=C1OP(=O)(OC1=C(C)C=CC=C1C)C1=CC=CC=C1,12,NC1=CC=CC(N)=C1,8.720720721,105,2,150,2,0,0,0,0,0,0,0,0,0,0,0,0,0,0,0,0,,0,,0,,0
CC(C)(C1=CC=C(OCC2CO2)C=C1)C1=CC=C(OCC2CO2)C=C1,227,CC1=CC=CC(C)=C1OP(=O)(OC1=C(C)C=CC=C1C)C1=CC=CC=C1,14,NC1=CC=CC(N)=C1,8.522522523,105,2,150,2,0,0,0,0,0,0,0,0,0,0,0,0,0,0,0,0,,0,,0,,0
CC(C)(C1=CC=C(OCC2CO2)C=C1)C1=CC=C(OCC2CO2)C=C1,227,CC1=CC=CC(C)=C1OP(=O)(OC1=C(C)C=CC=C1C)C1=CC=CC=C1,16,NC1=CC=CC(N)=C1,8.324324324,105,2,150,2,0,0,0,0,0,0,0,0,0,0,0,0,0,0,0,0,,0,,0,,0
CC(C)(C1=CC=C(OCC2CO2)C=C1)C1=CC=C(OCC2CO2)C=C1,227,CC1=CC=CC(C)=C1OP(=O)(OC1=C(C)C=CC=C1C)C1=CC=CC=C1,18,NC1=CC=CC(N)=C1,8.126126126,105,2,150,2,0,0,0,0,0,0,0,0,0,0,0,0,0,0,0,0,,0,,0,,0
CC(C)(C1=CC=C(OCC2CO2)C=C1)C1=CC=C(OCC2CO2)C=C1,227,CC1=CC=CC(C)=C1OP(=O)(OC1=C(C)C=CC=C1C)C1=CC=CC=C1,0,NC1=CC=CC(N)=C1,9.90990991,105,2,150,2,0,0,0,0,0,0,0,0,0,0,0,0,0,0,0,0,,0,,0,,0
CC(C)(C1=CC=C(OCC2CO2)C=C1)C1=CC=C(OCC2CO2)C=C1,196,CO[Si](CCP1(=O)OC2=C(C=CC=C2)C2=C1C=CC=C2)(OC)OC,4.168111612,NC1=CC=C(CC2=CC=C(N)C=C2)C=C1,16.63776776,100,2,130,2,160,4,0,0,0,0,0,0,0,0,0,0,0,0,0,0,CC(C)(C1=CC=C(C=C1)OCC2OC2)C3=CC=C(C=C3)OCC(OC(NCC[Si](OCC)(OCC)OCC)=O)OC4=CC=C(C=C4)C(C)(C5=CC=C(C=C5)OCC6OC6)C,13.17123269,,0,,0
CC(C)(C1=CC=C(OCC2CO2)C=C1)C1=CC=C(OCC2CO2)C=C1,196,CO[Si](CCP1(=O)OC2=C(C=CC=C2)C2=C1C=CC=C2)(OC)OC,8.410428932,NC1=CC=C(CC2=CC=C(N)C=C2)C=C1,15.89571068,100,2,130,2,160,4,0,0,0,0,0,0,0,0,0,0,0,0,0,0,CC(C)(C1=CC=C(C=C1)OCC2OC2)C3=CC=C(C=C3)OCC(OC(NCC[Si](OCC)(OCC)OCC)=O)OC4=CC=C(C=C4)C(C)(C5=CC=C(C=C5)OCC6OC6)C,12.6156434,,0,,0
CC(C)(C1=CC=C(OCC2CO2)C=C1)C1=CC=C(OCC2CO2)C=C1,196,CO[Si](CCP1(=O)OC2=C(C=CC=C2)C2=C1C=CC=C2)(OC)OC,12.72895141,NC1=CC=C(CC2=CC=C(N)C=C2)C=C1,15.14032396,100,2,130,2,160,4,0,0,0,0,0,0,0,0,0,0,0,0,0,0,CC(C)(C1=CC=C(C=C1)OCC2OC2)C3=CC=C(C=C3)OCC(OC(NCC[Si](OCC)(OCC)OCC)=O)OC4=CC=C(C=C4)C(C)(C5=CC=C(C=C5)OCC6OC6)C,12.050074,,0,,0
CC(C)(C1=CC=C(OCC2CO2)C=C1)C1=CC=C(OCC2CO2)C=C1,196,CO[Si](CCP1(=O)OC2=C(C=CC=C2)C2=C1C=CC=C2)(OC)OC,17.12205629,NC1=CC=C(CC2=CC=C(N)C=C2)C=C1,14.38971855,100,2,130,2,160,4,0,0,0,0,0,0,0,0,0,0,0,0,0,0,CC(C)(C1=CC=C(C=C1)OCC2OC2)C3=CC=C(C=C3)OCC(OC(NCC[Si](OCC)(OCC)OCC)=O)OC4=CC=C(C=C4)C(C)(C5=CC=C(C=C5)OCC6OC6)C,11.38616743,,0,,0
CC(C)(C1=CC=C(OCC2CO2)C=C1)C1=CC=C(OCC2CO2)C=C1,196,CO[Si](CCP1(=O)OC2=C(C=CC=C2)C2=C1C=CC=C2)(OC)OC,0,NC1=CC=C(CC2=CC=C(N)C=C2)C=C1,20.12779553,100,2,130,2,160,4,0,0,0,0,0,0,0,0,0,0,0,0,0,0,,0,,0,,0
CC(C)(C1=CC=C(OCC2CO2)C=C1)C1=CC=C(OCC2CO2)C=C1,188,CC1(C)COP(=O)(OC2=C(OP3(=O)OCC(C)(C)CO3)C=C(C=NC3=CC=C(/N=C/C4=CC(OP5(=O)OCC(C)(C)CO5)=C(OP5(=O)OCC(C)(C)CO5)C=C4)C=C3)C=C2)OC1,3.8,NC1=CC=C(S(=O)(=O)C2=CC=C(N)C=C2)C=C1,23.78,120,2,150,2,180,2,0,0,0,0,0,0,0,0,0,0,0,0,0,0,,0,,0,,0
CC(C)(C1=CC=C(OCC2CO2)C=C1)C1=CC=C(OCC2CO2)C=C1,188,CC1(C)COP(=O)(OC2=C(OP3(=O)OCC(C)(C)CO3)C=C(C=NC3=CC=C(/N=C/C4=CC(OP5(=O)OCC(C)(C)CO5)=C(OP5(=O)OCC(C)(C)CO5)C=C4)C=C3)C=C2)OC1,7.6,NC1=CC=C(S(=O)(=O)C2=CC=C(N)C=C2)C=C1,22.86,120,2,150,2,180,2,0,0,0,0,0,0,0,0,0,0,0,0,0,0,,0,,0,,0
CC(C)(C1=CC=C(OCC2CO2)C=C1)C1=CC=C(OCC2CO2)C=C1,188,CC1(C)COP(=O)(OC2=C(OP3(=O)OCC(C)(C)CO3)C=C(C=NC3=CC=C(/N=C/C4=CC(OP5(=O)OCC(C)(C)CO5)=C(OP5(=O)OCC(C)(C)CO5)C=C4)C=C3)C=C2)OC1,11.4,NC1=CC=C(S(=O)(=O)C2=CC=C(N)C=C2)C=C1,21.3,120,2,150,2,180,2,0,0,0,0,0,0,0,0,0,0,0,0,0,0,,0,,0,,0
CC(C)(C1=CC=C(OCC2CO2)C=C1)C1=CC=C(OCC2CO2)C=C1,188,CC1(C)COP(=O)(OC2=C(OP3(=O)OCC(C)(C)CO3)C=C(C=NC3=CC=C(/N=C/C4=CC(OP5(=O)OCC(C)(C)CO5)=C(OP5(=O)OCC(C)(C)CO5)C=C4)C=C3)C=C2)OC1,0,NC1=CC=C(S(=O)(=O)C2=CC=C(N)C=C2)C=C1,24.7311828,120,2,150,2,180,2,0,0,0,0,0,0,0,0,0,0,0,0,0,0,,0,,0,,0
CC(C)(C1=CC=C(OCC2CO2)C=C1)C1=CC=C(OCC2CO2)C=C1,196,C[N+]1(C)CCO[B-](OCP2(OC3=C(C4=C2C=CC=C4)C=CC=C3)=O)1O,9.1,C[N+]1(C)CCO[B-](OCP2(OC3=C(C4=C2C=CC=C4)C=CC=C3)=O)1O,9.1,170,1,180,1,200,2,0,0,0,0,0,0,0,0,0,0,0,0,0,0,,0,,0,,0
CC(C)(C1=CC=C(OCC2CO2)C=C1)C1=CC=C(OCC2CO2)C=C1,196,C[N+]1(C)CCO[B-](OCP2(OC3=C(C4=C2C=CC=C4)C=CC=C3)=O)1O,13,C[N+]1(C)CCO[B-](OCP2(OC3=C(C4=C2C=CC=C4)C=CC=C3)=O)1O,13,170,1,180,1,200,2,0,0,0,0,0,0,0,0,0,0,0,0,0,0,,0,,0,,0
CC(C)(C1=CC=C(OCC2CO2)C=C1)C1=CC=C(OCC2CO2)C=C1,196,C[N+]1(C)CCO[B-](OCP2(OC3=C(C4=C2C=CC=C4)C=CC=C3)=O)1O,16.7,C[N+]1(C)CCO[B-](OCP2(OC3=C(C4=C2C=CC=C4)C=CC=C3)=O)1O,16.7,170,1,180,1,200,2,0,0,0,0,0,0,0,0,0,0,0,0,0,0,,0,,0,,0
CC(C)(C1=CC=C(OCC2CO2)C=C1)C1=CC=C(OCC2CO2)C=C1,196,C[N+]1(C)CCO[B-](OCP2(OC3=C(C4=C2C=CC=C4)C=CC=C3)=O)1O,20,C[N+]1(C)CCO[B-](OCP2(OC3=C(C4=C2C=CC=C4)C=CC=C3)=O)1O,20,170,1,180,1,200,2,0,0,0,0,0,0,0,0,0,0,0,0,0,0,,0,,0,,0
C1=CC(N(CC2CO2)CC2CO2)=CC=C1CC1=CC=C(N(CC2CO2)CC2CO2)C=C1,117,C1=CC=C(OP2(OC3=CC=CC=C3)=NP(OC3=CC=CC=C3)(OC3=CC=CC=C3)=NP(OC3=CC=CC=C3)(OC3=CC=CC=C3)=N2)C=C1,7.46,CC12CCCCC1C(=O)OC2=O,50.47636364,100,2,160,2,210,4,0,0,0,0,0,0,0,0,0,0,0,0,0,0,,0,,0,,0
C1=CC(N(CC2CO2)CC2CO2)=CC=C1CC1=CC=C(N(CC2CO2)CC2CO2)C=C1,117,C1=CC=C(OP2(OC3=CC=CC=C3)=NP(OC3=CC=CC=C3)(OC3=CC=CC=C3)=NP(OC3=CC=CC=C3)(OC3=CC=CC=C3)=N2)C=C1,11.19,CC12CCCCC1C(=O)OC2=O,48.44181818,100,2,160,2,210,4,0,0,0,0,0,0,0,0,0,0,0,0,0,0,,0,,0,,0
C1=CC(N(CC2CO2)CC2CO2)=CC=C1CC1=CC=C(N(CC2CO2)CC2CO2)C=C1,117,C1=CC=C(OP2(OC3=CC=CC=C3)=NP(OC3=CC=CC=C3)(OC3=CC=CC=C3)=NP(OC3=CC=CC=C3)(OC3=CC=CC=C3)=N2)C=C1,14.92,CC12CCCCC1C(=O)OC2=O,46.40727273,100,2,160,2,210,4,0,0,0,0,0,0,0,0,0,0,0,0,0,0,,0,,0,,0
C1=CC(N(CC2CO2)CC2CO2)=CC=C1CC1=CC=C(N(CC2CO2)CC2CO2)C=C1,117,C1=CC=C(OP2(OC3=CC=CC=C3)=NP(OC3=CC=CC=C3)(OC3=CC=CC=C3)=NP(OC3=CC=CC=C3)(OC3=CC=CC=C3)=N2)C=C1,0,CC12CCCCC1C(=O)OC2=O,54.54545455,100,2,160,2,210,4,0,0,0,0,0,0,0,0,0,0,0,0,0,0,,0,,0,,0
C1=CC(N(CC2CO2)CC2CO2)=CC=C1CC1=CC=C(N(CC2CO2)CC2CO2)C=C1,117,[H]P1(=O)OC2=C(C=CC=C2)C2=C1C=CC=C2,6.97,CC12CCCCC1C(=O)OC2=O,50.74363636,100,2,160,2,210,4,0,0,0,0,0,0,0,0,0,0,0,0,0,0,,0,,0,,0
C1=CC(N(CC2CO2)CC2CO2)=CC=C1CC1=CC=C(N(CC2CO2)CC2CO2)C=C1,117,[H]P1(=O)OC2=C(C=CC=C2)C2=C1C=CC=C2,10.46,CC12CCCCC1C(=O)OC2=O,48.84,100,2,160,2,210,4,0,0,0,0,0,0,0,0,0,0,0,0,0,0,,0,,0,,0
C1=CC(N(CC2CO2)CC2CO2)=CC=C1CC1=CC=C(N(CC2CO2)CC2CO2)C=C1,117,[H]P1(=O)OC2=C(C=CC=C2)C2=C1C=CC=C2,13.94,CC12CCCCC1C(=O)OC2=O,46.94181818,100,2,160,2,210,4,0,0,0,0,0,0,0,0,0,0,0,0,0,0,,0,,0,,0
CC(C)(C1=CC=C(OCC2CO2)C=C1)C1=CC=C(OCC2CO2)C=C1,196,CCC1(C(O)P2(=O)OC3=CC=CC=C3C3=CC=CC=C32)COC2(OCC(C)(C(O)P3(=O)OC4=CC=CC=C4C4=CC=CC=C43)CO2)OC1,5,CCC1(C(O)P2(=O)OC3=CC=CC=C3C3=CC=CC=C32)COC2(OCC(C)(C(O)P3(=O)OC4=CC=CC=C4C4=CC=CC=C43)CO2)OC1,5,120,4,150,4,0,0,0,0,0,0,0,0,0,0,0,0,0,0,0,0,FB(F)F.CCN,3,,0,,0
CC(C)(C1=CC=C(OCC2CO2)C=C1)C1=CC=C(OCC2CO2)C=C1,196,CCC1(C(O)P2(=O)OC3=CC=CC=C3C3=CC=CC=C32)COC2(OCC(C)(C(O)P3(=O)OC4=CC=CC=C4C4=CC=CC=C43)CO2)OC1,10,CCC1(C(O)P2(=O)OC3=CC=CC=C3C3=CC=CC=C32)COC2(OCC(C)(C(O)P3(=O)OC4=CC=CC=C4C4=CC=CC=C43)CO2)OC1,10,120,4,150,4,0,0,0,0,0,0,0,0,0,0,0,0,0,0,0,0,FB(F)F.CCN,3,,0,,0
CC(C)(C1=CC=C(OCC2CO2)C=C1)C1=CC=C(OCC2CO2)C=C1,196,CCC1(C(O)P2(=O)OC3=CC=CC=C3C3=CC=CC=C32)COC2(OCC(C)(C(O)P3(=O)OC4=CC=CC=C4C4=CC=CC=C43)CO2)OC1,15,CCC1(C(O)P2(=O)OC3=CC=CC=C3C3=CC=CC=C32)COC2(OCC(C)(C(O)P3(=O)OC4=CC=CC=C4C4=CC=CC=C43)CO2)OC1,15,120,4,150,4,0,0,0,0,0,0,0,0,0,0,0,0,0,0,0,0,FB(F)F.CCN,3,,0,,0
CC(C)(C1=CC=C(OCC2CO2)C=C1)C1=CC=C(OCC2CO2)C=C1,196,CCC1(C(O)P2(=O)OC3=CC=CC=C3C3=CC=CC=C32)COC2(OCC(C)(C(O)P3(=O)OC4=CC=CC=C4C4=CC=CC=C43)CO2)OC1,20,CCC1(C(O)P2(=O)OC3=CC=CC=C3C3=CC=CC=C32)COC2(OCC(C)(C(O)P3(=O)OC4=CC=CC=C4C4=CC=CC=C43)CO2)OC1,20,120,4,150,4,0,0,0,0,0,0,0,0,0,0,0,0,0,0,0,0,FB(F)F.CCN,3,,0,,0
CC(C)(C1=CC=C(OCC2CO2)C=C1)C1=CC=C(OCC2CO2)C=C1,196,O=P(CC(CN1C(N(C(N(C1=O)CC(CP2(OC3=C(C4=C2C=CC=C4)C=CC=C3)=O)O)=O)CC(CP5(OC6=C(C7=C5C=CC=C7)C=CC=C6)=O)O)=O)O)(OC8=C9C=CC=C8)C%10=C9C=CC=C%10,6.1,NC1=CC=C(S(=O)(=O)C2=CC=C(N)C=C2)C=C1,22.54,150,3,180,5,0,0,0,0,0,0,0,0,0,0,0,0,0,0,0,0,,0,,0,,0
CC(C)(C1=CC=C(OCC2CO2)C=C1)C1=CC=C(OCC2CO2)C=C1,196,O=P(CC(CN1C(N(C(N(C1=O)CC(CP2(OC3=C(C4=C2C=CC=C4)C=CC=C3)=O)O)=O)CC(CP5(OC6=C(C7=C5C=CC=C7)C=CC=C6)=O)O)=O)O)(OC8=C9C=CC=C8)C%10=C9C=CC=C%10,8.1,NC1=CC=C(S(=O)(=O)C2=CC=C(N)C=C2)C=C1,22.07,150,3,180,5,0,0,0,0,0,0,0,0,0,0,0,0,0,0,0,0,,0,,0,,0
CC(C)(C1=CC=C(OCC2CO2)C=C1)C1=CC=C(OCC2CO2)C=C1,196,O=P(CC(CN1C(N(C(N(C1=O)CC(CP2(OC3=C(C4=C2C=CC=C4)C=CC=C3)=O)O)=O)CC(CP5(OC6=C(C7=C5C=CC=C7)C=CC=C6)=O)O)=O)O)(OC8=C9C=CC=C8)C%10=C9C=CC=C%10,10.2,NC1=CC=C(S(=O)(=O)C2=CC=C(N)C=C2)C=C1,21.57,150,3,180,5,0,0,0,0,0,0,0,0,0,0,0,0,0,0,0,0,,0,,0,,0
CC(C)(C1=CC=C(OCC2CO2)C=C1)C1=CC=C(OCC2CO2)C=C1,196,O=P(CC(CN1C(N(C(N(C1=O)CC(CP2(OC3=C(C4=C2C=CC=C4)C=CC=C3)=O)O)=O)CC(CP5(OC6=C(C7=C5C=CC=C7)C=CC=C6)=O)O)=O)O)(OC8=C9C=CC=C8)C%10=C9C=CC=C%10,12.2,NC1=CC=C(S(=O)(=O)C2=CC=C(N)C=C2)C=C1,21.08,150,3,180,5,0,0,0,0,0,0,0,0,0,0,0,0,0,0,0,0,,0,,0,,0
CC(C)(C1=CC=C(OCC2CO2)C=C1)C1=CC=C(OCC2CO2)C=C1,196,O=P(CC(CN1C(N(C(N(C1=O)CC(CP2(OC3=C(C4=C2C=CC=C4)C=CC=C3)=O)O)=O)CC(CP5(OC6=C(C7=C5C=CC=C7)C=CC=C6)=O)O)=O)O)(OC8=C9C=CC=C8)C%10=C9C=CC=C%10,0,NC1=CC=C(S(=O)(=O)C2=CC=C(N)C=C2)C=C1,24.01215805,150,3,180,5,0,0,0,0,0,0,0,0,0,0,0,0,0,0,0,0,,0,,0,,0
CC(C)(C1=CC=C(OCC2CO2)C=C1)C1=CC=C(OCC2CO2)C=C1,196,CC(C1=CC=C(C=C1)OP2(OCC3CO3)=NP(OCC4CC4)(OCC5CO5)=NP(OCC6CO6)(OCC7CO7)=N2)(C8=CC=C(C=C8)OP9(OCC%10CO%10)=NP(OCC%11CO%11)(OCC%12CO%12)=NP(OCC%13CO%13)(OCC%14CO%14)=N9)C,5,NC1=CC=C(CC2=CC=C(N)C=C2)C=C1,19,150,2,180,3,0,0,0,0,0,0,0,0,0,0,0,0,0,0,0,0,CCN(CC1=CC(CN(C)C)=CC(CN(C)C)=C1O)C,0.2,,0,,0
CC(C)(C1=CC=C(OCC2CO2)C=C1)C1=CC=C(OCC2CO2)C=C1,196,CC(C1=CC=C(C=C1)OP2(OCC3CO3)=NP(OCC4CC4)(OCC5CO5)=NP(OCC6CO6)(OCC7CO7)=N2)(C8=CC=C(C=C8)OP9(OCC%10CO%10)=NP(OCC%11CO%11)(OCC%12CO%12)=NP(OCC%13CO%13)(OCC%14CO%14)=N9)C,10,NC1=CC=C(CC2=CC=C(N)C=C2)C=C1,18,150,2,180,3,0,0,0,0,0,0,0,0,0,0,0,0,0,0,0,0,CCN(CC1=CC(CN(C)C)=CC(CN(C)C)=C1O)C,0.2,,0,,0
CC(C)(C1=CC=C(OCC2CO2)C=C1)C1=CC=C(OCC2CO2)C=C1,196,CC(C1=CC=C(C=C1)OP2(OCC3CO3)=NP(OCC4CC4)(OCC5CO5)=NP(OCC6CO6)(OCC7CO7)=N2)(C8=CC=C(C=C8)OP9(OCC%10CO%10)=NP(OCC%11CO%11)(OCC%12CO%12)=NP(OCC%13CO%13)(OCC%14CO%14)=N9)C,15,NC1=CC=C(CC2=CC=C(N)C=C2)C=C1,17,150,2,180,3,0,0,0,0,0,0,0,0,0,0,0,0,0,0,0,0,CCN(CC1=CC(CN(C)C)=CC(CN(C)C)=C1O)C,0.2,,0,,0
CC(C)(C1=CC=C(OCC2CO2)C=C1)C1=CC=C(OCC2CO2)C=C1,196,CC(C1=CC=C(C=C1)OP2(OCC3CO3)=NP(OCC4CC4)(OCC5CO5)=NP(OCC6CO6)(OCC7CO7)=N2)(C8=CC=C(C=C8)OP9(OCC%10CO%10)=NP(OCC%11CO%11)(OCC%12CO%12)=NP(OCC%13CO%13)(OCC%14CO%14)=N9)C,20,NC1=CC=C(CC2=CC=C(N)C=C2)C=C1,16,150,2,180,3,0,0,0,0,0,0,0,0,0,0,0,0,0,0,0,0,CCN(CC1=CC(CN(C)C)=CC(CN(C)C)=C1O)C,0.2,,0,,0
CC(C)(C1=CC=C(OCC2CO2)C=C1)C1=CC=C(OCC2CO2)C=C1,196,CC(C1=CC=C(C=C1)OP2(OCC3CO3)=NP(OCC4CC4)(OCC5CO5)=NP(OCC6CO6)(OCC7CO7)=N2)(C8=CC=C(C=C8)OP9(OCC%10CO%10)=NP(OCC%11CO%11)(OCC%12CO%12)=NP(OCC%13CO%13)(OCC%14CO%14)=N9)C,0,NC1=CC=C(CC2=CC=C(N)C=C2)C=C1,20,150,2,180,3,0,0,0,0,0,0,0,0,0,0,0,0,0,0,0,0,CCN(CC1=CC(CN(C)C)=CC(CN(C)C)=C1O)C,0.2,,0,,0
CC(C)(C1=CC=C(OCC2CO2)C=C1)C1=CC=C(OCC2CO2)C=C1,196,CC(C1=CC=C(C=C1)OP2(OCC3CO3)=NP(OCC4CC4)(OCC5CO5)=NP(OCC6CO6)(OCC7CO7)=N2)(C8=CC=C(C=C8)OP9(OCC%10CO%10)=NP(OCC%11CO%11)(OCC%12CO%12)=NP(OCC%13CO%13)(OCC%14CO%14)=N9)C,0,N#CNC(=N)N,6,150,2,180,3,0,0,0,0,0,0,0,0,0,0,0,0,0,0,0,0,CCN(CC1=CC(CN(C)C)=CC(CN(C)C)=C1O)C,0.2,,0,,0
CC(C)(C1=CC=C(OCC2CO2)C=C1)C1=CC=C(OCC2CO2)C=C1,196,CC(C1=CC=C(C=C1)OP2(OCC3CO3)=NP(OCC4CC4)(OCC5CO5)=NP(OCC6CO6)(OCC7CO7)=N2)(C8=CC=C(C=C8)OP9(OCC%10CO%10)=NP(OCC%11CO%11)(OCC%12CO%12)=NP(OCC%13CO%13)(OCC%14CO%14)=N9)C,0,CC12CC=CCC1C(=O)OC2=O,45.8,150,2,180,3,0,0,0,0,0,0,0,0,0,0,0,0,0,0,0,0,CCN(CC1=CC(CN(C)C)=CC(CN(C)C)=C1O)C,0.2,,0,,0
CC(C)(C1=CC=C(OCC2CO2)C=C1)C1=CC=C(OCC2CO2)C=C1,196,CC(C1=CC=C(C=C1)OP2(OCC3CO3)=NP(OCC4CC4)(OCC5CO5)=NP(OCC6CO6)(OCC7CO7)=N2)(C8=CC=C(C=C8)OP9(OCC%10CO%10)=NP(OCC%11CO%11)(OCC%12CO%12)=NP(OCC%13CO%13)(OCC%14CO%14)=N9)C,5,N#CNC(=N)N,6.063829787,150,2,180,3,0,0,0,0,0,0,0,0,0,0,0,0,0,0,0,0,CCN(CC1=CC(CN(C)C)=CC(CN(C)C)=C1O)C,0.2,,0,,0
CC(C)(C1=CC=C(OCC2CO2)C=C1)C1=CC=C(OCC2CO2)C=C1,196,CC(C1=CC=C(C=C1)OP2(OCC3CO3)=NP(OCC4CC4)(OCC5CO5)=NP(OCC6CO6)(OCC7CO7)=N2)(C8=CC=C(C=C8)OP9(OCC%10CO%10)=NP(OCC%11CO%11)(OCC%12CO%12)=NP(OCC%13CO%13)(OCC%14CO%14)=N9)C,10,N#CNC(=N)N,5.744680851,150,2,180,3,0,0,0,0,0,0,0,0,0,0,0,0,0,0,0,0,CCN(CC1=CC(CN(C)C)=CC(CN(C)C)=C1O)C,0.2,,0,,0
CC(C)(C1=CC=C(OCC2CO2)C=C1)C1=CC=C(OCC2CO2)C=C1,196,CC(C1=CC=C(C=C1)OP2(OCC3CO3)=NP(OCC4CC4)(OCC5CO5)=NP(OCC6CO6)(OCC7CO7)=N2)(C8=CC=C(C=C8)OP9(OCC%10CO%10)=NP(OCC%11CO%11)(OCC%12CO%12)=NP(OCC%13CO%13)(OCC%14CO%14)=N9)C,15,N#CNC(=N)N,5.425531915,150,2,180,3,0,0,0,0,0,0,0,0,0,0,0,0,0,0,0,0,CCN(CC1=CC(CN(C)C)=CC(CN(C)C)=C1O)C,0.2,,0,,0
CC(C)(C1=CC=C(OCC2CO2)C=C1)C1=CC=C(OCC2CO2)C=C1,196,CC(C1=CC=C(C=C1)OP2(OCC3CO3)=NP(OCC4CC4)(OCC5CO5)=NP(OCC6CO6)(OCC7CO7)=N2)(C8=CC=C(C=C8)OP9(OCC%10CO%10)=NP(OCC%11CO%11)(OCC%12CO%12)=NP(OCC%13CO%13)(OCC%14CO%14)=N9)C,20,N#CNC(=N)N,5.106382979,150,2,180,3,0,0,0,0,0,0,0,0,0,0,0,0,0,0,0,0,CCN(CC1=CC(CN(C)C)=CC(CN(C)C)=C1O)C,0.2,,0,,0
CC(C)(C1=CC=C(OCC2CO2)C=C1)C1=CC=C(OCC2CO2)C=C1,196,CC(C1=CC=C(C=C1)OP2(OCC3CO3)=NP(OCC4CC4)(OCC5CO5)=NP(OCC6CO6)(OCC7CO7)=N2)(C8=CC=C(C=C8)OP9(OCC%10CO%10)=NP(OCC%11CO%11)(OCC%12CO%12)=NP(OCC%13CO%13)(OCC%14CO%14)=N9)C,5,CC12CC=CCC1C(=O)OC2=O,29.84224966,150,2,180,3,0,0,0,0,0,0,0,0,0,0,0,0,0,0,0,0,CCN(CC1=CC(CN(C)C)=CC(CN(C)C)=C1O)C,0.2,,0,,0
CC(C)(C1=CC=C(OCC2CO2)C=C1)C1=CC=C(OCC2CO2)C=C1,196,CC(C1=CC=C(C=C1)OP2(OCC3CO3)=NP(OCC4CC4)(OCC5CO5)=NP(OCC6CO6)(OCC7CO7)=N2)(C8=CC=C(C=C8)OP9(OCC%10CO%10)=NP(OCC%11CO%11)(OCC%12CO%12)=NP(OCC%13CO%13)(OCC%14CO%14)=N9)C,10,CC12CC=CCC1C(=O)OC2=O,28.27160494,150,2,180,3,0,0,0,0,0,0,0,0,0,0,0,0,0,0,0,0,CCN(CC1=CC(CN(C)C)=CC(CN(C)C)=C1O)C,0.2,,0,,0
CC(C)(C1=CC=C(OCC2CO2)C=C1)C1=CC=C(OCC2CO2)C=C1,196,CC(C1=CC=C(C=C1)OP2(OCC3CO3)=NP(OCC4CC4)(OCC5CO5)=NP(OCC6CO6)(OCC7CO7)=N2)(C8=CC=C(C=C8)OP9(OCC%10CO%10)=NP(OCC%11CO%11)(OCC%12CO%12)=NP(OCC%13CO%13)(OCC%14CO%14)=N9)C,15,CC12CC=CCC1C(=O)OC2=O,26.70096022,150,2,180,3,0,0,0,0,0,0,0,0,0,0,0,0,0,0,0,0,CCN(CC1=CC(CN(C)C)=CC(CN(C)C)=C1O)C,0.2,,0,,0
CC(C)(C1=CC=C(OCC2CO2)C=C1)C1=CC=C(OCC2CO2)C=C1,196,CC(C1=CC=C(C=C1)OP2(OCC3CO3)=NP(OCC4CC4)(OCC5CO5)=NP(OCC6CO6)(OCC7CO7)=N2)(C8=CC=C(C=C8)OP9(OCC%10CO%10)=NP(OCC%11CO%11)(OCC%12CO%12)=NP(OCC%13CO%13)(OCC%14CO%14)=N9)C,20,CC12CC=CCC1C(=O)OC2=O,25.1303155,150,2,180,3,0,0,0,0,0,0,0,0,0,0,0,0,0,0,0,0,CCN(CC1=CC(CN(C)C)=CC(CN(C)C)=C1O)C,0.2,,0,,0
CC(C)(C1=CC=C(OCC2CO2)C=C1)C1=CC=C(OCC2CO2)C=C1,178,O=P1(NC2=CC=CC(NP3(=O)OC4=C(C=CC=C4)C4=CC=CC=C43)=C2)OC2=C(C=CC=C2)C2=CC=CC=C21,12.9,N#CNC(=N)N,5.22,110,1,130,1,200,2,0,0,0,0,0,0,0,0,0,0,0,0,0,0,CN(C)C(=O)NC1=CC=CC=C1,1.74,,0,,0
CC(C)(C1=CC=C(OCC2CO2)C=C1)C1=CC=C(OCC2CO2)C=C1,178,S=P1(NC2=CC=CC(NP3(=S)OC4=C(C=CC=C4)C4=CC=CC=C43)=C2)OC2=C(C=CC=C2)C2=CC=CC=C21,13.8,N#CNC(=N)N,5.17,110,1,130,1,200,2,0,0,0,0,0,0,0,0,0,0,0,0,0,0,CN(C)C(=O)NC1=CC=CC=C1,1.72,,0,,0
CC(C)(C1=CC=C(OCC2CO2)C=C1)C1=CC=C(OCC2CO2)C=C1,178,S=P1(OC2=C(C3=C1C=CC=C3)C=CC=C2)NC4=CC=CC(NP5(OC6=C(C7=C5C=CC=C7)C=CC=C6)=S)=C4,11.6,N#CNC(=N)N,5.3,110,1,130,1,200,2,0,0,0,0,0,0,0,0,0,0,0,0,0,0,CN(C)C(=O)NC1=CC=CC=C1,1.77,,0,,0
CC(C)(C1=CC=C(OCC2CO2)C=C1)C1=CC=C(OCC2CO2)C=C1,178,S=P1(OC2=C(C3=C1C=CC=C3)C=CC=C2)NC4=CC(NP5(OC6=C(C7=C5C=CC=C7)C=CC=C6)=S)=CC=C4,12.4,N#CNC(=N)N,5.25,110,1,130,1,200,2,0,0,0,0,0,0,0,0,0,0,0,0,0,0,CN(C)C(=O)NC1=CC=CC=C1,1.75,,0,,0
CC(C)(C1=CC=C(OCC2CO2)C=C1)C1=CC=C(OCC2CO2)C=C1,178,S=P(C1=CC=CC=C1)(C2=CC=CC=C2)NC3=CC=CC(NP(C4=CC=CC=C4)(C5=CC=CC=C5)=S)=C3,11,N#CNC(=N)N,5.29,110,1,130,1,200,2,0,0,0,0,0,0,0,0,0,0,0,0,0,0,CN(C)C(=O)NC1=CC=CC=C1,1.76,,0,,0
CC(C)(C1=CC=C(OCC2CO2)C=C1)C1=CC=C(OCC2CO2)C=C1,178,CC1(C)COP(=S)(NC2=CC=CC(NP3(=S)OCC(C)(C)CO3)=C2)OC1,9.3,N#CNC(=N)N,5.44,110,1,130,1,200,2,0,0,0,0,0,0,0,0,0,0,0,0,0,0,CN(C)C(=O)NC1=CC=CC=C1,1.81,,0,,0
CC(C)(C1=CC=C(OCC2CO2)C=C1)C1=CC=C(OCC2CO2)C=C1,178,CC1(C)COP(=S)(NC2=CC=CC(NP3(=S)OCC(C)(C)CO3)=C2)OC1,0,N#CNC(=N)N,6,110,1,130,1,200,2,0,0,0,0,0,0,0,0,0,0,0,0,0,0,,0,,0,,0
CC(C)(C1=CC=C(OCC2CO2)C=C1)C1=CC=C(OCC2CO2)C=C1,196,C1=CC=C(OP2(OC3=CC=CC=C3)=NP(OC3=CC=CC=C3)(OC3=CC=CC=C3)=NP(OC3=CC=CC=C3)(OC3=CC=CC=C3)=N2)C=C1,5,NC1=CC=C(CC2=CC=C(N)C=C2)C=C1,19,100,2,160,2,0,0,0,0,0,0,0,0,0,0,0,0,0,0,0,0,,0,,0,,0
CC(C)(C1=CC=C(OCC2CO2)C=C1)C1=CC=C(OCC2CO2)C=C1,196,C1=CC=C(OP2(OC3=CC=CC=C3)=NP(OC3=CC=CC=C3)(OC3=CC=CC=C3)=NP(OC3=CC=CC=C3)(OC3=CC=CC=C3)=N2)C=C1,10,NC1=CC=C(CC2=CC=C(N)C=C2)C=C1,18,100,2,160,2,0,0,0,0,0,0,0,0,0,0,0,0,0,0,0,0,,0,,0,,0
CC(C)(C1=CC=C(OCC2CO2)C=C1)C1=CC=C(OCC2CO2)C=C1,196,C1=CC=C(OP2(OC3=CC=CC=C3)=NP(OC3=CC=CC=C3)(OC3=CC=CC=C3)=NP(OC3=CC=CC=C3)(OC3=CC=CC=C3)=N2)C=C1,15,NC1=CC=C(CC2=CC=C(N)C=C2)C=C1,17,100,2,160,2,0,0,0,0,0,0,0,0,0,0,0,0,0,0,0,0,,0,,0,,0
CC(C)(C1=CC=C(OCC2CO2)C=C1)C1=CC=C(OCC2CO2)C=C1,196,C1=CC=C(OP2(OC3=CC=CC=C3)=NP(OC3=CC=CC=C3)(OC3=CC=CC=C3)=NP(OC3=CC=CC=C3)(OC3=CC=CC=C3)=N2)C=C1,0,NC1=CC=C(CC2=CC=C(N)C=C2)C=C1,20,100,2,160,2,0,0,0,0,0,0,0,0,0,0,0,0,0,0,0,0,,0,,0,,0
CC(C)(C1=CC=C(OCC2CO2)C=C1)C1=CC=C(OCC2CO2)C=C1,227,CCOP(=O)(OCC)C(NCCNCCN)C1=CCC(C(NCCNCCN)P(=O)(OCC)OCC)C=C1,10,CCOP(=O)(OCC)C(NCCNCCN)C1=CCC(C(NCCNCCN)P(=O)(OCC)OCC)C=C1,10,100,8,170,4,0,0,0,0,0,0,0,0,0,0,0,0,0,0,0,0,,0,,0,,0
CC(C)(C1=CC=C(OCC2CO2)C=C1)C1=CC=C(OCC2CO2)C=C1,227,CCOP(=O)(OCC)C(NCCNCCN)C1=CCC(C(NCCNCCN)P(=O)(OCC)OCC)C=C1,15,CCOP(=O)(OCC)C(NCCNCCN)C1=CCC(C(NCCNCCN)P(=O)(OCC)OCC)C=C1,15,100,8,170,4,0,0,0,0,0,0,0,0,0,0,0,0,0,0,0,0,,0,,0,,0
CC(C)(C1=CC=C(OCC2CO2)C=C1)C1=CC=C(OCC2CO2)C=C1,227,CCOP(=O)(OCC)C(NCCNCCN)C1=CCC(C(NCCNCCN)P(=O)(OCC)OCC)C=C1,20,CCOP(=O)(OCC)C(NCCNCCN)C1=CCC(C(NCCNCCN)P(=O)(OCC)OCC)C=C1,20,100,8,170,4,0,0,0,0,0,0,0,0,0,0,0,0,0,0,0,0,,0,,0,,0
CC(C)(C1=CC=C(OCC2CO2)C=C1)C1=CC=C(OCC2CO2)C=C1,227,CCOP(=O)(OCC)C(NCCNCCN)C1=CCC(C(NCCNCCN)P(=O)(OCC)OCC)C=C1,25,CCOP(=O)(OCC)C(NCCNCCN)C1=CCC(C(NCCNCCN)P(=O)(OCC)OCC)C=C1,25,100,8,170,4,0,0,0,0,0,0,0,0,0,0,0,0,0,0,0,0,,0,,0,,0
CC(C)(C1=CC=C(OCC2CO2)C=C1)C1=CC=C(OCC2CO2)C=C1,227,CCOP(=O)(OCC)C(NCCNCCN)C1=CCC(C(NCCNCCN)P(=O)(OCC)OCC)C=C1,30,CCOP(=O)(OCC)C(NCCNCCN)C1=CCC(C(NCCNCCN)P(=O)(OCC)OCC)C=C1,30,100,8,170,4,0,0,0,0,0,0,0,0,0,0,0,0,0,0,0,0,,0,,0,,0
CC(C)(C1=CC=C(OCC2CO2)C=C1)C1=CC=C(OCC2CO2)C=C1,227,CCOP(=O)(OCC)C(NCCNCCN)C1=CCC(C(NCCNCCN)P(=O)(OCC)OCC)C=C1,0,NCCNCCN,10,100,2,0,0,0,0,0,0,0,0,0,0,0,0,0,0,0,0,0,0,,0,,0,,0
CC(C)(C1=CC=C(OCC2CO2)C=C1)C1=CC=C(OCC2CO2)C=C1,196,NP(=O)(OCC12COP(=O)(OC1)OC2)OC1=CC=C(C2=CC=C(O)C=C2)C=C1,5,NCCCCCNCCN,10.86964222,25,48,90,2,0,0,0,0,0,0,0,0,0,0,0,0,0,0,0,0,,0,,0,,0
CC(C)(C1=CC=C(OCC2CO2)C=C1)C1=CC=C(OCC2CO2)C=C1,196,NP(=O)(OCC12COP(=O)(OC1)OC2)OC1=CC=C(C2=CC=C(O)C=C2)C=C1,10,NCCCCCNCCN,10.29755579,25,48,90,2,0,0,0,0,0,0,0,0,0,0,0,0,0,0,0,0,,0,,0,,0
CC(C)(C1=CC=C(OCC2CO2)C=C1)C1=CC=C(OCC2CO2)C=C1,196,NP(=O)(OCC12COP(=O)(OC1)OC2)OC1=CC=C(C2=CC=C(O)C=C2)C=C1,15,NCCCCCNCCN,9.725469359,25,48,90,2,0,0,0,0,0,0,0,0,0,0,0,0,0,0,0,0,,0,,0,,0
CC(C)(C1=CC=C(OCC2CO2)C=C1)C1=CC=C(OCC2CO2)C=C1,196,NP(=O)(OCC12COP(=O)(OC1)OC2)OC1=CC=C(C2=CC=C(O)C=C2)C=C1,20,NCCCCCNCCN,9.153382926,25,48,90,2,0,0,0,0,0,0,0,0,0,0,0,0,0,0,0,0,,0,,0,,0
CC(C)(C1=CC=C(OCC2CO2)C=C1)C1=CC=C(OCC2CO2)C=C1,196,NP(=O)(OCC12COP(=O)(OC1)OC2)OC1=CC=C(C2=CC=C(O)C=C2)C=C1,0,NCCCCCNCCN,11.44172866,25,48,90,2,0,0,0,0,0,0,0,0,0,0,0,0,0,0,0,0,,0,,0,,0
CC(C)(C1=CC=C(OCC2CO2)C=C1)C1=CC=C(OCC2CO2)C=C1,188,O=P(O)(OC(C1=CC=C(C(O)P2(=O)OC3=C(C=CC=C3)C3=C2C=CC=C3)C=C1)P1(=O)OC2=CC=CC=C2C2=CC=CC=C21)C1=CC=CC=C1,7.4,NC1=CC=C(CC2=CC=C(N)C=C2)C=C1,19.37984496,120,2,130,6,0,0,0,0,0,0,0,0,0,0,0,0,0,0,0,0,,0,,0,,0
CC(C)(C1=CC=C(OCC2CO2)C=C1)C1=CC=C(OCC2CO2)C=C1,188,O=P(O)(OC(C1=CC=C(C(O)P2(=O)OC3=C(C=CC=C3)C3=C2C=CC=C3)C=C1)P1(=O)OC2=CC=CC=C2C2=CC=CC=C21)C1=CC=CC=C1,14.8,NC1=CC=C(CC2=CC=C(N)C=C2)C=C1,14.79500891,120,2,130,6,0,0,0,0,0,0,0,0,0,0,0,0,0,0,0,0,,0,,0,,0
CC(C)(C1=CC=C(OCC2CO2)C=C1)C1=CC=C(OCC2CO2)C=C1,188,O=P(O)(OC(C1=CC=C(C(O)P2(=O)OC3=C(C=CC=C3)C3=C2C=CC=C3)C=C1)P1(=O)OC2=CC=CC=C2C2=CC=CC=C21)C1=CC=CC=C1,22.3,NC1=CC=C(CC2=CC=C(N)C=C2)C=C1,22.27642276,120,2,130,6,0,0,0,0,0,0,0,0,0,0,0,0,0,0,0,0,,0,,0,,0
CC(C)(C1=CC=C(OCC2CO2)C=C1)C1=CC=C(OCC2CO2)C=C1,188,O=P(O)(OC(C1=CC=C(C(O)P2(=O)OC3=C(C=CC=C3)C3=C2C=CC=C3)C=C1)P1(=O)OC2=CC=CC=C2C2=CC=CC=C21)C1=CC=CC=C1,0,NC1=CC=C(CC2=CC=C(N)C=C2)C=C1,20.92050209,120,2,130,6,0,0,0,0,0,0,0,0,0,0,0,0,0,0,0,0,,0,,0,,0
CC(C)(C1=CC=C(OCC2CO2)C=C1)C1=CC=C(OCC2CO2)C=C1,196,O=C(OC1=CC=C(OC(=O)C2=CC=C3C(=O)OC(=O)C3=C2)C(P2(=O)OC3=C(C=CC=C3)C3=C2C=CC=C3)=C1)C1=CC=C2C(=O)OC(=O)C2=C1,21.6,CC12CCCCC1C(=O)OC2=O,30.4,120,4,150,6,0,0,0,0,0,0,0,0,0,0,0,0,0,0,0,0,CN(C)CC1=CC=CC=C1,0.5,,0,,0
CC(C)(C1=CC=C(OCC2CO2)C=C1)C1=CC=C(OCC2CO2)C=C1,196,O=C(OC1=CC=C(OC(=O)C2=CC=C3C(=O)OC(=O)C3=C2)C(P2(=O)OC3=C(C=CC=C3)C3=C2C=CC=C3)=C1)C1=CC=C2C(=O)OC(=O)C2=C1,32.6,CC12CCCCC1C(=O)OC2=O,21.9,120,4,150,6,0,0,0,0,0,0,0,0,0,0,0,0,0,0,0,0,CN(C)CC1=CC=CC=C1,0.5,,0,,0
CC(C)(C1=CC=C(OCC2CO2)C=C1)C1=CC=C(OCC2CO2)C=C1,196,O=C(OC1=CC=C(OC(=O)C2=CC=C3C(=O)OC(=O)C3=C2)C(P2(=O)OC3=C(C=CC=C3)C3=C2C=CC=C3)=C1)C1=CC=C2C(=O)OC(=O)C2=C1,37.9,CC12CCCCC1C(=O)OC2=O,18.28,120,4,150,6,0,0,0,0,0,0,0,0,0,0,0,0,0,0,0,0,CN(C)CC1=CC=CC=C1,0.4,,0,,0
CC(C)(C1=CC=C(OCC2CO2)C=C1)C1=CC=C(OCC2CO2)C=C1,196,O=C(OC1=CC=C(OC(=O)C2=CC=C3C(=O)OC(=O)C3=C2)C(P2(=O)OC3=C(C=CC=C3)C3=C2C=CC=C3)=C1)C1=CC=C2C(=O)OC(=O)C2=C1,43.5,CC12CCCCC1C(=O)OC2=O,13.99,120,4,150,6,0,0,0,0,0,0,0,0,0,0,0,0,0,0,0,0,CN(C)CC1=CC=CC=C1,0.4,,0,,0
CC(C)(C1=CC=C(OCC2CO2)C=C1)C1=CC=C(OCC2CO2)C=C1,196,O=C(OC1=CC=C(OC(=O)C2=CC=C3C(=O)OC(=O)C3=C2)C(P2(=O)OC3=C(C=CC=C3)C3=C2C=CC=C3)=C1)C1=CC=C2C(=O)OC(=O)C2=C1,48.9,CC12CCCCC1C(=O)OC2=O,10.02,120,4,150,6,0,0,0,0,0,0,0,0,0,0,0,0,0,0,0,0,CN(C)CC1=CC=CC=C1,0.4,,0,,0
CC(C)(C1=CC=C(OCC2CO2)C=C1)C1=CC=C(OCC2CO2)C=C1,196,O=C(OC1=CC=C(OC(=O)C2=CC=C3C(=O)OC(=O)C3=C2)C(P2(=O)OC3=C(C=CC=C3)C3=C2C=CC=C3)=C1)C1=CC=C2C(=O)OC(=O)C2=C1,0,CC12CCCCC1C(=O)OC2=O,45.65217391,120,4,150,6,0,0,0,0,0,0,0,0,0,0,0,0,0,0,0,0,CN(C)CC1=CC=CC=C1,0.5,,0,,0
CC(C)(C1=CC=C(OCC2CO2)C=C1)C1=CC=C(OCC2CO2)C=C1,188,O=P1(C(O)C2=CC=C(OC3=NC(OC4=CC=C(C(O)P5(=O)OC6=C(C=CC=C6)C6=C5C=CC=C6)C=C4)=NC(OC4=CC=C(C(O)P5(=O)OC6=C(C=CC=C6)C6=C5C=CC=C6)C=C4)=N3)C=C2)OC2=CCCC=C2C2=C1C=CC=C2,11.7,NC1=CC=C(S(=O)(=O)C2=CC=C(N)C=C2)C=C1,21.19,150,3,180,5,0,0,0,0,0,0,0,0,0,0,0,0,0,0,0,0,,0,,0,,0
CC(C)(C1=CC=C(OCC2CO2)C=C1)C1=CC=C(OCC2CO2)C=C1,188,O=P1(C(O)C2=CC=C(OC3=NC(OC4=CC=C(C(O)P5(=O)OC6=C(C=CC=C6)C6=C5C=CC=C6)C=C4)=NC(OC4=CC=C(C(O)P5(=O)OC6=C(C=CC=C6)C6=C5C=CC=C6)C=C4)=N3)C=C2)OC2=CCCC=C2C2=C1C=CC=C2,14,NC1=CC=C(S(=O)(=O)C2=CC=C(N)C=C2)C=C1,20.64,150,3,180,5,0,0,0,0,0,0,0,0,0,0,0,0,0,0,0,0,,0,,0,,0
CC(C)(C1=CC=C(OCC2CO2)C=C1)C1=CC=C(OCC2CO2)C=C1,188,C1(OC2=NC(OC3=CC=CC=C3)=NC(OC4=CC=CC=C4)=N2)=CC=CC=C1,14,NC1=CC=C(S(=O)(=O)C2=CC=C(N)C=C2)C=C1,20.64,150,3,180,5,0,0,0,0,0,0,0,0,0,0,0,0,0,0,0,0,,0,,0,,0
CC(C)(C1=CC=C(OCC2CO2)C=C1)C1=CC=C(OCC2CO2)C=C1,188,C1(OC2=NC(OC3=CC=CC=C3)=NC(OC4=CC=CC=C4)=N2)=CC=CC=C1,0,NC1=CC=C(S(=O)(=O)C2=CC=C(N)C=C2)C=C1,24.01215805,150,3,180,5,0,0,0,0,0,0,0,0,0,0,0,0,0,0,0,0,,0,,0,,0
CC(C)(C1=CC=C(OCC2CO2)C=C1)C1=CC=C(OCC2CO2)C=C1,188,[H]P1(=O)OC2=C(C=CC=C2)C2=C1C=CC=C2,7.8125,NC1=CC=C(S(=O)(=O)C2=CC=C(N)C=C2)C=C1,22,150,3,180,5,0,0,0,0,0,0,0,0,0,0,0,0,0,0,0,0,,0,,0,,0
CC(C)(C1=CC=C(OCC2CO2)C=C1)C1=CC=C(OCC2CO2)C=C1,188,CC1(C)COP(=O)(C(O)C2=CC=C(OC3=NC(OC4=CC=C(C(O)P5(=O)OCC(C)(C)CO5)C=C4)=NC(OC4=CC=C(C(O)P5(=O)OCC(C)(C)CO5)C=C4)=N3)C=C2)OC1,2.5,NC1=CC=C(S(=O)(=O)C2=CC=C(N)C=C2)C=C1,32.5,120,2,150,2,180,1,0,0,0,0,0,0,0,0,0,0,0,0,0,0,,0,,0,,0
CC(C)(C1=CC=C(OCC2CO2)C=C1)C1=CC=C(OCC2CO2)C=C1,188,CC1(C)COP(=O)(C(O)C2=CC=C(OC3=NC(OC4=CC=C(C(O)P5(=O)OCC(C)(C)CO5)C=C4)=NC(OC4=CC=C(C(O)P5(=O)OCC(C)(C)CO5)C=C4)=N3)C=C2)OC1,5,NC1=CC=C(S(=O)(=O)C2=CC=C(N)C=C2)C=C1,31.66666667,120,2,150,2,180,1,0,0,0,0,0,0,0,0,0,0,0,0,0,0,,0,,0,,0
CC(C)(C1=CC=C(OCC2CO2)C=C1)C1=CC=C(OCC2CO2)C=C1,188,CC1(C)COP(=O)(C(O)C2=CC=C(OC3=NC(OC4=CC=C(C(O)P5(=O)OCC(C)(C)CO5)C=C4)=NC(OC4=CC=C(C(O)P5(=O)OCC(C)(C)CO5)C=C4)=N3)C=C2)OC1,10,NC1=CC=C(S(=O)(=O)C2=CC=C(N)C=C2)C=C1,30,120,2,150,2,180,1,0,0,0,0,0,0,0,0,0,0,0,0,0,0,,0,,0,,0
CC(C)(C1=CC=C(OCC2CO2)C=C1)C1=CC=C(OCC2CO2)C=C1,188,CC1(C)COP(=O)(C(O)C2=CC=C(OC3=NC(OC4=CC=C(C(O)P5(=O)OCC(C)(C)CO5)C=C4)=NC(OC4=CC=C(C(O)P5(=O)OCC(C)(C)CO5)C=C4)=N3)C=C2)OC1,15,NC1=CC=C(S(=O)(=O)C2=CC=C(N)C=C2)C=C1,28.33333333,120,2,150,2,180,1,0,0,0,0,0,0,0,0,0,0,0,0,0,0,,0,,0,,0
CC(C)(C1=CC=C(OCC2CO2)C=C1)C1=CC=C(OCC2CO2)C=C1,188,CC1(C)COP(=O)(C(O)C2=CC=C(OC3=NC(OC4=CC=C(C(O)P5(=O)OCC(C)(C)CO5)C=C4)=NC(OC4=CC=C(C(O)P5(=O)OCC(C)(C)CO5)C=C4)=N3)C=C2)OC1,20,NC1=CC=C(S(=O)(=O)C2=CC=C(N)C=C2)C=C1,26.66666667,120,2,150,2,180,1,0,0,0,0,0,0,0,0,0,0,0,0,0,0,,0,,0,,0
CC(C)(C1=CC=C(OCC2CO2)C=C1)C1=CC=C(OCC2CO2)C=C1,188,CC1(C)COP(=O)(C(O)C2=CC=C(OC3=NC(OC4=CC=C(C(O)P5(=O)OCC(C)(C)CO5)C=C4)=NC(OC4=CC=C(C(O)P5(=O)OCC(C)(C)CO5)C=C4)=N3)C=C2)OC1,0,NC1=CC=C(S(=O)(=O)C2=CC=C(N)C=C2)C=C1,33.33333333,120,2,150,2,180,1,0,0,0,0,0,0,0,0,0,0,0,0,0,0,,0,,0,,0
CC(C)(C1=CC=C(OCC2CO2)C=C1)C1=CC=C(OCC2CO2)C=C1,188,O=C(CC(CP1(=O)OC2=CC=CC=C2C2=CC=CC=C21)C(=O)OCC1CO1)OCC1CO1,7.4,CC12CCCCC1C(=O)OC2=O,37.35269972,150,2,190,2,0,0,0,0,0,0,0,0,0,0,0,0,0,0,0,0,,0,,0,,0
CC(C)(C1=CC=C(OCC2CO2)C=C1)C1=CC=C(OCC2CO2)C=C1,188,O=C(CC(CP1(=O)OC2=CC=CC=C2C2=CC=CC=C21)C(=O)OCC1CO1)OCC1CO1,14.8,CC12CCCCC1C(=O)OC2=O,34.36771076,150,2,190,2,0,0,0,0,0,0,0,0,0,0,0,0,0,0,0,0,,0,,0,,0
CC(C)(C1=CC=C(OCC2CO2)C=C1)C1=CC=C(OCC2CO2)C=C1,188,O=C(CC(CP1(=O)OC2=CC=CC=C2C2=CC=CC=C21)C(=O)OCC1CO1)OCC1CO1,29.6,CC12CCCCC1C(=O)OC2=O,28.39773283,150,2,190,2,0,0,0,0,0,0,0,0,0,0,0,0,0,0,0,0,,0,,0,,0
CC(C)(C1=CC=C(OCC2CO2)C=C1)C1=CC=C(OCC2CO2)C=C1,188,O=C(CC(CP1(=O)OC2=CC=CC=C2C2=CC=CC=C21)C(=O)OCC1CO1)OCC1CO1,65.5,CC12CCCCC1C(=O)OC2=O,13.9165026,150,2,190,2,0,0,0,0,0,0,0,0,0,0,0,0,0,0,0,0,,0,,0,,0
CC(C)(C1=CC=C(OCC2CO2)C=C1)C1=CC=C(OCC2CO2)C=C1,188,O=C(CC(CP1(=O)OC2=CC=CC=C2C2=CC=CC=C21)C(=O)OCC1CO1)OCC1CO1,0,CC12CCCCC1C(=O)OC2=O,40.33768868,150,2,190,2,0,0,0,0,0,0,0,0,0,0,0,0,0,0,0,0,,0,,0,,0
CC(C)(C1=CC=C(OCC2CO2)C=C1)C1=CC=C(OCC2CO2)C=C1,169,O=C(CCP1(=O)OC2=C(C=CC=C2)C2=C1C=CC=C2)OCCN1C(=O)N(CCOC(=O)CCP2(=O)OC3=C(C=CC=C3)C3=C2C=CC=C3)C(=O)N(CCOC(=O)CCP2(=O)OC3=C(C=CC=C3)C3=C2C=CC=C3)C1=O,23.1,CC1CC(CC2CCC(N)C(C)C2)CCC1N,23.07,90,0.5,150,0.5,0,0,0,0,0,0,0,0,0,0,0,0,0,0,0,0,,0,,0,,0
CC(C)(C1=CC=C(OCC2CO2)C=C1)C1=CC=C(OCC2CO2)C=C1,169,O=C(CCP1(=O)OC2=C(C=CC=C2)C2=C1C=CC=C2)OCCN1C(=O)N(CCOC(=O)CCP2(=O)OC3=C(C=CC=C3)C3=C2C=CC=C3)C(=O)N(CCOC(=O)CCP2(=O)OC3=C(C=CC=C3)C3=C2C=CC=C3)C1=O,0,CC1CC(CC2CCC(N)C(C)C2)CCC1N,30,90,0.5,150,0.5,0,0,0,0,0,0,0,0,0,0,0,0,0,0,0,0,,0,,0,,0
CC(C)(C1=CC=C(OCC2CO2)C=C1)C1=CC=C(OCC2CO2)C=C1,227,CC(C)(C1=CC=C(OP(=O)(OC2=CC=CC=C2)OC2=CC=CC=C2)C=C1)C1=CC=C(OP(=O)(OC2=CC=CC=C2)OC2=CC=CC=C2)C=C1,5,NCCCCCNCCN,10.86964222,90,2,0,0,0,0,0,0,0,0,0,0,0,0,0,0,0,0,0,0,C1=CNC=N1,0.2,,0,,0
CC(C)(C1=CC=C(OCC2CO2)C=C1)C1=CC=C(OCC2CO2)C=C1,227,CC(C)(C1=CC=C(OP(=O)(OC2=CC=CC=C2)OC2=CC=CC=C2)C=C1)C1=CC=C(OP(=O)(OC2=CC=CC=C2)OC2=CC=CC=C2)C=C1,10,NCCCCCNCCN,10.29755579,90,2,0,0,0,0,0,0,0,0,0,0,0,0,0,0,0,0,0,0,C1=CNC=N1,0.2,,0,,0
CC(C)(C1=CC=C(OCC2CO2)C=C1)C1=CC=C(OCC2CO2)C=C1,227,CC(C)(C1=CC=C(OP(=O)(OC2=CC=CC=C2)OC2=CC=CC=C2)C=C1)C1=CC=C(OP(=O)(OC2=CC=CC=C2)OC2=CC=CC=C2)C=C1,20,NCCCCCNCCN,9.153382926,90,2,0,0,0,0,0,0,0,0,0,0,0,0,0,0,0,0,0,0,C1=CNC=N1,0.2,,0,,0
CC(C)(C1=CC=C(OCC2CO2)C=C1)C1=CC=C(OCC2CO2)C=C1,227,CC(C)(C1=CC=C(OP(=O)(OC2=CC=CC=C2)OC2=CC=CC=C2)C=C1)C1=CC=C(OP(=O)(OC2=CC=CC=C2)OC2=CC=CC=C2)C=C1,30,NCCCCCNCCN,8.00921006,90,2,0,0,0,0,0,0,0,0,0,0,0,0,0,0,0,0,0,0,C1=CNC=N1,0.2,,0,,0
CC(C)(C1=CC=C(OCC2CO2)C=C1)C1=CC=C(OCC2CO2)C=C1,227,CC(C)(C1=CC=C(OP(=O)(OC2=CC=CC=C2)OC2=CC=CC=C2)C=C1)C1=CC=C(OP(=O)(OC2=CC=CC=C2)OC2=CC=CC=C2)C=C1,0,NCCCCCNCCN,11.44172866,90,2,0,0,0,0,0,0,0,0,0,0,0,0,0,0,0,0,0,0,C1=CNC=N1,0.2,,0,,0
CC(C)(C1=CC=C(OCC2CO2)C=C1)C1=CC=C(OCC2CO2)C=C1,227,CC(C)(C1=CC=C(OP(=O)(OC2=CC=CC=C2)OC2=CC=CC=C2)C=C1)C1=CC=C(OP(=O)(OC2=CC=CC=C2)OC2=CC=CC=C2)C=C1,10,NCCCCCNCCN,9.153382926,90,2,0,0,0,0,0,0,0,0,0,0,0,0,0,0,0,0,0,0,C1=CNC=N1,0.2,O=P([O-])([O-])=O.[NH4+].[NH4+].[NH4+],10,,0
CC(C)(C1=CC=C(OCC2CO2)C=C1)C1=CC=C(OCC2CO2)C=C1,227,O=C1N(CC(O)COCP2(=O)OC3=CC=CC=C3C3=CC=CC=C32)C(=O)N(CC2CO2)C(=O)N1CC1CO1,2.5,NC1=CC=C(CC2=CC=C(N)C=C2)C=C1,19.5,100,2,150,2,0,0,0,0,0,0,0,0,0,0,0,0,0,0,0,0,,0,,0,,0
CC(C)(C1=CC=C(OCC2CO2)C=C1)C1=CC=C(OCC2CO2)C=C1,227,O=C1N(CC(O)COCP2(=O)OC3=CC=CC=C3C3=CC=CC=C32)C(=O)N(CC2CO2)C(=O)N1CC1CO1,5,NC1=CC=C(CC2=CC=C(N)C=C2)C=C1,19,100,2,150,2,0,0,0,0,0,0,0,0,0,0,0,0,0,0,0,0,,0,,0,,0
CC(C)(C1=CC=C(OCC2CO2)C=C1)C1=CC=C(OCC2CO2)C=C1,227,O=C1N(CC(O)COCP2(=O)OC3=CC=CC=C3C3=CC=CC=C32)C(=O)N(CC2CO2)C(=O)N1CC1CO1,7.5,NC1=CC=C(CC2=CC=C(N)C=C2)C=C1,18.5,100,2,150,2,0,0,0,0,0,0,0,0,0,0,0,0,0,0,0,0,,0,,0,,0
CC(C)(C1=CC=C(OCC2CO2)C=C1)C1=CC=C(OCC2CO2)C=C1,227,O=C1N(CC(O)COCP2(=O)OC3=CC=CC=C3C3=CC=CC=C32)C(=O)N(CC2CO2)C(=O)N1CC1CO1,10,NC1=CC=C(CC2=CC=C(N)C=C2)C=C1,18,100,2,150,2,0,0,0,0,0,0,0,0,0,0,0,0,0,0,0,0,,0,,0,,0
CC(C)(C1=CC=C(OCC2CO2)C=C1)C1=CC=C(OCC2CO2)C=C1,227,O=C1N(CC(O)COCP2(=O)OC3=CC=CC=C3C3=CC=CC=C32)C(=O)N(CC2CO2)C(=O)N1CC1CO1,0,NC1=CC=C(CC2=CC=C(N)C=C2)C=C1,20,100,2,150,2,0,0,0,0,0,0,0,0,0,0,0,0,0,0,0,0,,0,,0,,0
CC(C)(C1=CC=C(OCC2CO2)C=C1)C1=CC=C(OCC2CO2)C=C1,213,O=P12OCC(COC3=NC(OCC45COP(=O)(OC4)OC5)=NC(OCC45COP(=O)(OC4)OC5)=N3)(CO1)CO2,5,NC1=CC=C(CC2=CC=C(N)C=C2)C=C1,19,100,2,150,2,0,0,0,0,0,0,0,0,0,0,0,0,0,0,0,0,,0,,0,,0
CC(C)(C1=CC=C(OCC2CO2)C=C1)C1=CC=C(OCC2CO2)C=C1,213,O=P12OCC(COC3=NC(OCC45COP(=O)(OC4)OC5)=NC(OCC45COP(=O)(OC4)OC5)=N3)(CO1)CO2,10,NC1=CC=C(CC2=CC=C(N)C=C2)C=C1,18,100,2,150,2,0,0,0,0,0,0,0,0,0,0,0,0,0,0,0,0,,0,,0,,0
CC(C)(C1=CC=C(OCC2CO2)C=C1)C1=CC=C(OCC2CO2)C=C1,213,O=P12OCC(COC3=NC(OCC45COP(=O)(OC4)OC5)=NC(OCC45COP(=O)(OC4)OC5)=N3)(CO1)CO2,15,NC1=CC=C(CC2=CC=C(N)C=C2)C=C1,17,100,2,150,2,0,0,0,0,0,0,0,0,0,0,0,0,0,0,0,0,,0,,0,,0
CC(C)(C1=CC=C(OCC2CO2)C=C1)C1=CC=C(OCC2CO2)C=C1,213,O=P12OCC(COC3=NC(OCC45COP(=O)(OC4)OC5)=NC(OCC45COP(=O)(OC4)OC5)=N3)(CO1)CO2,20,NC1=CC=C(CC2=CC=C(N)C=C2)C=C1,16,100,2,150,2,0,0,0,0,0,0,0,0,0,0,0,0,0,0,0,0,,0,,0,,0
CC(C)(C1=CC=C(OCC2CO2)C=C1)C1=CC=C(OCC2CO2)C=C1,213,O=P12OCC(COC3=NC(OCC45COP(=O)(OC4)OC5)=NC(OCC45COP(=O)(OC4)OC5)=N3)(CO1)CO2,0,NC1=CC=C(CC2=CC=C(N)C=C2)C=C1,20,100,2,150,2,0,0,0,0,0,0,0,0,0,0,0,0,0,0,0,0,,0,,0,,0
CC(C)(C1=CC=C(OCC2CO2)C=C1)C1=CC=C(OCC2CO2)C=C1,213,O=P([O-])([O-])[O-].[NH4+].[NH4+].[NH4+],10,NC1=CC=C(CC2=CC=C(N)C=C2)C=C1,18,100,2,150,2,0,0,0,0,0,0,0,0,0,0,0,0,0,0,0,0,,0,,0,,0
CC(C)(C1=CC=C(OCC2CO2)C=C1)C1=CC=C(OCC2CO2)C=C1,213,O=P12OCC(COC3=NC(OCC45COP(=O)(OC4)OC5)=NC(OCC45COP(=O)(OC4)OC5)=N3)(CO1)CO2,5,NC1=CC=C(CC2=CC=C(N)C=C2)C=C1,18,100,2,150,2,0,0,0,0,0,0,0,0,0,0,0,0,0,0,0,0,O=P([O-])([O-])[O-].[NH4+].[NH4+].[NH4+],5,,0,,0
CC(C1=CC=C(OCC2CO2)C=C1)(C)C3=CC=C(OCCOC4=CC=C(C=C4P(C5=CC=CC=C5)(C6=CC=CC=C6)=O)OCC(COC7=CC=C(C(C8=CC=C(OCC9CO9)C=C8)(C)C)C=C7)O)C=C3,480.2,O=P(C1=CC=CC=C1)(C1=CC=CC=C1)C1=CC(O)=CC=C1O,10.5,NC1=CC=C(S(=O)(=O)C2=CC=C(N)C=C2)C=C1,29.83333333,120,2,150,3,180,1,0,0,0,0,0,0,0,0,0,0,0,0,0,0,,0,,0,,0
CC(C1=CC=C(OCC2CO2)C=C1)(C)C3=CC=C(OCCOC4=CC=C(C=C4P(C5=CC=CC=C5)(C6=CC=CC=C6)=O)OCC(COC7=CC=C(C(C8=CC=C(OCC9CO9)C=C8)(C)C)C=C7)O)C=C3,480.2,O=P(C1=CC=CC=C1)(C1=CC=CC=C1)C1=CC(O)=CC=C1O,20.9,NC1=CC=C(S(=O)(=O)C2=CC=C(N)C=C2)C=C1,26.36666667,120,2,150,3,180,1,0,0,0,0,0,0,0,0,0,0,0,0,0,0,,0,,0,,0
CC(C1=CC=C(OCC2CO2)C=C1)(C)C3=CC=C(OCCOC4=CC=C(C=C4P(C5=CC=CC=C5)(C6=CC=CC=C6)=O)OCC(COC7=CC=C(C(C8=CC=C(OCC9CO9)C=C8)(C)C)C=C7)O)C=C3,480.2,O=P1(C2=CC(O)=CC=C2O)OC2=C(C=CC=C2)C2=CC=CC=C21,10,NC1=CC=C(S(=O)(=O)C2=CC=C(N)C=C2)C=C1,30,120,2,150,3,180,1,0,0,0,0,0,0,0,0,0,0,0,0,0,0,,0,,0,,0
CC(C1=CC=C(OCC2CO2)C=C1)(C)C3=CC=C(OCCOC4=CC=C(C=C4P(C5=CC=CC=C5)(C6=CC=CC=C6)=O)OCC(COC7=CC=C(C(C8=CC=C(OCC9CO9)C=C8)(C)C)C=C7)O)C=C3,480.2,O=P1(C2=CC(O)=CC=C2O)OC2=C(C=CC=C2)C2=CC=CC=C21,20,NC1=CC=C(S(=O)(=O)C2=CC=C(N)C=C2)C=C1,26.66666667,120,2,150,3,180,1,0,0,0,0,0,0,0,0,0,0,0,0,0,0,,0,,0,,0
CC(C1=CC=C(OCC2CO2)C=C1)(C)C3=CC=C(OCCOC4=CC=C(C=C4P(C5=CC=CC=C5)(C6=CC=CC=C6)=O)OCC(COC7=CC=C(C(C8=CC=C(OCC9CO9)C=C8)(C)C)C=C7)O)C=C3,480.2,O=P1(C2=CC(O)=CC=C2O)OC2=C(C=CC=C2)C2=CC=CC=C21,0,NC1=CC=C(S(=O)(=O)C2=CC=C(N)C=C2)C=C1,33.33333333,120,2,150,3,180,1,0,0,0,0,0,0,0,0,0,0,0,0,0,0,,0,,0,,0
CC(C)(C1=CC=C(OCC2CO2)C=C1)C1=CC=C(OCC2CO2)C=C1,173,NC1=CC2=C(C=C1)OP(=O)(CCCCP1(=O)OC3=C(C=C(N)C=C3)C3=CC=CC=C31)C1=CC=CC=C12,44.4,NC1=CC2=C(C=C1)OP(=O)(CCCCP1(=O)OC3=C(C=C(N)C=C3)C3=CC=CC=C31)C1=CC=CC=C12,44.4,180,2,0,0,0,0,0,0,0,0,0,0,0,0,0,0,0,0,0,0,,0,,0,,0
CC(C)(C1=CC=C(OCC2CO2)C=C1)C1=CC=C(OCC2CO2)C=C1,227,OC1=CC=C(C=C1P2(OC3=CC=CC=C3C4=CC=CC=C42)=O)OP5(OCC6(CO5)COP(O)(OC6)=O)=O,2.5,CNC1=CC=C(NC(=O)C2=CC=C(C(C)=O)C=C2)C=C1,32.50130005,60,1,0,0,0,0,0,0,0,0,0,0,0,0,0,0,0,0,0,0,,0,,0,,0
CC(C)(C1=CC=C(OCC2CO2)C=C1)C1=CC=C(OCC2CO2)C=C1,227,OC1=CC=C(C=C1P2(OC3=CC=CC=C3C4=CC=CC=C42)=O)OP5(OCC6(CO5)COP(O)(OC6)=O)=O,5,CNC1=CC=C(NC(=O)C2=CC=C(C(C)=O)C=C2)C=C1,31.66561115,60,1,0,0,0,0,0,0,0,0,0,0,0,0,0,0,0,0,0,0,,0,,0,,0
CC(C)(C1=CC=C(OCC2CO2)C=C1)C1=CC=C(OCC2CO2)C=C1,227,OC1=CC=C(C=C1P2(OC3=CC=CC=C3C4=CC=CC=C42)=O)OP5(OCC6(CO5)COP(O)(OC6)=O)=O,10,CNC1=CC=C(NC(=O)C2=CC=C(C(C)=O)C=C2)C=C1,30.00120005,60,1,0,0,0,0,0,0,0,0,0,0,0,0,0,0,0,0,0,0,,0,,0,,0
CC(C)(C1=CC=C(OCC2CO2)C=C1)C1=CC=C(OCC2CO2)C=C1,227,OC1=CC=C(C=C1P2(OC3=CC=CC=C3C4=CC=CC=C42)=O)OP5(OCC6(CO5)COP(O)(OC6)=O)=O,0,CNC1=CC=C(NC(=O)C2=CC=C(C(C)=O)C=C2)C=C1,33.33333333,60,1,0,0,0,0,0,0,0,0,0,0,0,0,0,0,0,0,0,0,,0,,0,,0
CC(C)(C1=CC=C(OCC2CO2)C=C1)C1=CC=C(OCC2CO2)C=C1,188,O=P1(C(O)C2=CC=C(OP3(OC4=CC=C(C(O)P5(=O)OC6=C(C=CC=C6)C6=C5C=CC=C6)C=C4)=NP(OC4=CC=C(C(O)P5(=O)OC6=C(C=CC=C6)C6=C5C=CC=C6)C=C4)(OC4=CC=C(C(O)P5(=O)OC6=C(C=CC=C6)C6=C5C=CC=C6)C=C4)=NP(OC4=CC=C(C(O)P5(=O)OC6=C(C=CC=C6)C6=C5C=CC=C6)C=C4)(OC4=CC=C(C(O)P5(=O)OC6=C(C=CC=C6)C6=C5C=CC=C6)C=C4)=N3)C=C2)OC2=C(C=CC=C2)C2=C1C=CC=C2,7.8,NC1=CC=C(S(=O)(=O)C2=CC=C(N)C=C2)C=C1,22.1598878,150,3,180,5,0,0,0,0,0,0,0,0,0,0,0,0,0,0,0,0,,0,,0,,0
CC(C)(C1=CC=C(OCC2CO2)C=C1)C1=CC=C(OCC2CO2)C=C1,188,O=P1(C(O)C2=CC=C(OP3(OC4=CC=C(C(O)P5(=O)OC6=C(C=CC=C6)C6=C5C=CC=C6)C=C4)=NP(OC4=CC=C(C(O)P5(=O)OC6=C(C=CC=C6)C6=C5C=CC=C6)C=C4)(OC4=CC=C(C(O)P5(=O)OC6=C(C=CC=C6)C6=C5C=CC=C6)C=C4)=NP(OC4=CC=C(C(O)P5(=O)OC6=C(C=CC=C6)C6=C5C=CC=C6)C=C4)(OC4=CC=C(C(O)P5(=O)OC6=C(C=CC=C6)C6=C5C=CC=C6)C=C4)=N3)C=C2)OC2=C(C=CC=C2)C2=C1C=CC=C2,17.9,NC1=CC=C(S(=O)(=O)C2=CC=C(N)C=C2)C=C1,21.77808408,150,3,180,5,0,0,0,0,0,0,0,0,0,0,0,0,0,0,0,0,,0,,0,,0
CC(C)(C1=CC=C(OCC2CO2)C=C1)C1=CC=C(OCC2CO2)C=C1,188,O=P1(C(O)C2=CC=C(OP3(OC4=CC=C(C(O)P5(=O)OC6=C(C=CC=C6)C6=C5C=CC=C6)C=C4)=NP(OC4=CC=C(C(O)P5(=O)OC6=C(C=CC=C6)C6=C5C=CC=C6)C=C4)(OC4=CC=C(C(O)P5(=O)OC6=C(C=CC=C6)C6=C5C=CC=C6)C=C4)=NP(OC4=CC=C(C(O)P5(=O)OC6=C(C=CC=C6)C6=C5C=CC=C6)C=C4)(OC4=CC=C(C(O)P5(=O)OC6=C(C=CC=C6)C6=C5C=CC=C6)C=C4)=N3)C=C2)OC2=C(C=CC=C2)C2=C1C=CC=C2,11.6,NC1=CC=C(S(=O)(=O)C2=CC=C(N)C=C2)C=C1,21.22229684,150,3,180,5,0,0,0,0,0,0,0,0,0,0,0,0,0,0,0,0,,0,,0,,0
CC(C)(C1=CC=C(OCC2CO2)C=C1)C1=CC=C(OCC2CO2)C=C1,188,O=P1(C(O)C2=CC=C(OP3(OC4=CC=C(C(O)P5(=O)OC6=C(C=CC=C6)C6=C5C=CC=C6)C=C4)=NP(OC4=CC=C(C(O)P5(=O)OC6=C(C=CC=C6)C6=C5C=CC=C6)C=C4)(OC4=CC=C(C(O)P5(=O)OC6=C(C=CC=C6)C6=C5C=CC=C6)C=C4)=NP(OC4=CC=C(C(O)P5(=O)OC6=C(C=CC=C6)C6=C5C=CC=C6)C=C4)(OC4=CC=C(C(O)P5(=O)OC6=C(C=CC=C6)C6=C5C=CC=C6)C=C4)=N3)C=C2)OC2=C(C=CC=C2)C2=C1C=CC=C2,15.5,NC1=CC=C(S(=O)(=O)C2=CC=C(N)C=C2)C=C1,20.29543995,150,3,180,5,0,0,0,0,0,0,0,0,0,0,0,0,0,0,0,0,,0,,0,,0
CC(C)(C1=CC=C(OCC2CO2)C=C1)C1=CC=C(OCC2CO2)C=C1,188,O=P1(C(O)C2=CC=C(OP3(OC4=CC=C(C(O)P5(=O)OC6=C(C=CC=C6)C6=C5C=CC=C6)C=C4)=NP(OC4=CC=C(C(O)P5(=O)OC6=C(C=CC=C6)C6=C5C=CC=C6)C=C4)(OC4=CC=C(C(O)P5(=O)OC6=C(C=CC=C6)C6=C5C=CC=C6)C=C4)=NP(OC4=CC=C(C(O)P5(=O)OC6=C(C=CC=C6)C6=C5C=CC=C6)C=C4)(OC4=CC=C(C(O)P5(=O)OC6=C(C=CC=C6)C6=C5C=CC=C6)C=C4)=N3)C=C2)OC2=C(C=CC=C2)C2=C1C=CC=C2,0,NC1=CC=C(S(=O)(=O)C2=CC=C(N)C=C2)C=C1,24.01215805,150,3,180,5,0,0,0,0,0,0,0,0,0,0,0,0,0,0,0,0,,0,,0,,0
CC(C)(C1=CC=C(OCC2CO2)C=C1)C1=CC=C(OCC2CO2)C=C1,188,[H]P1(=O)OC2=C(C=CC=C2)C2=C1C=CC=C2,8.363116512,NC1=CC=C(S(=O)(=O)C2=CC=C(N)C=C2)C=C1,20.15725518,150,3,180,5,0,0,0,0,0,0,0,0,0,0,0,0,0,0,0,0,,0,,0,,0
CC(C)(C1=CC=C(OCC2CO2)C=C1)C1=CC=C(OCC2CO2)C=C1,188,O=C(O)CC(CP1(=O)OC2=CC=CC=C2C2=CC=CC=C21)C(=O)O,12.86589517,NC1=CC=C(S(=O)(=O)C2=CC=C(N)C=C2)C=C1,19.06058543,150,3,180,5,0,0,0,0,0,0,0,0,0,0,0,0,0,0,0,0,,0,,0,,0
CC(C)(C1=CC=C(OCC2CO2)C=C1)C1=CC=C(OCC2CO2)C=C1,196,O=P1(C(NC2=CC=C(NC(C3=CC=CC=C3)P3(=O)OC4=CC=CC=C4C4=C3C=CC=C4)C=C2)C2=CC=CC=C2)OC2=C(C=CC=C2)C2=CC=CC=C21,8.6,NC1=CC=C(CC2=CC=C(N)C=C2)C=C1,18.28,140,2,180,2,0,0,0,0,0,0,0,0,0,0,0,0,0,0,0,0,,0,,0,,0
CC(C)(C1=CC=C(OCC2CO2)C=C1)C1=CC=C(OCC2CO2)C=C1,196,O=P1(C(NC2=CC=C(NC(C3=CC=CC=C3)P3(=O)OC4=CC=CC=C4C4=C3C=CC=C4)C=C2)C2=CC=CC=C2)OC2=C(C=CC=C2)C2=CC=CC=C21,11.6,NC1=CC=C(CC2=CC=C(N)C=C2)C=C1,17.68,140,2,180,2,0,0,0,0,0,0,0,0,0,0,0,0,0,0,0,0,,0,,0,,0
CC(C)(C1=CC=C(OCC2CO2)C=C1)C1=CC=C(OCC2CO2)C=C1,196,O=P1(C(NC2=CC=C(NC(C3=CC=CC=C3)P3(=O)OC4=CC=CC=C4C4=C3C=CC=C4)C=C2)C2=CC=CC=C2)OC2=C(C=CC=C2)C2=CC=CC=C21,14.5,NC1=CC=C(CC2=CC=C(N)C=C2)C=C1,17.1,140,2,180,2,0,0,0,0,0,0,0,0,0,0,0,0,0,0,0,0,,0,,0,,0
CC(C)(C1=CC=C(OCC2CO2)C=C1)C1=CC=C(OCC2CO2)C=C1,196,O=P1(C(NC2=CC=C(NC(C3=CC=CC=C3)P3(=O)OC4=CC=CC=C4C4=C3C=CC=C4)C=C2)C2=CC=CC=C2)OC2=C(C=CC=C2)C2=CC=CC=C21,17.4,NC1=CC=C(CC2=CC=C(N)C=C2)C=C1,16.52,140,2,180,2,0,0,0,0,0,0,0,0,0,0,0,0,0,0,0,0,,0,,0,,0
CC(C)(C1=CC=C(OCC2CO2)C=C1)C1=CC=C(OCC2CO2)C=C1,196,O=P1(C(NC2=CC=C(NC(C3=CC=C(O)C=C3)P3(=O)OC4=CC=CC=C4C4=C3C=CC=C4)C=C2)C2=CC=C(O)C=C2)OC2=C(C=CC=C2)C2=CC=CC=C21,9.1,NC1=CC=C(CC2=CC=C(N)C=C2)C=C1,18.18,140,2,180,2,0,0,0,0,0,0,0,0,0,0,0,0,0,0,0,0,,0,,0,,0
CC(C)(C1=CC=C(OCC2CO2)C=C1)C1=CC=C(OCC2CO2)C=C1,196,O=P1(C(NC2=CC=C(NC(C3=CC=C(O)C=C3)P3(=O)OC4=CC=CC=C4C4=C3C=CC=C4)C=C2)C2=CC=C(O)C=C2)OC2=C(C=CC=C2)C2=CC=CC=C21,12.1,NC1=CC=C(CC2=CC=C(N)C=C2)C=C1,17.58,140,2,180,2,0,0,0,0,0,0,0,0,0,0,0,0,0,0,0,0,,0,,0,,0
CC(C)(C1=CC=C(OCC2CO2)C=C1)C1=CC=C(OCC2CO2)C=C1,196,O=P1(C(NC2=CC=C(NC(C3=CC=C(O)C=C3)P3(=O)OC4=CC=CC=C4C4=C3C=CC=C4)C=C2)C2=CC=C(O)C=C2)OC2=C(C=CC=C2)C2=CC=CC=C21,15.1,NC1=CC=C(CC2=CC=C(N)C=C2)C=C1,16.98,140,2,180,2,0,0,0,0,0,0,0,0,0,0,0,0,0,0,0,0,,0,,0,,0
CC(C)(C1=CC=C(OCC2CO2)C=C1)C1=CC=C(OCC2CO2)C=C1,196,O=P1(C(NC2=CC=C(NC(C3=CC=C(O)C=C3)P3(=O)OC4=CC=CC=C4C4=C3C=CC=C4)C=C2)C2=CC=C(O)C=C2)OC2=C(C=CC=C2)C2=CC=CC=C21,18.1,NC1=CC=C(CC2=CC=C(N)C=C2)C=C1,16.38,140,2,180,2,0,0,0,0,0,0,0,0,0,0,0,0,0,0,0,0,,0,,0,,0
CC(C)(C1=CC=C(OCC2CO2)C=C1)C1=CC=C(OCC2CO2)C=C1,196,OC1=CC=CC=C1C(P2(OC3=CC=CC=C3C4=C2C=CC=C4)=O)NC(C=C5)=CC=C5NC(P6(OC7=C(C8=CC=CC=C86)C=CC=C7)=O)C9=C(O)C=CC=C9,9.1,NC1=CC=C(CC2=CC=C(N)C=C2)C=C1,18.18,140,2,180,2,0,0,0,0,0,0,0,0,0,0,0,0,0,0,0,0,,0,,0,,0
CC(C)(C1=CC=C(OCC2CO2)C=C1)C1=CC=C(OCC2CO2)C=C1,196,OC1=CC=CC=C1C(P2(OC3=CC=CC=C3C4=C2C=CC=C4)=O)NC(C=C5)=CC=C5NC(P6(OC7=C(C8=CC=CC=C86)C=CC=C7)=O)C9=C(O)C=CC=C9,12.1,NC1=CC=C(CC2=CC=C(N)C=C2)C=C1,17.58,140,2,180,2,0,0,0,0,0,0,0,0,0,0,0,0,0,0,0,0,,0,,0,,0
CC(C)(C1=CC=C(OCC2CO2)C=C1)C1=CC=C(OCC2CO2)C=C1,196,OC1=CC=CC=C1C(P2(OC3=CC=CC=C3C4=C2C=CC=C4)=O)NC(C=C5)=CC=C5NC(P6(OC7=C(C8=CC=CC=C86)C=CC=C7)=O)C9=C(O)C=CC=C9,15.1,NC1=CC=C(CC2=CC=C(N)C=C2)C=C1,16.98,140,2,180,2,0,0,0,0,0,0,0,0,0,0,0,0,0,0,0,0,,0,,0,,0
CC(C)(C1=CC=C(OCC2CO2)C=C1)C1=CC=C(OCC2CO2)C=C1,196,OC1=CC=CC=C1C(P2(OC3=CC=CC=C3C4=C2C=CC=C4)=O)NC(C=C5)=CC=C5NC(P6(OC7=C(C8=CC=CC=C86)C=CC=C7)=O)C9=C(O)C=CC=C9,18.1,NC1=CC=C(CC2=CC=C(N)C=C2)C=C1,16.38,140,2,180,2,0,0,0,0,0,0,0,0,0,0,0,0,0,0,0,0,,0,,0,,0
CC(C)(C1=CC=C(OCC2CO2)C=C1)C1=CC=C(OCC2CO2)C=C1,196,OC1=CC=CC=C1C(P2(OC3=CC=CC=C3C4=C2C=CC=C4)=O)NC(C=C5)=CC=C5NC(P6(OC7=C(C8=CC=CC=C86)C=CC=C7)=O)C9=C(O)C=CC=C9,0,NC1=CC=C(CC2=CC=C(N)C=C2)C=C1,20,140,2,180,2,0,0,0,0,0,0,0,0,0,0,0,0,0,0,0,0,,0,,0,,0
CC(C)(C1=CC=C(OCC2CO2)C=C1)C1=CC=C(OCC2CO2)C=C1,227,OC1=CC=C(C=C1P2(OC3=CC=CC=C3C4=CC=CC=C42)=O)OP5(OCC6(CO5)COP(OC6)(O)=O)=O,2.5,CNC1=CC=C(NC(=O)C2=CC=C(C(C)=O)C=C2)C=C1,48.75,60,1,0,0,0,0,0,0,0,0,0,0,0,0,0,0,0,0,0,0,,0,,0,,0
CC(C)(C1=CC=C(OCC2CO2)C=C1)C1=CC=C(OCC2CO2)C=C1,227,OC1=CC=C(C=C1P2(OC3=CC=CC=C3C4=CC=CC=C42)=O)OP5(OCC6(CO5)COP(OC6)(O)=O)=O,5,CNC1=CC=C(NC(=O)C2=CC=C(C(C)=O)C=C2)C=C1,47.5,60,1,0,0,0,0,0,0,0,0,0,0,0,0,0,0,0,0,0,0,,0,,0,,0
CC(C)(C1=CC=C(OCC2CO2)C=C1)C1=CC=C(OCC2CO2)C=C1,227,OC1=CC=C(C=C1P2(OC3=CC=CC=C3C4=CC=CC=C42)=O)OP5(OCC6(CO5)COP(OC6)(O)=O)=O,10,CNC1=CC=C(NC(=O)C2=CC=C(C(C)=O)C=C2)C=C1,45,60,1,0,0,0,0,0,0,0,0,0,0,0,0,0,0,0,0,0,0,,0,,0,,0
CC(C)(C1=CC=C(OCC2CO2)C=C1)C1=CC=C(OCC2CO2)C=C1,227,OC1=CC=C(C=C1P2(OC3=CC=CC=C3C4=CC=CC=C42)=O)OP5(OCC6(CO5)COP(OC6)(O)=O)=O,0,CNC1=CC=C(NC(=O)C2=CC=C(C(C)=O)C=C2)C=C1,50,60,1,0,0,0,0,0,0,0,0,0,0,0,0,0,0,0,0,0,0,,0,,0,,0
CC(C)(C1=CC=C(OCC2CO2)C=C1)C1=CC=C(OCC2CO2)C=C1,227,COC(P1(OC2=CC=CC=C2C3=CC=CC=C31)=O)C4=CC=C(C=C4)C(P5(OC6=CC=CC=C6C7=CC=CC=C75)=O)OP8(OCC9(CO8)COP(O)(OC9)=O)=O,5,NC1=CC=C(CC2=CC=C(N)C=C2)C=C1,19,100,2,150,2,0,0,0,0,0,0,0,0,0,0,0,0,0,0,0,0,,0,,0,,0
CC(C)(C1=CC=C(OCC2CO2)C=C1)C1=CC=C(OCC2CO2)C=C1,227,COC(P1(OC2=CC=CC=C2C3=CC=CC=C31)=O)C4=CC=C(C=C4)C(P5(OC6=CC=CC=C6C7=CC=CC=C75)=O)OP8(OCC9(CO8)COP(O)(OC9)=O)=O,10,NC1=CC=C(CC2=CC=C(N)C=C2)C=C1,18,100,2,150,2,0,0,0,0,0,0,0,0,0,0,0,0,0,0,0,0,,0,,0,,0
CC(C)(C1=CC=C(OCC2CO2)C=C1)C1=CC=C(OCC2CO2)C=C1,227,COC(P1(OC2=CC=CC=C2C3=CC=CC=C31)=O)C4=CC=C(C=C4)C(P5(OC6=CC=CC=C6C7=CC=CC=C75)=O)OP8(OCC9(CO8)COP(O)(OC9)=O)=O,15,NC1=CC=C(CC2=CC=C(N)C=C2)C=C1,17,100,2,150,2,0,0,0,0,0,0,0,0,0,0,0,0,0,0,0,0,,0,,0,,0
CC(C)(C1=CC=C(OCC2CO2)C=C1)C1=CC=C(OCC2CO2)C=C1,227,COC(P1(OC2=CC=CC=C2C3=CC=CC=C31)=O)C4=CC=C(C=C4)C(P5(OC6=CC=CC=C6C7=CC=CC=C75)=O)OP8(OCC9(CO8)COP(O)(OC9)=O)=O,0,NC1=CC=C(CC2=CC=C(N)C=C2)C=C1,20,100,2,150,2,0,0,0,0,0,0,0,0,0,0,0,0,0,0,0,0,,0,,0,,0
CC1=C(OCC2CO2)C=CC=C1CC3=CC(CC4=CC=CC(OCC5OC5)=C4)=C(C)C(OCC6OC6)=C3,178,C[Si](C)(CCP1(=O)OC2=C(C=CC=C2)C2=C1C=CC=C2)O[Si](C)(C)CCP1(=O)OC2=C(C=CC=C2)C2=C1C=CC=C2,10,CC(C)(C)C1=CC(CO)=C(O)C(CC2=C(O)C(CC3=C(O)C(CO)=CC(C(C)(C)C)=C3)=CC(C(C)(C)C)=C2)=C1,31.5,150,2,180,2,200,1,0,0,0,0,0,0,0,0,0,0,0,0,0,0,C1(P(C2=CC=CC=C2)C3=CC=CC=C3)=CC=CC=C1,0.2,,0,,0
CC1=C(OCC2CO2)C=CC=C1CC3=CC(CC4=CC=CC(OCC5OC5)=C4)=C(C)C(OCC6OC6)=C3,178,C[Si](C)(CCP1(=O)OC2=C(C=CC=C2)C2=C1C=CC=C2)O[Si](C)(C)CCP1(=O)OC2=C(C=CC=C2)C2=C1C=CC=C2,15,CC(C)(C)C1=CC(CO)=C(O)C(CC2=C(O)C(CC3=C(O)C(CO)=CC(C(C)(C)C)=C3)=CC(C(C)(C)C)=C2)=C1,29.7,150,2,180,2,200,1,0,0,0,0,0,0,0,0,0,0,0,0,0,0,C1(P(C2=CC=CC=C2)C3=CC=CC=C3)=CC=CC=C1,0.2,,0,,0
CC1=C(OCC2CO2)C=CC=C1CC3=CC(CC4=CC=CC(OCC5OC5)=C4)=C(C)C(OCC6OC6)=C3,178,C[Si](C)(CCP1(=O)OC2=C(C=CC=C2)C2=C1C=CC=C2)O[Si](C)(C)CCP1(=O)OC2=C(C=CC=C2)C2=C1C=CC=C2,20,CC(C)(C)C1=CC(CO)=C(O)C(CC2=C(O)C(CC3=C(O)C(CO)=CC(C(C)(C)C)=C3)=CC(C(C)(C)C)=C2)=C1,28,150,2,180,2,200,1,0,0,0,0,0,0,0,0,0,0,0,0,0,0,C1(P(C2=CC=CC=C2)C3=CC=CC=C3)=CC=CC=C1,0.2,,0,,0
CC1=C(OCC2CO2)C=CC=C1CC3=CC(CC4=CC=CC(OCC5OC5)=C4)=C(C)C(OCC6OC6)=C3,178,C[Si](CCP1(=O)OC2=C(C=CC=C2)C2=C1C=CC=C2)(O[Si](C)(CCP1(=O)OC2=C(C=CC=C2)C2=C1C=CC=C2)C1=CC=CC=C1)C1=CC=CC=C1,12,CC(C)(C)C1=CC(CO)=C(O)C(CC2=C(O)C(CC3=C(O)C(CO)=CC(C(C)(C)C)=C3)=CC(C(C)(C)C)=C2)=C1,30.9,150,2,180,2,200,1,0,0,0,0,0,0,0,0,0,0,0,0,0,0,C1(P(C2=CC=CC=C2)C3=CC=CC=C3)=CC=CC=C1,0.2,,0,,0
CC1=C(OCC2CO2)C=CC=C1CC3=CC(CC4=CC=CC(OCC5OC5)=C4)=C(C)C(OCC6OC6)=C3,178,C[Si](CCP1(=O)OC2=C(C=CC=C2)C2=C1C=CC=C2)(O[Si](C)(CCP1(=O)OC2=C(C=CC=C2)C2=C1C=CC=C2)C1=CC=CC=C1)C1=CC=CC=C1,18,CC(C)(C)C1=CC(CO)=C(O)C(CC2=C(O)C(CC3=C(O)C(CO)=CC(C(C)(C)C)=C3)=CC(C(C)(C)C)=C2)=C1,28.7,150,2,180,2,200,1,0,0,0,0,0,0,0,0,0,0,0,0,0,0,C1(P(C2=CC=CC=C2)C3=CC=CC=C3)=CC=CC=C1,0.2,,0,,0
CC1=C(OCC2CO2)C=CC=C1CC3=CC(CC4=CC=CC(OCC5OC5)=C4)=C(C)C(OCC6OC6)=C3,178,C[Si](CCP1(=O)OC2=C(C=CC=C2)C2=C1C=CC=C2)(O[Si](C)(CCP1(=O)OC2=C(C=CC=C2)C2=C1C=CC=C2)C1=CC=CC=C1)C1=CC=CC=C1,24,CC(C)(C)C1=CC(CO)=C(O)C(CC2=C(O)C(CC3=C(O)C(CO)=CC(C(C)(C)C)=C3)=CC(C(C)(C)C)=C2)=C1,26.6,150,2,180,2,200,1,0,0,0,0,0,0,0,0,0,0,0,0,0,0,C1(P(C2=CC=CC=C2)C3=CC=CC=C3)=CC=CC=C1,0.2,,0,,0
CC1=C(OCC2CO2)C=CC=C1CC3=CC(CC4=CC=CC(OCC5OC5)=C4)=C(C)C(OCC6OC6)=C3,178,C[Si](CCP1(=O)OC2=C(C=CC=C2)C2=C1C=CC=C2)(O[Si](C)(CCP1(=O)OC2=C(C=CC=C2)C2=C1C=CC=C2)C1=CC=CC=C1)C1=CC=CC=C1,0,CC(C)(C)C1=CC(CO)=C(O)C(CC2=C(O)C(CC3=C(O)C(CO)=CC(C(C)(C)C)=C3)=CC(C(C)(C)C)=C2)=C1,35,150,2,180,2,200,1,0,0,0,0,0,0,0,0,0,0,0,0,0,0,C1(P(C2=CC=CC=C2)C3=CC=CC=C3)=CC=CC=C1,0.2,,0,,0
CC(C)(C1=CC=C(OCC2CO2)C=C1)C1=CC=C(OCC2CO2)C=C1,227,CNC1=NC(N)=NC(NC(=O)NP(=O)(NC(C)=O)OC)=N1,10,CNC1=CC=C(NC(=O)C2=CC=C(C(C)=O)C=C2)C=C1,30,100,2,0,0,0,0,0,0,0,0,0,0,0,0,0,0,0,0,0,0,,0,,0,,0
CC(C)(C1=CC=C(OCC2CO2)C=C1)C1=CC=C(OCC2CO2)C=C1,227,CNC1=NC(N)=NC(NC(=O)NP(=O)(NC(C)=O)OC)=N1,15,CNC1=CC=C(NC(=O)C2=CC=C(C(C)=O)C=C2)C=C1,28.3,100,2,0,0,0,0,0,0,0,0,0,0,0,0,0,0,0,0,0,0,,0,,0,,0
CC(C)(C1=CC=C(OCC2CO2)C=C1)C1=CC=C(OCC2CO2)C=C1,227,CNC1=NC(N)=NC(NC(=O)NP(=O)(NC(C)=O)OC)=N1,20,CNC1=CC=C(NC(=O)C2=CC=C(C(C)=O)C=C2)C=C1,26.7,100,2,0,0,0,0,0,0,0,0,0,0,0,0,0,0,0,0,0,0,,0,,0,,0
CC(C)(C1=CC=C(OCC2CO2)C=C1)C1=CC=C(OCC2CO2)C=C1,227,CNC1=NC(N)=NC(NC(=O)NP(=O)(NC(C)=O)OC)=N1,25,CNC1=CC=C(NC(=O)C2=CC=C(C(C)=O)C=C2)C=C1,25,100,2,0,0,0,0,0,0,0,0,0,0,0,0,0,0,0,0,0,0,,0,,0,,0
CC(C)(C1=CC=C(OCC2CO2)C=C1)C1=CC=C(OCC2CO2)C=C1,227,CNC1=NC(N)=NC(NC(=O)NP(=O)(NC(C)=O)OC)=N1,0,CNC1=CC=C(NC(=O)C2=CC=C(C(C)=O)C=C2)C=C1,33.3,100,2,0,0,0,0,0,0,0,0,0,0,0,0,0,0,0,0,0,0,,0,,0,,0
C=CC(OCC(COC1=CC=C(C=C1)C(C)(C2=CC=C(C=C2)OCC(COC3=CC=C(C=C3)C(C)(C4=CC=C(C=C4)OCC5CO5)C)O)C)O)=O,696.33,C=CC(=O)OCCN(CCOC(=O)C=C)P(=O)(OCC)OCC,4.85,C=CC(=O)OCCN(CCOC(=O)C=C)P(=O)(OCC)OCC,4.85,60,4,0,0,0,0,0,0,0,0,0,0,0,0,0,0,0,0,0,1,O=C(C(C)(O)C)C1=CC=CC=C1,3,,0,,0
C=CC(OCC(COC1=CC=C(C=C1)C(C)(C2=CC=C(C=C2)OCC(COC3=CC=C(C=C3)C(C)(C4=CC=C(C=C4)OCC5CO5)C)O)C)O)=O,696.33,C=CC(=O)OCCN(CCOC(=O)C=C)P(=O)(OCC)OCC,9.7,C=CC(=O)OCCN(CCOC(=O)C=C)P(=O)(OCC)OCC,9.7,60,4,0,0,0,0,0,0,0,0,0,0,0,0,0,0,0,0,0,1,O=C(C(C)(O)C)C1=CC=CC=C1,3,,0,,0
C=CC(OCC(COC1=CC=C(C=C1)C(C)(C2=CC=C(C=C2)OCC(COC3=CC=C(C=C3)C(C)(C4=CC=C(C=C4)OCC5CO5)C)O)C)O)=O,696.33,C=CC(=O)OCCN(CCOC(=O)C=C)P(=O)(OCC)OCC,1.94,C=CC(=O)OCCN(CCOC(=O)C=C)P(=O)(OCC)OCC,19.4,60,4,0,0,0,0,0,0,0,0,0,0,0,0,0,0,0,0,0,1,O=C(C(C)(O)C)C1=CC=CC=C1,3,,0,,0
C=CC(OCC(COC1=CC=C(C=C1)C(C)(C2=CC=C(C=C2)OCC(COC3=CC=C(C=C3)C(C)(C4=CC=C(C=C4)OCC5CO5)C)O)C)O)=O,696.33,C=CC(=O)OCCN(CCOC(=O)C=C)P(=O)(OCC)OCC,0,C=CC(=O)OCCN(CCOC(=O)C=C)P(=O)(OCC)OCC,0,60,4,0,0,0,0,0,0,0,0,0,0,0,0,0,0,0,0,0,1,O=C(C(C)(O)C)C1=CC=CC=C2,4,,0,,0
CC(C)(C1=CC=C(OCC2CO2)C=C1)C1=CC=C(OCC2CO2)C=C1,192,O=P(CCCOCC1OC1)(CC(C)C)CCCOCC2CO2,74.95220114,CC1=CC=C(N)C=C1N,15.47306658,140,5,180,4,0,0,0,0,0,0,0,0,0,0,0,0,0,0,0,0,,0,,0,,0
CC(C)(C1=CC=C(OCC2CO2)C=C1)C1=CC=C(OCC2CO2)C=C1,192,O=P(CCCOCC1OC1)(CC(C)C)CCCOCC2CO3,52.51767966,CC1=CC=C(N)C=C1N,14.97022385,140,5,180,4,0,0,0,0,0,0,0,0,0,0,0,0,0,0,0,0,,0,,0,,0
CC(C)(C1=CC=C(OCC2CO2)C=C1)C1=CC=C(OCC2CO2)C=C1,192,O=P(CCCOCC1OC1)(CC(C)C)CCCOCC2CO4,31.38260088,CC1=CC=C(N)C=C1N,14.49650657,140,5,180,4,0,0,0,0,0,0,0,0,0,0,0,0,0,0,0,0,,0,,0,,0
CC(C)(C1=CC=C(OCC2CO2)C=C1)C1=CC=C(OCC2CO2)C=C1,192,O=P(CCCOCC1OC1)(CC(C)C)CCCOCC2CO5,72.6468691,CC1=CC=C(N)C=C1N,15.42139534,140,5,180,4,0,0,0,0,0,0,0,0,0,0,0,0,0,0,0,0,,0,,0,,0
CC(C)(C1=CC=C(OCC2CO2)C=C1)C1=CC=C(OCC2CO2)C=C1,192,O=P(CCCOCC1OC1)(CC(C)C)CCCOCC2CO6,0,CC1=CC=C(N)C=C1N,13.79310345,140,5,180,4,0,0,0,0,0,0,0,0,0,0,0,0,0,0,0,0,,0,,0,,0
CC(C)(C1=CC=C(OCC2CO2)C=C1)C1=CC=C(OCC2CO2)C=C2,192,O=P(CCCOCC1OC1)(CC(C)C)CCCOCC2CO7,84.31703204,CC1=CC=C(N)C=C1N,15.68296796,140,5,180,4,0,0,0,0,0,0,0,0,0,0,0,0,0,0,0,0,,0,,0,,0
CC(C)(C1=CC=C(OCC2CO2)C=C1)C1=CC=C(OCC2CO2)C=C1,227,OCCOCCOP1(OCC2(COP(OCCOCCO)(OC2)=O)CO1)=O,2,CNC1=CC=C(NC(=O)C2=CC=C(C(C)=O)C=C2)C=C1,32.66666667,80,5,120,2,0,0,0,0,0,0,0,0,0,0,0,0,0,0,0,0,,0,,0,,0
CC(C)(C1=CC=C(OCC2CO2)C=C1)C1=CC=C(OCC2CO2)C=C1,227,OCCOCCOP1(OCC2(COP(OCCOCCO)(OC2)=O)CO1)=O,5,CNC1=CC=C(NC(=O)C2=CC=C(C(C)=O)C=C2)C=C1,31.66666667,80,5,120,2,0,0,0,0,0,0,0,0,0,0,0,0,0,0,0,0,,0,,0,,0
CC(C)(C1=CC=C(OCC2CO2)C=C1)C1=CC=C(OCC2CO2)C=C1,227,OCCOCCOP1(OCC2(COP(OCCOCCO)(OC2)=O)CO1)=O,8,CNC1=CC=C(NC(=O)C2=CC=C(C(C)=O)C=C2)C=C1,30.66666667,80,5,120,2,0,0,0,0,0,0,0,0,0,0,0,0,0,0,0,0,,0,,0,,0
CC(C)(C1=CC=C(OCC2CO2)C=C1)C1=CC=C(OCC2CO2)C=C1,227,OCCOCCOP1(OCC2(COP(OCCOCCO)(OC2)=O)CO1)=O,10,CNC1=CC=C(NC(=O)C2=CC=C(C(C)=O)C=C2)C=C1,30,80,5,120,2,0,0,0,0,0,0,0,0,0,0,0,0,0,0,0,0,,0,,0,,0
CC(C)(C1=CC=C(OCC2CO2)C=C1)C1=CC=C(OCC2CO2)C=C1,227,OCCOCCOP1(OCC2(COP(OCCOCCO)(OC2)=O)CO1)=O,12,CNC1=CC=C(NC(=O)C2=CC=C(C(C)=O)C=C2)C=C1,29.33333333,80,5,120,2,0,0,0,0,0,0,0,0,0,0,0,0,0,0,0,0,,0,,0,,0
CC(C)(C1=CC=C(OCC2CO2)C=C1)C1=CC=C(OCC2CO2)C=C1,227,OCCOCCOP1(OCC2(COP(OCCOCCO)(OC2)=O)CO1)=O,15,CNC1=CC=C(NC(=O)C2=CC=C(C(C)=O)C=C2)C=C1,28.33333333,80,5,120,2,0,0,0,0,0,0,0,0,0,0,0,0,0,0,0,0,,0,,0,,0
CC(C)(C1=CC=C(OCC2CO2)C=C1)C1=CC=C(OCC2CO2)C=C1,227,OCCOCCOP1(OCC2(COP(OCCOCCO)(OC2)=O)CO1)=O,18,CNC1=CC=C(NC(=O)C2=CC=C(C(C)=O)C=C2)C=C1,27.33333333,80,5,120,2,0,0,0,0,0,0,0,0,0,0,0,0,0,0,0,0,,0,,0,,0
CC(C)(C1=CC=C(OCC2CO2)C=C1)C1=CC=C(OCC2CO2)C=C1,227,OCCOCCOP1(OCC2(COP(OCCOCCO)(OC2)=O)CO1)=O,0,CNC1=CC=C(NC(=O)C2=CC=C(C(C)=O)C=C2)C=C1,33.3,80,5,120,2,0,0,0,0,0,0,0,0,0,0,0,0,0,0,0,0,,0,,0,,0
CC(C)(C1=CC=C(OCC2CO2)C=C1)C1=CC=C(OCC2CO2)C=C1,178,O=P1(OC2=C(C3=C1C=CC=C3)C=CC=C2)O,3.7,NC1=CC=C(CC2=CC=C(N)C=C2)C=C1,19.26,140,2,200,2,0,0,0,0,0,0,0,0,0,0,0,0,0,0,0,0,OCCN(CCO)CCO,0.096163093,,0,,0
CC(C)(C1=CC=C(OCC2CO2)C=C1)C1=CC=C(OCC2CO2)C=C1,178,O=P1(OC2=C(C3=C1C=CC=C3)C=CC=C2)O,5.6,NC1=CC=C(CC2=CC=C(N)C=C2)C=C1,18.88,140,2,200,2,0,0,0,0,0,0,0,0,0,0,0,0,0,0,0,0,OCCN(CCO)CCO,0.094295144,,0,,0
CC(C)(C1=CC=C(OCC2CO2)C=C1)C1=CC=C(OCC2CO2)C=C1,178,O=P1(OC2=C(C3=C1C=CC=C3)C=CC=C2)O,7.5,NC1=CC=C(CC2=CC=C(N)C=C2)C=C1,18.5,140,2,200,2,0,0,0,0,0,0,0,0,0,0,0,0,0,0,0,0,OCCN(CCO)CCO,0.092429984,,0,,0
CC(C)(C1=CC=C(OCC2CO2)C=C1)C1=CC=C(OCC2CO2)C=C1,178,O=P1(OC2=C(C3=C1C=CC=C3)C=CC=C2)O,9.3,NC1=CC=C(CC2=CC=C(N)C=C2)C=C1,18.14,140,2,200,2,0,0,0,0,0,0,0,0,0,0,0,0,0,0,0,0,OCCN(CCO)CCO,0.090563304,,0,,0
CC(C)(C1=CC=C(OCC2CO2)C=C1)C1=CC=C(OCC2CO2)C=C1,178,O=P1(OC2=C(C3=C1C=CC=C3)C=CC=C2)O,11.2,NC1=CC=C(CC2=CC=C(N)C=C2)C=C1,17.76,140,2,200,2,0,0,0,0,0,0,0,0,0,0,0,0,0,0,0,0,OCCN(CCO)CCO,0.088691796,,0,,0
CC(C)(C1=CC=C(OCC2CO2)C=C1)C1=CC=C(OCC2CO2)C=C1,178,O=P1(OC2=C(C3=C1C=CC=C3)C=CC=C2)O,15,NC1=CC=C(CC2=CC=C(N)C=C2)C=C1,17,140,2,200,2,0,0,0,0,0,0,0,0,0,0,0,0,0,0,0,0,OCCN(CCO)CCO,0.084961767,,0,,0
CC(C)(C1=CC=C(OCC2CO2)C=C1)C1=CC=C(OCC2CO2)C=C1,178,O=P1(OC2=C(C3=C1C=CC=C3)C=CC=C2)CO,4,NC1=CC=C(CC2=CC=C(N)C=C2)C=C1,19.2,140,2,200,2,0,0,0,0,0,0,0,0,0,0,0,0,0,0,0,0,OCCN(CCO)CCO,0.095941667,,0,,0
CC(C)(C1=CC=C(OCC2CO2)C=C1)C1=CC=C(OCC2CO2)C=C1,178,O=P1(OC2=C(C3=C1C=CC=C3)C=CC=C2)CO,5.9,NC1=CC=C(CC2=CC=C(N)C=C2)C=C1,18.82,140,2,200,2,0,0,0,0,0,0,0,0,0,0,0,0,0,0,0,0,OCCN(CCO)CCO,0.09395847,,0,,0
CC(C)(C1=CC=C(OCC2CO2)C=C1)C1=CC=C(OCC2CO2)C=C1,178,O=P1(OC2=C(C3=C1C=CC=C3)C=CC=C2)CO,7.9,NC1=CC=C(CC2=CC=C(N)C=C2)C=C1,18.42,140,2,200,2,0,0,0,0,0,0,0,0,0,0,0,0,0,0,0,0,OCCN(CCO)CCO,0.091979397,,0,,0
CC(C)(C1=CC=C(OCC2CO2)C=C1)C1=CC=C(OCC2CO2)C=C1,178,O=P1(OC2=C(C3=C1C=CC=C3)C=CC=C2)CO,9.9,NC1=CC=C(CC2=CC=C(N)C=C2)C=C1,18.02,140,2,200,2,0,0,0,0,0,0,0,0,0,0,0,0,0,0,0,0,OCCN(CCO)CCO,0.0900009,,0,,0
CC(C)(C1=CC=C(OCC2CO2)C=C1)C1=CC=C(OCC2CO2)C=C1,178,O=P1(OC2=C(C3=C1C=CC=C3)C=CC=C2)CO,11.9,NC1=CC=C(CC2=CC=C(N)C=C2)C=C1,17.62,140,2,200,2,0,0,0,0,0,0,0,0,0,0,0,0,0,0,0,0,OCCN(CCO)CCO,0.088020421,,0,,0
CC(C)(C1=CC=C(OCC2CO2)C=C1)C1=CC=C(OCC2CO2)C=C1,178,O=P1(OC2=C(C3=C1C=CC=C3)C=CC=C2)CO,15.9,NC1=CC=C(CC2=CC=C(N)C=C2)C=C1,16.82,140,2,200,2,0,0,0,0,0,0,0,0,0,0,0,0,0,0,0,0,OCCN(CCO)CCO,0.084054804,,0,,0
CC(C)(C1=CC=C(OCC2CO2)C=C1)C1=CC=C(OCC2CO2)C=C1,178,[H]P1(C2=CC(C)=CC=C2OC3=C1C=C(C=C3)C)=O,3.9,NC1=CC=C(CC2=CC=C(N)C=C2)C=C1,19.22,140,2,200,2,0,0,0,0,0,0,0,0,0,0,0,0,0,0,0,0,OCCN(CCO)CCO,0.09596929,,0,,0
CC(C)(C1=CC=C(OCC2CO2)C=C1)C1=CC=C(OCC2CO2)C=C1,178,[H]P1(C2=CC(C)=CC=C2OC3=C1C=C(C=C3)C)=O,5.9,NC1=CC=C(CC2=CC=C(N)C=C2)C=C1,18.82,140,2,200,2,0,0,0,0,0,0,0,0,0,0,0,0,0,0,0,0,OCCN(CCO)CCO,0.094011469,,0,,0
CC(C)(C1=CC=C(OCC2CO2)C=C1)C1=CC=C(OCC2CO2)C=C1,178,[H]P1(C2=CC(C)=CC=C2OC3=C1C=C(C=C3)C)=O,7.9,NC1=CC=C(CC2=CC=C(N)C=C2)C=C1,18.42,140,2,200,2,0,0,0,0,0,0,0,0,0,0,0,0,0,0,0,0,OCCN(CCO)CCO,0.092047128,,0,,0
CC(C)(C1=CC=C(OCC2CO2)C=C1)C1=CC=C(OCC2CO2)C=C1,178,[H]P1(C2=CC(C)=CC=C2OC3=C1C=C(C=C3)C)=O,9.8,NC1=CC=C(CC2=CC=C(N)C=C2)C=C1,18.04,140,2,200,2,0,0,0,0,0,0,0,0,0,0,0,0,0,0,0,0,OCCN(CCO)CCO,0.090081975,,0,,0
CC(C)(C1=CC=C(OCC2CO2)C=C1)C1=CC=C(OCC2CO2)C=C1,178,[H]P1(C2=CC(C)=CC=C2OC3=C1C=C(C=C3)C)=O,11.8,NC1=CC=C(CC2=CC=C(N)C=C2)C=C1,17.64,140,2,200,2,0,0,0,0,0,0,0,0,0,0,0,0,0,0,0,0,OCCN(CCO)CCO,0.08811349,,0,,0
CC(C)(C1=CC=C(OCC2CO2)C=C1)C1=CC=C(OCC2CO2)C=C1,178,[H]P1(C2=CC(C)=CC=C2OC3=C1C=C(C=C3)C)=O,15.7,NC1=CC=C(CC2=CC=C(N)C=C2)C=C1,16.86,140,2,200,2,0,0,0,0,0,0,0,0,0,0,0,0,0,0,0,0,OCCN(CCO)CCO,0.084189257,,0,,0
CC(C)(C1=CC=C(OCC2CO2)C=C1)C1=CC=C(OCC2CO2)C=C1,178,OP1(C2=CC(C)=CC=C2OC3=C1C=C(C=C3)C)=O,3.9,NC1=CC=C(CC2=CC=C(N)C=C2)C=C1,19.22,140,2,200,2,0,0,0,0,0,0,0,0,0,0,0,0,0,0,0,0,OCCN(CCO)CCO,0.095712098,,0,,0
CC(C)(C1=CC=C(OCC2CO2)C=C1)C1=CC=C(OCC2CO2)C=C1,178,OP1(C2=CC(C)=CC=C2OC3=C1C=C(C=C3)C)=O,5.9,NC1=CC=C(CC2=CC=C(N)C=C2)C=C1,18.82,140,2,200,2,0,0,0,0,0,0,0,0,0,0,0,0,0,0,0,0,OCCN(CCO)CCO,0.093624192,,0,,0
CC(C)(C1=CC=C(OCC2CO2)C=C1)C1=CC=C(OCC2CO2)C=C1,178,OP1(C2=CC(C)=CC=C2OC3=C1C=C(C=C3)C)=O,7.9,NC1=CC=C(CC2=CC=C(N)C=C2)C=C1,18.42,140,2,200,2,0,0,0,0,0,0,0,0,0,0,0,0,0,0,0,0,OCCN(CCO)CCO,0.091533181,,0,,0
CC(C)(C1=CC=C(OCC2CO2)C=C1)C1=CC=C(OCC2CO2)C=C1,178,OP1(C2=CC(C)=CC=C2OC3=C1C=C(C=C3)C)=O,9.8,NC1=CC=C(CC2=CC=C(N)C=C2)C=C1,18.04,140,2,200,2,0,0,0,0,0,0,0,0,0,0,0,0,0,0,0,0,OCCN(CCO)CCO,0.089437439,,0,,0
CC(C)(C1=CC=C(OCC2CO2)C=C1)C1=CC=C(OCC2CO2)C=C1,178,OP1(C2=CC(C)=CC=C2OC3=C1C=C(C=C3)C)=O,11.8,NC1=CC=C(CC2=CC=C(N)C=C2)C=C1,17.64,140,2,200,2,0,0,0,0,0,0,0,0,0,0,0,0,0,0,0,0,OCCN(CCO)CCO,0.087343873,,0,,0
CC(C)(C1=CC=C(OCC2CO2)C=C1)C1=CC=C(OCC2CO2)C=C1,178,OP1(C2=CC(C)=CC=C2OC3=C1C=C(C=C3)C)=O,15.7,NC1=CC=C(CC2=CC=C(N)C=C2)C=C1,16.86,140,2,200,2,0,0,0,0,0,0,0,0,0,0,0,0,0,0,0,0,OCCN(CCO)CCO,0.083153168,,0,,0
CC(C)(C1=CC=C(OCC2CO2)C=C1)C1=CC=C(OCC2CO2)C=C1,178,CC1=CC=C2OC3=C(P(CO)(C2=C1)=O)C=C(C=C3)C,4.4,NC1=CC=C(CC2=CC=C(N)C=C2)C=C1,19.12,140,2,200,2,0,0,0,0,0,0,0,0,0,0,0,0,0,0,0,0,OCCN(CCO)CCO,0.095492743,,0,,0
CC(C)(C1=CC=C(OCC2CO2)C=C1)C1=CC=C(OCC2CO2)C=C1,178,CC1=CC=C2OC3=C(P(CO)(C2=C1)=O)C=C(C=C3)C,6.6,NC1=CC=C(CC2=CC=C(N)C=C2)C=C1,18.68,140,2,200,2,0,0,0,0,0,0,0,0,0,0,0,0,0,0,0,0,OCCN(CCO)CCO,0.093283582,,0,,0
CC(C)(C1=CC=C(OCC2CO2)C=C1)C1=CC=C(OCC2CO2)C=C1,178,CC1=CC=C2OC3=C(P(CO)(C2=C1)=O)C=C(C=C3)C,8.8,NC1=CC=C(CC2=CC=C(N)C=C2)C=C1,18.24,140,2,200,2,0,0,0,0,0,0,0,0,0,0,0,0,0,0,0,0,OCCN(CCO)CCO,0.091074681,,0,,0
CC(C)(C1=CC=C(OCC2CO2)C=C1)C1=CC=C(OCC2CO2)C=C1,178,CC1=CC=C2OC3=C(P(CO)(C2=C1)=O)C=C(C=C3)C,11,NC1=CC=C(CC2=CC=C(N)C=C2)C=C1,17.8,140,2,200,2,0,0,0,0,0,0,0,0,0,0,0,0,0,0,0,0,OCCN(CCO)CCO,0.088873089,,0,,0
CC(C)(C1=CC=C(OCC2CO2)C=C1)C1=CC=C(OCC2CO2)C=C1,178,CC1=CC=C2OC3=C(P(CO)(C2=C1)=O)C=C(C=C3)C,13.2,NC1=CC=C(CC2=CC=C(N)C=C2)C=C1,17.36,140,2,200,2,0,0,0,0,0,0,0,0,0,0,0,0,0,0,0,0,OCCN(CCO)CCO,0.086670133,,0,,0
CC(C)(C1=CC=C(OCC2CO2)C=C1)C1=CC=C(OCC2CO2)C=C1,178,CC1=CC=C2OC3=C(P(CO)(C2=C1)=O)C=C(C=C3)C,17.7,NC1=CC=C(CC2=CC=C(N)C=C2)C=C1,16.46,140,2,200,2,0,0,0,0,0,0,0,0,0,0,0,0,0,0,0,0,OCCN(CCO)CCO,0.082257136,,0,,0
CC(C)(C1=CC=C(OCC2CO2)C=C1)C1=CC=C(OCC2CO2)C=C1,178,O=P(OC1=CC=CC=C1)(OC2=CC=CC=C2)O,3.8,NC1=CC=C(CC2=CC=C(N)C=C2)C=C1,19.24,140,2,200,2,0,0,0,0,0,0,0,0,0,0,0,0,0,0,0,0,OCCN(CCO)CCO,0.096135359,,0,,0
CC(C)(C1=CC=C(OCC2CO2)C=C1)C1=CC=C(OCC2CO2)C=C1,178,O=P(OC1=CC=CC=C1)(OC2=CC=CC=C2)O,5.7,NC1=CC=C(CC2=CC=C(N)C=C2)C=C1,18.86,140,2,200,2,0,0,0,0,0,0,0,0,0,0,0,0,0,0,0,0,OCCN(CCO)CCO,0.094250707,,0,,0
CC(C)(C1=CC=C(OCC2CO2)C=C1)C1=CC=C(OCC2CO2)C=C1,178,O=P(OC1=CC=CC=C1)(OC2=CC=CC=C2)O,7.5,NC1=CC=C(CC2=CC=C(N)C=C2)C=C1,18.5,140,2,200,2,0,0,0,0,0,0,0,0,0,0,0,0,0,0,0,0,OCCN(CCO)CCO,0.09237022,,0,,0
CC(C)(C1=CC=C(OCC2CO2)C=C1)C1=CC=C(OCC2CO2)C=C1,178,O=P(OC1=CC=CC=C1)(OC2=CC=CC=C2)O,9.4,NC1=CC=C(CC2=CC=C(N)C=C2)C=C1,18.12,140,2,200,2,0,0,0,0,0,0,0,0,0,0,0,0,0,0,0,0,OCCN(CCO)CCO,0.090481361,,0,,0
CC(C)(C1=CC=C(OCC2CO2)C=C1)C1=CC=C(OCC2CO2)C=C1,178,O=P(OC1=CC=CC=C1)(OC2=CC=CC=C2)O,11.3,NC1=CC=C(CC2=CC=C(N)C=C2)C=C1,17.74,140,2,200,2,0,0,0,0,0,0,0,0,0,0,0,0,0,0,0,0,OCCN(CCO)CCO,0.088597502,,0,,0
CC(C)(C1=CC=C(OCC2CO2)C=C1)C1=CC=C(OCC2CO2)C=C1,178,O=P(OC1=CC=CC=C1)(OC2=CC=CC=C2)O,15.1,NC1=CC=C(CC2=CC=C(N)C=C2)C=C1,16.98,140,2,200,2,0,0,0,0,0,0,0,0,0,0,0,0,0,0,0,0,OCCN(CCO)CCO,0.084832033,,0,,0
CC(C)(C1=CC=C(OCC2CO2)C=C1)C1=CC=C(OCC2CO2)C=C1,178,O=P(OC1=CC=CC=C1)(OC2=CC=CC=C2)O,4,NC1=CC=C(CC2=CC=C(N)C=C2)C=C1,19.2,140,2,200,2,0,0,0,0,0,0,0,0,0,0,0,0,0,0,0,0,OCCN(CCO)CCO,0.095877277,,0,,0
CC(C)(C1=CC=C(OCC2CO2)C=C1)C1=CC=C(OCC2CO2)C=C1,178,O=P(OC1=CC=CC=C1)(OC2=CC=CC=C2)O,6,NC1=CC=C(CC2=CC=C(N)C=C2)C=C1,18.8,140,2,200,2,0,0,0,0,0,0,0,0,0,0,0,0,0,0,0,0,OCCN(CCO)CCO,0.09386146,,0,,0
CC(C)(C1=CC=C(OCC2CO2)C=C1)C1=CC=C(OCC2CO2)C=C1,178,O=P(OC1=CC=CC=C1)(OC2=CC=CC=C2)O,8.1,NC1=CC=C(CC2=CC=C(N)C=C2)C=C1,18.38,140,2,200,2,0,0,0,0,0,0,0,0,0,0,0,0,0,0,0,0,OCCN(CCO)CCO,0.091852668,,0,,0
CC(C)(C1=CC=C(OCC2CO2)C=C1)C1=CC=C(OCC2CO2)C=C1,178,O=P(OC1=CC=CC=C1)(OC2=CC=CC=C2)O,10.1,NC1=CC=C(CC2=CC=C(N)C=C2)C=C1,17.98,140,2,200,2,0,0,0,0,0,0,0,0,0,0,0,0,0,0,0,0,OCCN(CCO)CCO,0.089839188,,0,,0
CC(C)(C1=CC=C(OCC2CO2)C=C1)C1=CC=C(OCC2CO2)C=C1,178,O=P(OC1=CC=CC=C1)(OC2=CC=CC=C2)O,12.1,NC1=CC=C(CC2=CC=C(N)C=C2)C=C1,17.58,140,2,200,2,0,0,0,0,0,0,0,0,0,0,0,0,0,0,0,0,OCCN(CCO)CCO,0.087827156,,0,,0
CC(C)(C1=CC=C(OCC2CO2)C=C1)C1=CC=C(OCC2CO2)C=C1,178,O=P(OC1=CC=CC=C1)(OC2=CC=CC=C2)O,16.1,NC1=CC=C(CC2=CC=C(N)C=C2)C=C1,16.78,140,2,200,2,0,0,0,0,0,0,0,0,0,0,0,0,0,0,0,0,OCCN(CCO)CCO,0.083801223,,0,,0
CC(C)(C1=CC=C(OCC2CO2)C=C1)C1=CC=C(OCC2CO2)C=C1,178,O=P(OC1=CC=CC=C1)(OC2=CC=CC=C2)O,0,NC1=CC=C(CC2=CC=C(N)C=C2)C=C1,20,140,2,200,2,0,0,0,0,0,0,0,0,0,0,0,0,0,0,0,0,,0,,0,,0
CC(C)(C1=CC=C(OCC2CO2)C=C1)C1=CC=C(OCC2CO2)C=C1,178,[H]P1(=O)OC2=C(C=CC=C2)C2=C1C=CC=C2,3.5,NC1=CC=C(CC2=CC=C(N)C=C2)C=C1,19.3,140,2,200,2,0,0,0,0,0,0,0,0,0,0,0,0,0,0,0,0,OCCN(CCO)CCO,0.096422717,,0,,0
CC(C)(C1=CC=C(OCC2CO2)C=C1)C1=CC=C(OCC2CO2)C=C1,178,[H]P1(=O)OC2=C(C=CC=C2)C2=C1C=CC=C2,5.2,NC1=CC=C(CC2=CC=C(N)C=C2)C=C1,18.96,140,2,200,2,0,0,0,0,0,0,0,0,0,0,0,0,0,0,0,0,OCCN(CCO)CCO,0.094688003,,0,,0
CC(C)(C1=CC=C(OCC2CO2)C=C1)C1=CC=C(OCC2CO2)C=C1,178,[H]P1(=O)OC2=C(C=CC=C2)C2=C1C=CC=C2,7,NC1=CC=C(CC2=CC=C(N)C=C2)C=C1,18.6,140,2,200,2,0,0,0,0,0,0,0,0,0,0,0,0,0,0,0,0,OCCN(CCO)CCO,0.092945441,,0,,0
CC(C)(C1=CC=C(OCC2CO2)C=C1)C1=CC=C(OCC2CO2)C=C1,178,[H]P1(=O)OC2=C(C=CC=C2)C2=C1C=CC=C2,8.7,NC1=CC=C(CC2=CC=C(N)C=C2)C=C1,18.26,140,2,200,2,0,0,0,0,0,0,0,0,0,0,0,0,0,0,0,0,OCCN(CCO)CCO,0.091207588,,0,,0
CC(C)(C1=CC=C(OCC2CO2)C=C1)C1=CC=C(OCC2CO2)C=C1,178,[H]P1(=O)OC2=C(C=CC=C2)C2=C1C=CC=C2,10.5,NC1=CC=C(CC2=CC=C(N)C=C2)C=C1,17.9,140,2,200,2,0,0,0,0,0,0,0,0,0,0,0,0,0,0,0,0,OCCN(CCO)CCO,0.089469446,,0,,0
CC(C)(C1=CC=C(OCC2CO2)C=C1)C1=CC=C(OCC2CO2)C=C1,178,[H]P1(=O)OC2=C(C=CC=C2)C2=C1C=CC=C2,13.9,NC1=CC=C(CC2=CC=C(N)C=C2)C=C1,17.22,140,2,200,2,0,0,0,0,0,0,0,0,0,0,0,0,0,0,0,0,OCCN(CCO)CCO,0.085991917,,0,,0
CC(C)(C1=CC=C(OCC2CO2)C=C1)C1=CC=C(OCC2CO2)C=C1,192,C[Si](OCC1CO1)(C2=CC=CC=C2)OCC3OC2,15.33894454,NC1=CC=C(CC2=CC=C(N)C=C2)C=C1,18.23073924,100,1,170,2,0,0,0,0,0,0,0,0,0,0,0,0,0,0,0,0,,0,,0,,0
CC(C)(C1=CC=C(OCC2CO2)C=C1)C1=CC=C(OCC2CO2)C=C1,192,C[Si](OCC1CO1)(C2=CC=CC=C2)OCC3OC3,32.39967064,NC1=CC=C(CC2=CC=C(N)C=C2)C=C1,20.82787249,110,1,170,2,0,0,0,0,0,0,0,0,0,0,0,0,0,0,0,0,,0,,0,,0
CC(C)(C1=CC=C(OCC2CO2)C=C1)C1=CC=C(OCC2CO2)C=C1,192,C[Si](OCC1CO1)(C2=CC=CC=C2)OCC3OC4,51.48931887,NC1=CC=C(CC2=CC=C(N)C=C2)C=C1,23.73386603,105,2,165,2,0,0,0,0,0,0,0,0,0,0,0,0,0,0,0,0,,0,,0,,0
CC(C)(C1=CC=C(OCC2CO2)C=C1)C1=CC=C(OCC2CO2)C=C1,192,C[Si](OCC1CO1)(C2=CC=CC=C2)OCC3OC5,0,NC1=CC=C(CC2=CC=C(N)C=C2)C=C1,15.89571068,120,2,180,2,0,0,0,0,0,0,0,0,0,0,0,0,0,0,0,0,,0,,0,,0
CC(C)(C1=CC=C(OCC2CO2)C=C1)C1=CC=C(OCC2CO2)C=C1,192,C[Si](OCC1CO1)(C2=CC=CC=C2)OCC3OC6,72.99270073,NC1=CC=C(CC2=CC=C(N)C=C2)C=C1,27.00729927,105,5,165,2,0,0,0,0,0,0,0,0,0,0,0,0,0,0,0,0,,0,,0,,0
CC(C)(C1=CC=C(OCC2CO2)C=C1)C1=CC=C(OCC2CO2)C=C1,173,NC1=CC2=C(C=C1)OP(=O)(CCCCP1(=O)OC3=C(C=C(N)C=C3)C3=CC=CC=C31)C1=CC=CC=C12,22.2,NC1=CC=C(S(=O)(=O)C2=CC=C(N)C=C2)C=C1,22.2,180,2,0,0,0,0,0,0,0,0,0,0,0,0,0,0,0,0,0,0,,0,,0,,0
CC(C)(C1=CC=C(OCC2CO2)C=C1)C1=CC=C(OCC2CO2)C=C1,173,NC1=CC2=C(C=C1)OP(=O)(CCCCP1(=O)OC3=C(C=C(N)C=C3)C3=CC=CC=C31)C1=CC=CC=C12,0,NC1=CC=C(S(=O)(=O)C2=CC=C(N)C=C2)C=C1,44.44444444,180,2,0,0,0,0,0,0,0,0,0,0,0,0,0,0,0,0,0,0,,0,,0,,0
CC(C)(C1=CC=C(OCC2CO2)C=C1)C1=CC=C(OCC2CO2)C=C1,173,CCP1(=O)OC2=CC=CC=C2C2=C1C=CC=C2,4,NC1=CC=C(S(=O)(=O)C2=CC=C(N)C=C2)C=C1,42.66666667,180,2,0,0,0,0,0,0,0,0,0,0,0,0,0,0,0,0,0,0,,0,,0,,0
CC(C)(C1=CC=C(OCC2CO2)C=C1)C1=CC=C(OCC2CO2)C=C1,173,CCP1(=O)OC2=CC=CC=C2C2=C1C=CC=C2,8,NC1=CC=C(S(=O)(=O)C2=CC=C(N)C=C2)C=C1,40.88888889,180,2,0,0,0,0,0,0,0,0,0,0,0,0,0,0,0,0,0,0,,0,,0,,0
CC(C)(C1=CC=C(OCC2CO2)C=C1)C1=CC=C(OCC2CO2)C=C1,173,CCP1(=O)OC2=CC=CC=C2C2=C1C=CC=C2,16,NC1=CC=C(S(=O)(=O)C2=CC=C(N)C=C2)C=C1,37.33333333,180,2,0,0,0,0,0,0,0,0,0,0,0,0,0,0,0,0,0,0,,0,,0,,0
CC(C)(C1=CC=C(OCC2CO2)C=C1)C1=CC=C(OCC2CO2)C=C1,173,CCP1(=O)OC2=CC=CC=C2C2=C1C=CC=C2,24,NC1=CC=C(S(=O)(=O)C2=CC=C(N)C=C2)C=C1,33.77777778,180,2,0,0,0,0,0,0,0,0,0,0,0,0,0,0,0,0,0,0,,0,,0,,0
CC(C)(C1=CC=C(OCC2CO2)C=C1)C1=CC=C(OCC2CO2)C=C1,173,CCP1(=O)OC2=CC=CC=C2C2=C1C=CC=C2,32,NC1=CC=C(S(=O)(=O)C2=CC=C(N)C=C2)C=C1,30.22222222,180,2,0,0,0,0,0,0,0,0,0,0,0,0,0,0,0,0,0,0,,0,,0,,0
CC(C)(C1=CC=C(OCC2CO2)C=C1)C1=CC=C(OCC2CO2)C=C1,173,CCCCC(CC)CP1(=O)OC2=CC=CC=C2C2=C1C=CC=C2,5,NC1=CC=C(S(=O)(=O)C2=CC=C(N)C=C2)C=C1,42.22222222,180,2,0,0,0,0,0,0,0,0,0,0,0,0,0,0,0,0,0,0,,0,,0,,0
CC(C)(C1=CC=C(OCC2CO2)C=C1)C1=CC=C(OCC2CO2)C=C1,173,CCCCC(CC)CP1(=O)OC2=CC=CC=C2C2=C1C=CC=C2,16,NC1=CC=C(S(=O)(=O)C2=CC=C(N)C=C2)C=C1,37.33333333,180,2,0,0,0,0,0,0,0,0,0,0,0,0,0,0,0,0,0,0,,0,,0,,0
CC(C)(C1=CC=C(OCC2CO2)C=C1)C1=CC=C(OCC2CO2)C=C1,173,CCCCC(CC)CP1(=O)OC2=CC=CC=C2C2=C1C=CC=C2,21,NC1=CC=C(S(=O)(=O)C2=CC=C(N)C=C2)C=C1,35.11111111,180,2,0,0,0,0,0,0,0,0,0,0,0,0,0,0,0,0,0,0,,0,,0,,0
CC(C)(C1=CC=C(OCC2CO2)C=C1)C1=CC=C(OCC2CO2)C=C1,173,CCCCC(CC)CP1(=O)OC2=CC=CC=C2C2=C1C=CC=C2,32,NC1=CC=C(S(=O)(=O)C2=CC=C(N)C=C2)C=C1,30.22222222,180,2,0,0,0,0,0,0,0,0,0,0,0,0,0,0,0,0,0,0,,0,,0,,0
CC(C)(C1=CC=C(OCC2CO2)C=C1)C1=CC=C(OCC2CO2)C=C1,173,O=C1N(CCP2(=O)OC3=CC=CC=C3C3=C2C=CC=C3)C(=O)N(CCP2(=O)OC3=C(C=CC=C3)C3=C2C=CC=C3)C(=O)N1CCP1(=O)OC2=C(C=CC=C2)C2=C1C=CC=C2,5,NC1=CC=C(S(=O)(=O)C2=CC=C(N)C=C2)C=C1,42.22222222,180,2,0,0,0,0,0,0,0,0,0,0,0,0,0,0,0,0,0,0,,0,,0,,0
CC(C)(C1=CC=C(OCC2CO2)C=C1)C1=CC=C(OCC2CO2)C=C1,173,O=C1N(CCP2(=O)OC3=CC=CC=C3C3=C2C=CC=C3)C(=O)N(CCP2(=O)OC3=C(C=CC=C3)C3=C2C=CC=C3)C(=O)N1CCP1(=O)OC2=C(C=CC=C2)C2=C1C=CC=C2,9,NC1=CC=C(S(=O)(=O)C2=CC=C(N)C=C2)C=C1,40.44444444,180,2,0,0,0,0,0,0,0,0,0,0,0,0,0,0,0,0,0,0,,0,,0,,0
CC(C)(C1=CC=C(OCC2CO2)C=C1)C1=CC=C(OCC2CO2)C=C1,173,O=C1N(CCP2(=O)OC3=CC=CC=C3C3=C2C=CC=C3)C(=O)N(CCP2(=O)OC3=C(C=CC=C3)C3=C2C=CC=C3)C(=O)N1CCP1(=O)OC2=C(C=CC=C2)C2=C1C=CC=C2,18,NC1=CC=C(S(=O)(=O)C2=CC=C(N)C=C2)C=C1,36.44444444,180,2,0,0,0,0,0,0,0,0,0,0,0,0,0,0,0,0,0,0,,0,,0,,0
CC(C)(C1=CC=C(OCC2CO2)C=C1)C1=CC=C(OCC2CO2)C=C1,173,O=C1N(CCP2(=O)OC3=CC=CC=C3C3=C2C=CC=C3)C(=O)N(CCP2(=O)OC3=C(C=CC=C3)C3=C2C=CC=C3)C(=O)N1CCP1(=O)OC2=C(C=CC=C2)C2=C1C=CC=C2,28,NC1=CC=C(S(=O)(=O)C2=CC=C(N)C=C2)C=C1,32,180,2,0,0,0,0,0,0,0,0,0,0,0,0,0,0,0,0,0,0,,0,,0,,0
CC(C)(C1=CC=C(OCC2CO2)C=C1)C1=CC=C(OCC2CO2)C=C1,173,O=P1(CC2CO2)OC2=CC=CC=C2C2=C1C=CC=C2,4,NC1=CC=C(S(=O)(=O)C2=CC=C(N)C=C2)C=C1,42.66666667,180,2,0,0,0,0,0,0,0,0,0,0,0,0,0,0,0,0,0,0,,0,,0,,0
CC(C)(C1=CC=C(OCC2CO2)C=C1)C1=CC=C(OCC2CO2)C=C1,173,O=P1(CC2CO2)OC2=CC=CC=C2C2=C1C=CC=C2,9,NC1=CC=C(S(=O)(=O)C2=CC=C(N)C=C2)C=C1,40.44444444,180,2,0,0,0,0,0,0,0,0,0,0,0,0,0,0,0,0,0,0,,0,,0,,0
CC(C)(C1=CC=C(OCC2CO2)C=C1)C1=CC=C(OCC2CO2)C=C1,173,O=P1(CC2CO2)OC2=CC=CC=C2C2=C1C=CC=C2,18,NC1=CC=C(S(=O)(=O)C2=CC=C(N)C=C2)C=C1,36.44444444,180,2,0,0,0,0,0,0,0,0,0,0,0,0,0,0,0,0,0,0,,0,,0,,0
CC(C)(C1=CC=C(OCC2CO2)C=C1)C1=CC=C(OCC2CO2)C=C1,173,O=P1(CC2CO2)OC2=CC=CC=C2C2=C1C=CC=C2,26,NC1=CC=C(S(=O)(=O)C2=CC=C(N)C=C2)C=C1,32.88888889,180,2,0,0,0,0,0,0,0,0,0,0,0,0,0,0,0,0,0,0,,0,,0,,0
CC(C)(C1=CC=C(OCC2CO2)C=C1)C1=CC=C(OCC2CO2)C=C1,173,O=P1(CC2CO2)OC2=CC=CC=C2C2=C1C=CC=C2,0,NC1=CC=C(S(=O)(=O)C2=CC=C(N)C=C2)C=C1,44.44444444,180,2,0,0,0,0,0,0,0,0,0,0,0,0,0,0,0,0,0,0,,0,,0,,0
CC(C)(C1=CC=C(OCC2CO2)C=C1)C1=CC=C(OCC2CO2)C=C1,227,O=P1(OCC2(CO1)COP(C)(OC2)=O)OC(P3(OC4=CC=CC=C4C5=CC=CC=C53)=O)C6=CC=C(C=C6)O,5,NC1=CC=C(CC2=CC=C(N)C=C2)C=C1,19,100,2,150,2,0,0,0,0,0,0,0,0,0,0,0,0,0,0,0,0,,0,,0,,0
CC(C)(C1=CC=C(OCC2CO2)C=C1)C1=CC=C(OCC2CO2)C=C1,227,O=P1(OCC2(CO1)COP(C)(OC2)=O)OC(P3(OC4=CC=CC=C4C5=CC=CC=C53)=O)C6=CC=C(C=C6)O,10,NC1=CC=C(CC2=CC=C(N)C=C2)C=C1,18,100,2,150,2,0,0,0,0,0,0,0,0,0,0,0,0,0,0,0,0,,0,,0,,0
CC(C)(C1=CC=C(OCC2CO2)C=C1)C1=CC=C(OCC2CO2)C=C1,227,O=P1(OCC2(CO1)COP(C)(OC2)=O)OC(P3(OC4=CC=CC=C4C5=CC=CC=C53)=O)C6=CC=C(C=C6)O,15,NC1=CC=C(CC2=CC=C(N)C=C2)C=C1,17,100,2,150,2,0,0,0,0,0,0,0,0,0,0,0,0,0,0,0,0,,0,,0,,0
CC(C)(C1=CC=C(OCC2CO2)C=C1)C1=CC=C(OCC2CO2)C=C1,227,O=P1(OCC2(CO1)COP(C)(OC2)=O)OC(P3(OC4=CC=CC=C4C5=CC=CC=C53)=O)C6=CC=C(C=C6)O,0,NC1=CC=C(CC2=CC=C(N)C=C2)C=C1,20,100,2,150,2,0,0,0,0,0,0,0,0,0,0,0,0,0,0,0,0,,0,,0,,0
CC(C)(C1=CC=C(OCC2CO2)C=C1)C1=CC=C(OCC2CO2)C=C1,227,OCC1=CC=C(OP2(OC3=CC=C(CO)C=C3)=NP(OC3=CC=C(CO)C=C3)(OC3=CC=C(CO)C=C3)=NP(OC3=CC=C(CO)C=C3)(OC3=CC=C(CO)C=C3)=N2)C=C1,2.5,NCCN,6.378504673,100,2,0,0,0,0,0,0,0,0,0,0,0,0,0,0,0,0,0,0,,0,,0,,0
CC(C)(C1=CC=C(OCC2CO2)C=C1)C1=CC=C(OCC2CO2)C=C1,227,OCC1=CC=C(OP2(OC3=CC=C(CO)C=C3)=NP(OC3=CC=C(CO)C=C3)(OC3=CC=C(CO)C=C3)=NP(OC3=CC=C(CO)C=C3)(OC3=CC=C(CO)C=C3)=N2)C=C1,5,NCCN,6.214953271,100,2,0,0,0,0,0,0,0,0,0,0,0,0,0,0,0,0,0,0,,0,,0,,0
CC(C)(C1=CC=C(OCC2CO2)C=C1)C1=CC=C(OCC2CO2)C=C1,227,OCC1=CC=C(OP2(OC3=CC=C(CO)C=C3)=NP(OC3=CC=C(CO)C=C3)(OC3=CC=C(CO)C=C3)=NP(OC3=CC=C(CO)C=C3)(OC3=CC=C(CO)C=C3)=N2)C=C1,7.5,NCCN,6.051401869,100,2,0,0,0,0,0,0,0,0,0,0,0,0,0,0,0,0,0,0,,0,,0,,0
CC(C)(C1=CC=C(OCC2CO2)C=C1)C1=CC=C(OCC2CO2)C=C1,227,OCC1=CC=C(OP2(OC3=CC=C(CO)C=C3)=NP(OC3=CC=C(CO)C=C3)(OC3=CC=C(CO)C=C3)=NP(OC3=CC=C(CO)C=C3)(OC3=CC=C(CO)C=C3)=N2)C=C1,10,NCCN,5.887850467,100,2,0,0,0,0,0,0,0,0,0,0,0,0,0,0,0,0,0,0,,0,,0,,0
CC(C)(C1=CC=C(OCC2CO2)C=C1)C1=CC=C(OCC2CO2)C=C1,227,OCC1=CC=C(OP2(OC3=CC=C(CO)C=C3)=NP(OC3=CC=C(CO)C=C3)(OC3=CC=C(CO)C=C3)=NP(OC3=CC=C(CO)C=C3)(OC3=CC=C(CO)C=C3)=N2)C=C1,0,NCCN,6.542056075,100,2,0,0,0,0,0,0,0,0,0,0,0,0,0,0,0,0,0,0,,0,,0,,0
CC(C)(C1=CC=C(OCC2CO2)C=C1)C1=CC=C(OCC2CO2)C=C1,227,OCC1=CC=C(OP2(OC3=CC=C(CO)C=C3)=NP(OC3=CC=C(CO)C=C3)(OC3=CC=C(CO)C=C3)=NP(OC3=CC=C(CO)C=C3)(OC3=CC=C(CO)C=C3)=N2)C=C1,7.5,NCCN,6.051401869,100,2,0,0,0,0,0,0,0,0,0,0,0,0,0,0,0,0,0,0,C[N+](CCO)(CCCCCCCCCCCCCCCCCC)C.O=[Si]=O.O=[Si]=O.[Cl-].[Al+3].[Al+3].[O-2].[O-2].[O-2],0.5,,0,,0
CC(C)(C1=CC=C(OCC2CO2)C=C1)C1=CC=C(OCC2CO2)C=C1,227,OCC1=CC=C(OP2(OC3=CC=C(CO)C=C3)=NP(OC3=CC=C(CO)C=C3)(OC3=CC=C(CO)C=C3)=NP(OC3=CC=C(CO)C=C3)(OC3=CC=C(CO)C=C3)=N2)C=C1,7.5,NCCN,6.051401869,100,2,0,0,0,0,0,0,0,0,0,0,0,0,0,0,0,0,0,0,C[N+](CCO)(CCCCCCCCCCCCCCCCCC)C.O=[Si]=O.O=[Si]=O.[Cl-].[Al+3].[Al+3].[O-2].[O-2].[O-2],1,,0,,0
CC(C)(C1=CC=C(OCC2CO2)C=C1)C1=CC=C(OCC2CO2)C=C1,227,OCC1=CC=C(OP2(OC3=CC=C(CO)C=C3)=NP(OC3=CC=C(CO)C=C3)(OC3=CC=C(CO)C=C3)=NP(OC3=CC=C(CO)C=C3)(OC3=CC=C(CO)C=C3)=N2)C=C1,7.5,NCCN,6.051401869,100,2,0,0,0,0,0,0,0,0,0,0,0,0,0,0,0,0,0,0,C[N+](CCO)(CCCCCCCCCCCCCCCCCC)C.O=[Si]=O.O=[Si]=O.[Cl-].[Al+3].[Al+3].[O-2].[O-2].[O-2],2,,0,,0
CC(C)(C1=CC=C(OCC2CO2)C=C1)C1=CC=C(OCC2CO2)C=C1,196,CC(CO[Si](C)(C)C)(COP(OC1=CC=CC=C1)(OC2=CC=CC=C2)=O)C(OCC(C=C3)=CC=C3OP4(OC5=CC=C(COC(C(COP(OC6=CC=CC=C6)(OC7=CC=CC=C7)=O)(CO[Si](C)(C)C)C)=O)C=C5)=NP(OC8=CC=C(COC(C(CO[Si](C)(C)C)(COP(OC9=CC=CC=C9)(OC%10=CC=CC=C%10)=O)C)=O)C=C8)(OC%11=CC=C(COC(C(CO[Si](C)(C)C)(COP(OC%12=CC=CC=C%12)(OC%13=CC=CC=C%13)=O)C)=O)C=C%11)=NP(OC%14=CC=C(COC(C(COP(OC%15=CC=CC=C%15)(OC%16=CC=CC=C%16)=O)(C[Si](C)(C)C)C)=O)C=C%14)(OC%17=CC=C(COC(C(CO)(COP(OC%18=CC=CC=C%18)(OC%19=CC=CC=C%19)=O)C)=O)C=C%17)=N4)=O,1,NC1=CC=C(CC2=CC=C(N)C=C2)C=C1,19.8,120,2,140,2,0,0,0,0,0,0,0,0,0,0,0,0,0,0,0,0,,0,,0,,0
CC(C)(C1=CC=C(OCC2CO2)C=C1)C1=CC=C(OCC2CO2)C=C1,196,CC(CO[Si](C)(C)C)(COP(OC1=CC=CC=C1)(OC2=CC=CC=C2)=O)C(OCC(C=C3)=CC=C3OP4(OC5=CC=C(COC(C(COP(OC6=CC=CC=C6)(OC7=CC=CC=C7)=O)(CO[Si](C)(C)C)C)=O)C=C5)=NP(OC8=CC=C(COC(C(CO[Si](C)(C)C)(COP(OC9=CC=CC=C9)(OC%10=CC=CC=C%10)=O)C)=O)C=C8)(OC%11=CC=C(COC(C(CO[Si](C)(C)C)(COP(OC%12=CC=CC=C%12)(OC%13=CC=CC=C%13)=O)C)=O)C=C%11)=NP(OC%14=CC=C(COC(C(COP(OC%15=CC=CC=C%15)(OC%16=CC=CC=C%16)=O)(C[Si](C)(C)C)C)=O)C=C%14)(OC%17=CC=C(COC(C(CO)(COP(OC%18=CC=CC=C%18)(OC%19=CC=CC=C%19)=O)C)=O)C=C%17)=N4)=O,3,NC1=CC=C(CC2=CC=C(N)C=C2)C=C1,19.4,120,2,140,2,0,0,0,0,0,0,0,0,0,0,0,0,0,0,0,0,,0,,0,,0
CC(C)(C1=CC=C(OCC2CO2)C=C1)C1=CC=C(OCC2CO2)C=C1,196,CC(CO[Si](C)(C)C)(COP(OC1=CC=CC=C1)(OC2=CC=CC=C2)=O)C(OCC(C=C3)=CC=C3OP4(OC5=CC=C(COC(C(COP(OC6=CC=CC=C6)(OC7=CC=CC=C7)=O)(CO[Si](C)(C)C)C)=O)C=C5)=NP(OC8=CC=C(COC(C(CO[Si](C)(C)C)(COP(OC9=CC=CC=C9)(OC%10=CC=CC=C%10)=O)C)=O)C=C8)(OC%11=CC=C(COC(C(CO[Si](C)(C)C)(COP(OC%12=CC=CC=C%12)(OC%13=CC=CC=C%13)=O)C)=O)C=C%11)=NP(OC%14=CC=C(COC(C(COP(OC%15=CC=CC=C%15)(OC%16=CC=CC=C%16)=O)(C[Si](C)(C)C)C)=O)C=C%14)(OC%17=CC=C(COC(C(CO)(COP(OC%18=CC=CC=C%18)(OC%19=CC=CC=C%19)=O)C)=O)C=C%17)=N4)=O,5,NC1=CC=C(CC2=CC=C(N)C=C2)C=C1,19,120,2,140,2,0,0,0,0,0,0,0,0,0,0,0,0,0,0,0,0,,0,,0,,0
CC(C)(C1=CC=C(OCC2CO2)C=C1)C1=CC=C(OCC2CO2)C=C1,196,CC(CO[Si](C)(C)C)(COP(OC1=CC=CC=C1)(OC2=CC=CC=C2)=O)C(OCC(C=C3)=CC=C3OP4(OC5=CC=C(COC(C(COP(OC6=CC=CC=C6)(OC7=CC=CC=C7)=O)(CO[Si](C)(C)C)C)=O)C=C5)=NP(OC8=CC=C(COC(C(CO[Si](C)(C)C)(COP(OC9=CC=CC=C9)(OC%10=CC=CC=C%10)=O)C)=O)C=C8)(OC%11=CC=C(COC(C(CO[Si](C)(C)C)(COP(OC%12=CC=CC=C%12)(OC%13=CC=CC=C%13)=O)C)=O)C=C%11)=NP(OC%14=CC=C(COC(C(COP(OC%15=CC=CC=C%15)(OC%16=CC=CC=C%16)=O)(C[Si](C)(C)C)C)=O)C=C%14)(OC%17=CC=C(COC(C(CO)(COP(OC%18=CC=CC=C%18)(OC%19=CC=CC=C%19)=O)C)=O)C=C%17)=N4)=O,7,NC1=CC=C(CC2=CC=C(N)C=C2)C=C1,18.6,120,2,140,2,0,0,0,0,0,0,0,0,0,0,0,0,0,0,0,0,,0,,0,,0
CC(C)(C1=CC=C(OCC2CO2)C=C1)C1=CC=C(OCC2CO2)C=C1,196,CC(CO[Si](C)(C)C)(COP(OC1=CC=CC=C1)(OC2=CC=CC=C2)=O)C(OCC(C=C3)=CC=C3OP4(OC5=CC=C(COC(C(COP(OC6=CC=CC=C6)(OC7=CC=CC=C7)=O)(CO[Si](C)(C)C)C)=O)C=C5)=NP(OC8=CC=C(COC(C(CO[Si](C)(C)C)(COP(OC9=CC=CC=C9)(OC%10=CC=CC=C%10)=O)C)=O)C=C8)(OC%11=CC=C(COC(C(CO[Si](C)(C)C)(COP(OC%12=CC=CC=C%12)(OC%13=CC=CC=C%13)=O)C)=O)C=C%11)=NP(OC%14=CC=C(COC(C(COP(OC%15=CC=CC=C%15)(OC%16=CC=CC=C%16)=O)(C[Si](C)(C)C)C)=O)C=C%14)(OC%17=CC=C(COC(C(CO)(COP(OC%18=CC=CC=C%18)(OC%19=CC=CC=C%19)=O)C)=O)C=C%17)=N4)=O,0,NC1=CC=C(CC2=CC=C(N)C=C2)C=C1,20,120,2,140,2,0,0,0,0,0,0,0,0,0,0,0,0,0,0,0,0,,0,,0,,0
CC(C)(C1=CC=C(OCC2CO2)C=C1)C1=CC=C(OCC2CO2)C=C1,196,CC(CO)(CO)C(OCC(C=C1)=CC=C1OP2(OC3=CC=C(COC(C(CO)(CO)C)=O)C=C3)=NP(OC4=CC=C(COC(C(CO)(CO)C)=O)C=C4)(OC5=CC=C(COC(C(CO)(CO)C)=O)C=C5)=NP(OC6=CC=C(COC(C(CO)(CO)C)=O)C=C6)(OC7=CC=C(COC(C(CO)(CO)C)=O)C=C7)=N2)=O,3,NC1=CC=C(CC2=CC=C(N)C=C2)C=C1,19.4,120,2,140,2,0,0,0,0,0,0,0,0,0,0,0,0,0,0,0,0,,0,,0,,0
CC(C)(C1=CC=C(OCC2CO2)C=C1)C1=CC=C(OCC2CO2)C=C1,196,CC(CO)(CO)C(OCC(C=C1)=CC=C1OP2(OC3=CC=C(COC(C(CO)(CO)C)=O)C=C3)=NP(OC4=CC=C(COC(C(CO)(CO)C)=O)C=C4)(OC5=CC=C(COC(C(CO)(CO)C)=O)C=C5)=NP(OC6=CC=C(COC(C(CO)(CO)C)=O)C=C6)(OC7=CC=C(COC(C(CO)(CO)C)=O)C=C7)=N2)=O,5,NC1=CC=C(CC2=CC=C(N)C=C2)C=C1,19,120,2,140,2,0,0,0,0,0,0,0,0,0,0,0,0,0,0,0,0,,0,,0,,0
CC(C)(C1=CC=C(OCC2CO2)C=C1)C1=CC=C(OCC2CO2)C=C1,196,CC(CO)(CO)C(OCC(C=C1)=CC=C1OP2(OC3=CC=C(COC(C(CO)(CO)C)=O)C=C3)=NP(OC4=CC=C(COC(C(CO)(CO)C)=O)C=C4)(OC5=CC=C(COC(C(CO)(CO)C)=O)C=C5)=NP(OC6=CC=C(COC(C(CO)(CO)C)=O)C=C6)(OC7=CC=C(COC(C(CO)(CO)C)=O)C=C7)=N2)=O,7,NC1=CC=C(CC2=CC=C(N)C=C2)C=C1,18.6,120,2,140,2,0,0,0,0,0,0,0,0,0,0,0,0,0,0,0,0,,0,,0,,0
CC(C)(C1=CC=C(OCC2CO2)C=C1)C1=CC=C(OCC2CO2)C=C1,196,CC(CO)(CO)C(OCC(C=C1)=CC=C1OP2(OC3=CC=C(COC(C(CO)(CO)C)=O)C=C3)=NP(OC4=CC=C(COC(C(CO)(CO)C)=O)C=C4)(OC5=CC=C(COC(C(CO)(CO)C)=O)C=C5)=NP(OC6=CC=C(COC(C(CO)(CO)C)=O)C=C6)(OC7=CC=C(COC(C(CO)(CO)C)=O)C=C7)=N2)=O,0,NC1=CC=C(CC2=CC=C(N)C=C2)C=C1,20,120,2,140,2,0,0,0,0,0,0,0,0,0,0,0,0,0,0,0,0,,0,,0,,0
CC(C)(C1=CC=C(OCC2CO2)C=C1)C1=CC=C(OCC2CO2)C=C1,227,COC1=CC(CCC[Si](O[Si](C2=CC=CC=C2)(C3=CC=CC=C3)O[Si](C)(CCCC4=CC=C(C(OC)=C4)OP(C5=CC=CC=C5)(C6=CC=CC=C6)=O)C)(C)C)=CC=C1OP(C7=CC=CC=C7)(C8=CC=CC=C8)=O,5,NC1=CC=C(CC2=CC=C(N)C=C2)C=C1,19.48,100,2,130,2,160,2,0,0,0,0,0,0,0,0,0,0,0,0,0,0,,0,,0,,0
CC(C)(C1=CC=C(OCC2CO2)C=C1)C1=CC=C(OCC2CO2)C=C1,227,COC1=CC(CCC[Si](O[Si](C2=CC=CC=C2)(C3=CC=CC=C3)O[Si](C)(CCCC4=CC=C(C(OC)=C4)OP(C5=CC=CC=C5)(C6=CC=CC=C6)=O)C)(C)C)=CC=C1OP(C7=CC=CC=C7)(C8=CC=CC=C8)=O,10,NC1=CC=C(CC2=CC=C(N)C=C2)C=C1,18.37,100,2,130,2,160,2,0,0,0,0,0,0,0,0,0,0,0,0,0,0,,0,,0,,0
CC(C)(C1=CC=C(OCC2CO2)C=C1)C1=CC=C(OCC2CO2)C=C1,227,COC1=CC(CCC[Si](O[Si](C2=CC=CC=C2)(C3=CC=CC=C3)O[Si](C)(CCCC4=CC=C(C(OC)=C4)OP(C5=CC=CC=C5)(C6=CC=CC=C6)=O)C)(C)C)=CC=C1OP(C7=CC=CC=C7)(C8=CC=CC=C8)=O,20,NC1=CC=C(CC2=CC=C(N)C=C2)C=C1,16.18,100,2,130,2,160,2,0,0,0,0,0,0,0,0,0,0,0,0,0,0,,0,,0,,0
CC(C)(C1=CC=C(OCC2CO2)C=C1)C1=CC=C(OCC2CO2)C=C1,227,COC1=CC(CCC[Si](O[Si](C2=CC=CC=C2)(C3=CC=CC=C3)O[Si](C)(CCCC4=CC=C(C(OC)=C4)OP(C5=CC=CC=C5)(C6=CC=CC=C6)=O)C)(C)C)=CC=C1OP(C7=CC=CC=C7)(C8=CC=CC=C8)=O,0,NC1=CC=C(CC2=CC=C(N)C=C2)C=C1,20.50874404,100,2,130,2,160,2,0,0,0,0,0,0,0,0,0,0,0,0,0,0,,0,,0,,0
CC(C)(C1=CC=C(OCC2CO2)C=C1)C1=CC=C(OCC2CO2)C=C1,196,O=P1(C(NC2=NC(NC(C3=CNC4=C3C=CC=C4)P5(OC6=C(C=CC=C6)C7=C5C=CC=C7)=O)=NN2)C8=CNC9=C8C=CC=C9)OC%10=C(C=CC=C%10)C%11=C1C=CC=C%11,1,NC1=CC=C(CC2=CC=C(N)C=C2)C=C1,19.8,100,2,150,3,0,0,0,0,0,0,0,0,0,0,0,0,0,0,0,0,,0,,0,,0
CC(C)(C1=CC=C(OCC2CO2)C=C1)C1=CC=C(OCC2CO2)C=C1,196,O=P1(C(NC2=NC(NC(C3=CNC4=C3C=CC=C4)P5(OC6=C(C=CC=C6)C7=C5C=CC=C7)=O)=NN2)C8=CNC9=C8C=CC=C9)OC%10=C(C=CC=C%10)C%11=C1C=CC=C%11,3,NC1=CC=C(CC2=CC=C(N)C=C2)C=C1,19.4,100,2,150,3,0,0,0,0,0,0,0,0,0,0,0,0,0,0,0,0,,0,,0,,0
CC(C)(C1=CC=C(OCC2CO2)C=C1)C1=CC=C(OCC2CO2)C=C1,196,O=P1(C(NC2=NC(NC(C3=CNC4=C3C=CC=C4)P5(OC6=C(C=CC=C6)C7=C5C=CC=C7)=O)=NN2)C8=CNC9=C8C=CC=C9)OC%10=C(C=CC=C%10)C%11=C1C=CC=C%11,5,NC1=CC=C(CC2=CC=C(N)C=C2)C=C1,19,100,2,150,3,0,0,0,0,0,0,0,0,0,0,0,0,0,0,0,0,,0,,0,,0
CC(C)(C1=CC=C(OCC2CO2)C=C1)C1=CC=C(OCC2CO2)C=C1,196,O=P1(C(NC2=NC(NC(C3=CNC4=C3C=CC=C4)P5(OC6=C(C=CC=C6)C7=C5C=CC=C7)=O)=NN2)C8=CNC9=C8C=CC=C9)OC%10=C(C=CC=C%10)C%11=C1C=CC=C%11,0,NC1=CC=C(CC2=CC=C(N)C=C2)C=C1,20,100,2,150,3,0,0,0,0,0,0,0,0,0,0,0,0,0,0,0,0,,0,,0,,0
CC(C)(C1=CC=C(OCC2CO2)C=C1)C1=CC=C(OCC2CO2)C=C1,227,O=P12OCC(OC3=CC=C4C(=C3)/C3=N/C5=C6C=CC(OC78COP(=O)(OC7)OC8)=CC6=C(/N=C6\N=C(/N=C7\N/C(=N\C4=N3)C3=C7C=C(OC47COP(=O)(OC4)OC7)C=C3)C3=C6C=CC(OC46COP(=O)(OC4)OC6)=C3)N5)(CO1)CO2,2,NC1=CC=C(S(=O)(=O)C2=CC=C(N)C=C2)C=C1,22.6,180,4,0,0,0,0,0,0,0,0,0,0,0,0,0,0,0,0,0,0,,0,,0,,0
CC(C)(C1=CC=C(OCC2CO2)C=C1)C1=CC=C(OCC2CO2)C=C1,227,O=P12OCC(CO1)(CO2)OC3=CC=C4C(C5=NC6=C7C=CC(OC89COP(OC8)(OC9)=O)=CC7=C%10N=C%11[N+]%12=C(C%13=C%11C=CC(OC%14%15COP(OC%14)(OC%15)=O)=C%13)N=C%16C%17=C(C(N%16%18)=NC4=[N+]5[AlH-2]%12%18N6%10)C=CC(OC%19%20COP(OC%19)(OC%20)=O)=C%17)=C3,2,NC1=CC=C(S(=O)(=O)C2=CC=C(N)C=C2)C=C1,22.6,180,4,0,0,0,0,0,0,0,0,0,0,0,0,0,0,0,0,0,0,,0,,0,,0
CC(C)(C1=CC=C(OCC2CO2)C=C1)C1=CC=C(OCC2CO2)C=C1,227,O=P12OCC(CO2)(OC3=CC=C4C(C5=NC6=C7C=CC(OC89COP(OC8)(OC9)=O)=CC7=C%10N=C%11[N+]%12=C(N=C%13C%14=C(C=CC(OC%15%16COP(OC%15)(OC%16)=O)=C%14)C%17=NC4=[N+]5[Co]%12(N6%10)N%17%13)C%18=C%11C=CC(OC%19%20COP(OC%19)(OC%20)=O)=C%18)=C3)CO1,2,NC1=CC=C(S(=O)(=O)C2=CC=C(N)C=C2)C=C1,22.6,180,4,0,0,0,0,0,0,0,0,0,0,0,0,0,0,0,0,0,0,,0,,0,,0
CC(C)(C1=CC=C(OCC2CO2)C=C1)C1=CC=C(OCC2CO2)C=C1,227,O=P12OCC(CO2)(OC3=CC=C4C(C5=NC6=C7C=CC(OC89COP(OC8)(OC9)=O)=CC7=C%10N=C%11[N+]%12=C(N=C%13C%14=C(C=CC(OC%15%16COP(OC%15)(OC%16)=O)=C%14)C%17=NC4=[N+]5[Ni]%12(N6%10)N%17%13)C%18=C%11C=CC(OC%19%20COP(OC%19)(OC%20)=O)=C%18)=C3)CO1,2,NC1=CC=C(S(=O)(=O)C2=CC=C(N)C=C2)C=C1,22.6,180,4,0,0,0,0,0,0,0,0,0,0,0,0,0,0,0,0,0,0,,0,,0,,0
CC(C)(C1=CC=C(OCC2CO2)C=C1)C1=CC=C(OCC2CO2)C=C1,227,O=P12OCC(CO2)(OC3=CC=C4C(C5=NC6=C7C=CC(OC89COP(OC8)(OC9)=O)=CC7=C%10N=C%11[N+]%12=C(N=C%13C%14=C(C=CC(OC%15%16COP(OC%15)(OC%16)=O)=C%14)C%17=NC4=[N+]5[Zn]%12(N6%10)N%17%13)C%18=C%11C=CC(OC%19%20COP(OC%19)(OC%20)=O)=C%18)=C3)CO1,2,NC1=CC=C(S(=O)(=O)C2=CC=C(N)C=C2)C=C1,22.6,180,4,0,0,0,0,0,0,0,0,0,0,0,0,0,0,0,0,0,0,,0,,0,,0
CC(C)(C1=CC=C(OCC2CO2)C=C1)C1=CC=C(OCC2CO2)C=C1,227,O=P12OCC(CO2)(OC3=CC=C4C(C5=NC6=C7C=CC(OC89COP(OC8)(OC9)=O)=CC7=C%10N=C%11[N+]%12=C(N=C%13C%14=C(C=CC(OC%15%16COP(OC%15)(OC%16)=O)=C%14)C%17=NC4=[N+]5[Ce]%12(N6%10)N%17%13)C%18=C%11C=CC(OC%19%20COP(OC%19)(OC%20)=O)=C%18)=C3)CO1,2,NC1=CC=C(S(=O)(=O)C2=CC=C(N)C=C2)C=C1,22.6,180,4,0,0,0,0,0,0,0,0,0,0,0,0,0,0,0,0,0,0,,0,,0,,0
CC(C)(C1=CC=C(OCC2CO2)C=C1)C1=CC=C(OCC2CO2)C=C1,227,O=P12OCC(CO2)(OC3=CC=C4C(C5=NC6=C7C=CC(OC89COP(OC8)(OC9)=O)=CC7=C%10N=C%11[N+]%12=C(N=C%13C%14=C(C=CC(OC%15%16COP(OC%15)(OC%16)=O)=C%14)C%17=NC4=[N+]5[Ce]%12(N6%10)N%17%13)C%18=C%11C=CC(OC%19%20COP(OC%19)(OC%20)=O)=C%18)=C3)CO1,0,NC1=CC=C(S(=O)(=O)C2=CC=C(N)C=C2)C=C1,23.1,180,4,0,0,0,0,0,0,0,0,0,0,0,0,0,0,0,0,0,0,,0,,0,,0
CC(C)(C1=CC=C(OCC2CO2)C=C1)C1=CC=C(OCC2CO2)C=C1,196,OCCCOB(OCCCO)OCCCOB(OCCCOB(OCCCO)OCCCO)OCCCOB(OCCCO)OCCCO,1,NC1=CC=C(S(=O)(=O)C2=CC=C(N)C=C2)C=C1,23.80809144,150,2,180,4,200,1,0,0,0,0,0,0,0,0,0,0,0,0,0,0,,0,,0,,0
CC(C)(C1=CC=C(OCC2CO2)C=C1)C1=CC=C(OCC2CO2)C=C1,196,OCCCOB(OCCCO)OCCCOB(OCCCOB(OCCCO)OCCCO)OCCCOB(OCCCO)OCCCO,3,NC1=CC=C(S(=O)(=O)C2=CC=C(N)C=C2)C=C1,23.32572018,150,2,180,4,200,1,0,0,0,0,0,0,0,0,0,0,0,0,0,0,,0,,0,,0
CC(C)(C1=CC=C(OCC2CO2)C=C1)C1=CC=C(OCC2CO2)C=C1,196,OCCCOB(OCCCO)OCCCOB(OCCCOB(OCCCO)OCCCO)OCCCOB(OCCCO)OCCCO,6,NC1=CC=C(S(=O)(=O)C2=CC=C(N)C=C2)C=C1,22.60459803,150,2,180,4,200,1,0,0,0,0,0,0,0,0,0,0,0,0,0,0,,0,,0,,0
CC(C)(C1=CC=C(OCC2CO2)C=C1)C1=CC=C(OCC2CO2)C=C1,196,OCCCOB(OCCCO)OCCCOB(OCCCOB(OCCCO)OCCCO)OCCCOB(OCCCO)OCCCO,9,NC1=CC=C(S(=O)(=O)C2=CC=C(N)C=C2)C=C1,21.88277578,150,2,180,4,200,1,0,0,0,0,0,0,0,0,0,0,0,0,0,0,,0,,0,,0
CC(C)(C1=CC=C(OCC2CO2)C=C1)C1=CC=C(OCC2CO2)C=C1,196,OCCCOB(OCCCO)OCCCOB(OCCCOB(OCCCO)OCCCO)OCCCOB(OCCCO)OCCCO,12,NC1=CC=C(S(=O)(=O)C2=CC=C(N)C=C2)C=C1,21.16168705,150,2,180,4,200,1,0,0,0,0,0,0,0,0,0,0,0,0,0,0,,0,,0,,0
CC(C)(C1=CC=C(OCC2CO2)C=C1)C1=CC=C(OCC2CO2)C=C1,196,OCCCOB(OCCCO)OCCCOB(OCCCOB(OCCCO)OCCCO)OCCCOB(OCCCO)OCCCO,0,NC1=CC=C(S(=O)(=O)C2=CC=C(N)C=C2)C=C1,24.04678718,150,2,180,4,200,1,0,0,0,0,0,0,0,0,0,0,0,0,0,0,,0,,0,,0
CC(C)(C1=CC=C(OCC2CO2)C=C1)C1=CC=C(OCC2CO2)C=C1,196,O=P1(OC2=C(C=CC=C2)C3=CC=CC=C31)C4C5=CC=CC=C5OCN4CC6=CC=CO6,6.9,CC12CC=CCC1C(=O)OC2=O,42.61614,100,3,130,2,180,2,200,2,230,2,0,0,0,0,0,0,0,0,0,0,CCN(CC1=CC(CN(C)C)=CC(CN(C)C)=C1O)C,0.100717613,,0,,0
CC(C)(C1=CC=C(OCC2CO2)C=C1)C1=CC=C(OCC2CO2)C=C1,196,O=P1(OC2=C(C=CC=C2)C3=CC=CC=C31)C4C5=CC=CC=C5OCN4CC6=CC=CO6,13.8,CC12CC=CCC1C(=O)OC2=O,39.43842479,100,3,130,2,180,2,200,2,230,2,0,0,0,0,0,0,0,0,0,0,CCN(CC1=CC(CN(C)C)=CC(CN(C)C)=C1O)C,0.093207503,,0,,0
CC(C)(C1=CC=C(OCC2CO2)C=C1)C1=CC=C(OCC2CO2)C=C1,196,O=P1(OC2=C(C=CC=C2)C3=CC=CC=C31)C4C5=CC=CC=C5OCN4CC6=CC=CO6,20.7,CC12CC=CCC1C(=O)OC2=O,36.28859348,100,3,130,2,180,2,200,2,230,2,0,0,0,0,0,0,0,0,0,0,CCN(CC1=CC(CN(C)C)=CC(CN(C)C)=C1O)C,0.085763293,,0,,0
CC(C)(C1=CC=C(OCC2CO2)C=C1)C1=CC=C(OCC2CO2)C=C1,196,O=P1(OC2=C(C=CC=C2)C3=CC=CC=C31)C4C5=CC=CC=C5OCN4CC6=CC=CO6,0,CC12CC=CCC1C(=O)OC2=O,45.78655485,100,3,130,2,180,2,200,2,230,2,0,0,0,0,0,0,0,0,0,0,CCN(CC1=CC(CN(C)C)=CC(CN(C)C)=C1O)C,0.108210469,,0,,0
CC(C)(C1=CC=C(OCC2CO2)C=C1)C1=CC=C(OCC2CO2)C=C1,196,C[Si](C)(CCCN)O[Si](C)(C)CCCCNP1(=O)OC2=C(C=CC=C2)C2=C1C=CC=C2,1.6,NC1=CC=C(CC2=CC=C(N)C=C2)C=C1,19.3,100,2,150,2,0,0,0,0,0,0,0,0,0,0,0,0,0,0,0,0,,0,,0,,0
CC(C)(C1=CC=C(OCC2CO2)C=C1)C1=CC=C(OCC2CO2)C=C1,196,C[Si](C)(CCCN)O[Si](C)(C)CCCCNP1(=O)OC2=C(C=CC=C2)C2=C1C=CC=C2,3.1,NC1=CC=C(CC2=CC=C(N)C=C2)C=C1,18.63,100,2,150,2,0,0,0,0,0,0,0,0,0,0,0,0,0,0,0,0,,0,,0,,0
CC(C)(C1=CC=C(OCC2CO2)C=C1)C1=CC=C(OCC2CO2)C=C1,196,C[Si](C)(CCCN)O[Si](C)(C)CCCCNP1(=O)OC2=C(C=CC=C2)C2=C1C=CC=C2,4.6,NC1=CC=C(CC2=CC=C(N)C=C2)C=C1,17.89,100,2,150,2,0,0,0,0,0,0,0,0,0,0,0,0,0,0,0,0,,0,,0,,0
CC(C)(C1=CC=C(OCC2CO2)C=C1)C1=CC=C(OCC2CO2)C=C1,196,C[Si](C)(CCCN)O[Si](C)(C)CCCCNP1(=O)OC2=C(C=CC=C2)C2=C1C=CC=C2,6.1,NC1=CC=C(CC2=CC=C(N)C=C2)C=C1,17.24,100,2,150,2,0,0,0,0,0,0,0,0,0,0,0,0,0,0,0,0,,0,,0,,0
CC(C)(C1=CC=C(OCC2CO2)C=C1)C1=CC=C(OCC2CO2)C=C1,196,C[Si](C)(CCCN)O[Si](C)(C)CCCCNP1(=O)OC2=C(C=CC=C2)C2=C1C=CC=C2,0,NC1=CC=C(CC2=CC=C(N)C=C2)C=C1,20,100,2,150,2,0,0,0,0,0,0,0,0,0,0,0,0,0,0,0,0,,0,,0,,0
CC(C)(C1=CC=C(OCC2CO2)C=C1)C1=CC=C(OCC2CO2)C=C1,173,O=C(O)CC(CP1(=O)OC2=C(C=CC=C2)C2=CC=CC=C21)C(=O)O,9.86914354,O=C(O)CCCCC(=O)O,23.31091704,200,1,0,0,0,0,0,0,0,0,0,0,0,0,0,0,0,0,5,0,C1CNC2=NCCCN2C1,1.31 ,,0,,0
CC(C)(C1=CC=C(OCC2CO2)C=C1)C1=CC=C(OCC2CO2)C=C1,173,O=C(O)CC(CP1(=O)OC2=C(C=CC=C2)C2=CC=CC=C21)C(=O)O,14.80949137,O=C(O)CCCCC(=O)O,20.4173521,200,1,0,0,0,0,0,0,0,0,0,0,0,0,0,0,0,0,0,0,C1CNC2=NCCCN2C1,1.27 ,,0,,0
CC(C)(C1=CC=C(OCC2CO2)C=C1)C1=CC=C(OCC2CO2)C=C1,173,O=C(O)CC(CP1(=O)OC2=C(C=CC=C2)C2=CC=CC=C21)C(=O)O,19.75397468,O=C(O)CCCCC(=O)O,17.49214458,200,1,0,0,0,0,0,0,0,0,0,0,0,0,0,0,0,0,0,0,C1CNC2=NCCCN2C1,1.23 ,,0,,0
CC(C)(C1=CC=C(OCC2CO2)C=C1)C1=CC=C(OCC2CO2)C=C1,173,O=C(O)CC(CP1(=O)OC2=C(C=CC=C2)C2=CC=CC=C21)C(=O)O,24.70222667,O=C(O)CCCCC(=O)O,14.58419462,200,1,0,0,0,0,0,0,0,0,0,0,0,0,0,0,0,0,0,0,C1CNC2=NCCCN2C1,1.19 ,,0,,0
CC(C)(C1=CC=C(OCC2CO2)C=C1)C1=CC=C(OCC2CO2)C=C1,173,O=C(O)CC(CP1(=O)OC2=C(C=CC=C2)C2=CC=CC=C21)C(=O)O,29.65481006,O=C(O)CCCCC(=O)O,11.64445542,200,1,0,0,0,0,0,0,0,0,0,0,0,0,0,0,0,0,0,0,C1CNC2=NCCCN2C1,1.15 ,,0,,0
CC(C)(C1=CC=C(OCC2CO2)C=C1)C1=CC=C(OCC2CO2)C=C1,173,O=C(O)CC(CP1(=O)OC2=C(C=CC=C2)C2=CC=CC=C21)C(=O)O,0,O=C(O)CCCCC(=O)O,27.77064183,200,1,0,0,0,0,0,0,0,0,0,0,0,0,0,0,0,0,0,0,C1CNC2=NCCCN2C1,1.32 ,,0,,0
CC(C)(C1=CC=C(OCC2CO2)C=C1)C1=CC=C(OCC2CO2)C=C1,196,COC1=C(O)C=CC(C(NC2=NC3=C(C=CC=C3)S2)P2(=O)OC3=CC=CC=C3C3=C2C=CC=C3)=C1,5,NC1=CC=C(CC2=CC=C(N)C=C2)C=C1,18.29,100,2,150,3,0,0,0,0,0,0,0,0,0,0,0,0,0,0,0,0,,0,,0,,0
CC(C)(C1=CC=C(OCC2CO2)C=C1)C1=CC=C(OCC2CO2)C=C1,196,COC1=C(O)C=CC(C(NC2=NC3=C(C=CC=C3)S2)P2(=O)OC3=CC=CC=C3C3=C2C=CC=C3)=C1,7.5,NC1=CC=C(CC2=CC=C(N)C=C2)C=C1,17.54,100,2,150,3,0,0,0,0,0,0,0,0,0,0,0,0,0,0,0,0,,0,,0,,0
CC(C)(C1=CC=C(OCC2CO2)C=C1)C1=CC=C(OCC2CO2)C=C1,196,COC1=C(O)C=CC(C(NC2=NC3=C(C=CC=C3)S2)P2(=O)OC3=CC=CC=C3C3=C2C=CC=C3)=C1,10,NC1=CC=C(CC2=CC=C(N)C=C2)C=C1,16.41,100,2,150,3,0,0,0,0,0,0,0,0,0,0,0,0,0,0,0,0,,0,,0,,0
CC(C)(C1=CC=C(OCC2CO2)C=C1)C1=CC=C(OCC2CO2)C=C1,196,COC1=C(O)C=CC(C(NC2=NC3=C(C=CC=C3)S2)P2(=O)OC3=CC=CC=C3C3=C2C=CC=C3)=C1,0,NC1=CC=C(CC2=CC=C(N)C=C2)C=C1,20.17561365,100,2,150,3,0,0,0,0,0,0,0,0,0,0,0,0,0,0,0,0,,0,,0,,0
CC1=C(OCC2CO2)C=CC=C1CC3=CC(CC4=CC=CC(OCC5OC5)=C4)=C(C)C(OCC6OC6)=C3,178,NCCNCCN(CCNCCN(CCN)CCN)CCN(CCNCCN)CCN(CCN)CCNOP(=O)(O)C1=CC=CC=C1,1,NC1=CC=C(CC2=CC=C(N)C=C2)C=C1,19.8,100,2,150,2,0,0,0,0,0,0,0,0,0,0,0,0,0,0,0,0,,0,,0,,0
CC1=C(OCC2CO2)C=CC=C1CC3=CC(CC4=CC=CC(OCC5OC5)=C4)=C(C)C(OCC6OC6)=C3,178,NCCNCCN(CCNCCN(CCN)CCN)CCN(CCNCCN)CCN(CCN)CCNOP(=O)(O)C1=CC=CC=C1,2,NC1=CC=C(CC2=CC=C(N)C=C2)C=C1,19.6,100,2,150,2,0,0,0,0,0,0,0,0,0,0,0,0,0,0,0,0,,0,,0,,0
CC1=C(OCC2CO2)C=CC=C1CC3=CC(CC4=CC=CC(OCC5OC5)=C4)=C(C)C(OCC6OC6)=C3,178,NCCNCCN(CCNCCN(CCN)CCN)CCN(CCNCCN)CCN(CCN)CCNOP(=O)(O)C1=CC=CC=C1,3,NC1=CC=C(CC2=CC=C(N)C=C2)C=C1,19.4,100,2,150,2,0,0,0,0,0,0,0,0,0,0,0,0,0,0,0,0,,0,,0,,0
CC1=C(OCC2CO2)C=CC=C1CC3=CC(CC4=CC=CC(OCC5OC5)=C4)=C(C)C(OCC6OC6)=C3,178,NCCNCCN(CCNCCN(CCN)CCN)CCN(CCNCCN)CCN(CCN)CCNOP(=O)(O)C1=CC=CC=C1,4,NC1=CC=C(CC2=CC=C(N)C=C2)C=C1,19.2,100,2,150,2,0,0,0,0,0,0,0,0,0,0,0,0,0,0,0,0,,0,,0,,0
CC1=C(OCC2CO2)C=CC=C1CC3=CC(CC4=CC=CC(OCC5OC5)=C4)=C(C)C(OCC6OC6)=C3,178,NCCNCCN(CCNCCN(CCN)CCN)CCN(CCNCCN)CCN(CCN)CCNOP(=O)(O)C1=CC=CC=C1,5,NC1=CC=C(CC2=CC=C(N)C=C2)C=C1,19,100,2,150,2,0,0,0,0,0,0,0,0,0,0,0,0,0,0,0,0,,0,,0,,0
CC1=C(OCC2CO2)C=CC=C1CC3=CC(CC4=CC=CC(OCC5OC5)=C4)=C(C)C(OCC6OC6)=C3,178,NCCNCCN(CCNCCN(CCN)CCN)CCN(CCNCCN)CCN(CCN)CCNOP(=O)(O)C1=CC=CC=C1,0,NC1=CC=C(CC2=CC=C(N)C=C2)C=C1,20,100,2,150,2,0,0,0,0,0,0,0,0,0,0,0,0,0,0,0,0,,0,,0,,0
CC(C)(C1=CC=C(OCC2CO2)C=C1)C1=CC=C(OCC2CO2)C=C1,196,CC(CO)(COP(OC1=CC=CC=C1)(OC2=CC=CC=C2)=O)C(OCC(C=C3)=CC=C3OP4(OC5=CC=C(COC(C(COP(OC6=CC=CC=C6)(OC7=CC=CC=C7)=O)(CO)C)=O)C=C5)=NP(OC8=CC=C(COC(C(CO)(COP(OC9=CC=CC=C9)(OC%10=CC=CC=C%10)=O)C)=O)C=C8)(OC%11=CC=C(COC(C(CO)(COP(OC%12=CC=CC=C%12)(OC%13=CC=CC=C%13)=O)C)=O)C=C%11)=NP(OC%14=CC=C(COC(C(COP(OC%15=CC=CC=C%15)(OC%16=CC=CC=C%16)=O)(O)C)=O)C=C%14)(OC%17=CC=C(COC(C(CO)(COP(OC%18=CC=CC=C%18)(OC%19=CC=CC=C%19)=O)C)=O)C=C%17)=N4)=O,1,NC1=CC=C(CC2=CC=C(N)C=C2)C=C1,19.8,120,2,140,2,0,0,0,0,0,0,0,0,0,0,0,0,0,0,0,0,,0,,0,,0
CC(C)(C1=CC=C(OCC2CO2)C=C1)C1=CC=C(OCC2CO2)C=C1,196,CC(CO)(COP(OC1=CC=CC=C1)(OC2=CC=CC=C2)=O)C(OCC(C=C3)=CC=C3OP4(OC5=CC=C(COC(C(COP(OC6=CC=CC=C6)(OC7=CC=CC=C7)=O)(CO)C)=O)C=C5)=NP(OC8=CC=C(COC(C(CO)(COP(OC9=CC=CC=C9)(OC%10=CC=CC=C%10)=O)C)=O)C=C8)(OC%11=CC=C(COC(C(CO)(COP(OC%12=CC=CC=C%12)(OC%13=CC=CC=C%13)=O)C)=O)C=C%11)=NP(OC%14=CC=C(COC(C(COP(OC%15=CC=CC=C%15)(OC%16=CC=CC=C%16)=O)(O)C)=O)C=C%14)(OC%17=CC=C(COC(C(CO)(COP(OC%18=CC=CC=C%18)(OC%19=CC=CC=C%19)=O)C)=O)C=C%17)=N4)=O,3,NC1=CC=C(CC2=CC=C(N)C=C2)C=C1,19.4,120,2,140,2,0,0,0,0,0,0,0,0,0,0,0,0,0,0,0,0,,0,,0,,0
CC(C)(C1=CC=C(OCC2CO2)C=C1)C1=CC=C(OCC2CO2)C=C1,196,CC(CO)(COP(OC1=CC=CC=C1)(OC2=CC=CC=C2)=O)C(OCC(C=C3)=CC=C3OP4(OC5=CC=C(COC(C(COP(OC6=CC=CC=C6)(OC7=CC=CC=C7)=O)(CO)C)=O)C=C5)=NP(OC8=CC=C(COC(C(CO)(COP(OC9=CC=CC=C9)(OC%10=CC=CC=C%10)=O)C)=O)C=C8)(OC%11=CC=C(COC(C(CO)(COP(OC%12=CC=CC=C%12)(OC%13=CC=CC=C%13)=O)C)=O)C=C%11)=NP(OC%14=CC=C(COC(C(COP(OC%15=CC=CC=C%15)(OC%16=CC=CC=C%16)=O)(O)C)=O)C=C%14)(OC%17=CC=C(COC(C(CO)(COP(OC%18=CC=CC=C%18)(OC%19=CC=CC=C%19)=O)C)=O)C=C%17)=N4)=O,5,NC1=CC=C(CC2=CC=C(N)C=C2)C=C1,19,120,2,140,2,0,0,0,0,0,0,0,0,0,0,0,0,0,0,0,0,,0,,0,,0
CC(C)(C1=CC=C(OCC2CO2)C=C1)C1=CC=C(OCC2CO2)C=C1,196,CC(CO)(COP(OC1=CC=CC=C1)(OC2=CC=CC=C2)=O)C(OCC(C=C3)=CC=C3OP4(OC5=CC=C(COC(C(COP(OC6=CC=CC=C6)(OC7=CC=CC=C7)=O)(CO)C)=O)C=C5)=NP(OC8=CC=C(COC(C(CO)(COP(OC9=CC=CC=C9)(OC%10=CC=CC=C%10)=O)C)=O)C=C8)(OC%11=CC=C(COC(C(CO)(COP(OC%12=CC=CC=C%12)(OC%13=CC=CC=C%13)=O)C)=O)C=C%11)=NP(OC%14=CC=C(COC(C(COP(OC%15=CC=CC=C%15)(OC%16=CC=CC=C%16)=O)(O)C)=O)C=C%14)(OC%17=CC=C(COC(C(CO)(COP(OC%18=CC=CC=C%18)(OC%19=CC=CC=C%19)=O)C)=O)C=C%17)=N4)=O,0,NC1=CC=C(CC2=CC=C(N)C=C2)C=C1,20,120,2,140,2,0,0,0,0,0,0,0,0,0,0,0,0,0,0,0,0,,0,,0,,0
CC(C)(C1=CC=C(OCC2CO2)C=C1)C1=CC=C(OCC2CO2)C=C1,227,O=P(OC1=CC=C(S(=O)(=O)C2=CC=C(OP(=O)(C3=CC=CC=C3)C3=CC=CC=C3)C=C2)C=C1)(C1=CC=CC=C1)C1=CC=CC=C1,3,NC1=CC=C(CC2=CC=C(N)C=C2)C=C1,17.27,100,2,150,3,0,0,0,0,0,0,0,0,0,0,0,0,0,0,0,0,,0,,0,,0
CC(C)(C1=CC=C(OCC2CO2)C=C1)C1=CC=C(OCC2CO2)C=C1,227,O=P(OC1=CC=C(S(=O)(=O)C2=CC=C(OP(=O)(C3=CC=CC=C3)C3=CC=CC=C3)C=C2)C=C1)(C1=CC=CC=C1)C1=CC=CC=C1,6,NC1=CC=C(CC2=CC=C(N)C=C2)C=C1,16.76,100,2,150,3,0,0,0,0,0,0,0,0,0,0,0,0,0,0,0,0,,0,,0,,0
CC(C)(C1=CC=C(OCC2CO2)C=C1)C1=CC=C(OCC2CO2)C=C1,227,O=P(OC1=CC=C(S(=O)(=O)C2=CC=C(OP(=O)(C3=CC=CC=C3)C3=CC=CC=C3)C=C2)C=C1)(C1=CC=CC=C1)C1=CC=CC=C1,0,NC1=CC=C(CC2=CC=C(N)C=C2)C=C1,17.80821918,100,2,150,3,0,0,0,0,0,0,0,0,0,0,0,0,0,0,0,0,,0,,0,,0
CC(C)(C1=CC=C(OCC2CO2)C=C1)C1=CC=C(OCC2CO2)C=C1,227,O=P(CC1=CC=CC=C1)(C1=CC=CC=C1)C1=CC=C(F)C=C1,3,NC1=CC=C(S(=O)(=O)C2=CC=C(N)C=C2)C=C1,21.6,120,2,180,2,0,0,0,0,0,0,0,0,0,0,0,0,0,0,0,0,,0,,0,,0
CC(C)(C1=CC=C(OCC2CO2)C=C1)C1=CC=C(OCC2CO2)C=C1,227,O=P(CC1=CC=CC=C1)(C1=CC=CC=C1)C1=CC=C(F)C=C1,6,NC1=CC=C(S(=O)(=O)C2=CC=C(N)C=C2)C=C1,21,120,2,180,2,0,0,0,0,0,0,0,0,0,0,0,0,0,0,0,0,,0,,0,,0
CC(C)(C1=CC=C(OCC2CO2)C=C1)C1=CC=C(OCC2CO2)C=C1,227,O=P(CC1=CC=CC=C1)(C1=CC=CC=C1)C1=CC=C(F)C=C1,9,NC1=CC=C(S(=O)(=O)C2=CC=C(N)C=C2)C=C1,20.3,120,2,180,2,0,0,0,0,0,0,0,0,0,0,0,0,0,0,0,0,,0,,0,,0
CC(C)(C1=CC=C(OCC2CO2)C=C1)C1=CC=C(OCC2CO2)C=C1,227,O=P(CC1=CC=CC=C1)(C1=CC=CC=C1)C1=CC=C(F)C=C1,0,NC1=CC=C(S(=O)(=O)C2=CC=C(N)C=C2)C=C1,22.2,120,2,180,2,0,0,0,0,0,0,0,0,0,0,0,0,0,0,0,0,,0,,0,,0
CC(C)(C1=CC=C(OCC2CO2)C=C1)C1=CC=C(OCC2CO2)C=C1,196,CO[Si](OC)(OC)CCCNP1(NCCC[Si](OC)(OC)OC)=NP(NCCC[Si](OC)(OC)OC)(NCCC[Si](OC)(OC)OC)=NP(NCCC[Si](OC)(OC)OC)(NCCC[Si](OC)(OC)OC)=N1,5,NCCNCCN,8.695652174,100,2,160,2,0,0,0,0,0,0,0,0,0,0,0,0,0,0,0,0,,0,,0,,0
CC(C)(C1=CC=C(OCC2CO2)C=C1)C1=CC=C(OCC2CO2)C=C1,196,CO[Si](OC)(OC)CCCNP1(NCCC[Si](OC)(OC)OC)=NP(NCCC[Si](OC)(OC)OC)(NCCC[Si](OC)(OC)OC)=NP(NCCC[Si](OC)(OC)OC)(NCCC[Si](OC)(OC)OC)=N1,10,NCCNCCN,8.333333333,100,2,160,2,0,0,0,0,0,0,0,0,0,0,0,0,0,0,0,0,,0,,0,,0
CC(C)(C1=CC=C(OCC2CO2)C=C1)C1=CC=C(OCC2CO2)C=C1,196,CO[Si](OC)(OC)CCCNP1(NCCC[Si](OC)(OC)OC)=NP(NCCC[Si](OC)(OC)OC)(NCCC[Si](OC)(OC)OC)=NP(NCCC[Si](OC)(OC)OC)(NCCC[Si](OC)(OC)OC)=N1,20,NCCNCCN,7.692307692,100,2,160,2,0,0,0,0,0,0,0,0,0,0,0,0,0,0,0,0,,0,,0,,0
CC(C)(C1=CC=C(OCC2CO2)C=C1)C1=CC=C(OCC2CO2)C=C1,196,CO[Si](OC)(OC)CCCNP1(NCCC[Si](OC)(OC)OC)=NP(NCCC[Si](OC)(OC)OC)(NCCC[Si](OC)(OC)OC)=NP(NCCC[Si](OC)(OC)OC)(NCCC[Si](OC)(OC)OC)=N1,30,NCCNCCN,7.142857143,100,2,160,2,0,0,0,0,0,0,0,0,0,0,0,0,0,0,0,0,,0,,0,,0
CC(C)(C1=CC=C(OCC2CO2)C=C1)C1=CC=C(OCC2CO2)C=C1,196,CO[Si](OC)(OC)CCCNP1(NCCC[Si](OC)(OC)OC)=NP(NCCC[Si](OC)(OC)OC)(NCCC[Si](OC)(OC)OC)=NP(NCCC[Si](OC)(OC)OC)(NCCC[Si](OC)(OC)OC)=N1,0,NCCNCCN,13.04347826,100,2,160,2,0,0,0,0,0,0,0,0,0,0,0,0,0,0,0,0,,0,,0,,0
CC(C)(C1=CC=C(OCC2CO2)C=C1)C1=CC=C(OCC2CO2)C=C1,196,O=P1(C(NCC2=CC=CO2)C2=CC=C(OC3=NC(OC4=CC=C(C(NCC5=CC=CO5)P5(=O)OC6=C(C=CC=C6)C6=C5C=CC=C6)C=C4)=NC(OC4=CC=C(C(NCC5=CC=CO5)P5(=O)OC6=C(C=CC=C6)C6=C5C=CC=C6)C=C4)=N3)C=C2)OC2=C(C=CC=C2)C2=C1C=CC=C2,4.15,NC1=CC=C(CC2=CC=C(N)C=C2)C=C1,16.88,80,2,110,2,130,2,150,2,180,2,0,0,0,0,0,0,0,0,0,0,,0,,0,,0
CC(C)(C1=CC=C(OCC2CO2)C=C1)C1=CC=C(OCC2CO2)C=C1,196,O=P1(C(NCC2=CC=CO2)C2=CC=C(OC3=NC(OC4=CC=C(C(NCC5=CC=CO5)P5(=O)OC6=C(C=CC=C6)C6=C5C=CC=C6)C=C4)=NC(OC4=CC=C(C(NCC5=CC=CO5)P5(=O)OC6=C(C=CC=C6)C6=C5C=CC=C6)C=C4)=N3)C=C2)OC2=C(C=CC=C2)C2=C1C=CC=C2,5.92,NC1=CC=C(CC2=CC=C(N)C=C2)C=C1,15.47,80,2,110,2,130,2,150,2,180,2,0,0,0,0,0,0,0,0,0,0,,0,,0,,0
CC(C)(C1=CC=C(OCC2CO2)C=C1)C1=CC=C(OCC2CO2)C=C1,196,O=P1(C(NCC2=CC=CO2)C2=CC=C(OC3=NC(OC4=CC=C(C(NCC5=CC=CO5)P5(=O)OC6=C(C=CC=C6)C6=C5C=CC=C6)C=C4)=NC(OC4=CC=C(C(NCC5=CC=CO5)P5(=O)OC6=C(C=CC=C6)C6=C5C=CC=C6)C=C4)=N3)C=C2)OC2=C(C=CC=C2)C2=C1C=CC=C2,7.74,NC1=CC=C(CC2=CC=C(N)C=C2)C=C1,13.99,80,2,110,2,130,2,150,2,180,2,0,0,0,0,0,0,0,0,0,0,,0,,0,,0
CC(C)(C1=CC=C(OCC2CO2)C=C1)C1=CC=C(OCC2CO2)C=C1,196,O=P1(C(NCC2=CC=CO2)C2=CC=C(OC3=NC(OC4=CC=C(C(NCC5=CC=CO5)P5(=O)OC6=C(C=CC=C6)C6=C5C=CC=C6)C=C4)=NC(OC4=CC=C(C(NCC5=CC=CO5)P5(=O)OC6=C(C=CC=C6)C6=C5C=CC=C6)C=C4)=N3)C=C2)OC2=C(C=CC=C2)C2=C1C=CC=C2,0,NC1=CC=C(CC2=CC=C(N)C=C2)C=C1,20.18,80,2,110,2,130,2,150,2,180,2,0,0,0,0,0,0,0,0,0,0,,0,,0,,0
CC(C)(C1=CC=C(OCC2CO2)C=C1)C1=CC=C(OCC2CO2)C=C1,227,N#CC1=CC=C(C=C1)C#N,5,NC1=CC=C(CC2=CC=C(N)C=C2)C=C1,19,120,3,0,0,0,0,0,0,0,0,0,0,0,0,0,0,0,0,0,0,,0,,0,,0
CC(C)(C1=CC=C(OCC2CO2)C=C1)C1=CC=C(OCC2CO2)C=C1,227,N#CC1=CC=C(C=C1)C#N,0,NC1=CC=C(CC2=CC=C(N)C=C2)C=C1,20,120,3,0,0,0,0,0,0,0,0,0,0,0,0,0,0,0,0,0,0,,0,,0,,0
CC(C)(C1=CC=C(OCC2CO2)C=C1)C1=CC=C(OCC2CO2)C=C1,227,O=P1(C(C2=CC=C(C(NO)(N)P3(C4=CC=CC=C4C5=CC=CC=C5O3)=O)C=C2)(N)NO)C6=CC=CC=C6C7=CC=CC=C7O1,1,NC1=CC=C(CC2=CC=C(N)C=C2)C=C1,19.8,120,3,0,0,0,0,0,0,0,0,0,0,0,0,0,0,0,0,0,0,,0,,0,,0
CC(C)(C1=CC=C(OCC2CO2)C=C1)C1=CC=C(OCC2CO2)C=C1,227,O=P1(C(C2=CC=C(C(NO)(N)P3(C4=CC=CC=C4C5=CC=CC=C5O3)=O)C=C2)(N)NO)C6=CC=CC=C6C7=CC=CC=C7O1,3,NC1=CC=C(CC2=CC=C(N)C=C2)C=C1,19.4,120,3,0,0,0,0,0,0,0,0,0,0,0,0,0,0,0,0,0,0,,0,,0,,0
CC(C)(C1=CC=C(OCC2CO2)C=C1)C1=CC=C(OCC2CO2)C=C1,227,O=P1(C(C2=CC=C(C(NO)(N)P3(C4=CC=CC=C4C5=CC=CC=C5O3)=O)C=C2)(N)NO)C6=CC=CC=C6C7=CC=CC=C7O1,5,NC1=CC=C(CC2=CC=C(N)C=C2)C=C1,19,120,3,0,0,0,0,0,0,0,0,0,0,0,0,0,0,0,0,0,0,,0,,0,,0
CC(C)(C1=CC=C(OCC2CO2)C=C1)C1=CC=C(OCC2CO2)C=C1,227,OC(C=C1)=CC=C1C(P2(OC3=C(C4=C2C=CC=C4)C=CC=C3)=O)NC(C=C5)=CC=C5C#N,1,NC1=CC=C(CC2=CC=C(N)C=C2)C=C1,19.8,120,4,0,0,0,0,0,0,0,0,0,0,0,0,0,0,0,0,0,0,,0,,0,,0
CC(C)(C1=CC=C(OCC2CO2)C=C1)C1=CC=C(OCC2CO2)C=C1,227,OC(C=C1)=CC=C1C(P2(OC3=C(C4=C2C=CC=C4)C=CC=C3)=O)NC(C=C5)=CC=C5C#N,3,NC1=CC=C(CC2=CC=C(N)C=C2)C=C1,19.4,120,4,0,0,0,0,0,0,0,0,0,0,0,0,0,0,0,0,0,0,,0,,0,,0
CC(C)(C1=CC=C(OCC2CO2)C=C1)C1=CC=C(OCC2CO2)C=C1,227,OC(C=C1)=CC=C1C(P2(OC3=C(C4=C2C=CC=C4)C=CC=C3)=O)NC(C=C5)=CC=C5C#N,5,NC1=CC=C(CC2=CC=C(N)C=C2)C=C1,19,120,4,0,0,0,0,0,0,0,0,0,0,0,0,0,0,0,0,0,0,,0,,0,,0
CC(C)(C1=CC=C(OCC2CO2)C=C1)C1=CC=C(OCC2CO2)C=C1,227,OC(C=C1)=CC=C1C(P2(OC3=C(C4=C2C=CC=C4)C=CC=C3)=O)NC(C=C5)=CC=C5C#N,0,NC1=CC=C(CC2=CC=C(N)C=C2)C=C1,20,120,4,0,0,0,0,0,0,0,0,0,0,0,0,0,0,0,0,0,0,,0,,0,,0
CC(C)(C1=CC=C(OCC2CO2)C=C1)C1=CC=C(OCC2CO2)C=C1,227,[H]P1(=O)OC2=C(C=CC=C2)C2=C1C=CC=C2,5,NC1=CC=C(CC2=CC=C(N)C=C2)C=C1,19,120,4,0,0,0,0,0,0,0,0,0,0,0,0,0,0,0,0,0,0,,0,,0,,0
CC(C)(C1=CC=C(OCC2CO2)C=C1)C1=CC=C(OCC2CO2)C=C1,227,O=P([O-])(C1=CC=CC=C1)O.O=P([O-])(C2=CC=CC=C2)O.[NH2+]3CC[NH2+]CC3,1,NC1=CC=C(CC2=CC=C(N)C=C2)C=C1,19.8,120,3,0,0,0,0,0,0,0,0,0,0,0,0,0,0,0,0,0,0,,0,,0,,0
CC(C)(C1=CC=C(OCC2CO2)C=C1)C1=CC=C(OCC2CO2)C=C1,227,O=P([O-])(C1=CC=CC=C1)O.O=P([O-])(C2=CC=CC=C2)O.[NH2+]3CC[NH2+]CC3,2,NC1=CC=C(CC2=CC=C(N)C=C2)C=C1,19.6,120,3,0,0,0,0,0,0,0,0,0,0,0,0,0,0,0,0,0,0,,0,,0,,0
CC(C)(C1=CC=C(OCC2CO2)C=C1)C1=CC=C(OCC2CO2)C=C1,227,O=P([O-])(C1=CC=CC=C1)O.O=P([O-])(C2=CC=CC=C2)O.[NH2+]3CC[NH2+]CC3,3,NC1=CC=C(CC2=CC=C(N)C=C2)C=C1,19.4,120,3,0,0,0,0,0,0,0,0,0,0,0,0,0,0,0,0,0,0,,0,,0,,0
CC(C)(C1=CC=C(OCC2CO2)C=C1)C1=CC=C(OCC2CO2)C=C1,227,[NH3+]C1=CC=C(C=C1)CC2=CC=C(C=C2)[NH3+].OP([O-])(C3=CC=CC=C3)=O.[O-]P(O)(C4=CC=CC=C4)=O,1,NC1=CC=C(CC2=CC=C(N)C=C2)C=C1,19.8,120,3,0,0,0,0,0,0,0,0,0,0,0,0,0,0,0,0,0,0,,0,,0,,0
CC(C)(C1=CC=C(OCC2CO2)C=C1)C1=CC=C(OCC2CO2)C=C1,227,[NH3+]C1=CC=C(C=C1)CC2=CC=C(C=C2)[NH3+].OP([O-])(C3=CC=CC=C3)=O.[O-]P(O)(C4=CC=CC=C4)=O,2,NC1=CC=C(CC2=CC=C(N)C=C2)C=C1,19.6,120,3,0,0,0,0,0,0,0,0,0,0,0,0,0,0,0,0,0,0,,0,,0,,0
CC(C)(C1=CC=C(OCC2CO2)C=C1)C1=CC=C(OCC2CO2)C=C1,227,[NH3+]C1=CC=C(C=C1)CC2=CC=C(C=C2)[NH3+].OP([O-])(C3=CC=CC=C3)=O.[O-]P(O)(C4=CC=CC=C4)=O,3,NC1=CC=C(CC2=CC=C(N)C=C2)C=C1,19.4,120,3,0,0,0,0,0,0,0,0,0,0,0,0,0,0,0,0,0,0,,0,,0,,0
CC(C)(C1=CC=C(OCC2CO2)C=C1)C1=CC=C(OCC2CO2)C=C1,227,[NH3+]C1=CC=C(C=C1)CC2=CC=C(C=C2)[NH3+].OP([O-])(C3=CC=CC=C3)=O.[O-]P(O)(C4=CC=CC=C4)=O,0,NC1=CC=C(CC2=CC=C(N)C=C2)C=C1,20,120,3,0,0,0,0,0,0,0,0,0,0,0,0,0,0,0,0,0,0,,0,,0,,0
CC(C)(C1=CC=C(OCC2CO2)C=C1)C1=CC=C(OCC2CO2)C=C1,196,CCOP(C)(=O)C1CC(=O)OC1=O,5,CC12CC=CCC1C(=O)OC2=O,29.83624049,80,1,100,2,130,6,0,0,0,0,0,0,0,0,0,0,0,0,0,0,CCC1=NC(C)=CN1,0.5,,0,,0
CC(C)(C1=CC=C(OCC2CO2)C=C1)C1=CC=C(OCC2CO2)C=C1,196,CCOP(C)(=O)C1CC(=O)OC1=O,10,CC12CC=CCC1C(=O)OC2=O,28.26591204,80,1,100,2,130,6,0,0,0,0,0,0,0,0,0,0,0,0,0,0,CCC1=NC(C)=CN1,0.5,,0,,0
CC(C)(C1=CC=C(OCC2CO2)C=C1)C1=CC=C(OCC2CO2)C=C1,196,CCOP(C)(=O)C1CC(=O)OC1=O,15,CC12CC=CCC1C(=O)OC2=O,26.6955836,80,1,100,2,130,6,0,0,0,0,0,0,0,0,0,0,0,0,0,0,CCC1=NC(C)=CN1,0.5,,0,,0
CC(C)(C1=CC=C(OCC2CO2)C=C1)C1=CC=C(OCC2CO2)C=C1,196,O=C1CC(P2(=O)OC3=C(C=CC=C3)C3=CC=CC=C32)C(=O)O1,5,CC12CC=CCC1C(=O)OC2=O,29.83624049,80,1,100,2,130,6,0,0,0,0,0,0,0,0,0,0,0,0,0,0,CCC1=NC(C)=CN1,0.5,,0,,0
CC(C)(C1=CC=C(OCC2CO2)C=C1)C1=CC=C(OCC2CO2)C=C1,196,O=C1CC(P2(=O)OC3=C(C=CC=C3)C3=CC=CC=C32)C(=O)O1,10,CC12CC=CCC1C(=O)OC2=O,28.26591204,80,1,100,2,130,6,0,0,0,0,0,0,0,0,0,0,0,0,0,0,CCC1=NC(C)=CN1,0.5,,0,,0
CC(C)(C1=CC=C(OCC2CO2)C=C1)C1=CC=C(OCC2CO2)C=C1,196,O=C1CC(P2(=O)OC3=C(C=CC=C3)C3=CC=CC=C32)C(=O)O1,15,CC12CC=CCC1C(=O)OC2=O,26.6955836,80,1,100,2,130,6,0,0,0,0,0,0,0,0,0,0,0,0,0,0,CCC1=NC(C)=CN1,0.5,,0,,0
CC(C)(C1=CC=C(OCC2CO2)C=C1)C1=CC=C(OCC2CO2)C=C1,196,O=C1CC(P2(=O)OC3=C(C=CC=C3)C3=CC=CC=C32)C(=O)O1,0,CC12CC=CCC1C(=O)OC2=O,45.78655485,80,1,100,2,130,6,0,0,0,0,0,0,0,0,0,0,0,0,0,0,CCC1=NC(C)=CN1,0.5,,0,,0
CC(C)(C1=CC=C(OCC2CO2)C=C1)C1=CC=C(OCC2CO2)C=C1,227,O=P(SC1=NC2=C(N1)C=CC=C2)(C3=CC=CC=C3)C4=CC=CC=C4,1,NC1=CC=C(CC2=CC=C(N)C=C2)C=C1,17.86,100,3,150,2,0,0,0,0,0,0,0,0,0,0,0,0,0,0,0,0,,0,,0,,0
CC(C)(C1=CC=C(OCC2CO2)C=C1)C1=CC=C(OCC2CO2)C=C1,227,O=P(SC1=NC2=C(N1)C=CC=C2)(C3=CC=CC=C3)C4=CC=CC=C4,3,NC1=CC=C(CC2=CC=C(N)C=C2)C=C1,17.49,100,3,150,2,0,0,0,0,0,0,0,0,0,0,0,0,0,0,0,0,,0,,0,,0
CC(C)(C1=CC=C(OCC2CO2)C=C1)C1=CC=C(OCC2CO2)C=C1,227,O=P(SC1=NC2=C(N1)C=CC=C2)(C3=CC=CC=C3)C4=CC=CC=C4,5,NC1=CC=C(CC2=CC=C(N)C=C2)C=C1,17.13,100,3,150,2,0,0,0,0,0,0,0,0,0,0,0,0,0,0,0,0,,0,,0,,0
CC(C)(C1=CC=C(OCC2CO2)C=C1)C1=CC=C(OCC2CO2)C=C1,227,O=P(SC1=NC2=C(N1)C=CC=C2)(C3=CC=CC=C3)C4=CC=CC=C4,0,NC1=CC=C(CC2=CC=C(N)C=C2)C=C1,18.03278689,100,3,150,2,0,0,0,0,0,0,0,0,0,0,0,0,0,0,0,0,,0,,0,,0
CC(C)(C1=CC=C(OCC2CO2)C=C1)C1=CC=C(OCC2CO2)C=C1,227,OCC/N=C/C1=C(O)C=C(O)C=C1,3,NC1=CC=C(CC2=CC=C(N)C=C2)C=C1,19.82465323,120,2,140,2,160,2,0,0,0,0,0,0,0,0,0,0,0,0,0,0,,0,,0,,0
CC(C)(C1=CC=C(OCC2CO2)C=C1)C1=CC=C(OCC2CO2)C=C1,227,OB(O)OCC/N=C/C1=C(O)C=C(O)C=C1,1,NC1=CC=C(CC2=CC=C(N)C=C2)C=C1,19.9543399,120,2,140,2,160,2,0,0,0,0,0,0,0,0,0,0,0,0,0,0,,0,,0,,0
CC(C)(C1=CC=C(OCC2CO2)C=C1)C1=CC=C(OCC2CO2)C=C1,227,OB(O)OCC/N=C/C1=C(O)C=C(O)C=C1,3,NC1=CC=C(CC2=CC=C(N)C=C2)C=C1,19.55595714,120,2,140,2,160,2,0,0,0,0,0,0,0,0,0,0,0,0,0,0,,0,,0,,0
CC(C)(C1=CC=C(OCC2CO2)C=C1)C1=CC=C(OCC2CO2)C=C1,227,OB(O)OCC/N=C/C1=C(O)C=C(O)C=C1,5,NC1=CC=C(CC2=CC=C(N)C=C2)C=C1,19.17317022,120,2,140,2,160,2,0,0,0,0,0,0,0,0,0,0,0,0,0,0,,0,,0,,0
CC(C)(C1=CC=C(OCC2CO2)C=C1)C1=CC=C(OCC2CO2)C=C1,227,OB(O)OCC/N=C/C1=C(O)C=C(O)C=C1,0,NC1=CC=C(CC2=CC=C(N)C=C2)C=C1,20.15968064,120,2,140,2,160,2,0,0,0,0,0,0,0,0,0,0,0,0,0,0,,0,,0,,0
CC(C)(C1=CC=C(OCC2CO2)C=C1)C1=CC=C(OCC2CO2)C=C1,227,OB(O)O,3,NC1=CC=C(CC2=CC=C(N)C=C2)C=C1,19.57870251,120,2,140,2,160,2,0,0,0,0,0,0,0,0,0,0,0,0,0,0,,0,,0,,0
CC(C)(C1=CC=C(OCC2CO2)C=C1)C1=CC=C(OCC2CO2)C=C1,227,OB(O)OCC/N=C/C1=C(O)C=C(O)C=C1,1.550671551,NC1=CC=C(CC2=CC=C(N)C=C2)C=C1,19.57870251,120,2,140,2,160,2,0,0,0,0,0,0,0,0,0,0,0,0,0,0,OB(O)O,1.449328449,,0,,0
C1=CC(OCC2CO2)=CC=C1CC1=CC=C(OCC2CO2)C=C1,165,O=C1N(C(N(C(N1CC(CO[Si](C2=CC=CC=C2)(C3=CC=CC=C3)OCC(CN4C(N(C(N(C4=O)CC(CP5(OC6=C(C7=C5C=CC=C7)C=CC=C6)=O)O)=O)CC(CP8(OC9=C(C%10=C8C=CC=C%10)C=CC=C9)=O)O)=O)O)O)=O)CC(CP%11(OC%12=C(C%13=C%11C=CC=C%13)C=CC=C%12)=O)O)=O)CC(CP%14(OC%15=C(C%16=C%14C=CC=C%16)C=CC=C%15)=O)O,6.1,NC1=CC=C(CC2=CC=C(N)C=C2)C=C1,21.22,100,2,150,2,170,4,0,0,0,0,0,0,0,0,0,0,0,0,0,0,,0,,0,,0
C1=CC(OCC2CO2)=CC=C1CC1=CC=C(OCC2CO2)C=C1,165,O=C1N(C(N(C(N1CC(CO[Si](C2=CC=CC=C2)(C3=CC=CC=C3)OCC(CN4C(N(C(N(C4=O)CC(CP5(OC6=C(C7=C5C=CC=C7)C=CC=C6)=O)O)=O)CC(CP8(OC9=C(C%10=C8C=CC=C%10)C=CC=C9)=O)O)=O)O)O)=O)CC(CP%11(OC%12=C(C%13=C%11C=CC=C%13)C=CC=C%12)=O)O)=O)CC(CP%14(OC%15=C(C%16=C%14C=CC=C%16)C=CC=C%15)=O)O,8.8,NC1=CC=C(CC2=CC=C(N)C=C2)C=C1,20.61,100,2,150,2,170,4,0,0,0,0,0,0,0,0,0,0,0,0,0,0,,0,,0,,0
C1=CC(OCC2CO2)=CC=C1CC1=CC=C(OCC2CO2)C=C1,165,O=C1N(C(N(C(N1CC(CO[Si](C2=CC=CC=C2)(C3=CC=CC=C3)OCC(CN4C(N(C(N(C4=O)CC(CP5(OC6=C(C7=C5C=CC=C7)C=CC=C6)=O)O)=O)CC(CP8(OC9=C(C%10=C8C=CC=C%10)C=CC=C9)=O)O)=O)O)O)=O)CC(CP%11(OC%12=C(C%13=C%11C=CC=C%13)C=CC=C%12)=O)O)=O)CC(CP%14(OC%15=C(C%16=C%14C=CC=C%16)C=CC=C%15)=O)O,18.1,NC1=CC=C(CC2=CC=C(N)C=C2)C=C1,18.5,100,2,150,2,170,4,0,0,0,0,0,0,0,0,0,0,0,0,0,0,,0,,0,,0
C1=CC(OCC2CO2)=CC=C1CC1=CC=C(OCC2CO2)C=C1,165,O=C1N(C(N(C(N1CC(CO[Si](C2=CC=CC=C2)(C3=CC=CC=C3)OCC(CN4C(N(C(N(C4=O)CC(CP5(OC6=C(C7=C5C=CC=C7)C=CC=C6)=O)O)=O)CC(CP8(OC9=C(C%10=C8C=CC=C%10)C=CC=C9)=O)O)=O)O)O)=O)CC(CP%11(OC%12=C(C%13=C%11C=CC=C%13)C=CC=C%12)=O)O)=O)CC(CP%14(OC%15=C(C%16=C%14C=CC=C%16)C=CC=C%15)=O)O,0,NC1=CC=C(CC2=CC=C(N)C=C2)C=C1,22.6006192,100,2,150,2,170,4,0,0,0,0,0,0,0,0,0,0,0,0,0,0,,0,,0,,0
CC(C)(C1=CC=C(OCC2CO2)C=C1)C1=CC=C(OCC2CO2)C=C1,196,O=P1(CCCC2=CC=C(O)C(C3=CC(CCCP4(=O)OC5=C(C=CC=C5)C5=C4C=CC=C5)=CC=C3O)=C2)OC2=CC=CC=C2C2=CC=CC=C21,2.8,NC1=CC=C(CC2=CC=C(N)C=C2)C=C1,19.4,90,2,105,4,120,2,180,2,0,0,0,0,0,0,0,0,0,0,0,0,,0,,0,,0
CC(C)(C1=CC=C(OCC2CO2)C=C1)C1=CC=C(OCC2CO2)C=C1,196,O=P1(CCCC2=CC=C(O)C(C3=CC(CCCP4(=O)OC5=C(C=CC=C5)C5=C4C=CC=C5)=CC=C3O)=C2)OC2=CC=CC=C2C2=CC=CC=C21,5.6,NC1=CC=C(CC2=CC=C(N)C=C2)C=C1,18.3,90,2,105,4,120,2,180,2,0,0,0,0,0,0,0,0,0,0,0,0,,0,,0,,0
CC(C)(C1=CC=C(OCC2CO2)C=C1)C1=CC=C(OCC2CO2)C=C1,196,O=P1(CCCC2=CC=C(O)C(C3=CC(CCCP4(=O)OC5=C(C=CC=C5)C5=C4C=CC=C5)=CC=C3O)=C2)OC2=CC=CC=C2C2=CC=CC=C21,11.2,NC1=CC=C(CC2=CC=C(N)C=C2)C=C1,16.7,90,2,105,4,120,2,180,2,0,0,0,0,0,0,0,0,0,0,0,0,,0,,0,,0
CC(C)(C1=CC=C(OCC2CO2)C=C1)C1=CC=C(OCC2CO2)C=C1,196,O=P1(CCCC2=CC=C(O)C(C3=CC(CCCP4(=O)OC5=C(C=CC=C5)C5=C4C=CC=C5)=CC=C3O)=C2)OC2=CC=CC=C2C2=CC=CC=C21,0,NC1=CC=C(CC2=CC=C(N)C=C2)C=C1,20.1,100,2,150,2,180,2,0,0,0,0,0,0,0,0,0,0,0,0,0,0,,0,,0,,0
CC(C)(C1=CC=C(OCC2CO2)C=C1)C1=CC=C(OCC2CO2)C=C1,188,O=P(C1=CC=CC=C1)(N)N,3,NC1=CC=C(CC2=CC=C(N)C=C2)C=C1,28.78784267,120,2,140,2,160,2,180,2,0,0,0,0,0,0,0,0,0,0,0,0,,0,,0,,0
CC(C)(C1=CC=C(OCC2CO2)C=C1)C1=CC=C(OCC2CO2)C=C1,188,NCC1COB(C2=CC=C(B3OCC(CN)O3)C=C2)O1,3,NC1=CC=C(CC2=CC=C(N)C=C2)C=C1,28.78784267,120,2,140,2,160,2,180,2,0,0,0,0,0,0,0,0,0,0,0,0,,0,,0,,0
CC(C)(C1=CC=C(OCC2CO2)C=C1)C1=CC=C(OCC2CO2)C=C1,188,NCC1COB(C2=CC=C(B3OCC(CN)O3)C=C2)O1,0,NC1=CC=C(CC2=CC=C(N)C=C2)C=C1,29.67818832,120,2,140,2,160,2,180,2,0,0,0,0,0,0,0,0,0,0,0,0,,0,,0,,0
CC(C)(C1=CC=C(OCC2CO2)C=C1)C1=CC=C(OCC2CO2)C=C1,188,NCC1COB(C2=CC=C(B3OCC(CN)O3)C=C2)O1,1,NC1=CC=C(CC2=CC=C(N)C=C2)C=C1,29.38140644,120,2,140,2,160,2,180,2,0,0,0,0,0,0,0,0,0,0,0,0,,0,,0,,0
CC(C)(C1=CC=C(OCC2CO2)C=C1)C1=CC=C(OCC2CO2)C=C1,188,NCC1COB(C2=CC=C(B3OCC(CN)O3)C=C2)O1,2,NC1=CC=C(CC2=CC=C(N)C=C2)C=C1,29.08462455,120,2,140,2,160,2,180,2,0,0,0,0,0,0,0,0,0,0,0,0,,0,,0,,0
CC(C)(C1=CC=C(OCC2CO2)C=C1)C1=CC=C(OCC2CO2)C=C1,188,NCC1COB(C2=CC=C(B3OCC(CN)O3)C=C2)O1,3,NC1=CC=C(CC2=CC=C(N)C=C2)C=C1,28.78784267,120,2,140,2,160,2,180,2,0,0,0,0,0,0,0,0,0,0,0,0,,0,,0,,0
CC(C)(C1=CC=C(OCC2CO2)C=C1)C1=CC=C(OCC2CO2)C=C1,188,NCC1COB(C2=CC=C(B3OCC(CN)O3)C=C2)O1,5,NC1=CC=C(CC2=CC=C(N)C=C2)C=C1,28.1942789,120,2,140,2,160,2,180,2,0,0,0,0,0,0,0,0,0,0,0,0,,0,,0,,0
CC(C)(C1=CC=C(OCC2CO2)C=C1)C1=CC=C(OCC2CO2)C=C1,227,O=P1(NC2=NN([Zn])C=N2)OC2=C(C=CC=C2)C2=C1C=CC=C2,1,NC1=CC=C(CC2=CC=C(N)C=C2)C=C1,17.85245902,100,3,150,2,0,0,0,0,0,0,0,0,0,0,0,0,0,0,0,0,,0,,0,,0
CC(C)(C1=CC=C(OCC2CO2)C=C1)C1=CC=C(OCC2CO2)C=C1,227,O=P1(NC2=NN([Zn])C=N2)OC2=C(C=CC=C2)C2=C1C=CC=C2,2,NC1=CC=C(CC2=CC=C(N)C=C2)C=C1,17.67213115,100,3,150,2,0,0,0,0,0,0,0,0,0,0,0,0,0,0,0,0,,0,,0,,0
CC(C)(C1=CC=C(OCC2CO2)C=C1)C1=CC=C(OCC2CO2)C=C1,227,O=P1(NC2=NN([Zn])C=N2)OC2=C(C=CC=C2)C2=C1C=CC=C2,3,NC1=CC=C(CC2=CC=C(N)C=C2)C=C1,17.49180328,100,3,150,2,0,0,0,0,0,0,0,0,0,0,0,0,0,0,0,0,,0,,0,,0
CC(C)(C1=CC=C(OCC2CO2)C=C1)C1=CC=C(OCC2CO2)C=C1,227,O=P1(NC2=NN([Zn])C=N2)OC2=C(C=CC=C2)C2=C1C=CC=C2,0,NC1=CC=C(CC2=CC=C(N)C=C2)C=C1,22,100,3,150,2,0,0,0,0,0,0,0,0,0,0,0,0,0,0,0,0,,0,,0,,0
CC(C)(C1=CC=C(OCC2CO2)C=C1)C1=CC=C(OCC2CO2)C=C1,188,NC1=CC=C(S(=O)(=O)C2=CC=C(NP(=O)(OC3=CC=CC=C3)OC3=CC=CC=C3)C=C2)C=C1,4.7,N#CNC(=N)N,5.614973262,160,1,190,2,0,0,0,0,0,0,0,0,0,0,0,0,0,0,0,0,CCN(CC1=CC(CN(C)C)=CC(CN(C)C)=C1O)C,0.537634409,,0,,0
CC(C)(C1=CC=C(OCC2CO2)C=C1)C1=CC=C(OCC2CO2)C=C1,188,O=P(NC1=CC=C(S(=O)(=O)C2=CC=C(NP(=O)(OC3=CC=CC=C3)OC3=CC=CC=C3)C=C2)C=C1)(OC1=CC=CC=C1)OC1=CC=CC=C1,10,N#CNC(=N)N,5.303030303,160,1,190,2,0,0,0,0,0,0,0,0,0,0,0,0,0,0,0,0,CCN(CC1=CC(CN(C)C)=CC(CN(C)C)=C1O)C,0.507614213,,0,,0
CC(C)(C1=CC=C(OCC2CO2)C=C1)C1=CC=C(OCC2CO2)C=C1,188,O=P(NC1=CC=C(S(=O)(=O)C2=CC=C(NP(=O)(OC3=CC=CC=C3)OC3=CC=CC=C3)C=C2)C=C1)(OC1=CC=CC=C1)OC1=CC=CC=C1,0,N#CNC(=N)N,6.505576208,160,1,190,2,0,0,0,0,0,0,0,0,0,0,0,0,0,0,0,0,CCN(CC1=CC(CN(C)C)=CC(CN(C)C)=C1O)C,0.560747664,,0,,0
CC(C)(C1=CC=C(OCC2CO2)C=C1)C1=CC=C(OCC2CO2)C=C1,196,CCCCCCCCCCCCCCC1=CC(OP(=O)(C2=CC=CC=C2)C2=CC=CC=C2)=CC=C1,5.01,NC1=CC=C(CC2=CC=C(N)C=C2)C=C1,21.24,100,2,140,4,0,0,0,0,0,0,0,0,0,0,0,0,0,0,0,0,,0,,0,,0
CC(C)(C1=CC=C(OCC2CO2)C=C1)C1=CC=C(OCC2CO2)C=C1,196,CCCCCCCCCCCCCCC1=CC(OP(=O)(C2=CC=CC=C2)C2=CC=CC=C2)=CC=C1,10.06,NC1=CC=C(CC2=CC=C(N)C=C2)C=C1,20.11,100,2,140,4,0,0,0,0,0,0,0,0,0,0,0,0,0,0,0,0,,0,,0,,0
CC(C)(C1=CC=C(OCC2CO2)C=C1)C1=CC=C(OCC2CO2)C=C1,196,CCCCCCCCCCCCCCC1=CC(OP(=O)(C2=CC=CC=C2)C2=CC=CC=C2)=CC=C1,0,NC1=CC=C(CC2=CC=C(N)C=C2)C=C1,22.36,100,2,140,4,0,0,0,0,0,0,0,0,0,0,0,0,0,0,0,0,,0,,0,,0
CC(C)(C1=CC=C(OCC2CO2)C=C1)C1=CC=C(OCC2CO2)C=C1,192,COC1=CC(C(NC2=NC3=C(C=CC=C3)S2)P2(=O)OC3=C(C=CC=C3)C3=CC=CC=C32)=CC=C1O,3,NC1=CC=C(CC2=CC=C(N)C=C2)C=C1,19.08,120,2,140,2,160,2,180,1,0,0,0,0,0,0,0,0,0,0,0,0,,0,,0,,0
CC(C)(C1=CC=C(OCC2CO2)C=C1)C1=CC=C(OCC2CO2)C=C1,192,COC1=CC(C(NC2=NC3=C(C=CC=C3)S2)P2(=O)OC3=C(C=CC=C3)C3=CC=CC=C32)=CC=C1O,5,NC1=CC=C(CC2=CC=C(N)C=C2)C=C1,18.31,120,2,140,2,160,2,180,1,0,0,0,0,0,0,0,0,0,0,0,0,,0,,0,,0
CC(C)(C1=CC=C(OCC2CO2)C=C1)C1=CC=C(OCC2CO2)C=C1,192,COC1=CC(C(NC2=NC3=C(C=CC=C3)S2)P2(=O)OC3=C(C=CC=C3)C3=CC=CC=C32)=CC=C1O,7,NC1=CC=C(CC2=CC=C(N)C=C2)C=C1,18.22,120,2,140,2,160,2,180,1,0,0,0,0,0,0,0,0,0,0,0,0,,0,,0,,0
CC(C)(C1=CC=C(OCC2CO2)C=C1)C1=CC=C(OCC2CO2)C=C1,192,COC1=CC(C(NC2=NC3=C(C=CC=C3)S2)P2(=O)OC3=C(C=CC=C3)C3=CC=CC=C32)=CC=C1O,0,NC1=CC=C(CC2=CC=C(N)C=C2)C=C1,20,120,2,140,2,160,2,180,1,0,0,0,0,0,0,0,0,0,0,0,0,,0,,0,,0
CC(C)(C1=CC=C(OCC2CO2)C=C1)C1=CC=C(OCC2CO2)C=C1,196,O=P1(CCCC2=CC(C3=C(O)C=CC(CCCP4(=O)OC5=C(C=CC=C5)C5=C4C=CC=C5)=C3)=C(O)C=C2)OC2=CC=CC=C2C2=C1C=CC=C2,4.7,NC1=CC=C(CC2=CC=C(N)C=C2)C=C1,32.26,68,2,160,2,196,1,0,0,0,0,0,0,0,0,0,0,0,0,0,0,,0,,0,,0
CC(C)(C1=CC=C(OCC2CO2)C=C1)C1=CC=C(OCC2CO2)C=C1,196,O=P1(CCCC2=CC(C3=CC(CCCP4(=O)OC5=C(C=CC=C5)C5=C4C=CC=C5)=CC=C3O)=CC=C2O)OC2=CC=CC=C2C2=C1C=CC=C2,4.7,NC1=CC=C(CC2=CC=C(N)C=C2)C=C1,32.26,61,2,133,2,183,1,0,0,0,0,0,0,0,0,0,0,0,0,0,0,,0,,0,,0
CC(C)(C1=CC=C(OCC2CO2)C=C1)C1=CC=C(OCC2CO2)C=C1,196,O=P1(CCCC2=CC(C3=CC(CCCP4(=O)OC5=C(C=CC=C5)C5=C4C=CC=C5)=CC=C3O)=CC=C2O)OC2=CC=CC=C2C2=C1C=CC=C2,0,NC1=CC=C(CC2=CC=C(N)C=C2)C=C1,21.875,104,2,156,2,190,1,0,0,0,0,0,0,0,0,0,0,0,0,0,0,,0,,0,,0
CC(C)(C1=CC=C(OCC2CO2)C=C1)C1=CC=C(OCC2CO2)C=C1,227,O=P1(OC2=C(C3=C1C=CC=C3)C=CC=C2)C(C4=CC=CC=C4O)NCCNC(P5(OC6=C(C7=C5C=CC=C7)C=CC=C6)=O)C8=C(C=CC=C8)O,1.619170984,NC1=CC=C(CC2=CC=C(N)C=C2)C=C1,19.04145078,100,1,120,1,140,1,160,1,180,1,200,1,0,0,0,0,0,0,0,0,CCC1C(=O)NC(=O)C1(C)CC1(C)C(=O)NC(=O)C1CC1(C)C(=O)NC(=O)C1C,20.23963731,,0,,0
CC(C)(C1=CC=C(OCC2CO2)C=C1)C1=CC=C(OCC2CO2)C=C1,227,O=P1(OC2=C(C3=C1C=CC=C3)C=CC=C2)C(C4=CC=CC=C4O)NCCNC(P5(OC6=C(C7=C5C=CC=C7)C=CC=C6)=O)C8=C(C=CC=C8)O,2.431709492,NC1=CC=C(CC2=CC=C(N)C=C2)C=C1,18.94301694,100,1,120,1,140,1,160,1,180,1,200,1,0,0,0,0,0,0,0,0,CCC1C(=O)NC(=O)C1(C)CC1(C)C(=O)NC(=O)C1CC1(C)C(=O)NC(=O)C1C,20.26424576,,0,,0
CC(C)(C1=CC=C(OCC2CO2)C=C1)C1=CC=C(OCC2CO2)C=C1,227,O=P1(OC2=C(C3=C1C=CC=C3)C=CC=C2)C(C4=CC=CC=C4O)NCCNC(P5(OC6=C(C7=C5C=CC=C7)C=CC=C6)=O)C8=C(C=CC=C8)O,3.246226262,NC1=CC=C(CC2=CC=C(N)C=C2)C=C1,18.84434345,100,1,120,1,140,1,160,1,180,1,200,1,0,0,0,0,0,0,0,0,CCC1C(=O)NC(=O)C1(C)CC1(C)C(=O)NC(=O)C1CC1(C)C(=O)NC(=O)C1C,20.28891414,,0,,0
CC(C)(C1=CC=C(OCC2CO2)C=C1)C1=CC=C(OCC2CO2)C=C1,227,O=P1(OC2=C(C3=C1C=CC=C3)C=CC=C2)C(C4=CC=CC=C4O)NCCNC(P5(OC6=C(C7=C5C=CC=C7)C=CC=C6)=O)C8=C(C=CC=C8)O,4.06239844,NC1=CC=C(CC2=CC=C(N)C=C2)C=C1,18.7520312,100,1,120,1,140,1,160,1,180,1,200,1,0,0,0,0,0,0,0,0,CCC1C(=O)NC(=O)C1(C)CC1(C)C(=O)NC(=O)C1CC1(C)C(=O)NC(=O)C1C,20.3119922,,0,,0
CC(C)(C1=CC=C(OCC2CO2)C=C1)C1=CC=C(OCC2CO2)C=C1,227,O=P1(OC2=C(C3=C1C=CC=C3)C=CC=C2)C(C4=CC=CC=C4O)NCCNC(P5(OC6=C(C7=C5C=CC=C7)C=CC=C6)=O)C8=C(C=CC=C8)O,0,NC1=CC=C(CC2=CC=C(N)C=C2)C=C1,16.66666667,100,1,120,1,140,1,160,1,180,1,200,1,0,0,0,0,0,0,0,0,,0,,0,,0
CC(C)(C1=CC=C(OCC2CO2)C=C1)C1=CC=C(OCC2CO2)C=C1,227,O=P1(OC2=C(C3=C1C=CC=C3)C=CC=C2)C(C4=CC=CC=C4O)NCCNC(P5(OC6=C(C7=C5C=CC=C7)C=CC=C6)=O)C8=C(C=CC=C8)O,0,NC1=CC=C(CC2=CC=C(N)C=C2)C=C1,23.80952381,100,1,120,1,140,1,160,1,180,1,200,1,0,0,0,0,0,0,0,0,CCC1C(=O)NC(=O)C1(C)CC1(C)C(=O)NC(=O)C1CC1(C)C(=O)NC(=O)C1C,19.04761905,,0,,0
C1=CC(N(CC2CO2)CC2CO2)=CC=C1CC1=CC=C(N(CC2CO2)CC2CO2)C=C1,117,S=P(C1=CC=CC=C1)(C2=CC=CC=C2)[S-].[S-]P(C3=CC=CC=C3)(C4=CC=CC=C4)=S.[Zn+2],10,S=P(C1=CC=CC=C1)(C2=CC=CC=C2)[S-].[S-]P(C3=CC=CC=C3)(C4=CC=CC=C4)=S.[Zn+2],10,160,3,180,3,0,0,0,0,0,0,0,0,0,0,0,0,0,0,0,0,,0,,0,,0
C1=CC(N(CC2CO2)CC2CO2)=CC=C1CC1=CC=C(N(CC2CO2)CC2CO2)C=C1,117,S=P(C1=CC=CC=C1)(C2=CC=CC=C2)[S-].[S-]P(C3=CC=CC=C3)(C4=CC=CC=C4)=S.[Zn+2],15,S=P(C1=CC=CC=C1)(C2=CC=CC=C2)[S-].[S-]P(C3=CC=CC=C3)(C4=CC=CC=C4)=S.[Zn+2],15,160,3,180,3,0,0,0,0,0,0,0,0,0,0,0,0,0,0,0,0,,0,,0,,0
C1=CC(N(CC2CO2)CC2CO2)=CC=C1CC1=CC=C(N(CC2CO2)CC2CO2)C=C1,117,S=P(C1=CC=CC=C1)(C2=CC=CC=C2)[S-].[S-]P(C3=CC=CC=C3)(C4=CC=CC=C4)=S.[Co+2],10,S=P(C1=CC=CC=C1)(C2=CC=CC=C2)[S-].[S-]P(C3=CC=CC=C3)(C4=CC=CC=C4)=S.[Co+2],10,160,3,180,3,0,0,0,0,0,0,0,0,0,0,0,0,0,0,0,0,,0,,0,,0
C1=CC(N(CC2CO2)CC2CO2)=CC=C1CC1=CC=C(N(CC2CO2)CC2CO2)C=C1,117,S=P(C1=CC=CC=C1)(C2=CC=CC=C2)[S-].[S-]P(C3=CC=CC=C3)(C4=CC=CC=C4)=S.[Co+2],15,S=P(C1=CC=CC=C1)(C2=CC=CC=C2)[S-].[S-]P(C3=CC=CC=C3)(C4=CC=CC=C4)=S.[Co+2],15,160,3,180,3,0,0,0,0,0,0,0,0,0,0,0,0,0,0,0,0,,0,,0,,0
C1=CC(N(CC2CO2)CC2CO2)=CC=C1CC1=CC=C(N(CC2CO2)CC2CO2)C=C1,117,S=P(C1=CC=CC=C1)(C2=CC=CC=C2)[S-].[S-]P(C3=CC=CC=C3)(C4=CC=CC=C4)=S.[Co+2],0,NCCCN1C=CN=C1,7.5,70,2,140,2,0,0,0,0,0,0,0,0,0,0,0,0,0,0,0,0,,0,,0,,0
CC(C)(C1=CC=C(OCC2CO2)C=C1)C1=CC=C(OCC2CO2)C=C1,196,O=P(NC1=NC2=C(C=CC=C2)N1)(C1=CC=CC=C1)C1=CC=CC=C1,5,NC1=CC=C(CC2=CC=C(N)C=C2)C=C1,20.09,100,2,150,2,0,0,0,0,0,0,0,0,0,0,0,0,0,0,0,0,,0,,0,,0
CC(C)(C1=CC=C(OCC2CO2)C=C1)C1=CC=C(OCC2CO2)C=C1,196,O=P(NC1=NC2=C(C=CC=C2)N1)(C1=CC=CC=C1)C1=CC=CC=C1,10,NC1=CC=C(CC2=CC=C(N)C=C2)C=C1,18.34,100,2,150,2,0,0,0,0,0,0,0,0,0,0,0,0,0,0,0,0,,0,,0,,0
CC(C)(C1=CC=C(OCC2CO2)C=C1)C1=CC=C(OCC2CO2)C=C1,196,O=P(NC1=NC2=C(C=CC=C2)N1)(C1=CC=CC=C1)C1=CC=CC=C1,15,NC1=CC=C(CC2=CC=C(N)C=C2)C=C1,16.73,100,2,150,2,0,0,0,0,0,0,0,0,0,0,0,0,0,0,0,0,,0,,0,,0
CC(C)(C1=CC=C(OCC2CO2)C=C1)C1=CC=C(OCC2CO2)C=C1,196,O=P(NC1=NC2=C(C=CC=C2)N1)(C1=CC=CC=C1)C1=CC=CC=C1,0,NC1=CC=C(CC2=CC=C(N)C=C2)C=C1,21.875,100,2,150,2,0,0,0,0,0,0,0,0,0,0,0,0,0,0,0,0,,0,,0,,0
CC(C)(C1=CC=C(OCC2CO2)C=C1)C1=CC=C(OCC2CO2)C=C1,227,O=P1(CC[Si](C)(C)C)OC(C=CC=C2)=C2C3=C1C=CC=C3,2.5,NC1=CC=C(CC2=CC=C(N)C=C2)C=C1,17.54,100,2,150,2,0,0,0,0,0,0,0,0,0,0,0,0,0,0,0,0,,0,,0,,0
CC(C)(C1=CC=C(OCC2CO2)C=C1)C1=CC=C(OCC2CO2)C=C1,227,O=P1(CC[Si](C)(C)C)OC(C=CC=C2)=C2C3=C1C=CC=C3,5,NC1=CC=C(CC2=CC=C(N)C=C2)C=C1,16.87,100,2,150,2,0,0,0,0,0,0,0,0,0,0,0,0,0,0,0,0,,0,,0,,0
CC(C)(C1=CC=C(OCC2CO2)C=C1)C1=CC=C(OCC2CO2)C=C1,227,O=P1(CC[Si](C)(C)C)OC(C=CC=C2)=C2C3=C1C=CC=C3,7.5,NC1=CC=C(CC2=CC=C(N)C=C2)C=C1,16.24,100,2,150,2,0,0,0,0,0,0,0,0,0,0,0,0,0,0,0,0,,0,,0,,0
CC(C)(C1=CC=C(OCC2CO2)C=C1)C1=CC=C(OCC2CO2)C=C1,227,O=P1(CC[Si](C)(C)C)OC(C=CC=C2)=C2C3=C1C=CC=C3,10,NC1=CC=C(CC2=CC=C(N)C=C2)C=C1,15.66,100,2,150,2,0,0,0,0,0,0,0,0,0,0,0,0,0,0,0,0,,0,,0,,0
CC(C)(C1=CC=C(OCC2CO2)C=C1)C1=CC=C(OCC2CO2)C=C1,227,O=P1(CC[Si](C)(C)C)OC(C=CC=C2)=C2C3=C1C=CC=C3,0,NC1=CC=C(CC2=CC=C(N)C=C2)C=C1,17.90493391,100,2,150,2,0,0,0,0,0,0,0,0,0,0,0,0,0,0,0,0,,0,,0,,0
CC(C)(C1=CC=C(OCC2CO2)C=C1)C1=CC=C(OCC2CO2)C=C1,196,C1(O[Ni@-2]23OC4=CC=CC=C4C=[N+]3C5COB(OC5)C6=CC=C(C=C6)B7OCC8CO7)=CC=CC=C1C=[N+]2C9COB(OC9)C%10=CC=C(C=C%10)B%11OCC(CO%11)[N+]%12=CC%13=CC=CC=C%13O[Ni@-2]%12%14[N+]8=CC%15=CC=CC=C%15O%14,3,NC1=CC=C(CC2=CC=C(N)C=C2)C=C1,19.4,140,2,160,2,180,2,0,0,0,0,0,0,0,0,0,0,0,0,0,0,,0,,0,,0
CC(C)(C1=CC=C(OCC2CO2)C=C1)C1=CC=C(OCC2CO2)C=C1,196,C1(O[Ni@-2]23OC4=CC=CC=C4C=[N+]3C5COB(OC5)C6=CC=C(C=C6)B7OCC8CO7)=CC=CC=C1C=[N+]2C9COB(OC9)C%10=CC=C(C=C%10)B%11OCC(CO%11)[N+]%12=CC%13=CC=CC=C%13O[Ni@-2]%12%14[N+]8=CC%15=CC=CC=C%15O%14,5,NC1=CC=C(CC2=CC=C(N)C=C2)C=C1,19,140,2,160,2,180,2,0,0,0,0,0,0,0,0,0,0,0,0,0,0,,0,,0,,0
CC(C)(C1=CC=C(OCC2CO2)C=C1)C1=CC=C(OCC2CO2)C=C1,196,C1(O[Ni@-2]23OC4=CC=CC=C4C=[N+]3C5COB(OC5)C6=CC=C(C=C6)B7OCC8CO7)=CC=CC=C1C=[N+]2C9COB(OC9)C%10=CC=C(C=C%10)B%11OCC(CO%11)[N+]%12=CC%13=CC=CC=C%13O[Ni@-2]%12%14[N+]8=CC%15=CC=CC=C%15O%14,7,NC1=CC=C(CC2=CC=C(N)C=C2)C=C1,18.6,140,2,160,2,180,2,0,0,0,0,0,0,0,0,0,0,0,0,0,0,,0,,0,,0
CC(C)(C1=CC=C(OCC2CO2)C=C1)C1=CC=C(OCC2CO2)C=C1,196,OC1=CC=CC=C1/C=N/C2COB(OC2)C3=CC=C(C=C3)B4OCC(CO4)/N=C/C5=CC=CC=C5O,4.7,NC1=CC=C(CC2=CC=C(N)C=C2)C=C1,19.06,140,2,160,2,180,2,0,0,0,0,0,0,0,0,0,0,0,0,0,0,,0,,0,,0
CC(C)(C1=CC=C(OCC2CO2)C=C1)C1=CC=C(OCC2CO2)C=C1,196,OC1=CC=CC=C1/C=N/C2COB(OC2)C3=CC=C(C=C3)B4OCC(CO4)/N=C/C5=CC=CC=C5O,0,NC1=CC=C(CC2=CC=C(N)C=C2)C=C1,20,140,2,160,2,180,2,0,0,0,0,0,0,0,0,0,0,0,0,0,0,,0,,0,,0
CC(C)(C1=CC=C(OCC2CO2)C=C1)C1=CC=C(OCC2CO2)C=C1,196,OC1=CC=CC=C1/C=N/C2COB(OC2)C3=CC=C(C=C3)B4OCC(CO4)/N=C/C5=CC=CC=C5O,4.7,NC1=CC=C(CC2=CC=C(N)C=C2)C=C1,19.06,140,2,160,2,180,2,0,0,0,0,0,0,0,0,0,0,0,0,0,0,CC([O-])=O.CC([O-])=O.[Ni+2].[Ni+2].O.O.O.O,0.3,,0,,0
CC(C)(C1=CC=C(OCC2CO2)C=C1)C1=CC=C(OCC2CO2)C=C1,227,COC1=C(OP2(OC3=C(OC)C=C(/C=N/N4C=NN=C4)C=C3)=NP(OC3=C(OC)C=C(/C=N/N4C=NN=C4)C=C3)(OC3=C(OC)C=C(/C=N/N4C=NN=C4)C=C3)=NP(OC3=C(OC)C=C(/C=N/N4C=NN=C4)C=C3)(OC3=C(OC)C=C(/C=N/N4C=NN=C4)C=C3)=N2)C=CC(/C=N/N2C=NN=C2)=C1,0.5,NC1=CC=C(CC2=CC=C(N)C=C2)C=C1,19.9,100,2,150,2,0,0,0,0,0,0,0,0,0,0,0,0,0,0,0,0,,0,,0,,0
CC(C)(C1=CC=C(OCC2CO2)C=C1)C1=CC=C(OCC2CO2)C=C1,227,COC1=C(OP2(OC3=C(OC)C=C(/C=N/N4C=NN=C4)C=C3)=NP(OC3=C(OC)C=C(/C=N/N4C=NN=C4)C=C3)(OC3=C(OC)C=C(/C=N/N4C=NN=C4)C=C3)=NP(OC3=C(OC)C=C(/C=N/N4C=NN=C4)C=C3)(OC3=C(OC)C=C(/C=N/N4C=NN=C4)C=C3)=N2)C=CC(/C=N/N2C=NN=C2)=C1,2.5,NC1=CC=C(CC2=CC=C(N)C=C2)C=C1,19.5,100,2,150,2,0,0,0,0,0,0,0,0,0,0,0,0,0,0,0,0,,0,,0,,0
CC(C)(C1=CC=C(OCC2CO2)C=C1)C1=CC=C(OCC2CO2)C=C1,227,COC1=C(OP2(OC3=C(OC)C=C(/C=N/N4C=NN=C4)C=C3)=NP(OC3=C(OC)C=C(/C=N/N4C=NN=C4)C=C3)(OC3=C(OC)C=C(/C=N/N4C=NN=C4)C=C3)=NP(OC3=C(OC)C=C(/C=N/N4C=NN=C4)C=C3)(OC3=C(OC)C=C(/C=N/N4C=NN=C4)C=C3)=N2)C=CC(/C=N/N2C=NN=C2)=C1,5.5,NC1=CC=C(CC2=CC=C(N)C=C2)C=C1,18.9,100,2,150,2,0,0,0,0,0,0,0,0,0,0,0,0,0,0,0,0,,0,,0,,0
CC(C)(C1=CC=C(OCC2CO2)C=C1)C1=CC=C(OCC2CO2)C=C1,227,COC1=C(OP2(OC3=C(OC)C=C(/C=N/N4C=NN=C4)C=C3)=NP(OC3=C(OC)C=C(/C=N/N4C=NN=C4)C=C3)(OC3=C(OC)C=C(/C=N/N4C=NN=C4)C=C3)=NP(OC3=C(OC)C=C(/C=N/N4C=NN=C4)C=C3)(OC3=C(OC)C=C(/C=N/N4C=NN=C4)C=C3)=N2)C=CC(/C=N/N2C=NN=C2)=C1,7.5,NC1=CC=C(CC2=CC=C(N)C=C2)C=C1,18.5,100,2,150,2,0,0,0,0,0,0,0,0,0,0,0,0,0,0,0,0,,0,,0,,0
CC(C)(C1=CC=C(OCC2CO2)C=C1)C1=CC=C(OCC2CO2)C=C1,227,COC1=C(OP2(OC3=C(OC)C=C(/C=N/N4C=NN=C4)C=C3)=NP(OC3=C(OC)C=C(/C=N/N4C=NN=C4)C=C3)(OC3=C(OC)C=C(/C=N/N4C=NN=C4)C=C3)=NP(OC3=C(OC)C=C(/C=N/N4C=NN=C4)C=C3)(OC3=C(OC)C=C(/C=N/N4C=NN=C4)C=C3)=N2)C=CC(/C=N/N2C=NN=C2)=C1,0,NC1=CC=C(CC2=CC=C(N)C=C2)C=C1,20,100,2,150,2,0,0,0,0,0,0,0,0,0,0,0,0,0,0,0,0,,0,,0,,0
CC(C)(C1=CC=C(OCC2CO2)C=C1)C1=CC=C(OCC2CO2)C=C1,227,O=P1(C(NC2=NNC(NC(C3=CC=CO3)P3(=O)OC4=C(C=CC=C4)C4=C3C=CC=C4)=N2)C2=CC=CO2)OC2=C(C=CC=C2)C2=C1C=CC=C2,2.5,NC1=CC=C(CC2=CC=C(N)C=C2)C=C1,16.55,100,2,150,2,0,0,0,0,0,0,0,0,0,0,0,0,0,0,0,0,,0,,0,,0
CC(C)(C1=CC=C(OCC2CO2)C=C1)C1=CC=C(OCC2CO2)C=C1,227,O=P1(C(NC2=NNC(NC(C3=CC=CO3)P3(=O)OC4=C(C=CC=C4)C4=C3C=CC=C4)=N2)C2=CC=CO2)OC2=C(C=CC=C2)C2=C1C=CC=C2,5,NC1=CC=C(CC2=CC=C(N)C=C2)C=C1,16.1,100,2,150,2,0,0,0,0,0,0,0,0,0,0,0,0,0,0,0,0,,0,,0,,0
CC(C)(C1=CC=C(OCC2CO2)C=C1)C1=CC=C(OCC2CO2)C=C1,227,O=P1(C(NC2=NNC(NC(C3=CC=CO3)P3(=O)OC4=C(C=CC=C4)C4=C3C=CC=C4)=N2)C2=CC=CO2)OC2=C(C=CC=C2)C2=C1C=CC=C2,0,NC1=CC=C(CC2=CC=C(N)C=C2)C=C1,17.9,100,2,150,2,0,0,0,0,0,0,0,0,0,0,0,0,0,0,0,0,,0,,0,,0
CC(C)(C1=CC=C(OCC2CO2)C=C1)C1=CC=C(OCC2CO2)C=C1,185,O=P1(OC2=C(C3=C1C=CC=C3)C=CC=C2)CC[Si](NCNCNCP4(OC5=C(C6=C4C=CC=C6)C=CC=C5)=O)(NCNCNCP7(OC8=C(C9=C7C=CC=C9)C=CC=C8)=O)NCNCNCP%10(OC%11=C(C%12=C%10C=CC=C%12)C=CC=C%11)=O,3,NC1=CC=C(CC2=CC=C(N)C=C2)C=C1,19.4,80,2,150,4,0,0,0,0,0,0,0,0,0,0,0,0,0,0,0,0,,0,,0,,0
CC(C)(C1=CC=C(OCC2CO2)C=C1)C1=CC=C(OCC2CO2)C=C1,185,O=P1(OC2=C(C3=C1C=CC=C3)C=CC=C2)CC[Si](NCNCNCP4(OC5=C(C6=C4C=CC=C6)C=CC=C5)=O)(NCNCNCP7(OC8=C(C9=C7C=CC=C9)C=CC=C8)=O)NCNCNCP%10(OC%11=C(C%12=C%10C=CC=C%12)C=CC=C%11)=O,4,NC1=CC=C(CC2=CC=C(N)C=C2)C=C1,19.2,80,2,150,4,0,0,0,0,0,0,0,0,0,0,0,0,0,0,0,0,,0,,0,,0
CC(C)(C1=CC=C(OCC2CO2)C=C1)C1=CC=C(OCC2CO2)C=C1,185,O=P1(OC2=C(C3=C1C=CC=C3)C=CC=C2)CC[Si](NCNCNCP4(OC5=C(C6=C4C=CC=C6)C=CC=C5)=O)(NCNCNCP7(OC8=C(C9=C7C=CC=C9)C=CC=C8)=O)NCNCNCP%10(OC%11=C(C%12=C%10C=CC=C%12)C=CC=C%11)=O,7,NC1=CC=C(CC2=CC=C(N)C=C2)C=C1,18.65,80,2,150,4,0,0,0,0,0,0,0,0,0,0,0,0,0,0,0,0,,0,,0,,0
CC(C)(C1=CC=C(OCC2CO2)C=C1)C1=CC=C(OCC2CO2)C=C1,185,O=P1(OC2=C(C3=C1C=CC=C3)C=CC=C2)CC[Si](NCNCNCP4(OC5=C(C6=C4C=CC=C6)C=CC=C5)=O)(NCNCNCP7(OC8=C(C9=C7C=CC=C9)C=CC=C8)=O)NCNCNCP%10(OC%11=C(C%12=C%10C=CC=C%12)C=CC=C%11)=O,0,NC1=CC=C(CC2=CC=C(N)C=C2)C=C1,20,80,2,150,4,0,0,0,0,0,0,0,0,0,0,0,0,0,0,0,0,,0,,0,,0
CC(C)(C1=CC=C(OCC2CO2)C=C1)C1=CC=C(OCC2CO2)C=C1,227,O=P1(C(NCC2=CC=CO2)C2=CC=CO2)OC2=C(C=CC=C2)C2=C1C=CC=C2,4,NC1=CC=C(CC2=CC=C(N)C=C2)C=C1,19.2,120,2,170,4,0,0,0,0,0,0,0,0,0,0,0,0,0,0,0,0,,0,,0,,0
CC(C)(C1=CC=C(OCC2CO2)C=C1)C1=CC=C(OCC2CO2)C=C1,227,O=P1(C(NCC2=CC=CO2)C2=CC=CO2)OC2=C(C=CC=C2)C2=C1C=CC=C2,6,NC1=CC=C(CC2=CC=C(N)C=C2)C=C1,18.8,120,2,170,4,0,0,0,0,0,0,0,0,0,0,0,0,0,0,0,0,,0,,0,,0
CC(C)(C1=CC=C(OCC2CO2)C=C1)C1=CC=C(OCC2CO2)C=C1,227,O=P1(C(NCC2=CC=CO2)C2=CC=CO2)OC2=C(C=CC=C2)C2=C1C=CC=C2,8,NC1=CC=C(CC2=CC=C(N)C=C2)C=C1,18.4,120,2,170,4,0,0,0,0,0,0,0,0,0,0,0,0,0,0,0,0,,0,,0,,0
CC(C)(C1=CC=C(OCC2CO2)C=C1)C1=CC=C(OCC2CO2)C=C1,227,O=P1(C(NCC2=CC=CO2)C2=CC=CO2)OC2=C(C=CC=C2)C2=C1C=CC=C2,0,NC1=CC=C(CC2=CC=C(N)C=C2)C=C1,20,120,2,170,4,0,0,0,0,0,0,0,0,0,0,0,0,0,0,0,0,,0,,0,,0
CC(C)(C1=CC=C(OCC2CO2)C=C1)C1=CC=C(OCC2CO2)C=C1,227,O=P1(C(NCC2=CC=CO2)C2=CC=CO2)OC2=C(C=CC=C2)C2=C1C=CC=C2,6,NC1=CC=C(CC2=CC=C(N)C=C2)C=C1,18.8,120,2,170,4,0,0,0,0,0,0,0,0,0,0,0,0,0,0,0,0,O=C(CC(=O)C(=O)OCC(O)COC(=O)C(=O)CC(=O)OCC1CO1)OCC1CC1,0.5,,0,,0
CC(C)(C1=CC=C(OCC2CO2)C=C1)C1=CC=C(OCC2CO2)C=C1,227,O=P1(C(NCC2=CC=CO2)C2=CC=CO2)OC2=C(C=CC=C2)C2=C1C=CC=C2,6,NC1=CC=C(CC2=CC=C(N)C=C2)C=C1,18.8,120,2,170,4,0,0,0,0,0,0,0,0,0,0,0,0,0,0,0,0,O=C(CC(=O)C(=O)OCC(O)COC(=O)C(=O)CC(=O)OCC1CO1)OCC1CC1,1,,0,,0
CC(C)(C1=CC=C(OCC2CO2)C=C1)C1=CC=C(OCC2CO2)C=C1,227,O=P1(C(NCC2=CC=CO2)C2=CC=CO2)OC2=C(C=CC=C2)C2=C1C=CC=C2,6,NC1=CC=C(CC2=CC=C(N)C=C2)C=C1,18.8,120,2,170,4,0,0,0,0,0,0,0,0,0,0,0,0,0,0,0,0,O=C(CC(=O)C(=O)OCC(O)COC(=O)C(=O)CC(=O)OCC1CO1)OCC1CC1,2,,0,,0
CC(C)(C1=CC=C(OCC2CO2)C=C1)C1=CC=C(OCC2CO2)C=C1,196,COC1=C(O)C=CC(C(NC2=NC=CC=N2)P2(=O)OC3=C(C=CC=C3)C3=C2C=CC=C3)=C1,2.5,NC1=CC=C(CC2=CC=C(N)C=C2)C=C1,19.23,80,1,120,1,160,2,180,2,0,0,0,0,0,0,0,0,0,0,0,0,,0,,0,,0
CC(C)(C1=CC=C(OCC2CO2)C=C1)C1=CC=C(OCC2CO2)C=C1,196,COC1=C(O)C=CC(C(NC2=NC=CC=N2)P2(=O)OC3=C(C=CC=C3)C3=C2C=CC=C3)=C1,7.5,NC1=CC=C(CC2=CC=C(N)C=C2)C=C1,17.33,80,1,120,1,160,2,180,2,0,0,0,0,0,0,0,0,0,0,0,0,,0,,0,,0
CC(C)(C1=CC=C(OCC2CO2)C=C1)C1=CC=C(OCC2CO2)C=C1,196,COC1=C(O)C=CC(C(NC2=NC=CC=N2)P2(=O)OC3=C(C=CC=C3)C3=C2C=CC=C3)=C1,12.5,NC1=CC=C(CC2=CC=C(N)C=C2)C=C1,15.43,80,1,120,1,160,2,180,2,0,0,0,0,0,0,0,0,0,0,0,0,,0,,0,,0
CC(C)(C1=CC=C(OCC2CO2)C=C1)C1=CC=C(OCC2CO2)C=C1,196,COC1=C(O)C=CC(C(NC2=NC=CC=N2)P2(=O)OC3=C(C=CC=C3)C3=C2C=CC=C3)=C1,0,NC1=CC=C(CC2=CC=C(N)C=C2)C=C1,20.17879949,80,1,120,1,160,2,180,2,0,0,0,0,0,0,0,0,0,0,0,0,,0,,0,,0
CC(C)(C1=CC=C(OCC2CO2)C=C1)C1=CC=C(OCC2CO2)C=C1,192,COC1=C(C=CC(C(P2(OC3=C(C4=C2C=CC=C4)C=CC=C3)=O)C5=CC(OC)=C(C=C5)OCC(CN6C(N(C(N(C6=O)CC(COC7=C(C=C(C=C7)C(P8(OC9=C(C%10=C8C=CC=C%10)C=CC=C9)=O)C%11=CC(OC)=C(C=C%11)O)OC)O)=O)CC(CO)O)=O)O)=C1)O,5,NC1=CC=C(CC2=CC=C(N)C=C2)C=C1,20,140,2,160,2,180,2,200,2,0,0,0,0,0,0,0,0,0,0,0,0,,0,,0,,0
CC(C)(C1=CC=C(OCC2CO2)C=C1)C1=CC=C(OCC2CO2)C=C1,192,COC1=C(C=CC(C(P2(OC3=C(C4=C2C=CC=C4)C=CC=C3)=O)C5=CC(OC)=C(C=C5)OCC(CN6C(N(C(N(C6=O)CC(COC7=C(C=C(C=C7)C(P8(OC9=C(C%10=C8C=CC=C%10)C=CC=C9)=O)C%11=CC(OC)=C(C=C%11)O)OC)O)=O)CC(CO)O)=O)O)=C1)O,10,NC1=CC=C(CC2=CC=C(N)C=C2)C=C1,19.48,140,2,160,2,180,2,200,2,0,0,0,0,0,0,0,0,0,0,0,0,,0,,0,,0
CC(C)(C1=CC=C(OCC2CO2)C=C1)C1=CC=C(OCC2CO2)C=C1,192,COC1=C(C=CC(C(P2(OC3=C(C4=C2C=CC=C4)C=CC=C3)=O)C5=CC(OC)=C(C=C5)OCC(CN6C(N(C(N(C6=O)CC(COC7=C(C=C(C=C7)C(P8(OC9=C(C%10=C8C=CC=C%10)C=CC=C9)=O)C%11=CC(OC)=C(C=C%11)O)OC)O)=O)CC(CO)O)=O)O)=C1)O,15,NC1=CC=C(CC2=CC=C(N)C=C2)C=C1,18.96,140,2,160,2,180,2,200,2,0,0,0,0,0,0,0,0,0,0,0,0,,0,,0,,0
CC(C)(C1=CC=C(OCC2CO2)C=C1)C1=CC=C(OCC2CO2)C=C1,192,COC1=C(C=CC(C(P2(OC3=C(C4=C2C=CC=C4)C=CC=C3)=O)C5=CC(OC)=C(C=C5)OCC(CN6C(N(C(N(C6=O)CC(COC7=C(C=C(C=C7)C(P8(OC9=C(C%10=C8C=CC=C%10)C=CC=C9)=O)C%11=CC(OC)=C(C=C%11)O)OC)O)=O)CC(CO)O)=O)O)=C1)O,0,NC1=CC=C(CC2=CC=C(N)C=C2)C=C1,20.50874404,140,2,160,2,180,2,200,2,0,0,0,0,0,0,0,0,0,0,0,0,,0,,0,,0
C1=CC(OCC2CO2)=CC=C1CC1=CC=C(OCC2CO2)C=C1,165,O=P1(C(NCCCN2C=CN=C2)C2=CC(O)=C(O)C=C2)OC2=C(C=CC=C2)C2=CC=CC=C21,2.5,CC(C)C1=CC(CC2=CC(C(C)C)=C(N)C(C(C)C)=C2)=CC(C(C)C)=C1N,20.03,90,2,110,2,150,5,0,0,0,0,0,0,0,0,0,0,0,0,0,0,,0,,0,,0
C1=CC(OCC2CO2)=CC=C1CC1=CC=C(OCC2CO2)C=C1,165,O=P1(C(NCCCN2C=CN=C2)C2=CC(O)=C(O)C=C2)OC2=C(C=CC=C2)C2=CC=CC=C21,5,CC(C)C1=CC(CC2=CC(C(C)C)=C(N)C(C(C)C)=C2)=CC(C(C)C)=C1N,19.13,90,2,110,2,150,5,0,0,0,0,0,0,0,0,0,0,0,0,0,0,,0,,0,,0
C1=CC(OCC2CO2)=CC=C1CC1=CC=C(OCC2CO2)C=C1,165,O=P1(C(NCCCN2C=CN=C2)C2=CC(O)=C(O)C=C2)OC2=C(C=CC=C2)C2=CC=CC=C21,7.5,CC(C)C1=CC(CC2=CC(C(C)C)=C(N)C(C(C)C)=C2)=CC(C(C)C)=C1N,18.23,90,2,110,2,150,5,0,0,0,0,0,0,0,0,0,0,0,0,0,0,,0,,0,,0
C1=CC(OCC2CO2)=CC=C1CC1=CC=C(OCC2CO2)C=C1,165,O=P1(C(NCCCN2C=CN=C2)C2=CC(O)=C(O)C=C2)OC2=C(C=CC=C2)C2=CC=CC=C21,0,CC(C)C1=CC(CC2=CC(C(C)C)=C(N)C(C(C)C)=C2)=CC(C(C)C)=C1N,20.9486166,90,2,110,2,150,5,0,0,0,0,0,0,0,0,0,0,0,0,0,0,,0,,0,,0
CC(C)(C1=CC=C(OCC2CO2)C=C1)C1=CC=C(OCC2CO2)C=C1,227,O=P1(C(NC2=NC(NC(C3=C(O)C=CC=C3)P3(=O)OC4=C(C=CC=C4)C4=C3C=CC=C4)=NN2)C2=CC=CC=C2O)OC2=C(C=CC=C2)C2=C1C=CC=C2,5.9,NC1=CC=C(CC2=CC=C(N)C=C2)C=C1,18.81,100,3,150,2,0,0,0,0,0,0,0,0,0,0,0,0,0,0,0,0,,0,,0,,0
CC(C)(C1=CC=C(OCC2CO2)C=C1)C1=CC=C(OCC2CO2)C=C1,227,O=P1(C(NC2=NC(NC(C3=C(O)C=CC=C3)P3(=O)OC4=C(C=CC=C4)C4=C3C=CC=C4)=NN2)C2=CC=CC=C2O)OC2=C(C=CC=C2)C2=C1C=CC=C2,9,NC1=CC=C(CC2=CC=C(N)C=C2)C=C1,18.21,100,3,150,2,0,0,0,0,0,0,0,0,0,0,0,0,0,0,0,0,,0,,0,,0
CC(C)(C1=CC=C(OCC2CO2)C=C1)C1=CC=C(OCC2CO2)C=C1,227,O=P1(C(NC2=NC(NC(C3=C(O)C=CC=C3)P3(=O)OC4=C(C=CC=C4)C4=C3C=CC=C4)=NN2)C2=CC=CC=C2O)OC2=C(C=CC=C2)C2=C1C=CC=C2,11.9,NC1=CC=C(CC2=CC=C(N)C=C2)C=C1,17.62,100,3,150,2,0,0,0,0,0,0,0,0,0,0,0,0,0,0,0,0,,0,,0,,0
CC(C)(C1=CC=C(OCC2CO2)C=C1)C1=CC=C(OCC2CO2)C=C1,227,O=P1(C(NC2=NC(NC(C3=C(O)C=CC=C3)P3(=O)OC4=C(C=CC=C4)C4=C3C=CC=C4)=NN2)C2=CC=CC=C2O)OC2=C(C=CC=C2)C2=C1C=CC=C2,0,NC1=CC=C(CC2=CC=C(N)C=C2)C=C1,20,100,3,150,2,0,0,0,0,0,0,0,0,0,0,0,0,0,0,0,0,,0,,0,,0
CC(C)(C1=CC=C(OCC2CO2)C=C1)C1=CC=C(OCC2CO2)C=C1,227,NC1=NC(C2=CC=CC=C2)=NC(NC(C2=CC=C(C(NC3=NC(C4=CC=CC=C4)=NC(NC(C4=CC=C(C=O)C=C4)P4(=O)OC5=C(C=CC=C5)C5=C4C=CC=C5)=N3)P3(=O)OC4=C(C=CC=C4)C4=C3C=CC=C4)C=C2)P2(=O)OC3=C(C=CC=C3)C3=C2C=CC=C3)=N1,3,NC1=CC=C(CC2=CC=C(N)C=C2)C=C1,19.4,120,2,160,2,0,0,0,0,0,0,0,0,0,0,0,0,0,0,0,0,,0,,0,,0
CC(C)(C1=CC=C(OCC2CO2)C=C1)C1=CC=C(OCC2CO2)C=C1,227,NC1=NC(C2=CC=CC=C2)=NC(NC(C2=CC=C(C(NC3=NC(C4=CC=CC=C4)=NC(NC(C4=CC=C(C=O)C=C4)P4(=O)OC5=C(C=CC=C5)C5=C4C=CC=C5)=N3)P3(=O)OC4=C(C=CC=C4)C4=C3C=CC=C4)C=C2)P2(=O)OC3=C(C=CC=C3)C3=C2C=CC=C3)=N1,4,NC1=CC=C(CC2=CC=C(N)C=C2)C=C1,19.2,120,2,160,2,0,0,0,0,0,0,0,0,0,0,0,0,0,0,0,0,,0,,0,,0
CC(C)(C1=CC=C(OCC2CO2)C=C1)C1=CC=C(OCC2CO2)C=C1,227,NC1=NC(C2=CC=CC=C2)=NC(NC(C2=CC=C(C(NC3=NC(C4=CC=CC=C4)=NC(NC(C4=CC=C(C=O)C=C4)P4(=O)OC5=C(C=CC=C5)C5=C4C=CC=C5)=N3)P3(=O)OC4=C(C=CC=C4)C4=C3C=CC=C4)C=C2)P2(=O)OC3=C(C=CC=C3)C3=C2C=CC=C3)=N1,5,NC1=CC=C(CC2=CC=C(N)C=C2)C=C1,19,120,2,160,2,0,0,0,0,0,0,0,0,0,0,0,0,0,0,0,0,,0,,0,,0
CC(C)(C1=CC=C(OCC2CO2)C=C1)C1=CC=C(OCC2CO2)C=C1,227,NC1=NC(C2=CC=CC=C2)=NC(NC(C2=CC=C(C(NC3=NC(C4=CC=CC=C4)=NC(NC(C4=CC=C(C=O)C=C4)P4(=O)OC5=C(C=CC=C5)C5=C4C=CC=C5)=N3)P3(=O)OC4=C(C=CC=C4)C4=C3C=CC=C4)C=C2)P2(=O)OC3=C(C=CC=C3)C3=C2C=CC=C3)=N1,0,NC1=CC=C(CC2=CC=C(N)C=C2)C=C1,20,120,2,160,2,0,0,0,0,0,0,0,0,0,0,0,0,0,0,0,0,,0,,0,,0
CC(C)(C1=CC=C(OCC2CO2)C=C1)C1=CC=C(OCC2CO2)C=C1,188,O=P(O[C@H]1[C@@H](OP([O-])([O-])=O)[C@@H](OP([O-])([O-])=O)[C@H](OP([O-])([O-])=O)[C@@H](OP([O-])([O-])=O)[C@@H]1OP([O-])([O-])=O)([O-])[O-].[NH2+]2C=CN=C2.[NH2+]3C=CN=C3.[NH2+]4C=CN=C4.[NH2+]5C=CN=C5.[NH2+]6C=CN=C6.[NH2+]7C=CN=C7.[NH2+]8C=CN=C8.[NH2+]9C=CN=C9.[NH2+]%10C=CN=C%10.[NH2+]%11C=CN=C%11.[NH2+]%12C=CN=C%12.[NH2+]%13C=CN=C%13,12,O=P(O[C@H]1[C@@H](OP([O-])([O-])=O)[C@@H](OP([O-])([O-])=O)[C@H](OP([O-])([O-])=O)[C@@H](OP([O-])([O-])=O)[C@@H]1OP([O-])([O-])=O)([O-])[O-].[NH2+]2C=CN=C2.[NH2+]3C=CN=C3.[NH2+]4C=CN=C4.[NH2+]5C=CN=C5.[NH2+]6C=CN=C6.[NH2+]7C=CN=C7.[NH2+]8C=CN=C8.[NH2+]9C=CN=C9.[NH2+]%10C=CN=C%10.[NH2+]%11C=CN=C%11.[NH2+]%12C=CN=C%12.[NH2+]%13C=CN=C%13,12,100,2,150,2,0,0,0,0,0,0,0,0,0,0,0,0,0,0,0,0,,0,,0,,0
CC(C)(C1=CC=C(OCC2CO2)C=C1)C1=CC=C(OCC2CO2)C=C1,188,O=P(O[C@H]1[C@@H](OP([O-])([O-])=O)[C@@H](OP([O-])([O-])=O)[C@H](OP([O-])([O-])=O)[C@@H](OP([O-])([O-])=O)[C@@H]1OP([O-])([O-])=O)([O-])[O-].[NH2+]2C=CN=C2.[NH2+]3C=CN=C3.[NH2+]4C=CN=C4.[NH2+]5C=CN=C5.[NH2+]6C=CN=C6.[NH2+]7C=CN=C7.[NH2+]8C=CN=C8.[NH2+]9C=CN=C9.[NH2+]%10C=CN=C%10.[NH2+]%11C=CN=C%11.[NH2+]%12C=CN=C%12.[NH2+]%13C=CN=C%13,15,O=P(O[C@H]1[C@@H](OP([O-])([O-])=O)[C@@H](OP([O-])([O-])=O)[C@H](OP([O-])([O-])=O)[C@@H](OP([O-])([O-])=O)[C@@H]1OP([O-])([O-])=O)([O-])[O-].[NH2+]2C=CN=C2.[NH2+]3C=CN=C3.[NH2+]4C=CN=C4.[NH2+]5C=CN=C5.[NH2+]6C=CN=C6.[NH2+]7C=CN=C7.[NH2+]8C=CN=C8.[NH2+]9C=CN=C9.[NH2+]%10C=CN=C%10.[NH2+]%11C=CN=C%11.[NH2+]%12C=CN=C%12.[NH2+]%13C=CN=C%13,15,100,2,150,2,0,0,0,0,0,0,0,0,0,0,0,0,0,0,0,0,,0,,0,,0
CC(C)(C1=CC=C(OCC2CO2)C=C1)C1=CC=C(OCC2CO2)C=C1,188,O=P(O[C@H]1[C@@H](OP([O-])([O-])=O)[C@@H](OP([O-])([O-])=O)[C@H](OP([O-])([O-])=O)[C@@H](OP([O-])([O-])=O)[C@@H]1OP([O-])([O-])=O)([O-])[O-].[NH2+]2C=CN=C2.[NH2+]3C=CN=C3.[NH2+]4C=CN=C4.[NH2+]5C=CN=C5.[NH2+]6C=CN=C6.[NH2+]7C=CN=C7.[NH2+]8C=CN=C8.[NH2+]9C=CN=C9.[NH2+]%10C=CN=C%10.[NH2+]%11C=CN=C%11.[NH2+]%12C=CN=C%12.[NH2+]%13C=CN=C%13,18,O=P(O[C@H]1[C@@H](OP([O-])([O-])=O)[C@@H](OP([O-])([O-])=O)[C@H](OP([O-])([O-])=O)[C@@H](OP([O-])([O-])=O)[C@@H]1OP([O-])([O-])=O)([O-])[O-].[NH2+]2C=CN=C2.[NH2+]3C=CN=C3.[NH2+]4C=CN=C4.[NH2+]5C=CN=C5.[NH2+]6C=CN=C6.[NH2+]7C=CN=C7.[NH2+]8C=CN=C8.[NH2+]9C=CN=C9.[NH2+]%10C=CN=C%10.[NH2+]%11C=CN=C%11.[NH2+]%12C=CN=C%12.[NH2+]%13C=CN=C%13,18,100,2,150,2,0,0,0,0,0,0,0,0,0,0,0,0,0,0,0,0,,0,,0,,0
CC(C)(C1=CC=C(OCC2CO2)C=C1)C1=CC=C(OCC2CO2)C=C1,188,O=P(O[C@H]1[C@@H](OP([O-])([O-])=O)[C@@H](OP([O-])([O-])=O)[C@H](OP([O-])([O-])=O)[C@@H](OP([O-])([O-])=O)[C@@H]1OP([O-])([O-])=O)([O-])[O-].[NH2+]2C=CN=C2.[NH2+]3C=CN=C3.[NH2+]4C=CN=C4.[NH2+]5C=CN=C5.[NH2+]6C=CN=C6.[NH2+]7C=CN=C7.[NH2+]8C=CN=C8.[NH2+]9C=CN=C9.[NH2+]%10C=CN=C%10.[NH2+]%11C=CN=C%11.[NH2+]%12C=CN=C%12.[NH2+]%13C=CN=C%13,0,C1=CNC=N1,5.660377358,70,2,140,2,0,0,0,0,0,0,0,0,0,0,0,0,0,0,0,0,,0,,0,,0
CC(C)(C1=CC=C(OCC2CO2)C=C1)C1=CC=C(OCC2CO2)C=C1,196,C=CCC1=CC(C(C)(C2=CC(CC=C)=C(C=C2)OC3=CC(C#N)=C(C=C3)C#N)C)=CC=C1OC4=CC=C(C(C#N)=C4)C#N,5,NC1=CC=C(S(=O)(=O)C2=CC=C(N)C=C2)C=C1,21.9,190,4,210,2,230,2,250,2,0,0,0,0,0,0,0,0,0,0,0,0,,0,,0,,0
CC(C)(C1=CC=C(OCC2CO2)C=C1)C1=CC=C(OCC2CO2)C=C1,196,C=CCC1=CC(C(C)(C2=CC(CC=C)=C(C=C2)OC3=CC(C#N)=C(C=C3)C#N)C)=CC=C1OC4=CC=C(C(C#N)=C4)C#N,10,NC1=CC=C(S(=O)(=O)C2=CC=C(N)C=C2)C=C1,20.8,190,4,210,2,230,2,250,2,0,0,0,0,0,0,0,0,0,0,0,0,,0,,0,,0
CC(C)(C1=CC=C(OCC2CO2)C=C1)C1=CC=C(OCC2CO2)C=C1,196,C=CCC1=CC(C(C)(C2=CC(CC=C)=C(C=C2)OC3=CC(C#N)=C(C=C3)C#N)C)=CC=C1OC4=CC=C(C(C#N)=C4)C#N,15,NC1=CC=C(S(=O)(=O)C2=CC=C(N)C=C2)C=C1,19.6,190,4,210,2,230,2,250,2,0,0,0,0,0,0,0,0,0,0,0,0,,0,,0,,0
CC(C)(C1=CC=C(OCC2CO2)C=C1)C1=CC=C(OCC2CO2)C=C1,196,C=CCC1=CC(C(C)(C2=CC(CC=C)=C(C=C2)OC3=CC(C#N)=C(C=C3)C#N)C)=CC=C1OC4=CC=C(C(C#N)=C4)C#N,20,NC1=CC=C(S(=O)(=O)C2=CC=C(N)C=C2)C=C1,18.5,190,4,210,2,230,2,250,2,0,0,0,0,0,0,0,0,0,0,0,0,,0,,0,,0
CC(C)(C1=CC=C(OCC2CO2)C=C1)C1=CC=C(OCC2CO2)C=C1,196,C=CCC1=CC(C(C)(C2=CC(CC=C)=C(C=C2)OC3=CC(C#N)=C(C=C3)C#N)C)=CC=C1OC4=CC=C(C(C#N)=C4)C#N,0,NC1=CC=C(S(=O)(=O)C2=CC=C(N)C=C2)C=C1,23.1,100,3,150,2,0,0,0,0,0,0,0,0,0,0,0,0,0,0,0,0,,0,,0,,0
CC(C)(C1=CC=C(OCC2CO2)C=C1)C1=CC=C(OCC2CO2)C=C1,227,NC1=NN(P(=O)(C2=CC=CC=C2)C2=CC=CC=C2)C=C1,5,NC1=CC=C(CC2=CC=C(N)C=C2)C=C1,19,100,3,150,2,0,0,0,0,0,0,0,0,0,0,0,0,0,0,0,0,,0,,0,,0
CC(C)(C1=CC=C(OCC2CO2)C=C1)C1=CC=C(OCC2CO2)C=C1,227,NC1=NN(P(=O)(C2=CC=CC=C2)C2=CC=CC=C2)C=C1,7.5,NC1=CC=C(CC2=CC=C(N)C=C2)C=C1,18.5,100,3,150,2,0,0,0,0,0,0,0,0,0,0,0,0,0,0,0,0,,0,,0,,0
CC(C)(C1=CC=C(OCC2CO2)C=C1)C1=CC=C(OCC2CO2)C=C1,227,NC1=NN(P(=O)(C2=CC=CC=C2)C2=CC=CC=C2)C=C1,10,NC1=CC=C(CC2=CC=C(N)C=C2)C=C1,18.01,100,3,150,2,0,0,0,0,0,0,0,0,0,0,0,0,0,0,0,0,,0,,0,,0
CC(C)(C1=CC=C(OCC2CO2)C=C1)C1=CC=C(OCC2CO2)C=C1,227,NC1=NN(P(=O)(C2=CC=CC=C2)C2=CC=CC=C2)C=C1,0,NC1=CC=C(CC2=CC=C(N)C=C2)C=C1,20,100,3,150,2,0,0,0,0,0,0,0,0,0,0,0,0,0,0,0,0,,0,,0,,0
CC(C)(C1=CC=C(OCC2CO2)C=C1)C1=CC=C(OCC2CO2)C=C1,196,COC1=CC(C(NC2=NN=NN2)P2(=O)OC3=CC=CC=C3C3=CC=CC=C32)=CC=C1O,3,NC1=CC=C(CC2=CC=C(N)C=C2)C=C1,19.4,100,2,150,2,0,0,0,0,0,0,0,0,0,0,0,0,0,0,0,0,,0,,0,,0
CC(C)(C1=CC=C(OCC2CO2)C=C1)C1=CC=C(OCC2CO2)C=C1,196,COC1=CC(C(NC2=NN=NN2)P2(=O)OC3=CC=CC=C3C3=CC=CC=C32)=CC=C1O,4,NC1=CC=C(CC2=CC=C(N)C=C2)C=C1,19.2,100,2,150,2,0,0,0,0,0,0,0,0,0,0,0,0,0,0,0,0,,0,,0,,0
CC(C)(C1=CC=C(OCC2CO2)C=C1)C1=CC=C(OCC2CO2)C=C1,196,COC1=CC(C(NC2=NN=NN2)P2(=O)OC3=CC=CC=C3C3=CC=CC=C32)=CC=C1O,5,NC1=CC=C(CC2=CC=C(N)C=C2)C=C1,19,100,2,150,2,0,0,0,0,0,0,0,0,0,0,0,0,0,0,0,0,,0,,0,,0
CC(C)(C1=CC=C(OCC2CO2)C=C1)C1=CC=C(OCC2CO2)C=C1,196,COC1=CC(C(NC2=NN=NN2)P2(=O)OC3=CC=CC=C3C3=CC=CC=C32)=CC=C1O,0,NC1=CC=C(CC2=CC=C(N)C=C2)C=C1,20,100,2,150,2,0,0,0,0,0,0,0,0,0,0,0,0,0,0,0,0,,0,,0,,0
CC(C)(C1=CC=C(OCC2CO2)C=C1)C1=CC=C(OCC2CO2)C=C1,196,O=P1(C(NC2=CC=C(NC(C3=CNC4=C3C=CC=C4)P3(=O)OC4=C(C=CC=C4)C4=C3C=CC=C4)C=C2)C2=CNC3=CC=CC=C32)OC2=CC=CCC2C2C=CCC=C21,6.42,NC1=CC=C(CC2=CC=C(N)C=C2)C=C1,18.72,100,2,150,3,0,0,0,0,0,0,0,0,0,0,0,0,0,0,0,0,,0,,0,,0
CC(C)(C1=CC=C(OCC2CO2)C=C1)C1=CC=C(OCC2CO2)C=C1,196,O=P1(C(NC2=CC=C(NC(C3=CNC4=C3C=CC=C4)P3(=O)OC4=C(C=CC=C4)C4=C3C=CC=C4)C=C2)C2=CNC3=CC=CC=C32)OC2=CC=CCC2C2C=CCC=C21,9.63,NC1=CC=C(CC2=CC=C(N)C=C2)C=C1,18.08,100,2,150,3,0,0,0,0,0,0,0,0,0,0,0,0,0,0,0,0,,0,,0,,0
CC(C)(C1=CC=C(OCC2CO2)C=C1)C1=CC=C(OCC2CO2)C=C1,196,O=P1(C(NC2=CC=C(NC(C3=CNC4=C3C=CC=C4)P3(=O)OC4=C(C=CC=C4)C4=C3C=CC=C4)C=C2)C2=CNC3=CC=CC=C32)OC2=CC=CCC2C2C=CCC=C21,12.84,NC1=CC=C(CC2=CC=C(N)C=C2)C=C1,17.43,100,2,150,3,0,0,0,0,0,0,0,0,0,0,0,0,0,0,0,0,,0,,0,,0
CC(C)(C1=CC=C(OCC2CO2)C=C1)C1=CC=C(OCC2CO2)C=C1,196,O=P1(C(NC2=CC=C(NC(C3=CNC4=C3C=CC=C4)P3(=O)OC4=C(C=CC=C4)C4=C3C=CC=C4)C=C2)C2=CNC3=CC=CC=C32)OC2=CC=CCC2C2C=CCC=C21,0,NC1=CC=C(CC2=CC=C(N)C=C2)C=C1,20,100,2,150,3,0,0,0,0,0,0,0,0,0,0,0,0,0,0,0,0,,0,,0,,0
CC(C)(C1=CC=C(OCC2CO2)C=C1)C1=CC=C(OCC2CO2)C=C1,227,ON(C1=CC(C(NC2=NC3=C(N2)C=CC=C3)(P4(OC5=C(C6=C4C=CC=C6)C=CC=C5)=O)O)=CC=C1)O,4,NC1=CC=C(CC2=CC=C(N)C=C2)C=C1,19.82,100,2,150,2,0,0,0,0,0,0,0,0,0,0,0,0,0,0,0,0,,0,,0,,0
CC(C)(C1=CC=C(OCC2CO2)C=C1)C1=CC=C(OCC2CO2)C=C1,227,ON(C1=CC(C(NC2=NC3=C(N2)C=CC=C3)(P4(OC5=C(C6=C4C=CC=C6)C=CC=C5)=O)O)=CC=C1)O,6,NC1=CC=C(CC2=CC=C(N)C=C2)C=C1,19.4,100,2,150,2,0,0,0,0,0,0,0,0,0,0,0,0,0,0,0,0,,0,,0,,0
CC(C)(C1=CC=C(OCC2CO2)C=C1)C1=CC=C(OCC2CO2)C=C1,227,ON(C1=CC(C(NC2=NC3=C(N2)C=CC=C3)(P4(OC5=C(C6=C4C=CC=C6)C=CC=C5)=O)O)=CC=C1)O,8,NC1=CC=C(CC2=CC=C(N)C=C2)C=C1,18.98,100,2,150,2,0,0,0,0,0,0,0,0,0,0,0,0,0,0,0,0,,0,,0,,0
CC(C)(C1=CC=C(OCC2CO2)C=C1)C1=CC=C(OCC2CO2)C=C1,227,ON(C1=CC(C(NC2=NC3=C(N2)C=CC=C3)(P4(OC5=C(C6=C4C=CC=C6)C=CC=C5)=O)O)=CC=C1)O,10,NC1=CC=C(CC2=CC=C(N)C=C2)C=C1,18.57,100,2,150,2,0,0,0,0,0,0,0,0,0,0,0,0,0,0,0,0,,0,,0,,0
CC(C)(C1=CC=C(OCC2CO2)C=C1)C1=CC=C(OCC2CO2)C=C1,227,ON(C1=CC(C(NC2=NC3=C(N2)C=CC=C3)(P4(OC5=C(C6=C4C=CC=C6)C=CC=C5)=O)O)=CC=C1)O,0,NC1=CC=C(CC2=CC=C(N)C=C2)C=C1,20.63492063,100,2,150,2,0,0,0,0,0,0,0,0,0,0,0,0,0,0,0,0,,0,,0,,0
CC(C)(C1=CC=C(OCC2CO2)C=C1)C1=CC=C(OCC2CO2)C=C1,227,O=P(OC1=CC=C(/C=C/C2=CC(OP(=O)(C3=CC=CC=C3)C3=CC=CC=C3)=CC(OP(=O)(C3=CC=CC=C3)C3=CC=CC=C3)=C2)C=C1)(C1=CC=CC=C1)C1=CC=CC=C1,1,NC1=CC=C(CC2=CC=C(N)C=C2)C=C1,18.05,150,2,180,2,210,2,0,0,0,0,0,0,0,0,0,0,0,0,0,0,,0,,0,,0
CC(C)(C1=CC=C(OCC2CO2)C=C1)C1=CC=C(OCC2CO2)C=C1,227,O=P(OC1=CC=C(/C=C/C2=CC(OP(=O)(C3=CC=CC=C3)C3=CC=CC=C3)=CC(OP(=O)(C3=CC=CC=C3)C3=CC=CC=C3)=C2)C=C1)(C1=CC=CC=C1)C1=CC=CC=C1,3,NC1=CC=C(CC2=CC=C(N)C=C2)C=C1,17.7,150,2,180,2,210,2,0,0,0,0,0,0,0,0,0,0,0,0,0,0,,0,,0,,0
CC(C)(C1=CC=C(OCC2CO2)C=C1)C1=CC=C(OCC2CO2)C=C1,227,O=P(OC1=CC=C(/C=C/C2=CC(OP(=O)(C3=CC=CC=C3)C3=CC=CC=C3)=CC(OP(=O)(C3=CC=CC=C3)C3=CC=CC=C3)=C2)C=C1)(C1=CC=CC=C1)C1=CC=CC=C1,5,NC1=CC=C(CC2=CC=C(N)C=C2)C=C1,16.88,150,2,180,2,210,2,0,0,0,0,0,0,0,0,0,0,0,0,0,0,,0,,0,,0
CC(C)(C1=CC=C(OCC2CO2)C=C1)C1=CC=C(OCC2CO2)C=C1,227,O=P(OC1=CC=C(/C=C/C2=CC(OP(=O)(C3=CC=CC=C3)C3=CC=CC=C3)=CC(OP(=O)(C3=CC=CC=C3)C3=CC=CC=C3)=C2)C=C1)(C1=CC=CC=C1)C1=CC=CC=C1,0,NC1=CC=C(CC2=CC=C(N)C=C2)C=C1,18.26451349,150,2,180,2,210,2,0,0,0,0,0,0,0,0,0,0,0,0,0,0,,0,,0,,0
C1=CC(OCC2CO2)=CC=C1CC1=CC=C(OCC2CO2)C=C1,165,COC1=C(C=CC(C(P2(OC3=C(C4=C2C=CC=C4)C=CC=C3)=O)NCCCN5C=NC=C5)=C1)O,10,COC1=C(C=CC(C(P2(OC3=C(C4=C2C=CC=C4)C=CC=C3)=O)NCCCN5C=NC=C5)=C1)O,10,120,1,160,1,0,0,0,0,0,0,0,0,0,0,0,0,0,0,0,0,,0,,0,,0
C1=CC(OCC2CO2)=CC=C1CC1=CC=C(OCC2CO2)C=C1,165,COC1=C(C=CC(C(P2(OC3=C(C4=C2C=CC=C4)C=CC=C3)=O)NCCCN5C=NC=C5)=C1)O,15,COC1=C(C=CC(C(P2(OC3=C(C4=C2C=CC=C4)C=CC=C3)=O)NCCCN5C=NC=C5)=C1)O,15,120,1,160,1,0,0,0,0,0,0,0,0,0,0,0,0,0,0,0,0,,0,,0,,0
C1=CC(OCC2CO2)=CC=C1CC1=CC=C(OCC2CO2)C=C1,165,COC1=C(C=CC(C(P2(OC3=C(C4=C2C=CC=C4)C=CC=C3)=O)NCCCN5C=NC=C5)=C1)O,20,COC1=C(C=CC(C(P2(OC3=C(C4=C2C=CC=C4)C=CC=C3)=O)NCCCN5C=NC=C5)=C1)O,20,120,1,160,1,0,0,0,0,0,0,0,0,0,0,0,0,0,0,0,0,,0,,0,,0
C1=CC(OCC2CO2)=CC=C1CC1=CC=C(OCC2CO2)C=C1,165,COC1=C(C=CC(C(P2(OC3=C(C4=C2C=CC=C4)C=CC=C3)=O)NCCCN5C=NC=C5)=C1)O,0,CCC1=NC(C)=CN1C(C)C#N,4,120,1,160,1,0,0,0,0,0,0,0,0,0,0,0,0,0,0,0,0,,0,,0,,0
CC(C)(C1=CC=C(OCC2CO2)C=C1)C1=CC=C(OCC2CO2)C=C1,196,NC1=CC=C(/C=C/P2(=O)OC3=C(C=CC=C3)C3=CC=CC=C32)C=C1,0.5,NC1=CC=C(CC2=CC=C(N)C=C2)C=C1,21.76,100,2,150,2,0,0,0,0,0,0,0,0,0,0,0,0,0,0,0,0,,0,,0,,0
CC(C)(C1=CC=C(OCC2CO2)C=C1)C1=CC=C(OCC2CO2)C=C1,196,NC1=CC=C(/C=C/P2(=O)OC3=C(C=CC=C3)C3=CC=CC=C32)C=C1,1,NC1=CC=C(CC2=CC=C(N)C=C2)C=C1,21.66,100,2,150,2,0,0,0,0,0,0,0,0,0,0,0,0,0,0,0,0,,0,,0,,0
CC(C)(C1=CC=C(OCC2CO2)C=C1)C1=CC=C(OCC2CO2)C=C1,196,NC1=CC=C(/C=C/P2(=O)OC3=C(C=CC=C3)C3=CC=CC=C32)C=C1,2,NC1=CC=C(CC2=CC=C(N)C=C2)C=C1,21.44,100,2,150,2,0,0,0,0,0,0,0,0,0,0,0,0,0,0,0,0,,0,,0,,0
CC(C)(C1=CC=C(OCC2CO2)C=C1)C1=CC=C(OCC2CO2)C=C1,196,NC1=CC=C(/C=C/P2(=O)OC3=C(C=CC=C3)C3=CC=CC=C32)C=C1,10,NC1=CC=C(CC2=CC=C(N)C=C2)C=C1,19.69,100,2,150,2,0,0,0,0,0,0,0,0,0,0,0,0,0,0,0,0,,0,,0,,0
CC(C)(C1=CC=C(OCC2CO2)C=C1)C1=CC=C(OCC2CO2)C=C1,196,NC1=CC=C(/C=C/P2(=O)OC3=C(C=CC=C3)C3=CC=CC=C32)C=C1,0,NC1=CC=C(CC2=CC=C(N)C=C2)C=C1,21.875,100,2,150,2,0,0,0,0,0,0,0,0,0,0,0,0,0,0,0,0,,0,,0,,0
CC(C)(C1=CC=C(OCC2CO2)C=C1)C1=CC=C(OCC2CO2)C=C1,196,O=P([O-])([O-])O[C@H]1[C@@H](OP([O-])([O-])=O)[C@@H](OP([O-])([O-])=O)[C@H](OP([O-])([O-])=O)[C@@H](OP([O-])([O-])=O)[C@@H]1OP([O-])([O-])=O.[NH3+]CCCP2(OC3=C(C4=C2C=CC=C4)C=CC=C3)=O.[NH3+]CCCP5(OC6=C(C7=C5C=CC=C7)C=CC=C6)=O.[NH3+]CCCP8(OC9=C(C%10=C8C=CC=C%10)C=CC=C9)=O.[NH3+]CCCP%11(OC%12=C(C%13=C%11C=CC=C%13)C=CC=C%12)=O.[NH3+]CCCP%14(OC%15=C(C%16=C%14C=CC=C%16)C=CC=C%15)=O.[NH3+]CCCP%17(OC%18=C(C%19=C%17C=CC=C%19)C=CC=C%18)=O.[NH3+]CCCP%20(OC%21=C(C%22=C%20C=CC=C%22)C=CC=C%21)=O.[NH3+]CCCP%23(OC%24=C(C%25=C%23C=CC=C%25)C=CC=C%24)=O.[NH3+]CCCP%26(OC%27=C(C%28=C%26C=CC=C%28)C=CC=C%27)=O.[NH3+]CCCP%29(OC%30=C(C%31=C%29C=CC=C%31)C=CC=C%30)=O.[NH3+]CCCP%32(OC%33=C(C%34=C%32C=CC=C%34)C=CC=C%33)=O.[NH3+]CCCP%35(OC%36=C(C%37=C%35C=CC=C%37)C=CC=C%36)=O,3,NC1=CC=C(CC2=CC=C(N)C=C2)C=C1,21.21,100,2,150,2,0,0,0,0,0,0,0,0,0,0,0,0,0,0,0,0,,0,,0,,0
CC(C)(C1=CC=C(OCC2CO2)C=C1)C1=CC=C(OCC2CO2)C=C1,196,O=P([O-])([O-])O[C@H]1[C@@H](OP([O-])([O-])=O)[C@@H](OP([O-])([O-])=O)[C@H](OP([O-])([O-])=O)[C@@H](OP([O-])([O-])=O)[C@@H]1OP([O-])([O-])=O.[NH3+]CCCP2(OC3=C(C4=C2C=CC=C4)C=CC=C3)=O.[NH3+]CCCP5(OC6=C(C7=C5C=CC=C7)C=CC=C6)=O.[NH3+]CCCP8(OC9=C(C%10=C8C=CC=C%10)C=CC=C9)=O.[NH3+]CCCP%11(OC%12=C(C%13=C%11C=CC=C%13)C=CC=C%12)=O.[NH3+]CCCP%14(OC%15=C(C%16=C%14C=CC=C%16)C=CC=C%15)=O.[NH3+]CCCP%17(OC%18=C(C%19=C%17C=CC=C%19)C=CC=C%18)=O.[NH3+]CCCP%20(OC%21=C(C%22=C%20C=CC=C%22)C=CC=C%21)=O.[NH3+]CCCP%23(OC%24=C(C%25=C%23C=CC=C%25)C=CC=C%24)=O.[NH3+]CCCP%26(OC%27=C(C%28=C%26C=CC=C%28)C=CC=C%27)=O.[NH3+]CCCP%29(OC%30=C(C%31=C%29C=CC=C%31)C=CC=C%30)=O.[NH3+]CCCP%32(OC%33=C(C%34=C%32C=CC=C%34)C=CC=C%33)=O.[NH3+]CCCP%35(OC%36=C(C%37=C%35C=CC=C%37)C=CC=C%36)=O,5,NC1=CC=C(CC2=CC=C(N)C=C2)C=C1,20.78,100,2,150,2,0,0,0,0,0,0,0,0,0,0,0,0,0,0,0,0,,0,,0,,0
CC(C)(C1=CC=C(OCC2CO2)C=C1)C1=CC=C(OCC2CO2)C=C1,196,O=P([O-])([O-])O[C@H]1[C@@H](OP([O-])([O-])=O)[C@@H](OP([O-])([O-])=O)[C@H](OP([O-])([O-])=O)[C@@H](OP([O-])([O-])=O)[C@@H]1OP([O-])([O-])=O.[NH3+]CCCP2(OC3=C(C4=C2C=CC=C4)C=CC=C3)=O.[NH3+]CCCP5(OC6=C(C7=C5C=CC=C7)C=CC=C6)=O.[NH3+]CCCP8(OC9=C(C%10=C8C=CC=C%10)C=CC=C9)=O.[NH3+]CCCP%11(OC%12=C(C%13=C%11C=CC=C%13)C=CC=C%12)=O.[NH3+]CCCP%14(OC%15=C(C%16=C%14C=CC=C%16)C=CC=C%15)=O.[NH3+]CCCP%17(OC%18=C(C%19=C%17C=CC=C%19)C=CC=C%18)=O.[NH3+]CCCP%20(OC%21=C(C%22=C%20C=CC=C%22)C=CC=C%21)=O.[NH3+]CCCP%23(OC%24=C(C%25=C%23C=CC=C%25)C=CC=C%24)=O.[NH3+]CCCP%26(OC%27=C(C%28=C%26C=CC=C%28)C=CC=C%27)=O.[NH3+]CCCP%29(OC%30=C(C%31=C%29C=CC=C%31)C=CC=C%30)=O.[NH3+]CCCP%32(OC%33=C(C%34=C%32C=CC=C%34)C=CC=C%33)=O.[NH3+]CCCP%35(OC%36=C(C%37=C%35C=CC=C%37)C=CC=C%36)=O,0,NC1=CC=C(CC2=CC=C(N)C=C2)C=C1,21.875,100,2,150,2,0,0,0,0,0,0,0,0,0,0,0,0,0,0,0,0,,0,,0,,0
CC(C)(C1=CC=C(OCC2CO2)C=C1)C1=CC=C(OCC2CO2)C=C1,196,O=P([O-])([O-])O[C@H]1[C@@H](OP([O-])([O-])=O)[C@@H](OP([O-])([O-])=O)[C@H](OP([O-])([O-])=O)[C@@H](OP([O-])([O-])=O)[C@@H]1OP([O-])([O-])=O.[NH3+]CCCP2(OC3=C(C4=C2C=CC=C4)C=CC=C3)=O.[NH3+]CCCP5(OC6=C(C7=C5C=CC=C7)C=CC=C6)=O.[NH3+]CCCP8(OC9=C(C%10=C8C=CC=C%10)C=CC=C9)=O.[NH3+]CCCP%11(OC%12=C(C%13=C%11C=CC=C%13)C=CC=C%12)=O.[NH3+]CCCP%14(OC%15=C(C%16=C%14C=CC=C%16)C=CC=C%15)=O.[NH3+]CCCP%17(OC%18=C(C%19=C%17C=CC=C%19)C=CC=C%18)=O.[NH3+]CCCP%20(OC%21=C(C%22=C%20C=CC=C%22)C=CC=C%21)=O.[NH3+]CCCP%23(OC%24=C(C%25=C%23C=CC=C%25)C=CC=C%24)=O.[NH3+]CCCP%26(OC%27=C(C%28=C%26C=CC=C%28)C=CC=C%27)=O.[NH3+]CCCP%29(OC%30=C(C%31=C%29C=CC=C%31)C=CC=C%30)=O.[NH3+]CCCP%32(OC%33=C(C%34=C%32C=CC=C%34)C=CC=C%33)=O.[NH3+]CCCP%35(OC%36=C(C%37=C%35C=CC=C%37)C=CC=C%36)=O,3,NC1=CC=C(CC2=CC=C(N)C=C2)C=C1,20.78,100,2,150,2,0,0,0,0,0,0,0,0,0,0,0,0,0,0,0,0,[O-]B([O-])[O-].[O-]B([O-])[O-].[O-]B([O-])[O-].[O-]B([O-])[O-].[O-]B([O-])[O-].[O-]B([O-])[O-].[O-]B([O-])[O-].[O-]B([O-])[O-].[H]O[H].[H]O[H].[H]O[H].[H]O[H].[Na+].[Na+],2,,0,,0
CC(C)(C1=CC=C(OCC2CO2)C=C1)C1=CC=C(OCC2CO2)C=C1,227,C=CCNP(=O)(OC1=CC=CC=C1)OC1=CC=CC=C1,2,NC1=CC=C(S(=O)(=O)C2=CC=C(N)C=C2)C=C1,22.62,160,1,180,2,190,1,0,0,0,0,0,0,0,0,0,0,0,0,0,0,,0,,0,,0
CC(C)(C1=CC=C(OCC2CO2)C=C1)C1=CC=C(OCC2CO2)C=C1,227,C=CCNP(=O)(OC1=CC=CC=C1)OC1=CC=CC=C1,5,NC1=CC=C(S(=O)(=O)C2=CC=C(N)C=C2)C=C1,21.92,160,1,180,2,190,1,0,0,0,0,0,0,0,0,0,0,0,0,0,0,,0,,0,,0
CC(C)(C1=CC=C(OCC2CO2)C=C1)C1=CC=C(OCC2CO2)C=C1,227,C=CCNP(=O)(C1=CC=CC=C1)C1=CC=CC=C1,2,NC1=CC=C(S(=O)(=O)C2=CC=C(N)C=C2)C=C1,22.62,160,1,180,2,190,1,0,0,0,0,0,0,0,0,0,0,0,0,0,0,,0,,0,,0
CC(C)(C1=CC=C(OCC2CO2)C=C1)C1=CC=C(OCC2CO2)C=C1,227,C=CCNP(=O)(C1=CC=CC=C1)C1=CC=CC=C1,5,NC1=CC=C(S(=O)(=O)C2=CC=C(N)C=C2)C=C1,21.92,160,1,180,2,190,1,0,0,0,0,0,0,0,0,0,0,0,0,0,0,,0,,0,,0
CC(C)(C1=CC=C(OCC2CO2)C=C1)C1=CC=C(OCC2CO2)C=C1,227,C=CCNP(=O)(C1=CC=CC=C1)C1=CC=CC=C1,0,NC1=CC=C(S(=O)(=O)C2=CC=C(N)C=C2)C=C1,23.07692308,160,1,180,2,190,1,0,0,0,0,0,0,0,0,0,0,0,0,0,0,,0,,0,,0
CC(C)(C1=CC=C(OCC2CO2)C=C1)C1=CC=C(OCC2CO2)C=C1,196,O=C(O)CC(CP1(=O)OC2=C(C=CC=C2)C2=C1C=CC=C2)C(=O)OCC#CCOC(=O)CC(CP1(=O)OC2C=CC=CC2C2=C1C=CC=C2)C(=O)O,8.9,CC12CC=CCC1C(=O)OC2=O,41.70359429,100,2,130,2,160,2,180,2,200,2,0,0,0,0,0,0,0,0,0,0,CCN(CC1=CC(CN(C)C)=CC(CN(C)C)=C1O)C,0.098473658,,0,,0
CC(C)(C1=CC=C(OCC2CO2)C=C1)C1=CC=C(OCC2CO2)C=C1,196,O=C(O)CC(CP1(=O)OC2=C(C=CC=C2)C2=C1C=CC=C2)C(=O)OCC#CCOC(=O)CC(CP1(=O)OC2C=CC=CC2C2=C1C=CC=C2)C(=O)O,12.8,CC12CC=CCC1C(=O)OC2=O,39.95283019,100,2,130,2,160,2,180,2,200,2,0,0,0,0,0,0,0,0,0,0,CCN(CC1=CC(CN(C)C)=CC(CN(C)C)=C1O)C,0.094339623,,0,,0
CC(C)(C1=CC=C(OCC2CO2)C=C1)C1=CC=C(OCC2CO2)C=C1,196,O=C(O)CC(CP1(=O)OC2=C(C=CC=C2)C2=C1C=CC=C2)C(=O)OCC#CCOC(=O)CC(CP1(=O)OC2C=CC=CC2C2=C1C=CC=C2)C(=O)O,19.2,CC12CC=CCC1C(=O)OC2=O,37.03541758,100,2,130,2,160,2,180,2,200,2,0,0,0,0,0,0,0,0,0,0,CCN(CC1=CC(CN(C)C)=CC(CN(C)C)=C1O)C,0.087450809,,0,,0
CC(C)(C1=CC=C(OCC2CO2)C=C1)C1=CC=C(OCC2CO2)C=C1,196,O=C(O)CC(CP1(=O)OC2=C(C=CC=C2)C2=C1C=CC=C2)C(=O)OCC#CCOC(=O)CC(CP1(=O)OC2C=CC=CC2C2=C1C=CC=C2)C(=O)O,0,CC12CC=CCC1C(=O)OC2=O,45.80854516,100,2,130,2,160,2,180,2,200,2,0,0,0,0,0,0,0,0,0,0,CCN(CC1=CC(CN(C)C)=CC(CN(C)C)=C1O)C,0.108166577,,0,,0
CC(C)(C1=CC=C(OCC2CO2)C=C1)C1=CC=C(OCC2CO2)C=C1,196,O=P1(OC2=CC=CC=C2C3=C1C=CC=C3)C(C4=CC(O)=C(C=C4)O)NC5=NC(NC(P6(OC7=CC=CC=C7C8=C6C=CC=C8)=O)C9=CC(O)=C(C=C9)O)=NN5,3,NC1=CC=C(CC2=CC=C(N)C=C2)C=C1,20.08191476,100,2,150,4,0,0,0,0,0,0,0,0,0,0,0,0,0,0,0,0,,0,,0,,0
CC(C)(C1=CC=C(OCC2CO2)C=C1)C1=CC=C(OCC2CO2)C=C1,196,O=P1(OC2=CC=CC=C2C3=C1C=CC=C3)C(C4=CC(O)=C(C=C4)O)NC5=NC(NC(P6(OC7=CC=CC=C7C8=C6C=CC=C8)=O)C9=CC(O)=C(C=C9)O)=NN5,6,NC1=CC=C(CC2=CC=C(N)C=C2)C=C1,18.94014963,100,2,150,4,0,0,0,0,0,0,0,0,0,0,0,0,0,0,0,0,,0,,0,,0
CC(C)(C1=CC=C(OCC2CO2)C=C1)C1=CC=C(OCC2CO2)C=C1,196,O=P1(OC2=CC=CC=C2C3=C1C=CC=C3)C(C4=CC(O)=C(C=C4)O)NC5=NC(NC(P6(OC7=CC=CC=C7C8=C6C=CC=C8)=O)C9=CC(O)=C(C=C9)O)=NN5,9,NC1=CC=C(CC2=CC=C(N)C=C2)C=C1,17.92210963,100,2,150,4,0,0,0,0,0,0,0,0,0,0,0,0,0,0,0,0,,0,,0,,0
CC(C)(C1=CC=C(OCC2CO2)C=C1)C1=CC=C(OCC2CO2)C=C1,196,O=P1(OC2=CC=CC=C2C3=C1C=CC=C3)C(C4=CC(O)=C(C=C4)O)NC5=NC(NC(P6(OC7=CC=CC=C7C8=C6C=CC=C8)=O)C9=CC(O)=C(C=C9)O)=NN5,12,NC1=CC=C(CC2=CC=C(N)C=C2)C=C1,16.65092111,100,2,150,4,0,0,0,0,0,0,0,0,0,0,0,0,0,0,0,0,,0,,0,,0
CC(C)(C1=CC=C(OCC2CO2)C=C1)C1=CC=C(OCC2CO2)C=C1,196,O=P1(OC2=CC=CC=C2C3=C1C=CC=C3)C(C4=CC(O)=C(C=C4)O)NC5=NC(NC(P6(OC7=CC=CC=C7C8=C6C=CC=C8)=O)C9=CC(O)=C(C=C9)O)=NN5,0,NC1=CC=C(CC2=CC=C(N)C=C2)C=C1,21.07340174,100,2,150,4,0,0,0,0,0,0,0,0,0,0,0,0,0,0,0,0,,0,,0,,0
C1=CC(OCC2CO2)=CC=C1CC1=CC=C(OCC2CO2)C=C1,165,CC1=NC=CN1P1(N2C=CN=C2C)=NP(N2C=CN=C2C)(N2C=CN=C2C)=NP(N2C=CN=C2C)(N2C=CN=C2C)=N1,3.8,CC1=NC=CN1P1(N2C=CN=C2C)=NP(N2C=CN=C2C)(N2C=CN=C2C)=NP(N2C=CN=C2C)(N2C=CN=C2C)=N1,3.8,120,1,150,1,180,1,0,0,0,0,0,0,0,0,0,0,0,0,0,0,,0,,0,,0
C1=CC(OCC2CO2)=CC=C1CC1=CC=C(OCC2CO2)C=C1,165,CC1=NC=CN1P1(N2C=CN=C2C)=NP(N2C=CN=C2C)(N2C=CN=C2C)=NP(N2C=CN=C2C)(N2C=CN=C2C)=N1,6.33,CC1=NC=CN1P1(N2C=CN=C2C)=NP(N2C=CN=C2C)(N2C=CN=C2C)=NP(N2C=CN=C2C)(N2C=CN=C2C)=N1,6.33,120,1,150,1,180,1,0,0,0,0,0,0,0,0,0,0,0,0,0,0,,0,,0,,0
C1=CC(OCC2CO2)=CC=C1CC1=CC=C(OCC2CO2)C=C1,165,CC1=NC=CN1P1(N2C=CN=C2C)=NP(N2C=CN=C2C)(N2C=CN=C2C)=NP(N2C=CN=C2C)(N2C=CN=C2C)=N1,0,CC1=NC=CN1,1,80,1,120,1,150,1,0,0,0,0,0,0,0,0,0,0,0,0,0,0,,0,,0,,0
C1=CC(OCC2CO2)=CC=C1CC1=CC=C(OCC2CO2)C=C1,165,CC1=NC=CN1P1(N2C=CN=C2C)=NP(N2C=CN=C2C)(N2C=CN=C2C)=NP(N2C=CN=C2C)(N2C=CN=C2C)=N1,0,CC1=NC=CN1,3,80,1,120,1,150,1,0,0,0,0,0,0,0,0,0,0,0,0,0,0,,0,,0,,0
C1=CC(OCC2CO2)=CC=C1CC1=CC=C(OCC2CO2)C=C1,165,CC1=NC=CN1P1(N2C=CN=C2C)=NP(N2C=CN=C2C)(N2C=CN=C2C)=NP(N2C=CN=C2C)(N2C=CN=C2C)=N1,0,CC1=NC=CN1,5,80,1,120,1,150,1,0,0,0,0,0,0,0,0,0,0,0,0,0,0,,0,,0,,0
CC(C)(C1=CC=C(OCC2CO2)C=C1)C1=CC=C(OCC2CO2)C=C1,196,CP([O-])(OP([O-])(OP(C)([O-])=O)=O)=O.[NH3+]C1=NC2=CC=CC=C2N1.[NH4+].[NH4+],10,NC1=CC=C(S(=O)(=O)C2=CC=C(N)C=C2)C=C1,21.6,150,2,180,2,210,2,0,0,0,0,0,0,0,0,0,0,0,0,0,0,,0,,0,,0
CC(C)(C1=CC=C(OCC2CO2)C=C1)C1=CC=C(OCC2CO2)C=C1,196,CP([O-])(OP([O-])(OP(C)([O-])=O)=O)=O.[NH3+]C1=NC2=CC=CC=C2N1.[NH4+].[NH4+],15,NC1=CC=C(S(=O)(=O)C2=CC=C(N)C=C2)C=C1,20.4,150,2,180,2,210,2,0,0,0,0,0,0,0,0,0,0,0,0,0,0,,0,,0,,0
CC(C)(C1=CC=C(OCC2CO2)C=C1)C1=CC=C(OCC2CO2)C=C1,196,CP([O-])(OP([O-])(OP(C)([O-])=O)=O)=O.[NH3+]C1=NC2=CC=CC=C2N1.[NH4+].[NH4+],20,NC1=CC=C(S(=O)(=O)C2=CC=C(N)C=C2)C=C1,19.2,150,2,180,2,210,2,0,0,0,0,0,0,0,0,0,0,0,0,0,0,,0,,0,,0
CC(C)(C1=CC=C(OCC2CO2)C=C1)C1=CC=C(OCC2CO2)C=C1,196,CP([O-])(OP([O-])(OP(C)([O-])=O)=O)=O.[NH3+]C1=NC2=CC=CC=C2N1.[NH4+].[NH4+],0,NC1=CC=C(S(=O)(=O)C2=CC=C(N)C=C2)C=C1,24,150,2,180,2,210,2,0,0,0,0,0,0,0,0,0,0,0,0,0,0,,0,,0,,0
CC(C)(C1=CC=C(OCC2CO2)C=C1)C1=CC=C(OCC2CO2)C=C1,196,O=P([O-])([O-])[O-].[NH4+].[NH4+].[NH4+],20,NC1=CC=C(S(=O)(=O)C2=CC=C(N)C=C2)C=C1,19.2,150,2,180,2,210,2,0,0,0,0,0,0,0,0,0,0,0,0,0,0,,0,,0,,0
CC(C)(C1=CC=C(OCC2CO2)C=C1)C1=CC=C(OCC2CO2)C=C1,196,O=P1(OC2=CC=CC=C2C3=C1C=CC=C3)C4=CC(OC(C5=CC(C(OC6=CC=C(C=C6P7(OC8=C(C=CC=C8)C9=C7C=CC=C9)=O)OC(C%10=CC=CC=C%10)=O)=O)=CC(C(OC%11=CC=C(C(P%12(OC%13=CC=CC=C%13C%14=C%12C=CC=C%14)=O)=C%11)OC(C%15=CC=CC=C%15)=O)=O)=C5)=O)=CC=C4OC(C%16=CC=CC=C%16)=O,8.8,NC1=CC=C(CC2=CC=C(N)C=C2)C=C1,18.4,120,2,170,4,0,0,0,0,0,0,0,0,0,0,0,0,0,0,0,0,,0,,0,,0
CC(C)(C1=CC=C(OCC2CO2)C=C1)C1=CC=C(OCC2CO2)C=C1,196,O=C(OC1=CC=C(OC(C2=CC(C(OC3=CC=C(OC(O)C4=CC(C(O)OC5=CC(P6(OC7=C(C=CC=C7)C8=C6C=CC=C8)=O)=C(OC(C9=CC=CC=C9)=O)C=C5)=CC(C(OC%10=CC=C(OC(C%11=CC=CC=C%11)=O)C=C%10P%12(OC%13=C(C=CC=C%13)C%14=C%12C=CC=C%14)=O)=O)=C4)C(P%15(OC%16=CC=CC=C%16C%17=C%15C=CC=C%17)=O)=C3)=O)=CC(C(OC%18=CC(P%19(OC%20=C(C=CC=C%20)C%21=C%19C=CC=C%21)=O)=C(OC(O)C%22=CC=CC=C%22)C=C%18)=O)=C2)=O)C(P%23(OC%24=C(C=CC=C%24)C%25=C%23C=CC=C%25)=O)=C1)C%26=CC=CC=C%26,9.1,NC1=CC=C(CC2=CC=C(N)C=C2)C=C1,18.3,120,2,170,4,0,0,0,0,0,0,0,0,0,0,0,0,0,0,0,0,,0,,0,,0
CC(C)(C1=CC=C(OCC2CO2)C=C1)C1=CC=C(OCC2CO2)C=C1,196,O=C(C1=CC=CC=C1)OC2=CC(P3(OC4=CC=CC=C4C5=CC=CC=C53)=O)=C(C=C2)OC(C6=CC(C(OC7=CC(P8(OC9=CCCC=C9C%10=CC=CC=C%108)=O)=C(C=C7)OC(C%11=CC=CC=C%11)=O)=O)=CC(C(OC%12=CC(P%13(OC%14=C(C%15=C%13CCC=C%15)C=CC=C%14)=O)=C(C=C%12)OC(C%16=CC(C(OC%17=CC=C(CC%17P%18(OC%19=CC=CC=C%19C%20=CC=CC=C%20%18)=O)OC(C%21=CC(C(OC%22=CC(P%23(OC%24=CCCC=C%24C%25=CC=CC=C%25%23)=O)=C(C=C%22)OC(C%26=CC=CC=C%26)=O)=O)=CC(C(OC%27=CC(CP%28(OC%29=C(C%30=C%28C=CC=C%30)C=CC=C%29)=O)=C(C=C%27)OC(C%31=CC=CC=C%31)=O)=O)=C%21)=O)=O)=CC(C(OC%32=CC(P%33(OC%34=C(C%35=C%33C=CC=C%35)C=CC=C%34)=O)=C(C=C%32)OC(C%36=CC(C(OC%37=CC=C(C(P%38(OC%39=CC=CC=C%39C%40=C%38C=CC=C%40)=O)=C%37)OC(C%41=CC=CC=C%41)=O)=O)=CC(C(OC%42=CC(P%43(OC%44=CC=CC=C%44C%45=C%43C=CC=C%45)=O)=C(C=C%42)OC(C%46=CC=CC=C%46)=O)=O)=C%36)=O)=O)=C%16)=O)=O)=C6)=O,9.5,NC1=CC=C(CC2=CC=C(N)C=C2)C=C1,18.2,120,2,170,4,0,0,0,0,0,0,0,0,0,0,0,0,0,0,0,0,,0,,0,,0
CC(C)(C1=CC=C(OCC2CO2)C=C1)C1=CC=C(OCC2CO2)C=C1,196,O=P1(OC2=CC=CC=C2C3=C1C=CC=C3)C4=C(C=CC(O)=C4)O,6,NC1=CC=C(CC2=CC=C(N)C=C2)C=C1,19,120,2,170,4,0,0,0,0,0,0,0,0,0,0,0,0,0,0,0,0,,0,,0,,0
CC(C)(C1=CC=C(OCC2CO2)C=C1)C1=CC=C(OCC2CO2)C=C1,196,O=P1(OC2=CC=CC=C2C3=C1C=CC=C3)C4=C(C=CC(O)=C4)O,0,NC1=CC=C(CC2=CC=C(N)C=C2)C=C1,20.2,120,2,170,4,0,0,0,0,0,0,0,0,0,0,0,0,0,0,0,0,,0,,0,,0
CC(C)(C1=CC=C(OCC2CO2)C=C1)C1=CC=C(OCC2CO2)C=C1,185,O=C(OCP(COC(CC(C(OCP(CO)(CO)=O)=O)CP1(OC2=C(C3=C1C=CC=C3)C=CC=C2)=O)=O)(COC(CC(C(OCP(CO)(CO)=O)=O)CP4(OC5=C(C6=C4C=CC=C6)C=CC=C5)=O)=O)=O)CC(C(OCP(CO)(CO)=O)=O)CP7(OC8=C(C9=C7C=CC=C9)C=CC=C8)=O,1,NC1=CC=C(CC2=CC=C(N)C=C2)C=C1,20.6,100,2,150,4,0,0,0,0,0,0,0,0,0,0,0,0,0,0,0,0,,0,,0,,0
CC(C)(C1=CC=C(OCC2CO2)C=C1)C1=CC=C(OCC2CO2)C=C1,185,O=C(OCP(COC(CC(C(OCP(CO)(CO)=O)=O)CP1(OC2=C(C3=C1C=CC=C3)C=CC=C2)=O)=O)(COC(CC(C(OCP(CO)(CO)=O)=O)CP4(OC5=C(C6=C4C=CC=C6)C=CC=C5)=O)=O)=O)CC(C(OCP(CO)(CO)=O)=O)CP7(OC8=C(C9=C7C=CC=C9)C=CC=C8)=O,2,NC1=CC=C(CC2=CC=C(N)C=C2)C=C1,20.4,100,2,150,4,0,0,0,0,0,0,0,0,0,0,0,0,0,0,0,0,,0,,0,,0
CC(C)(C1=CC=C(OCC2CO2)C=C1)C1=CC=C(OCC2CO2)C=C1,185,O=C(OCP(COC(CC(C(OCP(CO)(CO)=O)=O)CP1(OC2=C(C3=C1C=CC=C3)C=CC=C2)=O)=O)(COC(CC(C(OCP(CO)(CO)=O)=O)CP4(OC5=C(C6=C4C=CC=C6)C=CC=C5)=O)=O)=O)CC(C(OCP(CO)(CO)=O)=O)CP7(OC8=C(C9=C7C=CC=C9)C=CC=C8)=O,4,NC1=CC=C(CC2=CC=C(N)C=C2)C=C1,20,100,2,150,4,0,0,0,0,0,0,0,0,0,0,0,0,0,0,0,0,,0,,0,,0
CC(C)(C1=CC=C(OCC2CO2)C=C1)C1=CC=C(OCC2CO2)C=C1,185,O=P(CO)(CO)CO,2,NC1=CC=C(CC2=CC=C(N)C=C2)C=C1,20.2,100,2,150,4,0,0,0,0,0,0,0,0,0,0,0,0,0,0,0,0,,0,,0,,0
CC(C)(C1=CC=C(OCC2CO2)C=C1)C1=CC=C(OCC2CO2)C=C1,185,O=P1OC2=C(C3=C1C=CC=C3)C=CC=C2,2,NC1=CC=C(CC2=CC=C(N)C=C2)C=C1,20.2,100,2,150,4,0,0,0,0,0,0,0,0,0,0,0,0,0,0,0,0,,0,,0,,0
CC(C)(C1=CC=C(OCC2CO2)C=C1)C1=CC=C(OCC2CO2)C=C1,185,O=P1OC2=C(C3=C1C=CC=C3)C=CC=C2,0,NC1=CC=C(CC2=CC=C(N)C=C2)C=C1,20.8,100,2,150,4,0,0,0,0,0,0,0,0,0,0,0,0,0,0,0,0,,0,,0,,0
CC(C)(C1=CC=C(OCC2CO2)C=C1)C1=CC=C(OCC2CO2)C=C1,173,COC1=CC(C(O)P2(=O)OC3=C(C=CC=C3)C3=C2C=CC=C3)=CC(C2=CC(C(O)P3(=O)OC4=C(C=CC=C4)C4=C3C=CC=C4)=CC(OC)=C2O)=C1O,2.5,NC1=CC=C(CC2=CC=C(N)C=C2)C=C1,16.88,100,2,150,2,0,0,0,0,0,0,0,0,0,0,0,0,0,0,0,0,,0,,0,,0
CC(C)(C1=CC=C(OCC2CO2)C=C1)C1=CC=C(OCC2CO2)C=C1,173,COC1=CC(C(O)P2(=O)OC3=C(C=CC=C3)C3=C2C=CC=C3)=CC(C2=CC(C(O)P3(=O)OC4=C(C=CC=C4)C4=C3C=CC=C4)=CC(OC)=C2O)=C1O,5,NC1=CC=C(CC2=CC=C(N)C=C2)C=C1,15.88,100,2,150,2,0,0,0,0,0,0,0,0,0,0,0,0,0,0,0,0,,0,,0,,0
CC(C)(C1=CC=C(OCC2CO2)C=C1)C1=CC=C(OCC2CO2)C=C1,173,COC1=CC(C(O)P2(=O)OC3=C(C=CC=C3)C3=C2C=CC=C3)=CC(C2=CC(C(O)P3(=O)OC4=C(C=CC=C4)C4=C3C=CC=C4)=CC(OC)=C2O)=C1O,0,NC1=CC=C(CC2=CC=C(N)C=C2)C=C1,17.9,100,2,150,2,0,0,0,0,0,0,0,0,0,0,0,0,0,0,0,0,,0,,0,,0
CC(C)(C1=CC=C(OCC2CO2)C=C1)C1=CC=C(OCC2CO2)C=C1,196,O=C(OCCN1C(N(C(N(C1=O)CCOC(CC(P2(OC3=C(C4=C2C=CC=C4)C=CC=C3)=S)C(O)=O)=O)=O)CCOC(CC(P5(OC6=C(C7=C5C=CC=C7)C=CC=C6)=S)C(O)=O)=O)=O)CC(P8(OC9=C(C%10=C8C=CC=C%10)C=CC=C9)=S)C(O)=O,2.5,NC1=CC=C(S(=O)(=O)C2=CC=C(N)C=C2)C=C1,23.41,150,3,180,5,0,0,0,0,0,0,0,0,0,0,0,0,0,0,0,0,,0,,0,,0
CC(C)(C1=CC=C(OCC2CO2)C=C1)C1=CC=C(OCC2CO2)C=C1,196,O=C(OCCN1C(N(C(N(C1=O)CCOC(CC(P2(OC3=C(C4=C2C=CC=C4)C=CC=C3)=S)C(O)=O)=O)=O)CCOC(CC(P5(OC6=C(C7=C5C=CC=C7)C=CC=C6)=S)C(O)=O)=O)=O)CC(P8(OC9=C(C%10=C8C=CC=C%10)C=CC=C9)=S)C(O)=O,7.5,NC1=CC=C(S(=O)(=O)C2=CC=C(N)C=C2)C=C1,22.21,150,3,180,5,0,0,0,0,0,0,0,0,0,0,0,0,0,0,0,0,,0,,0,,0
CC(C)(C1=CC=C(OCC2CO2)C=C1)C1=CC=C(OCC2CO2)C=C1,196,O=C(OCCN1C(N(C(N(C1=O)CCOC(CC(P2(OC3=C(C4=C2C=CC=C4)C=CC=C3)=S)C(O)=O)=O)=O)CCOC(CC(P5(OC6=C(C7=C5C=CC=C7)C=CC=C6)=S)C(O)=O)=O)=O)CC(P8(OC9=C(C%10=C8C=CC=C%10)C=CC=C9)=S)C(O)=O,12.5,NC1=CC=C(S(=O)(=O)C2=CC=C(N)C=C2)C=C1,21.01,150,3,180,5,0,0,0,0,0,0,0,0,0,0,0,0,0,0,0,0,,0,,0,,0
CC(C)(C1=CC=C(OCC2CO2)C=C1)C1=CC=C(OCC2CO2)C=C1,196,O=C(OCCN1C(N(C(N(C1=O)CCOC(CC(P2(OC3=C(C4=C2C=CC=C4)C=CC=C3)=S)C(O)=O)=O)=O)CCOC(CC(P5(OC6=C(C7=C5C=CC=C7)C=CC=C6)=S)C(O)=O)=O)=O)CC(P8(OC9=C(C%10=C8C=CC=C%10)C=CC=C9)=S)C(O)=O,0,NC1=CC=C(S(=O)(=O)C2=CC=C(N)C=C2)C=C1,24.01215805,150,3,180,5,0,0,0,0,0,0,0,0,0,0,0,0,0,0,0,0,,0,,0,,0
CC(C)(C1=CC=C(OCC2CO2)C=C1)C1=CC=C(OCC2CO2)C=C1,196,CC(C1=CC=C(C=C1)[NH3+])(P2(OC3=C(C4=C2C=CC=C4)C=CC=C3)=O)C5=CC=C(C=C5)N.O=P(O)(O[C@H]6[C@H]([C@H]([C@@H]([C@H]([C@@H]6OP(O)([O-])=O)OP(O)(O)=O)OP(O)([O-])=O)OP(O)([O-])=O)OP(O)(O)=O)[O-].CC(C7=CC=C(C=C7)[NH3+])(P8(OC9=C(C%10=C8C=CC=C%10)C=CC=C9)=O)C%11=CC=C(C=C%11)N.CC(C%12=CC=C(C=C%12)[NH3+])(P%13(OC%14=C(C%15=C%13C=CC=C%15)C=CC=C%14)=O)C%16=CC=C(C=C%16)N.CC(C%17=CC=C(C=C%17)[NH3+])(P%18(OC%19=C(C%20=C%18C=CC=C%20)C=CC=C%19)=O)C%21=CC=C(C=C%21)N,6,CC(C)(C1=CC=C(OC#N)C=C1)C1=CC=C(OC#N)C=C1,47,150,1,180,1,200,2,220,2,0,0,0,0,0,0,0,0,0,0,0,0,,0,,0,,0
CC(C)(C1=CC=C(OCC2CO2)C=C1)C1=CC=C(OCC2CO2)C=C1,196,CC(C1=CC=C(C=C1)[NH3+])(P2(OC3=C(C4=C2C=CC=C4)C=CC=C3)=O)C5=CC=C(C=C5)N.O=P(O)(O[C@H]6[C@H]([C@H]([C@@H]([C@H]([C@@H]6OP(O)([O-])=O)OP(O)(O)=O)OP(O)([O-])=O)OP(O)([O-])=O)OP(O)(O)=O)[O-].CC(C7=CC=C(C=C7)[NH3+])(P8(OC9=C(C%10=C8C=CC=C%10)C=CC=C9)=O)C%11=CC=C(C=C%11)N.CC(C%12=CC=C(C=C%12)[NH3+])(P%13(OC%14=C(C%15=C%13C=CC=C%15)C=CC=C%14)=O)C%16=CC=C(C=C%16)N.CC(C%17=CC=C(C=C%17)[NH3+])(P%18(OC%19=C(C%20=C%18C=CC=C%20)C=CC=C%19)=O)C%21=CC=C(C=C%21)N,8,CC(C)(C1=CC=C(OC#N)C=C1)C1=CC=C(OC#N)C=C1,46,150,1,180,1,200,2,220,2,0,0,0,0,0,0,0,0,0,0,0,0,,0,,0,,0
CC(C)(C1=CC=C(OCC2CO2)C=C1)C1=CC=C(OCC2CO2)C=C1,196,CC(C1=CC=C(C=C1)[NH3+])(P2(OC3=C(C4=C2C=CC=C4)C=CC=C3)=O)C5=CC=C(C=C5)N.O=P(O)(O[C@H]6[C@H]([C@H]([C@@H]([C@H]([C@@H]6OP(O)([O-])=O)OP(O)(O)=O)OP(O)([O-])=O)OP(O)([O-])=O)OP(O)(O)=O)[O-].CC(C7=CC=C(C=C7)[NH3+])(P8(OC9=C(C%10=C8C=CC=C%10)C=CC=C9)=O)C%11=CC=C(C=C%11)N.CC(C%12=CC=C(C=C%12)[NH3+])(P%13(OC%14=C(C%15=C%13C=CC=C%15)C=CC=C%14)=O)C%16=CC=C(C=C%16)N.CC(C%17=CC=C(C=C%17)[NH3+])(P%18(OC%19=C(C%20=C%18C=CC=C%20)C=CC=C%19)=O)C%21=CC=C(C=C%21)N,10,CC(C)(C1=CC=C(OC#N)C=C1)C1=CC=C(OC#N)C=C1,45,150,1,180,1,200,2,220,2,0,0,0,0,0,0,0,0,0,0,0,0,,0,,0,,0
CC(C)(C1=CC=C(OCC2CO2)C=C1)C1=CC=C(OCC2CO2)C=C1,196,CC(C1=CC=C(C=C1)[NH3+])(P2(OC3=C(C4=C2C=CC=C4)C=CC=C3)=O)C5=CC=C(C=C5)N.O=P(O)(O[C@H]6[C@H]([C@H]([C@@H]([C@H]([C@@H]6OP(O)([O-])=O)OP(O)(O)=O)OP(O)([O-])=O)OP(O)([O-])=O)OP(O)(O)=O)[O-].CC(C7=CC=C(C=C7)[NH3+])(P8(OC9=C(C%10=C8C=CC=C%10)C=CC=C9)=O)C%11=CC=C(C=C%11)N.CC(C%12=CC=C(C=C%12)[NH3+])(P%13(OC%14=C(C%15=C%13C=CC=C%15)C=CC=C%14)=O)C%16=CC=C(C=C%16)N.CC(C%17=CC=C(C=C%17)[NH3+])(P%18(OC%19=C(C%20=C%18C=CC=C%20)C=CC=C%19)=O)C%21=CC=C(C=C%21)N,0,CC(C)(C1=CC=C(OC#N)C=C1)C1=CC=C(OC#N)C=C1,50,150,1,180,1,200,2,220,2,0,0,0,0,0,0,0,0,0,0,0,0,,0,,0,,0
CC(C)(C1=CC=C(OCC2CO2)C=C1)C1=CC=C(OCC2CO2)C=C1,227,CP(OCC1=CC=CO1)(OCC2=CC=CO2)=NC,1,NC1=CC=C(CC2=CC=C(N)C=C2)C=C1,17.74193548,100,2,150,2,0,0,0,0,0,0,0,0,0,0,0,0,0,0,0,0,,0,,0,,0
CC(C)(C1=CC=C(OCC2CO2)C=C1)C1=CC=C(OCC2CO2)C=C1,227,CP(OCC1=CC=CO1)(OCC2=CC=CO2)=NC,3,NC1=CC=C(CC2=CC=C(N)C=C2)C=C1,17.38351254,100,2,150,2,0,0,0,0,0,0,0,0,0,0,0,0,0,0,0,0,,0,,0,,0
CC(C)(C1=CC=C(OCC2CO2)C=C1)C1=CC=C(OCC2CO2)C=C1,227,CP(OCC1=CC=CO1)(OCC2=CC=CO2)=NC,5,NC1=CC=C(CC2=CC=C(N)C=C2)C=C1,17.02508961,100,2,150,2,0,0,0,0,0,0,0,0,0,0,0,0,0,0,0,0,,0,,0,,0
CC(C)(C1=CC=C(OCC2CO2)C=C1)C1=CC=C(OCC2CO2)C=C1,227,CP(OCC1=CC=CO1)(OCC2=CC=CO2)=NC,10,NC1=CC=C(CC2=CC=C(N)C=C2)C=C1,16.12903226,100,2,150,2,0,0,0,0,0,0,0,0,0,0,0,0,0,0,0,0,,0,,0,,0
CC(C)(C1=CC=C(OCC2CO2)C=C1)C1=CC=C(OCC2CO2)C=C1,227,CP(OCC1=CC=CO1)(OCC2=CC=CO2)=NC,15,NC1=CC=C(CC2=CC=C(N)C=C2)C=C1,15.23297491,100,2,150,2,0,0,0,0,0,0,0,0,0,0,0,0,0,0,0,0,,0,,0,,0
CC(C)(C1=CC=C(OCC2CO2)C=C1)C1=CC=C(OCC2CO2)C=C1,227,CP(OCC1=CC=CO1)(OCC2=CC=CO2)=NC,0,NC1=CC=C(CC2=CC=C(N)C=C2)C=C1,17.92114695,100,2,150,2,0,0,0,0,0,0,0,0,0,0,0,0,0,0,0,0,,0,,0,,0
CC(C)(C1=CC=C(OCC2CO2)C=C1)C1=CC=C(OCC2CO2)C=C1,227,NCCC[P+](C1=CC=CC=C1)(C2=CC=CC=C2)C3=CC=CC=C3.FP(F)(F)(F)F.[F-],0.5,NC1=CC=C(CC2=CC=C(N)C=C2)C=C1,17.8,100,2,150,2,0,0,0,0,0,0,0,0,0,0,0,0,0,0,0,0,,0,,0,,0
CC(C)(C1=CC=C(OCC2CO2)C=C1)C1=CC=C(OCC2CO2)C=C1,227,NCCC[P+](C1=CC=CC=C1)(C2=CC=CC=C2)C3=CC=CC=C3.FP(F)(F)(F)F.[F-],1,NC1=CC=C(CC2=CC=C(N)C=C2)C=C1,17.7,100,2,150,2,0,0,0,0,0,0,0,0,0,0,0,0,0,0,0,0,,0,,0,,0
CC(C)(C1=CC=C(OCC2CO2)C=C1)C1=CC=C(OCC2CO2)C=C1,227,NCCC[P+](C1=CC=CC=C1)(C2=CC=CC=C2)C3=CC=CC=C3.FP(F)(F)(F)F.[F-],1.5,NC1=CC=C(CC2=CC=C(N)C=C2)C=C1,17.6,100,2,150,2,0,0,0,0,0,0,0,0,0,0,0,0,0,0,0,0,,0,,0,,0
CC(C)(C1=CC=C(OCC2CO2)C=C1)C1=CC=C(OCC2CO2)C=C1,227,NCCC[P+](C1=CC=CC=C1)(C2=CC=CC=C2)C3=CC=CC=C3.FP(F)(F)(F)F.[F-],2,NC1=CC=C(CC2=CC=C(N)C=C2)C=C1,17.5,100,2,150,2,0,0,0,0,0,0,0,0,0,0,0,0,0,0,0,0,,0,,0,,0
CC(C)(C1=CC=C(OCC2CO2)C=C1)C1=CC=C(OCC2CO2)C=C1,227,NCCC[P+](C1=CC=CC=C1)(C2=CC=CC=C2)C3=CC=CC=C3.FP(F)(F)(F)F.[F-],0,NC1=CC=C(CC2=CC=C(N)C=C2)C=C1,17.9,100,2,150,2,0,0,0,0,0,0,0,0,0,0,0,0,0,0,0,0,,0,,0,,0
CC(C)(C1=CC=C(OCC2CO2)C=C1)C1=CC=C(OCC2CO2)C=C1,227,O=P(C)([O-])OP([O-])(OP([O-])(C)=O)=O.[NH3+]CCC[Si](O)(O)O.[NH4+].[NH4+],8,CNC1=CC=C(NC(=O)C2=CC=C(C(C)=O)C=C2)C=C1,30.66,25,2,80,3,0,0,0,0,0,0,0,0,0,0,0,0,0,0,0,0,,0,,0,,0
CC(C)(C1=CC=C(OCC2CO2)C=C1)C1=CC=C(OCC2CO2)C=C1,227,O=P(C)([O-])OP([O-])(OP([O-])(C)=O)=O.[NH4+].[NH4+].[NH4+],8,CNC1=CC=C(NC(=O)C2=CC=C(C(C)=O)C=C2)C=C1,30.66,25,2,80,3,0,0,0,0,0,0,0,0,0,0,0,0,0,0,0,0,,0,,0,,0
CC(C)(C1=CC=C(OCC2CO2)C=C1)C1=CC=C(OCC2CO2)C=C1,227,O=P(C)([O-])OP([O-])(OP([O-])(C)=O)=O.[NH4+].[NH4+].[NH4+],0,CNC1=CC=C(NC(=O)C2=CC=C(C(C)=O)C=C2)C=C1,33.32608696,25,2,80,3,0,0,0,0,0,0,0,0,0,0,0,0,0,0,0,0,,0,,0,,0
CC(C)(C1=CC=C(OCC2CO2)C=C1)C1=CC=C(OCC2CO2)C=C1,227,O=P1(NC2=NNC(NP3(=O)OC4=C(C=CC=C4)C4=CC=CC=C43)=N2)OC2=C(C=CC=C2)C2=CC=CC=C21,2.5,NC1=CC=C(CC2=CC=C(N)C=C2)C=C1,17.47,100,2,150,2,0,0,0,0,0,0,0,0,0,0,0,0,0,0,0,0,,0,,0,,0
CC(C)(C1=CC=C(OCC2CO2)C=C1)C1=CC=C(OCC2CO2)C=C1,227,O=P1(NC2=NNC(NP3(=O)OC4=C(C=CC=C4)C4=CC=CC=C43)=N2)OC2=C(C=CC=C2)C2=CC=CC=C21,5,NC1=CC=C(CC2=CC=C(N)C=C2)C=C1,17.05,100,2,150,2,0,0,0,0,0,0,0,0,0,0,0,0,0,0,0,0,,0,,0,,0
CC(C)(C1=CC=C(OCC2CO2)C=C1)C1=CC=C(OCC2CO2)C=C1,227,O=P1(NC2=NNC(NP3(=O)OC4=C(C=CC=C4)C4=CC=CC=C43)=N2)OC2=C(C=CC=C2)C2=CC=CC=C21,7.5,NC1=CC=C(CC2=CC=C(N)C=C2)C=C1,16.66,100,2,150,2,0,0,0,0,0,0,0,0,0,0,0,0,0,0,0,0,,0,,0,,0
CC(C)(C1=CC=C(OCC2CO2)C=C1)C1=CC=C(OCC2CO2)C=C1,227,NC1=NC(NP(Cl)(C2=CC=CC=C2)=O)=NN1,2.5,NC1=CC=C(CC2=CC=C(N)C=C2)C=C1,17.47,100,2,150,2,0,0,0,0,0,0,0,0,0,0,0,0,0,0,0,0,,0,,0,,0
CC(C)(C1=CC=C(OCC2CO2)C=C1)C1=CC=C(OCC2CO2)C=C1,227,NC1=NC(NP(Cl)(C2=CC=CC=C2)=O)=NN1,5,NC1=CC=C(CC2=CC=C(N)C=C2)C=C1,17.05,100,2,150,2,0,0,0,0,0,0,0,0,0,0,0,0,0,0,0,0,,0,,0,,0
CC(C)(C1=CC=C(OCC2CO2)C=C1)C1=CC=C(OCC2CO2)C=C1,227,NC1=NC(NP(Cl)(C2=CC=CC=C2)=O)=NN1,7.5,NC1=CC=C(CC2=CC=C(N)C=C2)C=C1,16.66,100,2,150,2,0,0,0,0,0,0,0,0,0,0,0,0,0,0,0,0,,0,,0,,0
CC(C)(C1=CC=C(OCC2CO2)C=C1)C1=CC=C(OCC2CO2)C=C1,227,NC1=NC(NP(Cl)(C2=CC=CC=C2)=O)=NN1,0,NC1=CC=C(CC2=CC=C(N)C=C2)C=C1,21.81,100,2,150,2,0,0,0,0,0,0,0,0,0,0,0,0,0,0,0,0,,0,,0,,0
CC(C)(C1=CC=C(OCC2CO2)C=C1)C1=CC=C(OCC2CO2)C=C1,188,O=P(CCC(O)=O)(C1=CC=CC=C1)[O-].C2=C[NH+]=CN2,20,O=P(CCC(O)=O)(C1=CC=CC=C1)[O-].C2=C[NH+]=CN2,20,100,2,160,3,0,0,0,0,0,0,0,0,0,0,0,0,0,0,0,0,,0,,0,,0
CC(C)(C1=CC=C(OCC2CO2)C=C1)C1=CC=C(OCC2CO2)C=C1,188,O=P(CCC([O-])=O)(C1=CC=CC=C1)[O-].C2=C[NH+]=CN2.C3=C[NH+]=CN3,16.7,O=P(CCC([O-])=O)(C1=CC=CC=C1)[O-].C2=C[NH+]=CN2.C3=C[NH+]=CN3,16.7,100,2,160,3,0,0,0,0,0,0,0,0,0,0,0,0,0,0,0,0,,0,,0,,0
CC(C)(C1=CC=C(OCC2CO2)C=C1)C1=CC=C(OCC2CO2)C=C1,188,O=P(CCC([O-])=O)(C1=CC=CC=C1)[O-].C2=C[NH+]=CN2.C3=C[NH+]=CN3,0,C1=CNC=N1,7,80,2,140,3,0,0,0,0,0,0,0,0,0,0,0,0,0,0,0,0,,0,,0,,0
CC(C)(C1=CC=C(OCC2CO2)C=C1)C1=CC=C(OCC2CO2)C=C1,227,O=P(C1=CC=CC=C1)(OC(C(OC)=C2)=CC=C2/C=N/C3=NC(/N=C/C4=CC(OC)=C(OP(C5=CC=CC=C5)(C6=CC=CC=C6)=O)C=C4)=NN3)C7=CC=CC=C7,2,NC1=CC=C(CC2=CC=C(N)C=C2)C=C1,17.54,100,2,120,2,0,0,0,0,0,0,0,0,0,0,0,0,0,0,0,0,,0,,0,,0
CC(C)(C1=CC=C(OCC2CO2)C=C1)C1=CC=C(OCC2CO2)C=C1,227,O=P(C1=CC=CC=C1)(OC(C(OC)=C2)=CC=C2/C=N/C3=NC(/N=C/C4=CC(OC)=C(OP(C5=CC=CC=C5)(C6=CC=CC=C6)=O)C=C4)=NN3)C7=CC=CC=C7,4,NC1=CC=C(CC2=CC=C(N)C=C2)C=C1,17.18,100,2,120,2,0,0,0,0,0,0,0,0,0,0,0,0,0,0,0,0,,0,,0,,0
CC(C)(C1=CC=C(OCC2CO2)C=C1)C1=CC=C(OCC2CO2)C=C1,227,O=P(C1=CC=CC=C1)(OC(C(OC)=C2)=CC=C2/C=N/C3=NC(/N=C/C4=CC(OC)=C(OP(C5=CC=CC=C5)(C6=CC=CC=C6)=O)C=C4)=NN3)C7=CC=CC=C7,6,NC1=CC=C(CC2=CC=C(N)C=C2)C=C1,16.82,100,2,120,2,0,0,0,0,0,0,0,0,0,0,0,0,0,0,0,0,,0,,0,,0
CC(C)(C1=CC=C(OCC2CO2)C=C1)C1=CC=C(OCC2CO2)C=C1,227,O=P(C1=CC=CC=C1)(OC(C(OC)=C2)=CC=C2/C=N/C3=NC(/N=C/C4=CC(OC)=C(OP(C5=CC=CC=C5)(C6=CC=CC=C6)=O)C=C4)=NN3)C7=CC=CC=C7,0,NC1=CC=C(CC2=CC=C(N)C=C2)C=C1,17.89819376,100,2,120,2,0,0,0,0,0,0,0,0,0,0,0,0,0,0,0,0,,0,,0,,0
CC(C)(C1=CC=C(OCC2CO2)C=C1)C1=CC=C(OCC2CO2)C=C1,196,O=P(OCCN(CCO)CCO)(C1=CC=CC=C1)C1=CC=CC=C1,11.8,CC12CC=CCC1C(=O)OC2=O,58.82,120,2,155,2,175,2,0,0,0,0,0,0,0,0,0,0,0,0,1.5,0,,0,,0,,0
CC(C)(C1=CC=C(OCC2CO2)C=C1)C1=CC=C(OCC2CO2)C=C1,196,O=P(OCCN(CCO)CCO)(C1=CC=CC=C1)C1=CC=CC=C1,14.3,CC12CC=CCC1C(=O)OC2=O,57.14,120,2,155,2,175,2,0,0,0,0,0,0,0,0,0,0,0,0,0,0,,0,,0,,0
CC(C)(C1=CC=C(OCC2CO2)C=C1)C1=CC=C(OCC2CO2)C=C1,196,O=P(OCCN(CCO)CCO)(C1=CC=CC=C1)C1=CC=CC=C1,16.7,CC12CC=CCC1C(=O)OC2=O,55.56,120,2,155,2,175,2,0,0,0,0,0,0,0,0,0,0,0,0,0,0,,0,,0,,0
CC(C)(C1=CC=C(OCC2CO2)C=C1)C1=CC=C(OCC2CO2)C=C1,196,O=P(OCCN(CCO)CCO)(C1=CC=CC=C1)C1=CC=CC=C1,0,CC12CC=CCC1C(=O)OC2=O,66.66666667,120,2,155,2,175,2,0,0,0,0,0,0,0,0,0,0,0,0,0,0,,0,,0,,0
CC(C)(C1=CC=C(OCC2CO2)C=C1)C1=CC=C(OCC2CO2)C=C1,196,[O-][N+](C1=CN=C(NC(C2=CC=CO2)P3(OC4=C(C5=C3C=CC=C5)C=CC=C4)=O)S1)=O,1,NC1=CC=C(CC2=CC=C(N)C=C2)C=C1,19.8,100,2,150,2,0,0,0,0,0,0,0,0,0,0,0,0,0,0,0,0,,0,,0,,0
CC(C)(C1=CC=C(OCC2CO2)C=C1)C1=CC=C(OCC2CO2)C=C1,196,[O-][N+](C1=CN=C(NC(C2=CC=CO2)P3(OC4=C(C5=C3C=CC=C5)C=CC=C4)=O)S1)=O,3,NC1=CC=C(CC2=CC=C(N)C=C2)C=C1,19.4,100,2,150,2,0,0,0,0,0,0,0,0,0,0,0,0,0,0,0,0,,0,,0,,0
CC(C)(C1=CC=C(OCC2CO2)C=C1)C1=CC=C(OCC2CO2)C=C1,196,[O-][N+](C1=CN=C(NC(C2=CC=CO2)P3(OC4=C(C5=C3C=CC=C5)C=CC=C4)=O)S1)=O,5,NC1=CC=C(CC2=CC=C(N)C=C2)C=C1,19,100,2,150,2,0,0,0,0,0,0,0,0,0,0,0,0,0,0,0,0,,0,,0,,0
CC(C)(C1=CC=C(OCC2CO2)C=C1)C1=CC=C(OCC2CO2)C=C1,196,[O-][N+](C1=CN=C(NC(C2=CC=CO2)P3(OC4=C(C5=C3C=CC=C5)C=CC=C4)=O)S1)=O,0,NC1=CC=C(CC2=CC=C(N)C=C2)C=C1,20,100,2,150,2,0,0,0,0,0,0,0,0,0,0,0,0,0,0,0,0,,0,,0,,0
C1=CC(OCC2CO2)=CC=C1CC1=CC=C(OCC2CO2)C=C1,165,COC1=CC(/C=N/C2=CC=C(C(C)(C3=CC=C(/N=C/C4=CC(OC)=C(O)C=C4)C=C3)P3(=O)OC4=C(C=CC=C4)C4=CC=CC=C43)C=C2)=CC=C1O,4,NC1=CC=C(CC2=CC=C(N)C=C2)C=C1,21.64,100,2,160,4,0,0,0,0,0,0,0,0,0,0,0,0,0,0,0,0,,0,,0,,0
C1=CC(OCC2CO2)=CC=C1CC1=CC=C(OCC2CO2)C=C1,165,COC1=CC(/C=N/C2=CC=C(C(C)(C3=CC=C(/N=C/C4=CC(OC)=C(O)C=C4)C=C3)P3(=O)OC4=C(C=CC=C4)C4=CC=CC=C43)C=C2)=CC=C1O,8,NC1=CC=C(CC2=CC=C(N)C=C2)C=C1,20.26,100,2,160,4,0,0,0,0,0,0,0,0,0,0,0,0,0,0,0,0,,0,,0,,0
C1=CC(OCC2CO2)=CC=C1CC1=CC=C(OCC2CO2)C=C1,165,COC1=CC(/C=N/C2=CC=C(C(C)(C3=CC=C(/N=C/C4=CC(OC)=C(O)C=C4)C=C3)P3(=O)OC4=C(C=CC=C4)C4=CC=CC=C43)C=C2)=CC=C1O,12.2,NC1=CC=C(CC2=CC=C(N)C=C2)C=C1,18.84,100,2,160,4,0,0,0,0,0,0,0,0,0,0,0,0,0,0,0,0,,0,,0,,0
C1=CC(OCC2CO2)=CC=C1CC1=CC=C(OCC2CO2)C=C1,165,COC1=CC(/C=N/C2=CC=C(C(C)(C3=CC=C(/N=C/C4=CC(OC)=C(O)C=C4)C=C3)P3(=O)OC4=C(C=CC=C4)C4=CC=CC=C43)C=C2)=CC=C1O,16.5,NC1=CC=C(CC2=CC=C(N)C=C2)C=C1,17.36,100,2,160,4,0,0,0,0,0,0,0,0,0,0,0,0,0,0,0,0,,0,,0,,0
C1=CC(OCC2CO2)=CC=C1CC1=CC=C(OCC2CO2)C=C1,165,COC1=CC(/C=N/C2=CC=C(C(C)(C3=CC=C(/N=C/C4=CC(OC)=C(O)C=C4)C=C3)P3(=O)OC4=C(C=CC=C4)C4=CC=CC=C43)C=C2)=CC=C1O,0,NC1=CC=C(CC2=CC=C(N)C=C2)C=C1,22.97026652,100,2,160,4,0,0,0,0,0,0,0,0,0,0,0,0,0,0,0,0,,0,,0,,0
C1=CC(OCC2CO2)=CC=C1CC1=CC=C(OCC2CO2)C=C1,165,[H]P1(=O)OC2=C(C=CC=C2)C2=C1C=CC=C2,5.11621108,NC1=CC=C(CC2=CC=C(N)C=C2)C=C1,21.7950592,100,2,160,4,0,0,0,0,0,0,0,0,0,0,0,0,0,0,0,0,,0,,0,,0
CC(C)(C1=CC=C(OCC2CO2)C=C1)C1=CC=C(OCC2CO2)C=C1,196,NC1=CC=[N+]([Zn]([N+]2=CC=C(C=C2)N)([N+]3=CC=C(C=C3)N)[N+]4=CC=C(C=C4)N)C=C1,2,NC1=CC=C(CC2=CC=C(N)C=C2)C=C1,19.79,120,2,170,4,0,0,0,0,0,0,0,0,0,0,0,0,0,0,0,0,,0,,0,,0
CC(C)(C1=CC=C(OCC2CO2)C=C1)C1=CC=C(OCC2CO2)C=C1,196,NC1=CC=[N+]([Zn]([N+]2=CC=C(C=C2)N)([N+]3=CC=C(C=C3)N)[N+]4=CC=C(C=C4)N)C=C1,4,NC1=CC=C(CC2=CC=C(N)C=C2)C=C1,19.38,120,2,170,4,0,0,0,0,0,0,0,0,0,0,0,0,0,0,0,0,,0,,0,,0
CC(C)(C1=CC=C(OCC2CO2)C=C1)C1=CC=C(OCC2CO2)C=C1,196,NC1=CC=[N+]([Zn]([N+]2=CC=C(C=C2)N)([N+]3=CC=C(C=C3)N)[N+]4=CC=C(C=C4)N)C=C1,6,NC1=CC=C(CC2=CC=C(N)C=C2)C=C1,18.98,120,2,170,4,0,0,0,0,0,0,0,0,0,0,0,0,0,0,0,0,,0,,0,,0
CC(C)(C1=CC=C(OCC2CO2)C=C1)C1=CC=C(OCC2CO2)C=C1,196,NC1=CC=[N+]([Zn]([N+]2=CC=C(C=C2)N)([N+]3=CC=C(C=C3)N)[N+]4=CC=C(C=C4)N)C=C1,0,NC1=CC=C(CC2=CC=C(N)C=C2)C=C1,20.1915403,120,2,170,4,0,0,0,0,0,0,0,0,0,0,0,0,0,0,0,0,,0,,0,,0
CC(C)(C1=CC=C(OCC2CO2)C=C1)C1=CC=C(OCC2CO2)C=C1,196,NC1=CC=[N+]([Zn]([N+](C=C2)=CC=C2NP3(NC4=CC=[N+]([Zn]([N+](C=C5)=CC=C5N)([N+]6=CC=C(C=C6)N)[N+]7=CC=C(C=C7)N)C=C4)=NP(NC8=CC=[N+]([Zn]([N+](C=C9)=CC=C9N)([N+]%10=CC=C(C=C%10)N)[N+]%11=CC=C(C=C%11)N)C=C8)(NC%12=CC=[N+]([Zn]([N+](C=C%13)=CC=C%13N)([N+]%14=CC=C(C=C%14)N)[N+]%15=CC=C(C=C%15)N)C=C%12)=NP(NC%16=CC=[N+]([Zn]([N+](C=C%17)=CC=C%17N)([N+]%18=CC=C(C=C%18)N)[N+]%19=CC=C(C=C%19)N)C=C%16)(NC%20=CC=[N+]([Zn]([N+](C=C%21)=CC=C%21N)([N+]%22=CC=C(C=C%22)N)[N+]%23=CC=C(C=C%23)N)C=C%20)=N3)([N+]%24=CC=C(C=C%24)N)[N+]%25=CC=C(C=C%25)N)C=C1,2,NC1=CC=C(CC2=CC=C(N)C=C2)C=C1,19.79,120,2,170,4,0,0,0,0,0,0,0,0,0,0,0,0,0,0,0,0,,0,,0,,0
CC(C)(C1=CC=C(OCC2CO2)C=C1)C1=CC=C(OCC2CO2)C=C1,196,NC1=CC=[N+]([Zn]([N+](C=C2)=CC=C2NP3(NC4=CC=[N+]([Zn]([N+](C=C5)=CC=C5N)([N+]6=CC=C(C=C6)N)[N+]7=CC=C(C=C7)N)C=C4)=NP(NC8=CC=[N+]([Zn]([N+](C=C9)=CC=C9N)([N+]%10=CC=C(C=C%10)N)[N+]%11=CC=C(C=C%11)N)C=C8)(NC%12=CC=[N+]([Zn]([N+](C=C%13)=CC=C%13N)([N+]%14=CC=C(C=C%14)N)[N+]%15=CC=C(C=C%15)N)C=C%12)=NP(NC%16=CC=[N+]([Zn]([N+](C=C%17)=CC=C%17N)([N+]%18=CC=C(C=C%18)N)[N+]%19=CC=C(C=C%19)N)C=C%16)(NC%20=CC=[N+]([Zn]([N+](C=C%21)=CC=C%21N)([N+]%22=CC=C(C=C%22)N)[N+]%23=CC=C(C=C%23)N)C=C%20)=N3)([N+]%24=CC=C(C=C%24)N)[N+]%25=CC=C(C=C%25)N)C=C1,4,NC1=CC=C(CC2=CC=C(N)C=C2)C=C1,19.38,120,2,170,4,0,0,0,0,0,0,0,0,0,0,0,0,0,0,0,0,,0,,0,,0
CC(C)(C1=CC=C(OCC2CO2)C=C1)C1=CC=C(OCC2CO2)C=C1,196,NC1=CC=[N+]([Zn]([N+](C=C2)=CC=C2NP3(NC4=CC=[N+]([Zn]([N+](C=C5)=CC=C5N)([N+]6=CC=C(C=C6)N)[N+]7=CC=C(C=C7)N)C=C4)=NP(NC8=CC=[N+]([Zn]([N+](C=C9)=CC=C9N)([N+]%10=CC=C(C=C%10)N)[N+]%11=CC=C(C=C%11)N)C=C8)(NC%12=CC=[N+]([Zn]([N+](C=C%13)=CC=C%13N)([N+]%14=CC=C(C=C%14)N)[N+]%15=CC=C(C=C%15)N)C=C%12)=NP(NC%16=CC=[N+]([Zn]([N+](C=C%17)=CC=C%17N)([N+]%18=CC=C(C=C%18)N)[N+]%19=CC=C(C=C%19)N)C=C%16)(NC%20=CC=[N+]([Zn]([N+](C=C%21)=CC=C%21N)([N+]%22=CC=C(C=C%22)N)[N+]%23=CC=C(C=C%23)N)C=C%20)=N3)([N+]%24=CC=C(C=C%24)N)[N+]%25=CC=C(C=C%25)N)C=C1,6,NC1=CC=C(CC2=CC=C(N)C=C2)C=C1,18.98,120,2,170,4,0,0,0,0,0,0,0,0,0,0,0,0,0,0,0,0,,0,,0,,0
CC(C)(C1=CC=C(OCC2CO2)C=C1)C1=CC=C(OCC2CO2)C=C1,196,NC1=CC=[N+]([Fe]([N+]2=CC=C(C=C2)N)([N+]3=CC=C(C=C3)N)[N+]4=CC=C(C=C4)N)C=C1,2,NC1=CC=C(CC2=CC=C(N)C=C2)C=C1,19.79,120,2,170,4,0,0,0,0,0,0,0,0,0,0,0,0,0,0,0,0,,0,,0,,0
CC(C)(C1=CC=C(OCC2CO2)C=C1)C1=CC=C(OCC2CO2)C=C1,196,NC1=CC=[N+]([Fe]([N+]2=CC=C(C=C2)N)([N+]3=CC=C(C=C3)N)[N+]4=CC=C(C=C4)N)C=C1,4,NC1=CC=C(CC2=CC=C(N)C=C2)C=C1,19.38,120,2,170,4,0,0,0,0,0,0,0,0,0,0,0,0,0,0,0,0,,0,,0,,0
CC(C)(C1=CC=C(OCC2CO2)C=C1)C1=CC=C(OCC2CO2)C=C1,196,NC1=CC=[N+]([Fe]([N+]2=CC=C(C=C2)N)([N+]3=CC=C(C=C3)N)[N+]4=CC=C(C=C4)N)C=C1,6,NC1=CC=C(CC2=CC=C(N)C=C2)C=C1,18.98,120,2,170,4,0,0,0,0,0,0,0,0,0,0,0,0,0,0,0,0,,0,,0,,0
CC(C)(C1=CC=C(OCC2CO2)C=C1)C1=CC=C(OCC2CO2)C=C1,196,NC1=CC=[N+]([Fe]([N+](C=C2)=CC=C2NP3(NC4=CC=[N+]([Fe]([N+](C=C5)=CC=C5N)([N+]6=CC=C(C=C6)N)[N+]7=CC=C(C=C7)N)C=C4)=NP(NC8=CC=[N+]([Fe]([N+](C=C9)=CC=C9N)([N+]%10=CC=C(C=C%10)N)[N+]%11=CC=C(C=C%11)N)C=C8)(NC%12=CC=[N+]([Fe]([N+](C=C%13)=CC=C%13N)([N+]%14=CC=C(C=C%14)N)[N+]%15=CC=C(C=C%15)N)C=C%12)=NP(NC%16=CC=[N+]([Fe]([N+](C=C%17)=CC=C%17N)([N+]%18=CC=C(C=C%18)N)[N+]%19=CC=C(C=C%19)N)C=C%16)(NC%20=CC=[N+]([Fe]([N+](C=C%21)=CC=C%21N)([N+]%22=CC=C(C=C%22)N)[N+]%23=CC=C(C=C%23)N)C=C%20)=N3)([N+]%24=CC=C(C=C%24)N)[N+]%25=CC=C(C=C%25)N)C=C1,2,NC1=CC=C(CC2=CC=C(N)C=C2)C=C1,19.79,120,2,170,4,0,0,0,0,0,0,0,0,0,0,0,0,0,0,0,0,,0,,0,,0
CC(C)(C1=CC=C(OCC2CO2)C=C1)C1=CC=C(OCC2CO2)C=C1,196,NC1=CC=[N+]([Fe]([N+](C=C2)=CC=C2NP3(NC4=CC=[N+]([Fe]([N+](C=C5)=CC=C5N)([N+]6=CC=C(C=C6)N)[N+]7=CC=C(C=C7)N)C=C4)=NP(NC8=CC=[N+]([Fe]([N+](C=C9)=CC=C9N)([N+]%10=CC=C(C=C%10)N)[N+]%11=CC=C(C=C%11)N)C=C8)(NC%12=CC=[N+]([Fe]([N+](C=C%13)=CC=C%13N)([N+]%14=CC=C(C=C%14)N)[N+]%15=CC=C(C=C%15)N)C=C%12)=NP(NC%16=CC=[N+]([Fe]([N+](C=C%17)=CC=C%17N)([N+]%18=CC=C(C=C%18)N)[N+]%19=CC=C(C=C%19)N)C=C%16)(NC%20=CC=[N+]([Fe]([N+](C=C%21)=CC=C%21N)([N+]%22=CC=C(C=C%22)N)[N+]%23=CC=C(C=C%23)N)C=C%20)=N3)([N+]%24=CC=C(C=C%24)N)[N+]%25=CC=C(C=C%25)N)C=C1,4,NC1=CC=C(CC2=CC=C(N)C=C2)C=C1,19.38,120,2,170,4,0,0,0,0,0,0,0,0,0,0,0,0,0,0,0,0,,0,,0,,0
CC(C)(C1=CC=C(OCC2CO2)C=C1)C1=CC=C(OCC2CO2)C=C1,196,NC1=CC=[N+]([Fe]([N+](C=C2)=CC=C2NP3(NC4=CC=[N+]([Fe]([N+](C=C5)=CC=C5N)([N+]6=CC=C(C=C6)N)[N+]7=CC=C(C=C7)N)C=C4)=NP(NC8=CC=[N+]([Fe]([N+](C=C9)=CC=C9N)([N+]%10=CC=C(C=C%10)N)[N+]%11=CC=C(C=C%11)N)C=C8)(NC%12=CC=[N+]([Fe]([N+](C=C%13)=CC=C%13N)([N+]%14=CC=C(C=C%14)N)[N+]%15=CC=C(C=C%15)N)C=C%12)=NP(NC%16=CC=[N+]([Fe]([N+](C=C%17)=CC=C%17N)([N+]%18=CC=C(C=C%18)N)[N+]%19=CC=C(C=C%19)N)C=C%16)(NC%20=CC=[N+]([Fe]([N+](C=C%21)=CC=C%21N)([N+]%22=CC=C(C=C%22)N)[N+]%23=CC=C(C=C%23)N)C=C%20)=N3)([N+]%24=CC=C(C=C%24)N)[N+]%25=CC=C(C=C%25)N)C=C1,6,NC1=CC=C(CC2=CC=C(N)C=C2)C=C1,18.98,120,2,170,4,0,0,0,0,0,0,0,0,0,0,0,0,0,0,0,0,,0,,0,,0
CC(C)(C1=CC=C(OCC2CO2)C=C1)C1=CC=C(OCC2CO2)C=C1,227,[O-]P(C1=CC=CC=C1)(O)=O.[O-]P(C2=CC=CC=C2)(O)=O.[NH3+]C(C=C3)=CC=C3OC4=CC=C([NH3+])C=C4,1,NC1=CC=C(CC2=CC=C(N)C=C2)C=C1,19.8,120,4,0,0,0,0,0,0,0,0,0,0,0,0,0,0,0,0,0,0,,0,,0,,0
CC(C)(C1=CC=C(OCC2CO2)C=C1)C1=CC=C(OCC2CO2)C=C1,227,[O-]P(C1=CC=CC=C1)(O)=O.[O-]P(C2=CC=CC=C2)(O)=O.[NH3+]C(C=C3)=CC=C3OC4=CC=C([NH3+])C=C4,3,NC1=CC=C(CC2=CC=C(N)C=C2)C=C1,19.4,120,4,0,0,0,0,0,0,0,0,0,0,0,0,0,0,0,0,0,0,,0,,0,,0
CC(C)(C1=CC=C(OCC2CO2)C=C1)C1=CC=C(OCC2CO2)C=C1,227,[O-]P(C1=CC=CC=C1)(O)=O.[O-]P(C2=CC=CC=C2)(O)=O.[NH3+]C(C=C3)=CC=C3OC4=CC=C([NH3+])C=C4,5,NC1=CC=C(CC2=CC=C(N)C=C2)C=C1,19,120,4,0,0,0,0,0,0,0,0,0,0,0,0,0,0,0,0,0,0,,0,,0,,0
CC(C)(C1=CC=C(OCC2CO2)C=C1)C1=CC=C(OCC2CO2)C=C1,227,[O-]P(C1=CC=CC=C1)(O)=O.[O-]P(C2=CC=CC=C2)(O)=O.[NH3+]C(C=C3)=CC=C3OC4=CC=C([NH3+])C=C4,0,NC1=CC=C(CC2=CC=C(N)C=C2)C=C1,20,120,4,0,0,0,0,0,0,0,0,0,0,0,0,0,0,0,0,0,0,,0,,0,,0
CC(C)(C1=CC=C(OCC2CO2)C=C1)C1=CC=C(OCC2CO2)C=C1,227,[H]P1(OC2=C(C3=CC=CC=C31)C=CC=C2)=O,1,NC1=CC=C(CC2=CC=C(N)C=C2)C=C1,19.8,120,4,0,0,0,0,0,0,0,0,0,0,0,0,0,0,0,0,0,0,,0,,0,,0
CC(C)(C1=CC=C(OCC2CO2)C=C1)C1=CC=C(OCC2CO2)C=C1,227,[H]P1(OC2=C(C3=CC=CC=C31)C=CC=C2)=O,3,NC1=CC=C(CC2=CC=C(N)C=C2)C=C1,19.4,120,4,0,0,0,0,0,0,0,0,0,0,0,0,0,0,0,0,0,0,,0,,0,,0
CC(C)(C1=CC=C(OCC2CO2)C=C1)C1=CC=C(OCC2CO2)C=C1,227,[H]P1(OC2=C(C3=CC=CC=C31)C=CC=C2)=O,5,NC1=CC=C(CC2=CC=C(N)C=C2)C=C1,19,120,4,0,0,0,0,0,0,0,0,0,0,0,0,0,0,0,0,0,0,,0,,0,,0
CC(C)(C1=CC=C(OCC2CO2)C=C1)C1=CC=C(OCC2CO2)C=C1,227,[O-]P(C1=CC=CC=C1)(O)=O.[O-]P(C2=CC=CC=C2)(O)=O.[NH3+]C(C=C3)=CC=C3OC4=CC=C([NH3+])C=C4,0.5,NC1=CC=C(CC2=CC=C(N)C=C2)C=C1,19.8,120,4,0,0,0,0,0,0,0,0,0,0,0,0,0,0,0,0,0,0,[H]P1(OC2=C(C3=CC=CC=C31)C=CC=C2)=O,0.5,,0,,0
CC(C)(C1=CC=C(OCC2CO2)C=C1)C1=CC=C(OCC2CO2)C=C1,227,[O-]P(C1=CC=CC=C1)(O)=O.[O-]P(C2=CC=CC=C2)(O)=O.[NH3+]C(C=C3)=CC=C3OC4=CC=C([NH3+])C=C4,1.5,NC1=CC=C(CC2=CC=C(N)C=C2)C=C1,19.4,120,4,0,0,0,0,0,0,0,0,0,0,0,0,0,0,0,0,0,0,[H]P1(OC2=C(C3=CC=CC=C31)C=CC=C2)=O,1.5,,0,,0
CC(C)(C1=CC=C(OCC2CO2)C=C1)C1=CC=C(OCC2CO2)C=C1,227,[O-]P(C1=CC=CC=C1)(O)=O.[O-]P(C2=CC=CC=C2)(O)=O.[NH3+]C(C=C3)=CC=C3OC4=CC=C([NH3+])C=C4,2.5,NC1=CC=C(CC2=CC=C(N)C=C2)C=C1,19,120,4,0,0,0,0,0,0,0,0,0,0,0,0,0,0,0,0,0,0,[H]P1(OC2=C(C3=CC=CC=C31)C=CC=C2)=O,2.5,,0,,0
CC(C)(C1=CC=C(OCC2CO2)C=C1)C1=CC=C(OCC2CO2)C=C1,227,O=P1(CCCC2=C(O)C=CC=C2)OC2=CC=CC=C2C2=CC=CC=C21,3,NC1=CC=C(CC2=CC=C(N)C=C2)C=C1,17.36,100,2,120,2,0,0,0,0,0,0,0,0,0,0,0,0,0,0,0,0,,0,,0,,0
CC(C)(C1=CC=C(OCC2CO2)C=C1)C1=CC=C(OCC2CO2)C=C1,227,O=P1(CCCC2=C(O)C=CC=C2)OC2=CC=CC=C2C2=CC=CC=C21,4,NC1=CC=C(CC2=CC=C(N)C=C2)C=C1,17.19,100,2,120,2,0,0,0,0,0,0,0,0,0,0,0,0,0,0,0,0,,0,,0,,0
CC(C)(C1=CC=C(OCC2CO2)C=C1)C1=CC=C(OCC2CO2)C=C1,227,O=P1(CCCC2=C(O)C=CC=C2)OC2=CC=CC=C2C2=CC=CC=C21,5,NC1=CC=C(CC2=CC=C(N)C=C2)C=C1,16.85,100,2,120,2,0,0,0,0,0,0,0,0,0,0,0,0,0,0,0,0,,0,,0,,0
CC(C)(C1=CC=C(OCC2CO2)C=C1)C1=CC=C(OCC2CO2)C=C1,227,O=P1(CCCC2=C(O)C=CC=C2)OC2=CC=CC=C2C2=CC=CC=C21,0,NC1=CC=C(CC2=CC=C(N)C=C2)C=C1,17.89819376,100,2,120,2,0,0,0,0,0,0,0,0,0,0,0,0,0,0,0,0,,0,,0,,0
CC(C)(C1=CC=C(OCC2CO2)C=C1)C1=CC=C(OCC2CO2)C=C1,227,[H]P1(=O)OC2=C(C=CC=C2)C2=C1C=CC=C2,3.08868263,NC1=CC=C(CC2=CC=C(N)C=C2)C=C1,17,100,2,120,2,0,0,0,0,0,0,0,0,0,0,0,0,0,0,0,0,C=CCC1=C(O)C=CC=C1,1.910927385,,0,,0
CC(C)(C1=CC=C(OCC2CO2)C=C1)C1=CC=C(OCC2CO2)C=C1,196,[H]P1(=O)OC2=C(C=CC=C2)C2=C1C=CC=C2,0,CCC1=NC=C(C)N1,6,130,2,160,2,200,1,0,0,0,0,0,0,0,0,0,0,0,0,0,0,,0,,0,,0
CC(C)(C1=CC=C(OCC2CO2)C=C1)C1=CC=C(OCC2CO2)C=C1,196,O=C(CCP([O-])(C1=CC=CC=C1)=O)O.CCC2=[NH+]C=C(N2)C,10,O=C(CCP([O-])(C1=CC=CC=C1)=O)O.CCC2=[NH+]C=C(N2)C,10,130,2,160,2,200,1,0,0,0,0,0,0,0,0,0,0,0,0,0,0,,0,,0,,0
CC(C)(C1=CC=C(OCC2CO2)C=C1)C1=CC=C(OCC2CO2)C=C1,196,O=C(CCP([O-])(C1=CC=CC=C1)=O)O.CCC2=[NH+]C=C(N2)C,15,O=C(CCP([O-])(C1=CC=CC=C1)=O)O.CCC2=[NH+]C=C(N2)C,15,130,2,160,2,200,1,0,0,0,0,0,0,0,0,0,0,0,0,0,0,,0,,0,,0
CC(C)(C1=CC=C(OCC2CO2)C=C1)C1=CC=C(OCC2CO2)C=C1,196,O=C(CCP([O-])(C1=CC=CC=C1)=O)O.CCC2=[NH+]C=C(N2)C,20,O=C(CCP([O-])(C1=CC=CC=C1)=O)O.CCC2=[NH+]C=C(N2)C,20,130,2,160,2,200,1,0,0,0,0,0,0,0,0,0,0,0,0,0,0,,0,,0,,0
CC(C)(C1=CC=C(OCC2CO2)C=C1)C1=CC=C(OCC2CO2)C=C1,196,O=C(CCP([O-])(C1=CC=CC=C1)=O)O.CCC2=[NH+]C=C(N2)C,0,C1=CC=C(C2=NC=CN2)C=C1,6,80,2,120,2,140,2,0,0,0,0,0,0,0,0,0,0,0,0,0,0,,0,,0,,0
CC(C)(C1=CC=C(OCC2CO2)C=C1)C1=CC=C(OCC2CO2)C=C1,196,O=C(CCP([O-])(C1=CC=CC=C1)=O)O.C2(C3=[NH+]C=CN3)=CC=CC=C2,10,O=C(CCP([O-])(C1=CC=CC=C1)=O)O.C2(C3=[NH+]C=CN3)=CC=CC=C2,10,130,2,160,2,200,1,0,0,0,0,0,0,0,0,0,0,0,0,0,0,,0,,0,,0
CC(C)(C1=CC=C(OCC2CO2)C=C1)C1=CC=C(OCC2CO2)C=C1,196,O=C(CCP([O-])(C1=CC=CC=C1)=O)O.C2(C3=[NH+]C=CN3)=CC=CC=C2,15,O=C(CCP([O-])(C1=CC=CC=C1)=O)O.C2(C3=[NH+]C=CN3)=CC=CC=C2,15,130,2,160,2,200,1,0,0,0,0,0,0,0,0,0,0,0,0,0,0,,0,,0,,0
CC(C)(C1=CC=C(OCC2CO2)C=C1)C1=CC=C(OCC2CO2)C=C1,196,O=C(CCP([O-])(C1=CC=CC=C1)=O)O.C2(C3=[NH+]C=CN3)=CC=CC=C2,20,O=C(CCP([O-])(C1=CC=CC=C1)=O)O.C2(C3=[NH+]C=CN3)=CC=CC=C2,20,130,2,160,2,200,1,0,0,0,0,0,0,0,0,0,0,0,0,0,0,,0,,0,,0
CC(C)(C1=CC=C(OCC2CO2)C=C1)C1=CC=C(OCC2CO2)C=C1,196,COC1=C(O)C=CC(C(NCCC2=CNC3=CC=CC=C23)P2(=O)OC3=C(C=CC=C3)C3=CC=CC=C32)=C1,3,NC1=CC=C(CC2=CC=C(N)C=C2)C=C1,19.4,150,2,170,3,0,0,0,0,0,0,0,0,0,0,0,0,0,0,0,0,,0,,0,,0
CC(C)(C1=CC=C(OCC2CO2)C=C1)C1=CC=C(OCC2CO2)C=C1,196,COC1=C(O)C=CC(C(NCCC2=CNC3=CC=CC=C23)P2(=O)OC3=C(C=CC=C3)C3=CC=CC=C32)=C1,5,NC1=CC=C(CC2=CC=C(N)C=C2)C=C1,19.01,150,2,170,3,0,0,0,0,0,0,0,0,0,0,0,0,0,0,0,0,,0,,0,,0
CC(C)(C1=CC=C(OCC2CO2)C=C1)C1=CC=C(OCC2CO2)C=C1,196,COC1=C(O)C=CC(C(NCCC2=CNC3=CC=CC=C23)P2(=O)OC3=C(C=CC=C3)C3=CC=CC=C32)=C1,7,NC1=CC=C(CC2=CC=C(N)C=C2)C=C1,18.6,150,2,170,3,0,0,0,0,0,0,0,0,0,0,0,0,0,0,0,0,,0,,0,,0
CC(C)(C1=CC=C(OCC2CO2)C=C1)C1=CC=C(OCC2CO2)C=C1,196,[H]P1(OC2=C(C3=CC=CC=C31)C=CC=C2)=O,7,NC1=CC=C(CC2=CC=C(N)C=C2)C=C1,18.6,150,2,170,3,0,0,0,0,0,0,0,0,0,0,0,0,0,0,0,0,,0,,0,,0
CC(C)(C1=CC=C(OCC2CO2)C=C1)C1=CC=C(OCC2CO2)C=C1,196,[H]P1(OC2=C(C3=CC=CC=C31)C=CC=C2)=O,0,NC1=CC=C(CC2=CC=C(N)C=C2)C=C1,20,150,2,170,3,0,0,0,0,0,0,0,0,0,0,0,0,0,0,0,0,,0,,0,,0
CC(C)(C1=CC=C(OCC2CO2)C=C1)C1=CC=C(OCC2CO2)C=C1,227,O[Si]1(C2=CC=CC=C2)O[Si](O)(C2=CC=CC=C2)O[Si]2(C3=CC=CC=C3)O[Si](O)(C3=CC=CC=C3)O[Si](O)(C3=CC=CC=C3)O[Si](C3=CC=CC=C3)(O1)O2,1,NC1=CC=C(S(=O)(=O)C2=CC=C(N)C=C2)C=C1,22.85,180,4,0,0,0,0,0,0,0,0,0,0,0,0,0,0,0,0,0,0,,0,,0,,0
CC(C)(C1=CC=C(OCC2CO2)C=C1)C1=CC=C(OCC2CO2)C=C1,227,O[Si]1(C2=CC=CC=C2)O[Si](O)(C2=CC=CC=C2)O[Si]2(C3=CC=CC=C3)O[Si](O)(C3=CC=CC=C3)O[Si](O)(C3=CC=CC=C3)O[Si](C3=CC=CC=C3)(O1)O2,3,NC1=CC=C(S(=O)(=O)C2=CC=C(N)C=C2)C=C1,22.38,180,4,0,0,0,0,0,0,0,0,0,0,0,0,0,0,0,0,0,0,,0,,0,,0
CC(C)(C1=CC=C(OCC2CO2)C=C1)C1=CC=C(OCC2CO2)C=C1,227,O[Si]1(C2=CC=CC=C2)O[Si](O)(C2=CC=CC=C2)O[Si]2(C3=CC=CC=C3)O[Si](O)(C3=CC=CC=C3)O[Si](O)(C3=CC=CC=C3)O[Si](C3=CC=CC=C3)(O1)O2,5,NC1=CC=C(S(=O)(=O)C2=CC=C(N)C=C2)C=C1,21.92,180,4,0,0,0,0,0,0,0,0,0,0,0,0,0,0,0,0,0,0,,0,,0,,0
CC(C)(C1=CC=C(OCC2CO2)C=C1)C1=CC=C(OCC2CO2)C=C1,227,O[Si]1(C2=CC=CC=C2)O[Si](O)(C2=CC=CC=C2)O[Si]2(C3=CC=CC=C3)O[Si](O)(C3=CC=CC=C3)O[Si](O)(C3=CC=CC=C3)O[Si](C3=CC=CC=C3)(O1)O2,0,NC1=CC=C(S(=O)(=O)C2=CC=C(N)C=C2)C=C1,23.07,180,4,0,0,0,0,0,0,0,0,0,0,0,0,0,0,0,0,0,0,,0,,0,,0
CC1=C(OCC2CO2)C=CC=C1CC3=CC(CC4=CC=CC(OCC5OC5)=C4)=C(C)C(OCC6OC6)=C3,178,O[Si]1(C2=CC=CC=C2)O[Si](O)(C2=CC=CC=C2)O[Si]2(C3=CC=CC=C3)O[Si](O)(C3=CC=CC=C3)O[Si](O)(C3=CC=CC=C3)O[Si](C3=CC=CC=C3)(O1)O2,0,C1=CNC=N1,5,60,2,130,2,0,0,0,0,0,0,0,0,0,0,0,0,0,0,0,0,,0,,0,,0
CC1=C(OCC2CO2)C=CC=C1CC3=CC(CC4=CC=CC(OCC5OC5)=C4)=C(C)C(OCC6OC6)=C3,178,O=P1(OC2=CC=CC=C2C3=CC=CC=C31)[O-].C4=CNC=[NH+]4,5,O=P1(OC2=CC=CC=C2C3=CC=CC=C31)[O-].C4=CNC=[NH+]4,5,160,2,200,2,0,0,0,0,0,0,0,0,0,0,0,0,0,0,0,0,,0,,0,,0
CC(C)(C1=CC=C(OCC2CO2)C=C1)C1=CC=C(OCC2CO2)C=C1,192,COC1=C(OP(=O)(C2=CC=CC=C2)C2=CC=CC=C2)C=CC(CC[Si]2(C)O[Si](C)(CCCOCC3CO3)O[Si](C)(CCCOCC3CO3)O[Si](C)(CCCOCC3CO3)O2)=C1,2.3,NC1=CC=C(CC2=CC=C(N)C=C2)C=C1,20.34,100,2,130,2,160,2,0,0,0,0,0,0,0,0,0,0,0,0,0,0,,0,,0,,0
CC(C)(C1=CC=C(OCC2CO2)C=C1)C1=CC=C(OCC2CO2)C=C1,192,COC1=C(OP(=O)(C2=CC=CC=C2)C2=CC=CC=C2)C=CC(CC[Si]2(C)O[Si](C)(CCCOCC3CO3)O[Si](C)(CCCOCC3CO3)O[Si](C)(CCCOCC3CO3)O2)=C1,4.5,NC1=CC=C(CC2=CC=C(N)C=C2)C=C1,20.12,100,2,130,2,160,2,0,0,0,0,0,0,0,0,0,0,0,0,0,0,,0,,0,,0
CC(C)(C1=CC=C(OCC2CO2)C=C1)C1=CC=C(OCC2CO2)C=C1,192,COC1=C(OP(=O)(C2=CC=CC=C2)C2=CC=CC=C2)C=CC(CC[Si]2(C)O[Si](C)(CCCOCC3CO3)O[Si](C)(CCCOCC3CO3)O[Si](C)(CCCOCC3CO3)O2)=C1,0,NC1=CC=C(CC2=CC=C(N)C=C2)C=C1,20.50874404,100,2,130,2,160,2,0,0,0,0,0,0,0,0,0,0,0,0,0,0,,0,,0,,0
CC(C)(C1=CC=C(OCC2CO2)C=C1)C1=CC=C(OCC2CO2)C=C1,227,O=C([O-])C(C=C1)=CC=C1C(P2(OC3=C(C4=C2C=CC=C4)C=CC=C3)=O)NC5=NC(NC(P6(OC7=C(C8=C6C=CC=C8)C=CC=C7)=O)C9=CC=C(C=C9)C([O-])=O)=[NH+]N5.O=C([O-])C(C=C%10)=CC=C%10C(P%11(OC%12=C(C%13=C%11C=CC=C%13)C=CC=C%12)=O)NC%14=NC(NC(P%15(OC%16=C(C%17=C%15C=CC=C%17)C=CC=C%16)=O)C%18=CC=C(C=C%18)C([O-])=O)=[NH+]N%14.[Co+2].[Co+2].[Co+2],2,NC1=CC=C(CC2=CC=C(N)C=C2)C=C1,17.5,80,0.33,100,2,150,2,0,0,0,0,0,0,0,0,0,0,0,0,0,0,,0,,0,,0
CC(C)(C1=CC=C(OCC2CO2)C=C1)C1=CC=C(OCC2CO2)C=C1,227,O=C([O-])C(C=C1)=CC=C1C(P2(OC3=C(C4=C2C=CC=C4)C=CC=C3)=O)NC5=NC(NC(P6(OC7=C(C8=C6C=CC=C8)C=CC=C7)=O)C9=CC=C(C=C9)C([O-])=O)=[NH+]N5.O=C([O-])C(C=C%10)=CC=C%10C(P%11(OC%12=C(C%13=C%11C=CC=C%13)C=CC=C%12)=O)NC%14=NC(NC(P%15(OC%16=C(C%17=C%15C=CC=C%17)C=CC=C%16)=O)C%18=CC=C(C=C%18)C([O-])=O)=[NH+]N%14.[Co+2].[Co+2].[Co+2],4,NC1=CC=C(CC2=CC=C(N)C=C2)C=C1,17.1,80,0.33,100,2,150,2,0,0,0,0,0,0,0,0,0,0,0,0,0,0,,0,,0,,0
CC(C)(C1=CC=C(OCC2CO2)C=C1)C1=CC=C(OCC2CO2)C=C1,227,O=C([O-])C(C=C1)=CC=C1C(P2(OC3=C(C4=C2C=CC=C4)C=CC=C3)=O)NC5=NC(NC(P6(OC7=C(C8=C6C=CC=C8)C=CC=C7)=O)C9=CC=C(C=C9)C([O-])=O)=[NH+]N5.O=C([O-])C(C=C%10)=CC=C%10C(P%11(OC%12=C(C%13=C%11C=CC=C%13)C=CC=C%12)=O)NC%14=NC(NC(P%15(OC%16=C(C%17=C%15C=CC=C%17)C=CC=C%16)=O)C%18=CC=C(C=C%18)C([O-])=O)=[NH+]N%14.[Co+2].[Co+2].[Co+2],0,NC1=CC=C(CC2=CC=C(N)C=C2)C=C1,17.9,80,0.33,100,2,150,2,0,0,0,0,0,0,0,0,0,0,0,0,0,0,,0,,0,,0
CC(C)(C1=CC=C(OCC2CO2)C=C1)C1=CC=C(OCC2CO2)C=C1,227,O=C(O)C(C=C1)=CC=C1C(P2(OC3=C(C4=C2C=CC=C4)C=CC=C3)=O)NC5=NC(NC(P6(OC7=C(C8=C6C=CC=C8)C=CC=C7)=O)C9=CC=C(C=C9)C(O)=O)=NN5,4,NC1=CC=C(CC2=CC=C(N)C=C2)C=C1,17.1,80,0.33,100,2,150,2,0,0,0,0,0,0,0,0,0,0,0,0,0,0,,0,,0,,0
CC(C)(C1=CC=C(OCC2CO2)C=C1)C1=CC=C(OCC2CO2)C=C1,227,O=P1(C(NC(NO)(C2=CC=CC=C2)P2(=O)OC3=C(C=CC=C3)C3=C2C=CC=C3)C2=CC=C(C(NC(NO)(C3=CC=CC=C3)P3(=O)OC4=C(C=CC=C4)C4=C3C=CC=C4)P3(=O)OC4=C(C=CC=C4)C4=C3C=CC=C4)C=C2)OC2=C(C=CC=C2)C2=C1C=CC=C2,1,NC1=CC=C(CC2=CC=C(N)C=C2)C=C1,17.59,100,2,150,2,0,0,0,0,0,0,0,0,0,0,0,0,0,0,0,0,,0,,0,,0
CC(C)(C1=CC=C(OCC2CO2)C=C1)C1=CC=C(OCC2CO2)C=C1,227,O=P1(C(NC(NO)(C2=CC=CC=C2)P2(=O)OC3=C(C=CC=C3)C3=C2C=CC=C3)C2=CC=C(C(NC(NO)(C3=CC=CC=C3)P3(=O)OC4=C(C=CC=C4)C4=C3C=CC=C4)P3(=O)OC4=C(C=CC=C4)C4=C3C=CC=C4)C=C2)OC2=C(C=CC=C2)C2=C1C=CC=C2,3,NC1=CC=C(CC2=CC=C(N)C=C2)C=C1,16.97,100,2,150,2,0,0,0,0,0,0,0,0,0,0,0,0,0,0,0,0,,0,,0,,0
CC(C)(C1=CC=C(OCC2CO2)C=C1)C1=CC=C(OCC2CO2)C=C1,227,O=P1(C(NC(NO)(C2=CC=CC=C2)P2(=O)OC3=C(C=CC=C3)C3=C2C=CC=C3)C2=CC=C(C(NC(NO)(C3=CC=CC=C3)P3(=O)OC4=C(C=CC=C4)C4=C3C=CC=C4)P3(=O)OC4=C(C=CC=C4)C4=C3C=CC=C4)C=C2)OC2=C(C=CC=C2)C2=C1C=CC=C2,5,NC1=CC=C(CC2=CC=C(N)C=C2)C=C1,16.35,100,2,150,2,0,0,0,0,0,0,0,0,0,0,0,0,0,0,0,0,,0,,0,,0
CC(C)(C1=CC=C(OCC2CO2)C=C1)C1=CC=C(OCC2CO2)C=C1,227,O=P1(C(NC(NO)(C2=CC=CC=C2)P2(=O)OC3=C(C=CC=C3)C3=C2C=CC=C3)C2=CC=C(C(NC(NO)(C3=CC=CC=C3)P3(=O)OC4=C(C=CC=C4)C4=C3C=CC=C4)P3(=O)OC4=C(C=CC=C4)C4=C3C=CC=C4)C=C2)OC2=C(C=CC=C2)C2=C1C=CC=C2,7,NC1=CC=C(CC2=CC=C(N)C=C2)C=C1,15.73,100,2,150,2,0,0,0,0,0,0,0,0,0,0,0,0,0,0,0,0,,0,,0,,0
CC(C)(C1=CC=C(OCC2CO2)C=C1)C1=CC=C(OCC2CO2)C=C1,227,O=P1(C(NC(NO)(C2=CC=CC=C2)P2(=O)OC3=C(C=CC=C3)C3=C2C=CC=C3)C2=CC=C(C(NC(NO)(C3=CC=CC=C3)P3(=O)OC4=C(C=CC=C4)C4=C3C=CC=C4)P3(=O)OC4=C(C=CC=C4)C4=C3C=CC=C4)C=C2)OC2=C(C=CC=C2)C2=C1C=CC=C2,0,NC1=CC=C(CC2=CC=C(N)C=C2)C=C1,17.90493391,100,2,150,2,0,0,0,0,0,0,0,0,0,0,0,0,0,0,0,0,,0,,0,,0
CC(C)(C1=CC=C(OCC2CO2)C=C1)C1=CC=C(OCC2CO2)C=C1,227,[H]P1(OC2=C(C3=CC=CC=C31)C=CC=C2)=O,3.7,NC1=CC=C(CC2=CC=C(N)C=C2)C=C1,17.25,100,2,150,2,0,0,0,0,0,0,0,0,0,0,0,0,0,0,0,0,,0,,0,,0
CC(C)(C1=CC=C(OCC2CO2)C=C1)C1=CC=C(OCC2CO2)C=C1,227,O=P1(OC2=C(C3=CC=CC=C31)C=CC=C2)C(C4=CC=C(C=C4)B(O)O)NCCCCNC(P5(OC6=C(C7=CC=CC=C75)C=CC=C6)=O)C8=CC=C(C=C8)B(O)O,2,NC1=CC=C(CC2=CC=C(N)C=C2)C=C1,17.56,120,2,170,4,0,0,0,0,0,0,0,0,0,0,0,0,0,0,0,0,,0,,0,,0
CC(C)(C1=CC=C(OCC2CO2)C=C1)C1=CC=C(OCC2CO2)C=C1,227,O=P1(OC2=C(C3=CC=CC=C31)C=CC=C2)C(C4=CC=C(C=C4)B(O)O)NCCCCNC(P5(OC6=C(C7=CC=CC=C75)C=CC=C6)=O)C8=CC=C(C=C8)B(O)O,3,NC1=CC=C(CC2=CC=C(N)C=C2)C=C1,17.38,120,2,170,4,0,0,0,0,0,0,0,0,0,0,0,0,0,0,0,0,,0,,0,,0
CC(C)(C1=CC=C(OCC2CO2)C=C1)C1=CC=C(OCC2CO2)C=C1,227,O=P1(OC2=C(C3=CC=CC=C31)C=CC=C2)C(C4=CC=C(C=C4)B(O)O)NCCCCNC(P5(OC6=C(C7=CC=CC=C75)C=CC=C6)=O)C8=CC=C(C=C8)B(O)O,4,NC1=CC=C(CC2=CC=C(N)C=C2)C=C1,17.2,120,2,170,4,0,0,0,0,0,0,0,0,0,0,0,0,0,0,0,0,,0,,0,,0
CC(C)(C1=CC=C(OCC2CO2)C=C1)C1=CC=C(OCC2CO2)C=C1,227,O=P1(OC2=C(C3=CC=CC=C31)C=CC=C2)C(C4=CC=C(C=C4)B(O)O)NCCCCNC(P5(OC6=C(C7=CC=CC=C75)C=CC=C6)=O)C8=CC=C(C=C8)B(O)O,6,NC1=CC=C(CC2=CC=C(N)C=C2)C=C1,16.84,120,2,170,4,0,0,0,0,0,0,0,0,0,0,0,0,0,0,0,0,,0,,0,,0
CC(C)(C1=CC=C(OCC2CO2)C=C1)C1=CC=C(OCC2CO2)C=C1,227,O=P1(OC2=C(C3=CC=CC=C31)C=CC=C2)C(C4=CC=C(C=C4)B(O)O)NCCCCNC(P5(OC6=C(C7=CC=CC=C75)C=CC=C6)=O)C8=CC=C(C=C8)B(O)O,8,NC1=CC=C(CC2=CC=C(N)C=C2)C=C1,16.49,120,2,170,4,0,0,0,0,0,0,0,0,0,0,0,0,0,0,0,0,,0,,0,,0
CC(C)(C1=CC=C(OCC2CO2)C=C1)C1=CC=C(OCC2CO2)C=C1,227,O=P1(OC2=C(C3=CC=CC=C31)C=CC=C2)C(C4=CC=C(C=C4)B(O)O)NCCCCNC(P5(OC6=C(C7=CC=CC=C75)C=CC=C6)=O)C8=CC=C(C=C8)B(O)O,0,NC1=CC=C(CC2=CC=C(N)C=C2)C=C1,17.9184109,120,2,170,4,0,0,0,0,0,0,0,0,0,0,0,0,0,0,0,0,,0,,0,,0
CC(C)(C1=CC=C(OCC2CO2)C=C1)C1=CC=C(OCC2CO2)C=C1,227,O=P1(OC2=C(C3=CC=CC=C31)C=CC=C2)C(C4=CC=C(C=C4)B(O)O)N[C@@H]5CC[C@H](NC(P6(OC7=C(C8=CC=CC=C86)C=CC=C7)=O)C9=CC=C(C=C9)B(O)O)CC5,2,NC1=CC=C(CC2=CC=C(N)C=C2)C=C1,17.56,120,2,170,4,0,0,0,0,0,0,0,0,0,0,0,0,0,0,0,0,,0,,0,,0
CC(C)(C1=CC=C(OCC2CO2)C=C1)C1=CC=C(OCC2CO2)C=C1,227,O=P1(OC2=C(C3=CC=CC=C31)C=CC=C2)C(C4=CC=C(C=C4)B(O)O)N[C@@H]5CC[C@H](NC(P6(OC7=C(C8=CC=CC=C86)C=CC=C7)=O)C9=CC=C(C=C9)B(O)O)CC5,4,NC1=CC=C(CC2=CC=C(N)C=C2)C=C1,17.2,120,2,170,4,0,0,0,0,0,0,0,0,0,0,0,0,0,0,0,0,,0,,0,,0
CC(C)(C1=CC=C(OCC2CO2)C=C1)C1=CC=C(OCC2CO2)C=C1,227,O=P1(OC2=C(C3=CC=CC=C31)C=CC=C2)C(C4=CC=C(C=C4)B(O)O)N[C@@H]5CC[C@H](NC(P6(OC7=C(C8=CC=CC=C86)C=CC=C7)=O)C9=CC=C(C=C9)B(O)O)CC5,6,NC1=CC=C(CC2=CC=C(N)C=C2)C=C1,16.84,120,2,170,4,0,0,0,0,0,0,0,0,0,0,0,0,0,0,0,0,,0,,0,,0
CC(C)(C1=CC=C(OCC2CO2)C=C1)C1=CC=C(OCC2CO2)C=C1,227,O=P1(OC2=C(C3=CC=CC=C31)C=CC=C2)C(C4=CC=C(C=C4)B(O)O)N[C@@H]5CC[C@H](NC(P6(OC7=C(C8=CC=CC=C86)C=CC=C7)=O)C9=CC=C(C=C9)B(O)O)CC5,8,NC1=CC=C(CC2=CC=C(N)C=C2)C=C1,16.49,120,2,170,4,0,0,0,0,0,0,0,0,0,0,0,0,0,0,0,0,,0,,0,,0
CC(C)(C1=CC=C(OCC2CO2)C=C1)C1=CC=C(OCC2CO2)C=C1,227,O=P1(OC2=C(C3=CC=CC=C31)C=CC=C2)C(C4=CC=C(C=C4)B(O)O)NC5=CC=C(NC(P6(OC7=C(C8=CC=CC=C86)C=CC=C7)=O)C9=CC=C(C=C9)B(O)O)C%10=CC=CC=C5%10,2,NC1=CC=C(CC2=CC=C(N)C=C2)C=C1,17.56,120,2,170,4,0,0,0,0,0,0,0,0,0,0,0,0,0,0,0,0,,0,,0,,0
CC(C)(C1=CC=C(OCC2CO2)C=C1)C1=CC=C(OCC2CO2)C=C1,227,O=P1(OC2=C(C3=CC=CC=C31)C=CC=C2)C(C4=CC=C(C=C4)B(O)O)NC5=CC=C(NC(P6(OC7=C(C8=CC=CC=C86)C=CC=C7)=O)C9=CC=C(C=C9)B(O)O)C%10=CC=CC=C5%10,4,NC1=CC=C(CC2=CC=C(N)C=C2)C=C1,17.2,120,2,170,4,0,0,0,0,0,0,0,0,0,0,0,0,0,0,0,0,,0,,0,,0
CC(C)(C1=CC=C(OCC2CO2)C=C1)C1=CC=C(OCC2CO2)C=C1,227,O=P1(OC2=C(C3=CC=CC=C31)C=CC=C2)C(C4=CC=C(C=C4)B(O)O)NC5=CC=C(NC(P6(OC7=C(C8=CC=CC=C86)C=CC=C7)=O)C9=CC=C(C=C9)B(O)O)C%10=CC=CC=C5%10,6,NC1=CC=C(CC2=CC=C(N)C=C2)C=C1,16.84,120,2,170,4,0,0,0,0,0,0,0,0,0,0,0,0,0,0,0,0,,0,,0,,0
CC(C)(C1=CC=C(OCC2CO2)C=C1)C1=CC=C(OCC2CO2)C=C1,227,O=P1(OC2=C(C3=CC=CC=C31)C=CC=C2)C(C4=CC=C(C=C4)B(O)O)NC5=CC=C(NC(P6(OC7=C(C8=CC=CC=C86)C=CC=C7)=O)C9=CC=C(C=C9)B(O)O)C%10=CC=CC=C5%10,8,NC1=CC=C(CC2=CC=C(N)C=C2)C=C1,16.49,120,2,170,4,0,0,0,0,0,0,0,0,0,0,0,0,0,0,0,0,,0,,0,,0
CC(C)(C1=CC=C(OCC2CO2)C=C1)C1=CC=C(OCC2CO2)C=C1,196,COC1=CC(C(C(OC2=C(C=C(C=C2C3=C(C(OC)=CC(C(C(CO)O)O)=C3)O)C4OCC5C(OCC45)C6=CC=C(C(OC)=C6)OC(C(C7=CC=C(C=C7)OC(C(C8=CC(OC)=C(C(C9=C(C(OC)=CC(C(C(OC%10=C(C=C(C=C%10)C(C(C%11=CC=CC(OC(C(C%12=CC(OC)=C(C(C%13=C(C(OC)=CC(C(C(OC%14=C(C=C(C=C%14)C(C(CO)O)O)OC)CO)O)=C%13)O)=C%12)OC(C(CO)O)C%15=CC(OC)=C(C=C%15)O)(CC(C)C(OCCP%16(OC%17=C(C%18=C%16C=CC=C%18)C=CC=C%17)=O)=O)O)CO)=C%11)O)O)OC)CO)O)=C9)O)=C8)OC(C(CO)O)C%19=CC(OC)=C(C=C%19)O)O)CO)O)CO)OC)CO)O)=CC=C1O,10,NC1=CC=C(CC2=CC=C(N)C=C2)C=C1,16,100,2,150,2,0,0,0,0,0,0,0,0,0,0,0,0,0,0,0,0,,0,,0,,0
CC(C)(C1=CC=C(OCC2CO2)C=C1)C1=CC=C(OCC2CO2)C=C1,196,COC1=CC(C(C(OC2=C(C=C(C=C2C3=C(C(OC)=CC(C(C(CO)O)O)=C3)O)C4OCC5C(OCC45)C6=CC=C(C(OC)=C6)OC(C(C7=CC=C(C=C7)OC(C(C8=CC(OC)=C(C(C9=C(C(OC)=CC(C(C(OC%10=C(C=C(C=C%10)C(C(C%11=CC=CC(OC(C(C%12=CC(OC)=C(C(C%13=C(C(OC)=CC(C(C(OC%14=C(C=C(C=C%14)C(C(CO)O)O)OC)CO)O)=C%13)O)=C%12)OC(C(CO)O)C%15=CC(OC)=C(C=C%15)O)(CC(C)C(OCCP%16(OC%17=C(C%18=C%16C=CC=C%18)C=CC=C%17)=O)=O)O)CO)=C%11)O)O)OC)CO)(CC(C)C(OCCP%19(OC%20=C(C%21=C%19C=CC=C%21)C=CC=C%20)=O)=O)O)=C9)O)=C8)OC(C(CO)O)C%22=CC(OC)=C(C=C%22)O)O)CO)O)CO)OC)CO)O)=CC=C1O,10,NC1=CC=C(CC2=CC=C(N)C=C2)C=C1,16,100,2,150,2,0,0,0,0,0,0,0,0,0,0,0,0,0,0,0,0,,0,,0,,0
CC(C)(C1=CC=C(OCC2CO2)C=C1)C1=CC=C(OCC2CO2)C=C1,196,COC1=CC(C(C(OC2=C(C=C(C=C2C3=C(C(OC)=CC(C(C(CO)O)O)=C3)O)C4OCC5C(OCC45)C6=CC=C(C(OC)=C6)OC(C(C7=CC=C(C=C7)OC(C(C8=CC(OC)=C(C(C9=C(C(OC)=CC(C(C(OC%10=C(C=C(C=C%10)C(C(C%11=CC=CC(OC(C(C%12=CC(OC)=C(C(C%13=C(C(OC)=CC(C(C(OC%14=C(C=C(C=C%14)C(C(CO)O)O)OC)CO)O)=C%13)O)=C%12)OC(C(CO)O)C%15=CC(OC)=C(C=C%15)O)(CC(C)C(OCCP%16(OC%17=C(C%18=C%16C=CC=C%18)C=CC=C%17)=O)=O)O)CO)=C%11)O)O)OC)CO)(CC(C)C(OCCP%19(OC%20=C(C%21=C%19C=CC=C%21)C=CC=C%20)=O)=O)O)=C9)O)=C8)OC(C(CO)O)C%22=CC(OC)=C(C=C%22)O)O)CO)O)CO)OC)CO)(CC(C)C(OCCP%23(OC%24=C(C%25=C%23C=CC=C%25)C=CC=C%24)=O)=O)O)=CC=C1O,5,NC1=CC=C(CC2=CC=C(N)C=C2)C=C1,16,100,2,150,2,0,0,0,0,0,0,0,0,0,0,0,0,0,0,0,0,,0,,0,,0
CC(C)(C1=CC=C(OCC2CO2)C=C1)C1=CC=C(OCC2CO2)C=C1,196,COC1=CC(C(C(OC2=C(C=C(C=C2C3=C(C(OC)=CC(C(C(CO)O)O)=C3)O)C4OCC5C(OCC45)C6=CC=C(C(OC)=C6)OC(C(C7=CC=C(C=C7)OC(C(C8=CC(OC)=C(C(C9=C(C(OC)=CC(C(C(OC%10=C(C=C(C=C%10)C(C(C%11=CC=CC(OC(C(C%12=CC(OC)=C(C(C%13=C(C(OC)=CC(C(C(OC%14=C(C=C(C=C%14)C(C(CO)O)O)OC)CO)O)=C%13)O)=C%12)OC(C(CO)O)C%15=CC(OC)=C(C=C%15)O)(CC(C)C(OCCP%16(OC%17=C(C%18=C%16C=CC=C%18)C=CC=C%17)=O)=O)O)CO)=C%11)O)O)OC)CO)(CC(C)C(OCCP%19(OC%20=C(C%21=C%19C=CC=C%21)C=CC=C%20)=O)=O)O)=C9)O)=C8)OC(C(CO)O)C%22=CC(OC)=C(C=C%22)O)O)CO)O)CO)OC)CO)(CC(C)C(OCCP%23(OC%24=C(C%25=C%23C=CC=C%25)C=CC=C%24)=O)=O)O)=CC=C1O,7.5,NC1=CC=C(CC2=CC=C(N)C=C2)C=C1,16,100,2,150,2,0,0,0,0,0,0,0,0,0,0,0,0,0,0,0,0,,0,,0,,0
CC(C)(C1=CC=C(OCC2CO2)C=C1)C1=CC=C(OCC2CO2)C=C1,196,COC1=CC(C(C(OC2=C(C=C(C=C2C3=C(C(OC)=CC(C(C(CO)O)O)=C3)O)C4OCC5C(OCC45)C6=CC=C(C(OC)=C6)OC(C(C7=CC=C(C=C7)OC(C(C8=CC(OC)=C(C(C9=C(C(OC)=CC(C(C(OC%10=C(C=C(C=C%10)C(C(C%11=CC=CC(OC(C(C%12=CC(OC)=C(C(C%13=C(C(OC)=CC(C(C(OC%14=C(C=C(C=C%14)C(C(CO)O)O)OC)CO)O)=C%13)O)=C%12)OC(C(CO)O)C%15=CC(OC)=C(C=C%15)O)(CC(C)C(OCCP%16(OC%17=C(C%18=C%16C=CC=C%18)C=CC=C%17)=O)=O)O)CO)=C%11)O)O)OC)CO)(CC(C)C(OCCP%19(OC%20=C(C%21=C%19C=CC=C%21)C=CC=C%20)=O)=O)O)=C9)O)=C8)OC(C(CO)O)C%22=CC(OC)=C(C=C%22)O)O)CO)O)CO)OC)CO)(CC(C)C(OCCP%23(OC%24=C(C%25=C%23C=CC=C%25)C=CC=C%24)=O)=O)O)=CC=C1O,10,NC1=CC=C(CC2=CC=C(N)C=C2)C=C1,16,100,2,150,2,0,0,0,0,0,0,0,0,0,0,0,0,0,0,0,0,,0,,0,,0
CC(C)(C1=CC=C(OCC2CO2)C=C1)C1=CC=C(OCC2CO2)C=C1,196,[H]P1(OC2=C(C3=CC=CC=C31)C=CC=C2)=O,2,NC1=CC=C(CC2=CC=C(N)C=C2)C=C1,16,100,2,150,2,0,0,0,0,0,0,0,0,0,0,0,0,0,0,0,0,,0,,0,,0
CC(C)(C1=CC=C(OCC2CO2)C=C1)C1=CC=C(OCC2CO2)C=C1,196,COC1=CC(C(C(OC2=C(C=C(C=C2C3=C(C(OC)=CC(C(C(CO)O)O)=C3)O)C4OCC5C(OCC45)C6=CC=C(C(OC)=C6)OC(C(C7=CC=C(C=C7)OC(C(C8=CC(OC)=C(C(C9=C(C(OC)=CC(C(C(OC%10=C(C=C(C=C%10)C(C(C%11=CC=CC(OC(C(C%12=CC(OC)=C(C(C%13=C(C(OC)=CC(C(C(OC%14=C(C=C(C=C%14)C(C(CO)O)O)OC)CO)O)=C%13)O)=C%12)OC(C(CO)O)C%15=CC(OC)=C(C=C%15)O)(CC(C)C(OCC=C)=O)O)CO)=C%11)O)O)OC)CO)(CC(C)C(OCC=C)=O)O)=C9)O)=C8)OC(C(CO)O)C%16=CC(OC)=C(C=C%16)O)O)CO)O)CO)OC)CO)(CC(C)C(OCC=C)=O)O)=CC=C1O,10,NC1=CC=C(CC2=CC=C(N)C=C2)C=C1,16,100,2,150,2,0,0,0,0,0,0,0,0,0,0,0,0,0,0,0,0,,0,,0,,0
CC(C)(C1=CC=C(OCC2CO2)C=C1)C1=CC=C(OCC2CO2)C=C1,196,COC1=CC(C(C(OC2=C(C=C(C=C2C3=C(C(OC)=CC(C(C(CO)O)O)=C3)O)C4OCC5C(OCC45)C6=CC=C(C(OC)=C6)OC(C(C7=CC=C(C=C7)OC(C(C8=CC(OC)=C(C(C9=C(C(OC)=CC(C(C(OC%10=C(C=C(C=C%10)C(C(C%11=CC=CC(OC(C(C%12=CC(OC)=C(C(C%13=C(C(OC)=CC(C(C(OC%14=C(C=C(C=C%14)C(C(CO)O)O)OC)CO)O)=C%13)O)=C%12)OC(C(CO)O)C%15=CC(OC)=C(C=C%15)O)(CC(C)C(OCC=C)=O)O)CO)=C%11)O)O)OC)CO)(CC(C)C(OCC=C)=O)O)=C9)O)=C8)OC(C(CO)O)C%16=CC(OC)=C(C=C%16)O)O)CO)O)CO)OC)CO)(CC(C)C(OCC=C)=O)O)=CC=C1O,0,NC1=CC=C(CC2=CC=C(N)C=C2)C=C1,16,100,2,150,2,0,0,0,0,0,0,0,0,0,0,0,0,0,0,0,0,,0,,0,,0
CC(C)(C1=CC=C(OCC2CO2)C=C1)C1=CC=C(OCC2CO2)C=C1,196,O=C(C1=C2C=C(C=C1)OC3=CC4=C(C(N(C4=O)C5=CC=C(C=C5)C(C6=CC=C(N(C7=O)C(C(C=C8)=C7C=C8OC(C=C9)=CC(C%10=O)=C9C(N%10C(C=C%11)=CC=C%11C(NC%12=C%13)NC%12=CC=C%13N)=O)=O)C=C6)(P%14(OC%15=CC=CC=C%15C%16=CC=CC=C%16%14)=O)C)=O)C=C3)OC2=O,29.8,O=C(C1=C2C=C(C=C1)OC3=CC4=C(C(N(C4=O)C5=CC=C(C=C5)C(C6=CC=C(N(C7=O)C(C(C=C8)=C7C=C8OC(C=C9)=CC(C%10=O)=C9C(N%10C(C=C%11)=CC=C%11C(NC%12=C%13)NC%12=CC=C%13N)=O)=O)C=C6)(P%14(OC%15=CC=CC=C%15C%16=CC=CC=C%16%14)=O)C)=O)C=C3)OC2=O,29.8,170,3,200,1,0,0,0,0,0,0,0,0,0,0,0,0,0,0,0,0,,0,,0,,0
CC(C)(C1=CC=C(OCC2CO2)C=C1)C1=CC=C(OCC2CO2)C=C1,196,O=C(C1=C2C=C(C=C1)OC3=CC4=C(C(N(C4=O)C5=CC=C(C=C5)C(C6=CC=C(N(C7=O)C(C(C=C8)=C7C=C8OC(C=C9)=CC(C%10=O)=C9C(N%10C(C=C%11)=CC=C%11C(NC%12=C%13)NC%12=CC=C%13N)=O)=O)C=C6)(P%14(OC%15=CC=CC=C%15C%16=CC=CC=C%16%14)=O)C)=O)C=C3)OC2=O,0,C1=CC=C2NC=NC2=C1,5.2,170,3,200,1,0,0,0,0,0,0,0,0,0,0,0,0,0,0,0,0,,0,,0,,0
CC(C)(C1=CC=C(OCC2CO2)C=C1)C1=CC=C(OCC2CO2)C=C1,196,O=P1(OC2=C(C3=CC=CC=C31)C=CC=C2)CCCC(C=C(C=C4)C(C)(C5=CC(CCCP6(OC7=C(C8=C6C=CC=C8)C=CC=C7)=O)=C(C=C5)O)C)=C4O[Si](C)(C=C)OC9=C(C=C(C=C9)C(C)(C%10=CC(CCCP%11(OC%12=C(C%13=CC=CC=C%13%11)C=CC=C%12)=O)=C(C=C%10)O)C)CCCP%14(OC%15=C(C%16=C%14C=CC=C%16)C=CC=C%15)=O,3,NC1=CC=C(CC2=CC=C(N)C=C2)C=C1,19.59,120,2,170,4,0,0,0,0,0,0,0,0,0,0,0,0,0,0,0,0,,0,,0,,0
CC(C)(C1=CC=C(OCC2CO2)C=C1)C1=CC=C(OCC2CO2)C=C1,196,O=P1(OC2=C(C3=CC=CC=C31)C=CC=C2)CCCC(C=C(C=C4)C(C)(C5=CC(CCCP6(OC7=C(C8=C6C=CC=C8)C=CC=C7)=O)=C(C=C5)O)C)=C4O[Si](C)(C=C)OC9=C(C=C(C=C9)C(C)(C%10=CC(CCCP%11(OC%12=C(C%13=CC=CC=C%13%11)C=CC=C%12)=O)=C(C=C%10)O)C)CCCP%14(OC%15=C(C%16=C%14C=CC=C%16)C=CC=C%15)=O,4,NC1=CC=C(CC2=CC=C(N)C=C2)C=C1,19.38,120,2,170,4,0,0,0,0,0,0,0,0,0,0,0,0,0,0,0,0,,0,,0,,0
CC(C)(C1=CC=C(OCC2CO2)C=C1)C1=CC=C(OCC2CO2)C=C1,196,O=P1(OC2=C(C3=CC=CC=C31)C=CC=C2)CCCC(C=C(C=C4)C(C)(C5=CC(CCCP6(OC7=C(C8=C6C=CC=C8)C=CC=C7)=O)=C(C=C5)O)C)=C4O[Si](C)(C=C)OC9=C(C=C(C=C9)C(C)(C%10=CC(CCCP%11(OC%12=C(C%13=CC=CC=C%13%11)C=CC=C%12)=O)=C(C=C%10)O)C)CCCP%14(OC%15=C(C%16=C%14C=CC=C%16)C=CC=C%15)=O,5,NC1=CC=C(CC2=CC=C(N)C=C2)C=C1,19.18,120,2,170,4,0,0,0,0,0,0,0,0,0,0,0,0,0,0,0,0,,0,,0,,0
CC(C)(C1=CC=C(OCC2CO2)C=C1)C1=CC=C(OCC2CO2)C=C1,196,O=P1(OC2=C(C3=CC=CC=C31)C=CC=C2)CCCC(C=C(C=C4)C(C)(C5=CC(CCCP6(OC7=C(C8=C6C=CC=C8)C=CC=C7)=O)=C(C=C5)O)C)=C4O[Si](C)(C=C)OC9=C(C=C(C=C9)C(C)(C%10=CC(CCCP%11(OC%12=C(C%13=CC=CC=C%13%11)C=CC=C%12)=O)=C(C=C%10)O)C)CCCP%14(OC%15=C(C%16=C%14C=CC=C%16)C=CC=C%15)=O,6,NC1=CC=C(CC2=CC=C(N)C=C2)C=C1,18.98,120,2,170,4,0,0,0,0,0,0,0,0,0,0,0,0,0,0,0,0,,0,,0,,0
CC(C)(C1=CC=C(OCC2CO2)C=C1)C1=CC=C(OCC2CO2)C=C1,196,O=P1(OC2=C(C3=CC=CC=C31)C=CC=C2)CCCC(C=C(C=C4)C(C)(C5=CC(CCCP6(OC7=C(C8=C6C=CC=C8)C=CC=C7)=O)=C(C=C5)O)C)=C4O[Si](C9=CC=CC=C9)(C%10=CC=CC=C%10)OC%11=C(C=C(C=C%11)C(C)(C%12=CC(CCCP%13(OC%14=C(C%15=CC=CC=C%15%13)C=CC=C%14)=O)=C(C=C%12)O)C)CCCP%16(OC%17=C(C%18=C%16C=CC=C%18)C=CC=C%17)=O,3,NC1=CC=C(CC2=CC=C(N)C=C2)C=C1,19.59,120,2,170,4,0,0,0,0,0,0,0,0,0,0,0,0,0,0,0,0,,0,,0,,0
CC(C)(C1=CC=C(OCC2CO2)C=C1)C1=CC=C(OCC2CO2)C=C1,196,O=P1(OC2=C(C3=CC=CC=C31)C=CC=C2)CCCC(C=C(C=C4)C(C)(C5=CC(CCCP6(OC7=C(C8=C6C=CC=C8)C=CC=C7)=O)=C(C=C5)O)C)=C4O[Si](C9=CC=CC=C9)(C%10=CC=CC=C%10)OC%11=C(C=C(C=C%11)C(C)(C%12=CC(CCCP%13(OC%14=C(C%15=CC=CC=C%15%13)C=CC=C%14)=O)=C(C=C%12)O)C)CCCP%16(OC%17=C(C%18=C%16C=CC=C%18)C=CC=C%17)=O,4,NC1=CC=C(CC2=CC=C(N)C=C2)C=C1,19.38,120,2,170,4,0,0,0,0,0,0,0,0,0,0,0,0,0,0,0,0,,0,,0,,0
CC(C)(C1=CC=C(OCC2CO2)C=C1)C1=CC=C(OCC2CO2)C=C1,196,O=P1(OC2=C(C3=CC=CC=C31)C=CC=C2)CCCC(C=C(C=C4)C(C)(C5=CC(CCCP6(OC7=C(C8=C6C=CC=C8)C=CC=C7)=O)=C(C=C5)O)C)=C4O[Si](C9=CC=CC=C9)(C%10=CC=CC=C%10)OC%11=C(C=C(C=C%11)C(C)(C%12=CC(CCCP%13(OC%14=C(C%15=CC=CC=C%15%13)C=CC=C%14)=O)=C(C=C%12)O)C)CCCP%16(OC%17=C(C%18=C%16C=CC=C%18)C=CC=C%17)=O,5,NC1=CC=C(CC2=CC=C(N)C=C2)C=C1,19.18,120,2,170,4,0,0,0,0,0,0,0,0,0,0,0,0,0,0,0,0,,0,,0,,0
CC(C)(C1=CC=C(OCC2CO2)C=C1)C1=CC=C(OCC2CO2)C=C1,196,O=P1(OC2=C(C3=CC=CC=C31)C=CC=C2)CCCC(C=C(C=C4)C(C)(C5=CC(CCCP6(OC7=C(C8=C6C=CC=C8)C=CC=C7)=O)=C(C=C5)O)C)=C4O[Si](C9=CC=CC=C9)(C%10=CC=CC=C%10)OC%11=C(C=C(C=C%11)C(C)(C%12=CC(CCCP%13(OC%14=C(C%15=CC=CC=C%15%13)C=CC=C%14)=O)=C(C=C%12)O)C)CCCP%16(OC%17=C(C%18=C%16C=CC=C%18)C=CC=C%17)=O,6,NC1=CC=C(CC2=CC=C(N)C=C2)C=C1,18.98,120,2,170,4,0,0,0,0,0,0,0,0,0,0,0,0,0,0,0,0,,0,,0,,0
CC(C)(C1=CC=C(OCC2CO2)C=C1)C1=CC=C(OCC2CO2)C=C1,196,O=P1(OC2=C(C3=CC=CC=C31)C=CC=C2)CCCC(C=C(C=C4)C(C)(C5=CC(CCCP6(OC7=C(C8=C6C=CC=C8)C=CC=C7)=O)=C(C=C5)O)C)=C4O[Si](C9=CC=CC=C9)(C%10=CC=CC=C%10)OC%11=C(C=C(C=C%11)C(C)(C%12=CC(CCCP%13(OC%14=C(C%15=CC=CC=C%15%13)C=CC=C%14)=O)=C(C=C%12)O)C)CCCP%16(OC%17=C(C%18=C%16C=CC=C%18)C=CC=C%17)=O,0,NC1=CC=C(CC2=CC=C(N)C=C2)C=C1,20.1915403,120,2,170,4,0,0,0,0,0,0,0,0,0,0,0,0,0,0,0,0,,0,,0,,0
CC(C)(C1=CC=C(OCC2CO2)C=C1)C1=CC=C(OCC2CO2)C=C1,196,O=P1(CNC2=NC(C3=CC=CC=C3)=NC(NCP3(=O)OC4=CC=CC=C4C4=C3C=CC=C4)=N2)OC2=C(C=CC=C2)C2=CC=CC=C21,2.5,NC1=CC=C(CC2=CC=C(N)C=C2)C=C1,19.5,100,2,150,2,180,2,0,0,0,0,0,0,0,0,0,0,0,0,0,0,,0,,0,,0
CC(C)(C1=CC=C(OCC2CO2)C=C1)C1=CC=C(OCC2CO2)C=C1,196,O=P1(CNC2=NC(C3=CC=CC=C3)=NC(NCP3(=O)OC4=CC=CC=C4C4=C3C=CC=C4)=N2)OC2=C(C=CC=C2)C2=CC=CC=C21,5,NC1=CC=C(CC2=CC=C(N)C=C2)C=C1,19,100,2,150,2,180,2,0,0,0,0,0,0,0,0,0,0,0,0,0,0,,0,,0,,0
CC(C)(C1=CC=C(OCC2CO2)C=C1)C1=CC=C(OCC2CO2)C=C1,196,O=P1(CNC2=NC(C3=CC=CC=C3)=NC(NCP3(=O)OC4=CC=CC=C4C4=C3C=CC=C4)=N2)OC2=C(C=CC=C2)C2=CC=CC=C21,7.5,NC1=CC=C(CC2=CC=C(N)C=C2)C=C1,18.5,100,2,150,2,180,2,0,0,0,0,0,0,0,0,0,0,0,0,0,0,,0,,0,,0
CC(C)(C1=CC=C(OCC2CO2)C=C1)C1=CC=C(OCC2CO2)C=C1,196,O=P1(CNC2=NC(C3=CC=CC=C3)=NC(NCP3(=O)OC4=CC=CC=C4C4=C3C=CC=C4)=N2)OC2=C(C=CC=C2)C2=CC=CC=C21,0,NC1=CC=C(CC2=CC=C(N)C=C2)C=C1,20,100,2,150,2,180,2,0,0,0,0,0,0,0,0,0,0,0,0,0,0,,0,,0,,0
CC(C)(C1=CC=C(OCC2CO2)C=C1)C1=CC=C(OCC2CO2)C=C1,227,O=P1(C(NC2=CC=C(S[Si](SC3=CC=C(NC(P4(OC5=CC=CC=C5C6=C4C=CC=C6)=O)C7=CC=C(B(O)O)C=C7)C=C3)(C8=CC=CC=C8)SC9=CC=C(NC(P%10(OC%11=CC=CC=C%11C%12=C%10C=CC=C%12)=O)C%13=CC=C(B(O)O)C=C%13)C=C9)C=C2)C%14=CC=C(B(O)O)C=C%14)OC%15=CC=CC=C%15C%16=C1C=CC=C%16,4,NC1=CC=C(CC2=CC=C(N)C=C2)C=C1,17.18,120,2,170,4,0,0,0,0,0,0,0,0,0,0,0,0,0,0,0,0,,0,,0,,0
CC(C)(C1=CC=C(OCC2CO2)C=C1)C1=CC=C(OCC2CO2)C=C1,227,O=P1(C(NC2=CC=C(S[Si](SC3=CC=C(NC(P4(OC5=CC=CC=C5C6=C4C=CC=C6)=O)C7=CC=C(B(O)O)C=C7)C=C3)(C8=CC=CC=C8)SC9=CC=C(NC(P%10(OC%11=CC=CC=C%11C%12=C%10C=CC=C%12)=O)C%13=CC=C(B(O)O)C=C%13)C=C9)C=C2)C%14=CC=C(B(O)O)C=C%14)OC%15=CC=CC=C%15C%16=C1C=CC=C%16,6,NC1=CC=C(CC2=CC=C(N)C=C2)C=C1,16.81,120,2,170,4,0,0,0,0,0,0,0,0,0,0,0,0,0,0,0,0,,0,,0,,0
CC(C)(C1=CC=C(OCC2CO2)C=C1)C1=CC=C(OCC2CO2)C=C1,227,O=P1(C(NC2=CC=C(S[Si](SC3=CC=C(NC(P4(OC5=CC=CC=C5C6=C4C=CC=C6)=O)C7=CC=C(B(O)O)C=C7)C=C3)(C8=CC=CC=C8)SC9=CC=C(NC(P%10(OC%11=CC=CC=C%11C%12=C%10C=CC=C%12)=O)C%13=CC=C(B(O)O)C=C%13)C=C9)C=C2)C%14=CC=C(B(O)O)C=C%14)OC%15=CC=CC=C%15C%16=C1C=CC=C%16,8,NC1=CC=C(CC2=CC=C(N)C=C2)C=C1,16.63,120,2,170,4,0,0,0,0,0,0,0,0,0,0,0,0,0,0,0,0,,0,,0,,0
CC(C)(C1=CC=C(OCC2CO2)C=C1)C1=CC=C(OCC2CO2)C=C1,227,O=P1(C(NC2=CC=C(S[Si](SC3=CC=C(NC(P4(OC5=CC=CC=C5C6=C4C=CC=C6)=O)C7=CC=C(B(O)O)C=C7)C=C3)(C8=CC=CC=C8)SC9=CC=C(NC(P%10(OC%11=CC=CC=C%11C%12=C%10C=CC=C%12)=O)C%13=CC=C(B(O)O)C=C%13)C=C9)C=C2)C%14=CC=C(B(O)O)C=C%14)OC%15=CC=CC=C%15C%16=C1C=CC=C%16,0,NC1=CC=C(CC2=CC=C(N)C=C2)C=C1,17.925,120,2,170,4,0,0,0,0,0,0,0,0,0,0,0,0,0,0,0,0,,0,,0,,0
CC(C)(C1=CC=C(OCC2CO2)C=C1)C1=CC=C(OCC2CO2)C=C1,196,O=C([O-])C(C=C1)=CC=C1OP2(OC(C=C3)=CC=C3C([O-])=O)=NP(OC4=CC=C(C=C4)C([O-])=O)(OC5=CC=C(C=C5)C([O-])=O)=NP(OC6=CC=C(C=C6)C([O-])=O)(OC7=CC=C(C=C7)C([O-])=O)=N2.[Zn+2].[Zn+2].[Zn+2],3,NC1=CC=CC(N)=C1,9.6,200,5,0,0,0,0,0,0,0,0,0,0,0,0,0,0,0,0,0,0,,0,,0,,0
CC(C)(C1=CC=C(OCC2CO2)C=C1)C1=CC=C(OCC2CO2)C=C1,196,O=C([O-])C(C=C1)=CC=C1OP2(OC(C=C3)=CC=C3C([O-])=O)=NP(OC4=CC=C(C=C4)C([O-])=O)(OC5=CC=C(C=C5)C([O-])=O)=NP(OC6=CC=C(C=C6)C([O-])=O)(OC7=CC=C(C=C7)C([O-])=O)=N2.[Zn+2].[Zn+2].[Zn+2],6,NC1=CC=CC(N)=C1,9.3,200,5,0,0,0,0,0,0,0,0,0,0,0,0,0,0,0,0,0,0,,0,,0,,0
CC(C)(C1=CC=C(OCC2CO2)C=C1)C1=CC=C(OCC2CO2)C=C1,196,O=C([O-])C(C=C1)=CC=C1OP2(OC(C=C3)=CC=C3C([O-])=O)=NP(OC4=CC=C(C=C4)C([O-])=O)(OC5=CC=C(C=C5)C([O-])=O)=NP(OC6=CC=C(C=C6)C([O-])=O)(OC7=CC=C(C=C7)C([O-])=O)=N2.[Zn+2].[Zn+2].[Zn+2],9,NC1=CC=CC(N)=C1,9,200,5,0,0,0,0,0,0,0,0,0,0,0,0,0,0,0,0,0,0,,0,,0,,0
CC(C)(C1=CC=C(OCC2CO2)C=C1)C1=CC=C(OCC2CO2)C=C1,196,O=C([O-])C(C=C1)=CC=C1OP2(OC(C=C3)=CC=C3C([O-])=O)=NP(OC4=CC=C(C=C4)C([O-])=O)(OC5=CC=C(C=C5)C([O-])=O)=NP(OC6=CC=C(C=C6)C([O-])=O)(OC7=CC=C(C=C7)C([O-])=O)=N2.[Zn+2].[Zn+2].[Zn+2],0,NC1=CC=CC(N)=C1,9.90990991,200,5,0,0,0,0,0,0,0,0,0,0,0,0,0,0,0,0,0,0,,0,,0,,0
CC(C)(C1=CC=C(OCC2CO2)C=C1)C1=CC=C(OCC2CO2)C=C1,196,COC1=CC(C(NC(CC(=O)O)C2=CNC=N2)P2(=O)OC3=CC=CC=C3C3=C2C=CC=C3)=CC=C1O,4,NC1=CC=C(CC2=CC=C(N)C=C2)C=C1,19.2,100,2,150,2,0,0,0,0,0,0,0,0,0,0,0,0,0,0,0,0,,0,,0,,0
CC(C)(C1=CC=C(OCC2CO2)C=C1)C1=CC=C(OCC2CO2)C=C1,196,COC1=CC(C(NC(CC(=O)O)C2=CNC=N2)P2(=O)OC3=CC=CC=C3C3=C2C=CC=C3)=CC=C1O,7,NC1=CC=C(CC2=CC=C(N)C=C2)C=C1,18.6,100,2,150,2,0,0,0,0,0,0,0,0,0,0,0,0,0,0,0,0,,0,,0,,0
CC(C)(C1=CC=C(OCC2CO2)C=C1)C1=CC=C(OCC2CO2)C=C1,196,COC1=CC(C(NC(CC(=O)O)C2=CNC=N2)P2(=O)OC3=CC=CC=C3C3=C2C=CC=C3)=CC=C1O,10,NC1=CC=C(CC2=CC=C(N)C=C2)C=C1,18,100,2,150,2,0,0,0,0,0,0,0,0,0,0,0,0,0,0,0,0,,0,,0,,0
CC(C)(C1=CC=C(OCC2CO2)C=C1)C1=CC=C(OCC2CO2)C=C1,196,COC1=CC(C(NC(CC(=O)O)C2=CNC=N2)P2(=O)OC3=CC=CC=C3C3=C2C=CC=C3)=CC=C1O,0,NC1=CC=C(CC2=CC=C(N)C=C2)C=C1,20,100,2,150,2,0,0,0,0,0,0,0,0,0,0,0,0,0,0,0,0,,0,,0,,0
CC(C)(C1=CC=C(OCC2CO2)C=C1)C1=CC=C(OCC2CO2)C=C1,227,COC1=CC=CC(/C=N/C2=CC=C(CC3=CC=C(/N=C/C4=CC=CC(OC)=C4O)C=C3)C=C2)=C1O,15,NC1=CC=C(CC2=CC=C(N)C=C2)C=C1,21.47,90,2,140,4,190,1,0,0,0,0,0,0,0,0,0,0,0,0,0,0,,0,,0,,0
CC(C)(C1=CC=C(OCC2CO2)C=C1)C1=CC=C(OCC2CO2)C=C1,227,COC1=CC=CC(/C=N/C2=CC=C(CC3=CC=C(/N=C/C4=CC=CC(OC)=C4O)C=C3)C=C2)=C1O,5,NC1=CC=C(CC2=CC=C(N)C=C2)C=C1,22.73,90,2,140,4,190,1,0,0,0,0,0,0,0,0,0,0,0,0,0,0,O=P([O-])([O-])[O-].[NH4+].[NH4+].[NH4+],5,,0,,0
CC(C)(C1=CC=C(OCC2CO2)C=C1)C1=CC=C(OCC2CO2)C=C1,227,COC1=CC=CC(/C=N/C2=CC=C(CC3=CC=C(/N=C/C4=CC=CC(OC)=C4O)C=C3)C=C2)=C1O,7.5,NC1=CC=C(CC2=CC=C(N)C=C2)C=C1,21.47,90,2,140,4,190,1,0,0,0,0,0,0,0,0,0,0,0,0,0,0,O=P([O-])([O-])[O-].[NH4+].[NH4+].[NH4+],7.5,,0,,0
CC(C)(C1=CC=C(OCC2CO2)C=C1)C1=CC=C(OCC2CO2)C=C1,227,COC1=CC=CC(/C=N/C2=CC=C(CC3=CC=C(/N=C/C4=CC=CC(OC)=C4O)C=C3)C=C2)=C1O,10,NC1=CC=C(CC2=CC=C(N)C=C2)C=C1,20.21,90,2,140,4,190,1,0,0,0,0,0,0,0,0,0,0,0,0,0,0,O=P([O-])([O-])[O-].[NH4+].[NH4+].[NH4+],10,,0,,0
CC(C)(C1=CC=C(OCC2CO2)C=C1)C1=CC=C(OCC2CO2)C=C1,227,COC1=CC=CC(/C=N/C2=CC=C(CC3=CC=C(/N=C/C4=CC=CC(OC)=C4O)C=C3)C=C2)=C1O,3.33,NC1=CC=C(CC2=CC=C(N)C=C2)C=C1,22.73,90,2,140,4,190,1,0,0,0,0,0,0,0,0,0,0,0,0,0,0,O=P([O-])([O-])[O-].[NH4+].[NH4+].[NH4+],6.66,,0,,0
CC(C)(C1=CC=C(OCC2CO2)C=C1)C1=CC=C(OCC2CO2)C=C1,227,COC1=CC=CC(/C=N/C2=CC=C(CC3=CC=C(/N=C/C4=CC=CC(OC)=C4O)C=C3)C=C2)=C1O,5,NC1=CC=C(CC2=CC=C(N)C=C2)C=C1,21.47,90,2,140,4,190,1,0,0,0,0,0,0,0,0,0,0,0,0,0,0,O=P([O-])([O-])[O-].[NH4+].[NH4+].[NH4+],10,,0,,0
CC(C)(C1=CC=C(OCC2CO2)C=C1)C1=CC=C(OCC2CO2)C=C1,227,COC1=CC=CC(/C=N/C2=CC=C(CC3=CC=C(/N=C/C4=CC=CC(OC)=C4O)C=C3)C=C2)=C1O,6.67,NC1=CC=C(CC2=CC=C(N)C=C2)C=C1,20.21,90,2,140,4,190,1,0,0,0,0,0,0,0,0,0,0,0,0,0,0,O=P([O-])([O-])[O-].[NH4+].[NH4+].[NH4+],13.33,,0,,0
CC(C)(C1=CC=C(OCC2CO2)C=C1)C1=CC=C(OCC2CO2)C=C1,227,COC1=CC=CC(/C=N/C2=CC=C(CC3=CC=C(/N=C/C4=CC=CC(OC)=C4O)C=C3)C=C2)=C1O,2.5,NC1=CC=C(CC2=CC=C(N)C=C2)C=C1,22.73,90,2,140,4,190,1,0,0,0,0,0,0,0,0,0,0,0,0,0,0,O=P([O-])([O-])[O-].[NH4+].[NH4+].[NH4+],7.5,,0,,0
CC(C)(C1=CC=C(OCC2CO2)C=C1)C1=CC=C(OCC2CO2)C=C1,227,COC1=CC=CC(/C=N/C2=CC=C(CC3=CC=C(/N=C/C4=CC=CC(OC)=C4O)C=C3)C=C2)=C1O,3.75,NC1=CC=C(CC2=CC=C(N)C=C2)C=C1,21.47,90,2,140,4,190,1,0,0,0,0,0,0,0,0,0,0,0,0,0,0,O=P([O-])([O-])[O-].[NH4+].[NH4+].[NH4+],11.25,,0,,0
CC(C)(C1=CC=C(OCC2CO2)C=C1)C1=CC=C(OCC2CO2)C=C1,227,COC1=CC=CC(/C=N/C2=CC=C(CC3=CC=C(/N=C/C4=CC=CC(OC)=C4O)C=C3)C=C2)=C1O,5,NC1=CC=C(CC2=CC=C(N)C=C2)C=C1,20.21,90,2,140,4,190,1,0,0,0,0,0,0,0,0,0,0,0,0,0,0,O=P([O-])([O-])[O-].[NH4+].[NH4+].[NH4+],15,,0,,0
CC(C)(C1=CC=C(OCC2CO2)C=C1)C1=CC=C(OCC2CO2)C=C1,227,O=P([O-])([O-])[O-].[NH4+].[NH4+].[NH4+],15,NC1=CC=C(CC2=CC=C(N)C=C2)C=C1,21.47,90,2,140,4,190,1,0,0,0,0,0,0,0,0,0,0,0,0,0,0,,0,,0,,0
C1=CC(OCC2CO2)=CC=C1CC1=CC=C(OCC2CO2)C=C1,165,O=P1(C(NC2=NNC(NC(C3=CC=CC=C3)P3(=O)OC4=C(C=CC=C4)C4=C3C=CC=C4)=N2)C2=CC=CC=C2)OC2=C(C=CC=C2)C2=C1C=CC=C2,5,NC1=CC=C(CC2=CC=C(N)C=C2)C=C1,20.73,90,2,140,4,190,1,0,0,0,0,0,0,0,0,0,0,0,0,0,0,,0,,0,,0
C1=CC(OCC2CO2)=CC=C1CC1=CC=C(OCC2CO2)C=C1,165,O=P1(C(NC2=NNC(NC(C3=CC=CC=C3)P3(=O)OC4=C(C=CC=C4)C4=C3C=CC=C4)=N2)C2=CC=CC=C2)OC2=C(C=CC=C2)C2=C1C=CC=C2,10,NC1=CC=C(CC2=CC=C(N)C=C2)C=C1,18.73,90,2,140,4,190,1,0,0,0,0,0,0,0,0,0,0,0,0,0,0,,0,,0,,0
C1=CC(OCC2CO2)=CC=C1CC1=CC=C(OCC2CO2)C=C1,165,O=P1(C(NC2=NNC(NC(C3=CC=CC=C3)P3(=O)OC4=C(C=CC=C4)C4=C3C=CC=C4)=N2)C2=CC=CC=C2)OC2=C(C=CC=C2)C2=C1C=CC=C2,15,NC1=CC=C(CC2=CC=C(N)C=C2)C=C1,16.88,90,2,140,4,190,1,0,0,0,0,0,0,0,0,0,0,0,0,0,0,,0,,0,,0
C1=CC(OCC2CO2)=CC=C1CC1=CC=C(OCC2CO2)C=C1,165,O=P1(C(NC2=NNC(NC(C3=CC=CC=C3)P3(=O)OC4=C(C=CC=C4)C4=C3C=CC=C4)=N2)C2=CC=CC=C2)OC2=C(C=CC=C2)C2=C1C=CC=C2,0,NC1=CC=C(CC2=CC=C(N)C=C2)C=C1,22.48062016,90,2,140,4,190,1,0,0,0,0,0,0,0,0,0,0,0,0,0,0,,0,,0,,0
CC(C)(C1=CC=C(OCC2CO2)C=C1)C1=CC=C(OCC2CO2)C=C1,213,CC(C1=CC=C(C=C1)NP(C)(C(C=C2)=CC=C2C(C3=CC=C(C=C3)N)(P4(OC5=C(C6=C4C=CC=C6)C=CC=C5)=O)C)=S)(P7(OC8=C(C9=C7C=CC=C9)C=CC=C8)=O)C%10=CC=C(C=C%10)N,5,NC1=CC=C(CC2=CC=C(N)C=C2)C=C1,17,100,2,150,2,0,0,0,0,0,0,0,0,0,0,0,0,0,0,0,0,,0,,0,,0
CC(C)(C1=CC=C(OCC2CO2)C=C1)C1=CC=C(OCC2CO2)C=C1,213,CC(C1=CC=C(C=C1)NP(C)(C(C=C2)=CC=C2C(C3=CC=C(C=C3)N)(P4(OC5=C(C6=C4C=CC=C6)C=CC=C5)=O)C)=S)(P7(OC8=C(C9=C7C=CC=C9)C=CC=C8)=O)C%10=CC=C(C=C%10)N,0,NC1=CC=C(CC2=CC=C(N)C=C2)C=C1,17.9,100,2,150,2,0,0,0,0,0,0,0,0,0,0,0,0,0,0,0,0,,0,,0,,0
CC(C)(C1=CC=C(OCC2CO2)C=C1)C1=CC=C(OCC2CO2)C=C1,213,CC(C1=CC=C(C=C1)NP(C)(C(C=C2)=CC=C2C(C3=CC=C(C=C3)N)(P4(OC5=C(C6=C4C=CC=C6)C=CC=C5)=O)C)=S)(P7(OC8=C(C9=C7C=CC=C9)C=CC=C8)=O)C%10=CC=C(C=C%10)N,6.75,NC1=CC=C(CC2=CC=C(N)C=C2)C=C1,16.7,100,2,150,2,0,0,0,0,0,0,0,0,0,0,0,0,0,0,0,0,,0,,0,,0
CC(C)(C1=CC=C(OCC2CO2)C=C1)C1=CC=C(OCC2CO2)C=C1,213,CC(C1=CC=C(C=C1)NP(C)(C(C=C2)=CC=C2C(C3=CC=C(C=C3)N)(P4(OC5=C(C6=C4C=CC=C6)C=CC=C5)=O)C)=S)(P7(OC8=C(C9=C7C=CC=C9)C=CC=C8)=O)C%10=CC=C(C=C%10)N,7.5,NC1=CC=C(CC2=CC=C(N)C=C2)C=C1,16.5,100,2,150,2,0,0,0,0,0,0,0,0,0,0,0,0,0,0,0,0,,0,,0,,0
CC(C)(C1=CC=C(OCC2CO2)C=C1)C1=CC=C(OCC2CO2)C=C1,213,CC(C1=CC=C(C=C1)NP(C)(C(C=C2)=CC=C2C(C3=CC=C(C=C3)N)(P4(OC5=C(C6=C4C=CC=C6)C=CC=C5)=O)C)=S)(P7(OC8=C(C9=C7C=CC=C9)C=CC=C8)=O)C%10=CC=C(C=C%10)N,10,NC1=CC=C(CC2=CC=C(N)C=C2)C=C1,16.1,100,2,150,2,0,0,0,0,0,0,0,0,0,0,0,0,0,0,0,0,,0,,0,,0
CC(C)(C1=CC=C(OCC2CO2)C=C1)C1=CC=C(OCC2CO2)C=C1,188,CC(C1=CC=C(C=C1)NP(C)(C(C=C2)=CC=C2C(C3=CC=C(C=C3)N)(P4(OC5=C(C6=C4C=CC=C6)C=CC=C5)=O)C)=S)(P7(OC8=C(C9=C7C=CC=C9)C=CC=C8)=O)C%10=CC=C(C=C%10)N,0,NCCNCCN(CCNCCN)CCN(CCNCCN)CCNCCN(CCN)CCN,15,50,2,70,2,80,2,0,0,0,0,0,0,0,0,0,0,0,0,0,0,,0,,0,,0
CC(C)(C1=CC=C(OCC2CO2)C=C1)C1=CC=C(OCC2CO2)C=C1,188,C[Si](NCCNCCN(CCN(CCN(CCN[Si](N)(CCP1(OC2=C(C3=C1C=CC=C3)C=CC=C2)=O)C)CCN)CCNCCN)CCNCCN(CCN[Si](N)(CCP4(OC5=CC=CC=C5C6=C4C=CC=C6)=O)C)CCN)(N)CCP7(OC8=CC=CC=C8C9=C7C=CC=C9)=O,25,C[Si](NCCNCCN(CCN(CCN(CCN[Si](N)(CCP1(OC2=C(C3=C1C=CC=C3)C=CC=C2)=O)C)CCN)CCNCCN)CCNCCN(CCN[Si](N)(CCP4(OC5=CC=CC=C5C6=C4C=CC=C6)=O)C)CCN)(N)CCP7(OC8=CC=CC=C8C9=C7C=CC=C9)=O,25,50,2,70,2,80,2,0,0,0,0,0,0,0,0,0,0,0,0,0,0,,0,,0,,0
CC(C)(C1=CC=C(OCC2CO2)C=C1)C1=CC=C(OCC2CO2)C=C1,188,C[Si](NCCNCCN(CCN(CCN(CCN[Si](N)(CCP1(OC2=C(C3=C1C=CC=C3)C=CC=C2)=O)C)CCN)CCNCCN)CCNCCN(CCN[Si](N)(CCP4(OC5=CC=CC=C5C6=C4C=CC=C6)=O)C)CCN)(N)CCP7(OC8=CC=CC=C8C9=C7C=CC=C9)=O,28,C[Si](NCCNCCN(CCN(CCN(CCN[Si](N)(CCP1(OC2=C(C3=C1C=CC=C3)C=CC=C2)=O)C)CCN)CCNCCN)CCNCCN(CCN[Si](N)(CCP4(OC5=CC=CC=C5C6=C4C=CC=C6)=O)C)CCN)(N)CCP7(OC8=CC=CC=C8C9=C7C=CC=C9)=O,28,50,2,70,2,80,2,0,0,0,0,0,0,0,0,0,0,0,0,0,0,,0,,0,,0
CC(C)(C1=CC=C(OCC2CO2)C=C1)C1=CC=C(OCC2CO2)C=C1,188,C[Si](NCCNCCN(CCN(CCN(CCN[Si](N)(CCP1(OC2=C(C3=C1C=CC=C3)C=CC=C2)=O)C)CCN)CCNCCN)CCNCCN(CCN[Si](N)(CCP4(OC5=CC=CC=C5C6=C4C=CC=C6)=O)C)CCN)(N)CCP7(OC8=CC=CC=C8C9=C7C=CC=C9)=O,30,C[Si](NCCNCCN(CCN(CCN(CCN[Si](N)(CCP1(OC2=C(C3=C1C=CC=C3)C=CC=C2)=O)C)CCN)CCNCCN)CCNCCN(CCN[Si](N)(CCP4(OC5=CC=CC=C5C6=C4C=CC=C6)=O)C)CCN)(N)CCP7(OC8=CC=CC=C8C9=C7C=CC=C9)=O,30,50,2,70,2,80,2,0,0,0,0,0,0,0,0,0,0,0,0,0,0,,0,,0,,0
CC(C)(C1=CC=C(OCC2CO2)C=C1)C1=CC=C(OCC2CO2)C=C1,188,[H]P1(=O)OC2=C(C=CC=C2)C2=C1C=CC=C2,6.777290948,NCCNCCN(CCNCCN)CCN(CCNCCN)CCNCCN(CCN)CCN,13.98340636,50,2,70,2,80,2,0,0,0,0,0,0,0,0,0,0,0,0,0,0,,0,,0,,0
CC(C)(C1=CC=C(OCC2CO2)C=C1)C1=CC=C(OCC2CO2)C=C1,833,CCCCCCCCCCC[NH3+].CP([O-])([O-])=O,4,N#CNC(=N)N,2.33,145,25,0,0,0,0,0,0,0,0,0,0,0,0,0,0,0,0,0,0,CC1=NC=CN1,0.465983225,,0,,0
CC(C)(C1=CC=C(OCC2CO2)C=C1)C1=CC=C(OCC2CO2)C=C1,833,CCCCCCCCCCC[NH3+].CP([O-])([O-])=O,6,N#CNC(=N)N,2.28,145,25,0,0,0,0,0,0,0,0,0,0,0,0,0,0,0,0,0,0,CC1=NC=CN1,0.45620438,,0,,0
CC(C)(C1=CC=C(OCC2CO2)C=C1)C1=CC=C(OCC2CO2)C=C1,833,CCCCCCCCCCC[NH3+].CP([O-])([O-])=O,8,N#CNC(=N)N,2.23,145,25,0,0,0,0,0,0,0,0,0,0,0,0,0,0,0,0,0,0,CC1=NC=CN1,0.446827525,,0,,0
CC(C)(C1=CC=C(OCC2CO2)C=C1)C1=CC=C(OCC2CO2)C=C1,833,CCCCCCCCCCC[NH3+].CP([O-])([O-])=O,10,N#CNC(=N)N,2.19,145,25,0,0,0,0,0,0,0,0,0,0,0,0,0,0,0,0,0,0,CC1=NC=CN1,0.437062937,,0,,0
CC(C)(C1=CC=C(OCC2CO2)C=C1)C1=CC=C(OCC2CO2)C=C1,833,CCCCCCCCCCC[NH3+].CP([O-])([O-])=O,0,N#CNC(=N)N,2.427184466,145,25,0,0,0,0,0,0,0,0,0,0,0,0,0,0,0,0,0,0,CC1=NC=CN1,0.485436893,,0,,0
CC(C)(C1=CC=C(OCC2CO2)C=C1)C1=CC=C(OCC2CO2)C=C1,196,O=C1OC(C2=C1C=CC(C(C(F)(F)F)(C(F)(F)F)C3=CC4=C(C(N(C5=CC=C(C=C5)C(P6(OC7=CC=CC=C7C8=CC=CC=C86)=O)(P9(OC%10=CC=CC=C%10C%11=CC=CC=C%119)=O)C%12=CC=C(N(C%13=O)C(C(C=C%14)=C%13C=C%14C(C(F)(F)F)(C(F)(F)F)C%15=CC%16=C(C=C%15)C(N(C%17=NC(C)=NC(N(C(C%18=C%19C=CC(C(C(F)(F)F)(C(F)(F)F)C%20=CC%21=C(C(OC%21=O)=O)C=C%20)=C%18)=O)C%19=O)=N%17)C%16=O)=O)=O)C=C%12)C4=O)=O)C=C3)=C2)=O,13.4,CC12CCCCC1C(=O)OC2=O,39.17,120,1,150,2,180,3,0,0,0,0,0,0,0,0,0,0,0,0,0,0,CCN(CC1=CC(CN(C)C)=CC(CN(C)C)=C1O)C,0.2,,0,,0
CC(C)(C1=CC=C(OCC2CO2)C=C1)C1=CC=C(OCC2CO2)C=C1,196,O=C1OC(C2=C1C=CC(C(C(F)(F)F)(C(F)(F)F)C3=CC4=C(C(N(C5=CC=C(C=C5)C(P6(OC7=CC=CC=C7C8=CC=CC=C86)=O)(P9(OC%10=CC=CC=C%10C%11=CC=CC=C%119)=O)C%12=CC=C(N(C%13=O)C(C(C=C%14)=C%13C=C%14C(C(F)(F)F)(C(F)(F)F)C%15=CC%16=C(C=C%15)C(N(C%17=NC(C)=NC(N(C(C%18=C%19C=CC(C(C(F)(F)F)(C(F)(F)F)C%20=CC%21=C(C(OC%21=O)=O)C=C%20)=C%18)=O)C%19=O)=N%17)C%16=O)=O)=O)C=C%12)C4=O)=O)C=C3)=C2)=O,24.1,CC12CCCCC1C(=O)OC2=O,33.7,120,1,150,2,180,3,0,0,0,0,0,0,0,0,0,0,0,0,0,0,CCN(CC1=CC(CN(C)C)=CC(CN(C)C)=C1O)C,0.2,,0,,0
CC(C)(C1=CC=C(OCC2CO2)C=C1)C1=CC=C(OCC2CO2)C=C1,196,O=C1OC(C2=C1C=CC(C(C(F)(F)F)(C(F)(F)F)C3=CC4=C(C(N(C5=CC=C(C=C5)C(P6(OC7=CC=CC=C7C8=CC=CC=C86)=O)(P9(OC%10=CC=CC=C%10C%11=CC=CC=C%119)=O)C%12=CC=C(N(C%13=O)C(C(C=C%14)=C%13C=C%14C(C(F)(F)F)(C(F)(F)F)C%15=CC%16=C(C=C%15)C(N(C%17=NC(C)=NC(N(C(C%18=C%19C=CC(C(C(F)(F)F)(C(F)(F)F)C%20=CC%21=C(C(OC%21=O)=O)C=C%20)=C%18)=O)C%19=O)=N%17)C%16=O)=O)=O)C=C%12)C4=O)=O)C=C3)=C2)=O,28.5,CC12CCCCC1C(=O)OC2=O,31.44,120,1,150,2,180,3,0,0,0,0,0,0,0,0,0,0,0,0,0,0,CCN(CC1=CC(CN(C)C)=CC(CN(C)C)=C1O)C,0.2,,0,,0
CC(C)(C1=CC=C(OCC2CO2)C=C1)C1=CC=C(OCC2CO2)C=C1,196,O=C1OC(C2=C1C=CC(C(C(F)(F)F)(C(F)(F)F)C3=CC4=C(C(N(C5=CC=C(C=C5)C(P6(OC7=CC=CC=C7C8=CC=CC=C86)=O)(P9(OC%10=CC=CC=C%10C%11=CC=CC=C%119)=O)C%12=CC=C(N(C%13=O)C(C(C=C%14)=C%13C=C%14C(C(F)(F)F)(C(F)(F)F)C%15=CC%16=C(C=C%15)C(N(C%17=NC(C)=NC(N(C(C%18=C%19C=CC(C(C(F)(F)F)(C(F)(F)F)C%20=CC%21=C(C(OC%21=O)=O)C=C%20)=C%18)=O)C%19=O)=N%17)C%16=O)=O)=O)C=C%12)C4=O)=O)C=C3)=C2)=O,0,CC12CCCCC1C(=O)OC2=O,46.14970382,120,1,150,2,180,3,0,0,0,0,0,0,0,0,0,0,0,0,0,0,CCN(CC1=CC(CN(C)C)=CC(CN(C)C)=C1O)C,0.2,,0,,0
CC(C)(C1=CC=C(OCC2CO2)C=C1)C1=CC=C(OCC2CO2)C=C1,185,O=[PH]1OCC2(CO1)CO[PH](=O)OC2,6.4,CC1(C)CC(N)CC(C)(CN)C1,28.94,100,2,140,2,160,2,0,0,0,0,0,0,0,0,0,0,0,0,0,0,C1CCC2=NCCCN2CC1,0.321543408,,0,,0
CC(C)(C1=CC=C(OCC2CO2)C=C1)C1=CC=C(OCC2CO2)C=C1,185,O=[PH]1OCC2(CO1)CO[PH](=O)OC2,12.3,CC1(C)CC(N)CC(C)(CN)C1,24.84,100,2,140,2,160,2,0,0,0,0,0,0,0,0,0,0,0,0,0,0,C1CCC2=NCCCN2CC1,0.621118012,,0,,0
CC(C)(C1=CC=C(OCC2CO2)C=C1)C1=CC=C(OCC2CO2)C=C1,185,O=[PH]1OCC2(CO1)CO[PH](=O)OC2,22.6,CC1(C)CC(N)CC(C)(CN)C1,19.77,100,2,140,2,160,2,0,0,0,0,0,0,0,0,0,0,0,0,0,0,C1CCC2=NCCCN2CC1,1.129943503,,0,,0
CC(C)(C1=CC=C(OCC2CO2)C=C1)C1=CC=C(OCC2CO2)C=C1,185,O=[PH]1OCC2(CO1)CO[PH](=O)OC2,26.7,CC1(C)CC(N)CC(C)(CN)C1,16.44,100,2,140,2,160,2,0,0,0,0,0,0,0,0,0,0,0,0,0,0,C1CCC2=NCCCN2CC1,1.333333333,C1CN=C2NCCCN2C1,2.666666667,,0
CC(C)(C1=CC=C(OCC2CO2)C=C1)C1=CC=C(OCC2CO2)C=C1,185,O=[PH]1OCC2(CO1)CO[PH](=O)OC2,35.3,CC1(C)CC(N)CC(C)(CN)C1,12.92,100,2,140,2,160,2,0,0,0,0,0,0,0,0,0,0,0,0,0,0,C1CCC2=NCCCN2CC1,1.763224181,C1CN=C2NCCCN2C1,2.518891688,,0
CC(C)(C1=CC=C(OCC2CO2)C=C1)C1=CC=C(OCC2CO2)C=C1,185,O=[PH]1OCC2(CO1)CO[PH](=O)OC2,39.2,CC1(C)CC(N)CC(C)(CN)C1,7.54,100,2,140,2,160,2,0,0,0,0,0,0,0,0,0,0,0,0,0,0,C1CCC2=NCCCN2CC1,1.960784314,C1CN=C2NCCCN2C1,2.450980392,,0
CC(C)(C1=CC=C(OCC2CO2)C=C1)C1=CC=C(OCC2CO2)C=C1,185,O=[PH]1OCC2(CO1)CO[PH](=O)OC2,0,CC1(C)CC(N)CC(C)(CN)C1,33.33333333,100,2,140,2,160,2,0,0,0,0,0,0,0,0,0,0,0,0,0,0,,0,,0,,0
CC(C)(C1=CC=C(OCC2CO2)C=C1)C1=CC=C(OCC2CO2)C=C1,188,CN(CC1=CC(CN(C)C)=C(C(CN(C)C)=C1)OP(C2=CC=CC=C2)(C3=CC=CC=C3)=O)C,11.3,CN(CC1=CC(CN(C)C)=C(C(CN(C)C)=C1)OP(C2=CC=CC=C2)(C3=CC=CC=C3)=O)C,11.3,90,1,130,2,160,3,0,0,0,0,0,0,0,0,0,0,0,0,0,0,,0,,0,,0
CC(C)(C1=CC=C(OCC2CO2)C=C1)C1=CC=C(OCC2CO2)C=C1,188,CN(CC1=CC(CN(C)C)=C(C(CN(C)C)=C1)OP(C2=CC=CC=C2)(C3=CC=CC=C3)=O)C,15,CN(CC1=CC(CN(C)C)=C(C(CN(C)C)=C1)OP(C2=CC=CC=C2)(C3=CC=CC=C3)=O)C,15,90,1,130,2,160,3,0,0,0,0,0,0,0,0,0,0,0,0,0,0,,0,,0,,0
CC(C)(C1=CC=C(OCC2CO2)C=C1)C1=CC=C(OCC2CO2)C=C1,188,CN(CC1=CC(CN(C)C)=C(C(CN(C)C)=C1)OP(C2=CC=CC=C2)(C3=CC=CC=C3)=O)C,18.8,CN(CC1=CC(CN(C)C)=C(C(CN(C)C)=C1)OP(C2=CC=CC=C2)(C3=CC=CC=C3)=O)C,18.8,90,1,130,2,160,3,0,0,0,0,0,0,0,0,0,0,0,0,0,0,,0,,0,,0
CC(C)(C1=CC=C(OCC2CO2)C=C1)C1=CC=C(OCC2CO2)C=C1,188,CN(CC1=CC(CN(C)C)=C(C(CN(C)C)=C1)OP(C2=CC=CC=C2)(C3=CC=CC=C3)=O)C,22.5,CN(CC1=CC(CN(C)C)=C(C(CN(C)C)=C1)OP(C2=CC=CC=C2)(C3=CC=CC=C3)=O)C,22.5,90,1,130,2,160,3,0,0,0,0,0,0,0,0,0,0,0,0,0,0,,0,,0,,0
CC(C)(C1=CC=C(OCC2CO2)C=C1)C1=CC=C(OCC2CO2)C=C1,188,CN(CC1=CC(CN(C)C)=C(C(CN(C)C)=C1)OP(C2=CC=CC=C2)(C3=CC=CC=C3)=O)C,0,CN(C)CC1=CC(CN(C)C)=C(O)C(CN(C)C)=C1,11.5,90,1,130,2,160,3,0,0,0,0,0,0,0,0,0,0,0,0,0,0,,0,,0,,0
CC(C)(C1=CC=C(OCC2CO2)C=C1)C1=CC=C(OCC2CO2)C=C1,227,O=P1(OC2=C(C3=CC=CC=C31)C=CC=C2)C(C4=CC=C(C=C4)C(P5(OC6=C(C7=CC=CC=C75)C=CC=C6)=O)NCCC[Si](O)(O)O)NCCC[Si](O)(O)O,1,NC1=CC=C(CC2=CC=C(N)C=C2)C=C1,19.8,90,1,120,4,0,0,0,0,0,0,0,0,0,0,0,0,0,0,0,0,,0,,0,,0
CC(C)(C1=CC=C(OCC2CO2)C=C1)C1=CC=C(OCC2CO2)C=C1,227,O=P1(OC2=C(C3=CC=CC=C31)C=CC=C2)C(C4=CC=C(C=C4)C(P5(OC6=C(C7=CC=CC=C75)C=CC=C6)=O)NCCC[Si](O)(O)O)NCCC[Si](O)(O)O,2,NC1=CC=C(CC2=CC=C(N)C=C2)C=C1,19.6,90,1,120,4,0,0,0,0,0,0,0,0,0,0,0,0,0,0,0,0,,0,,0,,0
CC(C)(C1=CC=C(OCC2CO2)C=C1)C1=CC=C(OCC2CO2)C=C1,227,O=P1(OC2=C(C3=CC=CC=C31)C=CC=C2)C(C4=CC=C(C=C4)C(P5(OC6=C(C7=CC=CC=C75)C=CC=C6)=O)NCCC[Si](O)(O)O)NCCC[Si](O)(O)O,3,NC1=CC=C(CC2=CC=C(N)C=C2)C=C1,19.4,90,1,120,4,0,0,0,0,0,0,0,0,0,0,0,0,0,0,0,0,,0,,0,,0
CC(C)(C1=CC=C(OCC2CO2)C=C1)C1=CC=C(OCC2CO2)C=C1,227,O=P1(OC2=C(C3=CC=CC=C31)C=CC=C2)C(C4=CC=C(C=C4)C(P5(OC6=C(C7=CC=CC=C75)C=CC=C6)=O)NCCC[Si](O)(O)O)NCCC[Si](O)(O)O,5,NC1=CC=C(CC2=CC=C(N)C=C2)C=C1,19,90,1,120,4,0,0,0,0,0,0,0,0,0,0,0,0,0,0,0,0,,0,,0,,0
CC(C)(C1=CC=C(OCC2CO2)C=C1)C1=CC=C(OCC2CO2)C=C1,227,O=P1(OC2=C(C3=CC=CC=C31)C=CC=C2)C(C4=CC=C(C=C4)C(P5(OC6=C(C7=CC=CC=C75)C=CC=C6)=O)NCCC[Si](O)(O)O)NCCC[Si](O)(O)O,10,NC1=CC=C(CC2=CC=C(N)C=C2)C=C1,18,90,1,120,4,0,0,0,0,0,0,0,0,0,0,0,0,0,0,0,0,,0,,0,,0
CC(C)(C1=CC=C(OCC2CO2)C=C1)C1=CC=C(OCC2CO2)C=C1,227,O=P1(OC2=C(C3=CC=CC=C31)C=CC=C2)C(C4=CC=C(C=C4)C(P5(OC6=C(C7=CC=CC=C75)C=CC=C6)=O)NCCC[Si](O)(O)O)NCCC[Si](O)(O)O,11,NC1=CC=C(CC2=CC=C(N)C=C2)C=C1,17.8,90,1,120,4,0,0,0,0,0,0,0,0,0,0,0,0,0,0,0,0,,0,,0,,0
CC(C)(C1=CC=C(OCC2CO2)C=C1)C1=CC=C(OCC2CO2)C=C1,227,O=P1(OC2=C(C3=CC=CC=C31)C=CC=C2)C(C4=CC=C(C=C4)C(P5(OC6=C(C7=CC=CC=C75)C=CC=C6)=O)NCCC[Si](O)(O)O)NCCC[Si](O)(O)O,12,NC1=CC=C(CC2=CC=C(N)C=C2)C=C1,17.6,90,1,120,4,0,0,0,0,0,0,0,0,0,0,0,0,0,0,0,0,,0,,0,,0
CC(C)(C1=CC=C(OCC2CO2)C=C1)C1=CC=C(OCC2CO2)C=C1,227,O=P1(OC2=C(C3=CC=CC=C31)C=CC=C2)C(C4=CC=C(C=C4)C(P5(OC6=C(C7=CC=CC=C75)C=CC=C6)=O)NCCC[Si](O)(O)O)NCCC[Si](O)(O)O,13,NC1=CC=C(CC2=CC=C(N)C=C2)C=C1,17.4,90,1,120,4,0,0,0,0,0,0,0,0,0,0,0,0,0,0,0,0,,0,,0,,0
CC(C)(C1=CC=C(OCC2CO2)C=C1)C1=CC=C(OCC2CO2)C=C1,227,O=P1(OC2=C(C3=CC=CC=C31)C=CC=C2)C(C4=CC=C(C=C4)C(P5(OC6=C(C7=CC=CC=C75)C=CC=C6)=O)NCCC[Si](O)(O)O)NCCC[Si](O)(O)O,14,NC1=CC=C(CC2=CC=C(N)C=C2)C=C1,17.2,90,1,120,4,0,0,0,0,0,0,0,0,0,0,0,0,0,0,0,0,,0,,0,,0
CC(C)(C1=CC=C(OCC2CO2)C=C1)C1=CC=C(OCC2CO2)C=C1,227,O=P1(OC2=C(C3=CC=CC=C31)C=CC=C2)C(C4=CC=C(C=C4)C(P5(OC6=C(C7=CC=CC=C75)C=CC=C6)=O)NCCC[Si](O)(O)O)NCCC[Si](O)(O)O,15,NC1=CC=C(CC2=CC=C(N)C=C2)C=C1,17,90,1,120,4,0,0,0,0,0,0,0,0,0,0,0,0,0,0,0,0,,0,,0,,0
CC(C)(C1=CC=C(OCC2CO2)C=C1)C1=CC=C(OCC2CO2)C=C1,227,O=P1(OC2=C(C3=CC=CC=C31)C=CC=C2)C(C4=CC=C(C=C4)C(P5(OC6=C(C7=CC=CC=C75)C=CC=C6)=O)NCCC[Si](O)(O)O)NCCC[Si](O)(O)O,16,NC1=CC=C(CC2=CC=C(N)C=C2)C=C1,16.8,90,1,120,4,0,0,0,0,0,0,0,0,0,0,0,0,0,0,0,0,,0,,0,,0
CC(C)(C1=CC=C(OCC2CO2)C=C1)C1=CC=C(OCC2CO2)C=C1,227,O=P1(OC2=C(C3=CC=CC=C31)C=CC=C2)C(C4=CC=C(C=C4)C(P5(OC6=C(C7=CC=CC=C75)C=CC=C6)=O)NCCC[Si](O)(O)O)NCCC[Si](O)(O)O,20,NC1=CC=C(CC2=CC=C(N)C=C2)C=C1,16,90,1,120,4,0,0,0,0,0,0,0,0,0,0,0,0,0,0,0,0,,0,,0,,0
CC(C)(C1=CC=C(OCC2CO2)C=C1)C1=CC=C(OCC2CO2)C=C1,227,O=P1(OC2=C(C3=CC=CC=C31)C=CC=C2)C(C4=CC=C(C=C4)C(P5(OC6=C(C7=CC=CC=C75)C=CC=C6)=O)NCCC[Si](O)(O)O)NCCC[Si](O)(O)O,0,NC1=CC=C(CC2=CC=C(N)C=C2)C=C1,20,90,1,120,4,0,0,0,0,0,0,0,0,0,0,0,0,0,0,0,0,,0,,0,,0
CC(C)(C1=CC=C(OCC2CO2)C=C1)C1=CC=C(OCC2CO2)C=C1,196,C[Si](CCCNC(P1(OC2=C(C3=C1C=CC=C3)C=CC=C2)=O)C4=CC(OC)=C(C=C4)O)(O[Si](C)(CCCNC(P5(OC6=C(C7=C5C=CC=C7)C=CC=C6)=O)C8=CC(OC)=C(C=C8)O)C)C,2,NC1=CC=C(CC2=CC=C(N)C=C2)C=C1,19.61,100,2,150,3,0,0,0,0,0,0,0,0,0,0,0,0,0,0,0,0,,0,,0,,0
CC(C)(C1=CC=C(OCC2CO2)C=C1)C1=CC=C(OCC2CO2)C=C1,196,C[Si](CCCNC(P1(OC2=C(C3=C1C=CC=C3)C=CC=C2)=O)C4=CC(OC)=C(C=C4)O)(O[Si](C)(CCCNC(P5(OC6=C(C7=C5C=CC=C7)C=CC=C6)=O)C8=CC(OC)=C(C=C8)O)C)C,3.8,NC1=CC=C(CC2=CC=C(N)C=C2)C=C1,19.23,100,2,150,3,0,0,0,0,0,0,0,0,0,0,0,0,0,0,0,0,,0,,0,,0
CC(C)(C1=CC=C(OCC2CO2)C=C1)C1=CC=C(OCC2CO2)C=C1,196,C[Si](CCCNC(P1(OC2=C(C3=C1C=CC=C3)C=CC=C2)=O)C4=CC(OC)=C(C=C4)O)(O[Si](C)(CCCNC(P5(OC6=C(C7=C5C=CC=C7)C=CC=C6)=O)C8=CC(OC)=C(C=C8)O)C)C,5.7,NC1=CC=C(CC2=CC=C(N)C=C2)C=C1,18.87,100,2,150,3,0,0,0,0,0,0,0,0,0,0,0,0,0,0,0,0,,0,,0,,0
CC(C)(C1=CC=C(OCC2CO2)C=C1)C1=CC=C(OCC2CO2)C=C1,196,C[Si](CCCNC(P1(OC2=C(C3=C1C=CC=C3)C=CC=C2)=O)C4=CC(OC)=C(C=C4)O)(O[Si](C)(CCCNC(P5(OC6=C(C7=C5C=CC=C7)C=CC=C6)=O)C8=CC(OC)=C(C=C8)O)C)C,7.4,NC1=CC=C(CC2=CC=C(N)C=C2)C=C1,18.52,100,2,150,3,0,0,0,0,0,0,0,0,0,0,0,0,0,0,0,0,,0,,0,,0
CC(C)(C1=CC=C(OCC2CO2)C=C1)C1=CC=C(OCC2CO2)C=C1,196,C[Si](CCCNC(P1(OC2=C(C3=C1C=CC=C3)C=CC=C2)=O)C4=CC(OC)=C(C=C4)O)(O[Si](C)(CCCNC(P5(OC6=C(C7=C5C=CC=C7)C=CC=C6)=O)C8=CC(OC)=C(C=C8)O)C)C,0,NC1=CC=C(CC2=CC=C(N)C=C2)C=C1,20,100,2,150,3,0,0,0,0,0,0,0,0,0,0,0,0,0,0,0,0,,0,,0,,0
CC(C)(C1=CC=C(OCC2CO2)C=C1)C1=CC=C(OCC2CO2)C=C1,196,COC1=C(O)C=CC(C(NS(=O)(=O)C2=CC=C(C)C=C2)P2(=O)OC3=C(C=CC=C3)C3=CC=CC=C32)=C1,2,NC1=CC=C(CC2=CC=C(N)C=C2)C=C1,19.44,100,2,150,3,0,0,0,0,0,0,0,0,0,0,0,0,0,0,0,0,,0,,0,,0
CC(C)(C1=CC=C(OCC2CO2)C=C1)C1=CC=C(OCC2CO2)C=C1,196,COC1=C(O)C=CC(C(NS(=O)(=O)C2=CC=C(C)C=C2)P2(=O)OC3=C(C=CC=C3)C3=CC=CC=C32)=C1,4,NC1=CC=C(CC2=CC=C(N)C=C2)C=C1,18.78,100,2,150,3,0,0,0,0,0,0,0,0,0,0,0,0,0,0,0,0,,0,,0,,0
CC(C)(C1=CC=C(OCC2CO2)C=C1)C1=CC=C(OCC2CO2)C=C1,196,COC1=C(O)C=CC(C(NS(=O)(=O)C2=CC=C(C)C=C2)P2(=O)OC3=C(C=CC=C3)C3=CC=CC=C32)=C1,0,NC1=CC=C(CC2=CC=C(N)C=C2)C=C1,20.17561365,100,2,150,3,0,0,0,0,0,0,0,0,0,0,0,0,0,0,0,0,,0,,0,,0
CC(C)(C1=CC=C(OCC2CO2)C=C1)C1=CC=C(OCC2CO2)C=C1,196,O=P1(OC2=C(C3=CC=CC=C31)C=CC=C2)[O-].O=P4(OC5=C(C6=CC=CC=C64)C=CC=C5)[O-].[Mg+2],3,NC1=CC=C(CC2=CC=C(N)C=C2)C=C1,19.68,120,3,150,2,0,0,0,0,0,0,0,0,0,0,0,0,0,0,0,0,,0,,0,,0
CC(C)(C1=CC=C(OCC2CO2)C=C1)C1=CC=C(OCC2CO2)C=C1,196,O=P1(OC2=C(C3=CC=CC=C31)C=CC=C2)[O-].O=P4(OC5=C(C6=CC=CC=C64)C=CC=C5)[O-].[Mg+2],0,NC1=CC=C(CC2=CC=C(N)C=C2)C=C1,20,120,3,150,2,0,0,0,0,0,0,0,0,0,0,0,0,0,0,0,0,,0,,0,,0
CC(C)(C1=CC=C(OCC2CO2)C=C1)C1=CC=C(OCC2CO2)C=C1,196,O=P1(OC2=C(C3=CC=CC=C31)C=CC=C2)[O-].O=P4(OC5=C(C6=CC=CC=C64)C=CC=C5)[O-].[Mg+2],0.490677134,NC1=CC=C(CC2=CC=C(N)C=C2)C=C1,18.40039254,120,3,150,2,0,0,0,0,0,0,0,0,0,0,0,0,0,0,0,0,O=P([O-])([O-])[O-].[NH4+].[NH4+].[NH4+],7.507360157,,0,,0
CC(C)(C1=CC=C(OCC2CO2)C=C1)C1=CC=C(OCC2CO2)C=C1,196,O=P1(OC2=C(C3=CC=CC=C31)C=CC=C2)[O-].O=P4(OC5=C(C6=CC=CC=C64)C=CC=C5)[O-].[Mg+2],1.005888126,NC1=CC=C(CC2=CC=C(N)C=C2)C=C1,18.40039254,120,3,150,2,0,0,0,0,0,0,0,0,0,0,0,0,0,0,0,0,O=P([O-])([O-])[O-].[NH4+].[NH4+].[NH4+],6.992149166,,0,,0
CC(C)(C1=CC=C(OCC2CO2)C=C1)C1=CC=C(OCC2CO2)C=C1,196,O=P1(OC2=C(C3=CC=CC=C31)C=CC=C2)[O-].O=P4(OC5=C(C6=CC=CC=C64)C=CC=C5)[O-].[Mg+2],1.49656526,NC1=CC=C(CC2=CC=C(N)C=C2)C=C1,18.40039254,120,3,150,2,0,0,0,0,0,0,0,0,0,0,0,0,0,0,0,0,O=P([O-])([O-])[O-].[NH4+].[NH4+].[NH4+],6.501472031,,0,,0
CC(C)(C1=CC=C(OCC2CO2)C=C1)C1=CC=C(OCC2CO2)C=C1,196,O=P1(OC2=C(C3=CC=CC=C31)C=CC=C2)[O-].O=P4(OC5=C(C6=CC=CC=C64)C=CC=C5)[O-].[Mg+2],2.011776251,NC1=CC=C(CC2=CC=C(N)C=C2)C=C1,18.40039254,120,3,150,2,0,0,0,0,0,0,0,0,0,0,0,0,0,0,0,0,O=P([O-])([O-])[O-].[NH4+].[NH4+].[NH4+],5.98626104,,0,,0
CC(C)(C1=CC=C(OCC2CO2)C=C1)C1=CC=C(OCC2CO2)C=C1,196,O=P1(OC2=C(C3=CC=CC=C31)C=CC=C2)[O-].O=P4(OC5=C(C6=CC=CC=C64)C=CC=C5)[O-].[Mg+2],7.998037291,NC1=CC=C(CC2=CC=C(N)C=C2)C=C1,18.40039254,120,3,150,2,0,0,0,0,0,0,0,0,0,0,0,0,0,0,0,0,,0,,0,,0
CC(C)(C1=CC=C(OCC2CO2)C=C1)C1=CC=C(OCC2CO2)C=C1,196,O=P([O-])([O-])[O-].[NH4+].[NH4+].[NH4+],7.998037291,NC1=CC=C(CC2=CC=C(N)C=C2)C=C1,18.40039254,120,3,150,2,0,0,0,0,0,0,0,0,0,0,0,0,0,0,0,0,,0,,0,,0
CC(C)(C1=CC=C(OCC2CO2)C=C1)C1=CC=C(OCC2CO2)C=C1,185,O=P([O-])([O-])[O-].[NH4+].[NH4+].[NH4+],0,NCCCN1C=CN=C1,20,80,2,120,2,0,0,0,0,0,0,0,0,0,0,0,0,0,0,0,0,,0,,0,,0
CC(C)(C1=CC=C(OCC2CO2)C=C1)C1=CC=C(OCC2CO2)C=C1,185,O=P(NCCCN1C=CN=C1)(NCCCN2C=CN=C2)NCCCN3C=CN=C3,5,O=P(NCCCN1C=CN=C1)(NCCCN2C=CN=C2)NCCCN3C=CN=C3,5,80,2,120,2,0,0,0,0,0,0,0,0,0,0,0,0,0,0,0,0,,0,,0,,0
CC(C)(C1=CC=C(OCC2CO2)C=C1)C1=CC=C(OCC2CO2)C=C1,185,O=P(NCCCN1C=CN=C1)(NCCCN2C=CN=C2)NCCCN3C=CN=C3,10,O=P(NCCCN1C=CN=C1)(NCCCN2C=CN=C2)NCCCN3C=CN=C3,10,80,2,120,2,0,0,0,0,0,0,0,0,0,0,0,0,0,0,0,0,,0,,0,,0
CC(C)(C1=CC=C(OCC2CO2)C=C1)C1=CC=C(OCC2CO2)C=C1,185,O=P(NCCCN1C=CN=C1)(NCCCN2C=CN=C2)NCCCN3C=CN=C3,15,O=P(NCCCN1C=CN=C1)(NCCCN2C=CN=C2)NCCCN3C=CN=C3,15,80,2,120,2,0,0,0,0,0,0,0,0,0,0,0,0,0,0,0,0,,0,,0,,0
CC(C)(C1=CC=C(OCC2CO2)C=C1)C1=CC=C(OCC2CO2)C=C1,185,O=P(NCCCN1C=CN=C1)(NCCCN2C=CN=C2)NCCCN3C=CN=C3,20,O=P(NCCCN1C=CN=C1)(NCCCN2C=CN=C2)NCCCN3C=CN=C3,20,80,2,120,2,0,0,0,0,0,0,0,0,0,0,0,0,0,0,0,0,,0,,0,,0
CC(C)(C1=CC=C(OCC2CO2)C=C1)C1=CC=C(OCC2CO2)C=C1,188,O=P(NCCCN1C=CN=C1)(NCCCN2C=CN=C2)NCCCN3C=CN=C3,0,C1=CC=C2NC=NC2=C1,9.1,100,2,150,3,0,0,0,0,0,0,0,0,0,0,0,0,0,0,0,0,,0,,0,,0
CC(C)(C1=CC=C(OCC2CO2)C=C1)C1=CC=C(OCC2CO2)C=C1,188,[O-]P1(OC2=C(C3=C1C=CC=C3)C=CC=C2)=O.[O-]P4(OC5=C(C6=C4C=CC=C6)C=CC=C5)=O.[O-]P7(OC8=C(C9=C7C=CC=C9)C=CC=C8)=O.C%10%11=C(N(C=[NH+]%11)P%12(N%13C=[NH+]C%14=C%13C=CC=C%14)=NP(N%15C=NC%16=C%15C=CC=C%16)(N%17C=NC%18=C%17C=CC=C%18)=NP(N%19C=NC%20=C%19C=CC=C%20)(N%21C=[NH+]C%22=C%21C=CC=C%22)=N%12)C=CC=C%10,9.1,[O-]P1(OC2=C(C3=C1C=CC=C3)C=CC=C2)=O.[O-]P4(OC5=C(C6=C4C=CC=C6)C=CC=C5)=O.[O-]P7(OC8=C(C9=C7C=CC=C9)C=CC=C8)=O.C%10%11=C(N(C=[NH+]%11)P%12(N%13C=[NH+]C%14=C%13C=CC=C%14)=NP(N%15C=NC%16=C%15C=CC=C%16)(N%17C=NC%18=C%17C=CC=C%18)=NP(N%19C=NC%20=C%19C=CC=C%20)(N%21C=[NH+]C%22=C%21C=CC=C%22)=N%12)C=CC=C%10,9.1,100,2,150,3,0,0,0,0,0,0,0,0,0,0,0,0,0,0,0,0,,0,,0,,0
CC(C)(C1=CC=C(OCC2CO2)C=C1)C1=CC=C(OCC2CO2)C=C1,188,[O-]P1(OC2=C(C3=C1C=CC=C3)C=CC=C2)=O.[O-]P4(OC5=C(C6=C4C=CC=C6)C=CC=C5)=O.[O-]P7(OC8=C(C9=C7C=CC=C9)C=CC=C8)=O.C%10%11=C(N(C=[NH+]%11)P%12(N%13C=[NH+]C%14=C%13C=CC=C%14)=NP(N%15C=NC%16=C%15C=CC=C%16)(N%17C=NC%18=C%17C=CC=C%18)=NP(N%19C=NC%20=C%19C=CC=C%20)(N%21C=[NH+]C%22=C%21C=CC=C%22)=N%12)C=CC=C%10,16.7,[O-]P1(OC2=C(C3=C1C=CC=C3)C=CC=C2)=O.[O-]P4(OC5=C(C6=C4C=CC=C6)C=CC=C5)=O.[O-]P7(OC8=C(C9=C7C=CC=C9)C=CC=C8)=O.C%10%11=C(N(C=[NH+]%11)P%12(N%13C=[NH+]C%14=C%13C=CC=C%14)=NP(N%15C=NC%16=C%15C=CC=C%16)(N%17C=NC%18=C%17C=CC=C%18)=NP(N%19C=NC%20=C%19C=CC=C%20)(N%21C=[NH+]C%22=C%21C=CC=C%22)=N%12)C=CC=C%10,16.7,100,2,150,3,0,0,0,0,0,0,0,0,0,0,0,0,0,0,0,0,,0,,0,,0
CC(C)(C1=CC=C(OCC2CO2)C=C1)C1=CC=C(OCC2CO2)C=C1,188,[O-]P1(OC2=C(C3=C1C=CC=C3)C=CC=C2)=O.[O-]P4(OC5=C(C6=C4C=CC=C6)C=CC=C5)=O.[O-]P7(OC8=C(C9=C7C=CC=C9)C=CC=C8)=O.C%10%11=C(N(C=[NH+]%11)P%12(N%13C=[NH+]C%14=C%13C=CC=C%14)=NP(N%15C=NC%16=C%15C=CC=C%16)(N%17C=NC%18=C%17C=CC=C%18)=NP(N%19C=NC%20=C%19C=CC=C%20)(N%21C=[NH+]C%22=C%21C=CC=C%22)=N%12)C=CC=C%10,23.1,[O-]P1(OC2=C(C3=C1C=CC=C3)C=CC=C2)=O.[O-]P4(OC5=C(C6=C4C=CC=C6)C=CC=C5)=O.[O-]P7(OC8=C(C9=C7C=CC=C9)C=CC=C8)=O.C%10%11=C(N(C=[NH+]%11)P%12(N%13C=[NH+]C%14=C%13C=CC=C%14)=NP(N%15C=NC%16=C%15C=CC=C%16)(N%17C=NC%18=C%17C=CC=C%18)=NP(N%19C=NC%20=C%19C=CC=C%20)(N%21C=[NH+]C%22=C%21C=CC=C%22)=N%12)C=CC=C%10,23.1,100,2,150,3,0,0,0,0,0,0,0,0,0,0,0,0,0,0,0,0,,0,,0,,0
CC(C)(C1=CC=C(OCC2CO2)C=C1)C1=CC=C(OCC2CO2)C=C1,227,CC(C)(C1=CC=C(OP(OC2=CC=CC=C2)(OC3=CC=CC=C3)=O)C=C1)C4=CC=C(OP(OC5=CC=CC=C5)(OC6=CC=CC=C6)=O)C=C4,1.5,NC1=CC=CC(N)=C1,12.2,80,2,120,2,0,0,0,0,0,0,0,0,0,0,0,0,0,0,0,0,C1=CC=C(CC2CO2)C=C1,11.26126126,,0,,0
CC(C)(C1=CC=C(OCC2CO2)C=C1)C1=CC=C(OCC2CO2)C=C1,227,CC(C)(C1=CC=C(OP(OC2=CC=CC=C2)(OC3=CC=CC=C3)=O)C=C1)C4=CC=C(OP(OC5=CC=CC=C5)(OC6=CC=CC=C6)=O)C=C4,3,NC1=CC=CC(N)=C1,12,80,2,120,2,0,0,0,0,0,0,0,0,0,0,0,0,0,0,0,0,C1=CC=C(CC2CO2)C=C1,11.09467456,,0,,0
CC(C)(C1=CC=C(OCC2CO2)C=C1)C1=CC=C(OCC2CO2)C=C1,227,CC(C)(C1=CC=C(OP(OC2=CC=CC=C2)(OC3=CC=CC=C3)=O)C=C1)C4=CC=C(OP(OC5=CC=CC=C5)(OC6=CC=CC=C6)=O)C=C4,4.4,NC1=CC=CC(N)=C1,11.8,80,2,120,2,0,0,0,0,0,0,0,0,0,0,0,0,0,0,0,0,C1=CC=C(CC2CO2)C=C1,10.93294461,,0,,0
CC(C)(C1=CC=C(OCC2CO2)C=C1)C1=CC=C(OCC2CO2)C=C1,227,CC(C)(C1=CC=C(OP(OC2=CC=CC=C2)(OC3=CC=CC=C3)=O)C=C1)C4=CC=C(OP(OC5=CC=CC=C5)(OC6=CC=CC=C6)=O)C=C4,5.7,NC1=CC=CC(N)=C1,11.6,80,2,120,2,0,0,0,0,0,0,0,0,0,0,0,0,0,0,0,0,C1=CC=C(CC2CO2)C=C1,10.77586207,,0,,0
CC(C)(C1=CC=C(OCC2CO2)C=C1)C1=CC=C(OCC2CO2)C=C1,227,CC(C)(C1=CC=C(OP(OC2=CC=CC=C2)(OC3=CC=CC=C3)=O)C=C1)C4=CC=C(OP(OC5=CC=CC=C5)(OC6=CC=CC=C6)=O)C=C4,7.1,NC1=CC=CC(N)=C1,11.5,80,2,120,2,0,0,0,0,0,0,0,0,0,0,0,0,0,0,0,0,C1=CC=C(CC2CO2)C=C1,10.62322946,,0,,0
CC(C)(C1=CC=C(OCC2CO2)C=C1)C1=CC=C(OCC2CO2)C=C1,227,CC(C)(C1=CC=C(OP(OC2=CC=CC=C2)(OC3=CC=CC=C3)=O)C=C1)C4=CC=C(OP(OC5=CC=CC=C5)(OC6=CC=CC=C6)=O)C=C4,8.4,NC1=CC=CC(N)=C1,11.3,80,2,120,2,0,0,0,0,0,0,0,0,0,0,0,0,0,0,0,0,C1=CC=C(CC2CO2)C=C1,10.47486034,,0,,0
CC(C)(C1=CC=C(OCC2CO2)C=C1)C1=CC=C(OCC2CO2)C=C1,227,CC(C)(C1=CC=C(OP(=O)(NC2=CC=CC=C2)NC2=CC=CC=C2)C=C1)C1=CC=C(OP(=O)(NC2=CC=CC=C2)NC2=CC=CC=C2)C=C1,1.5,NC1=CC=CC(N)=C1,12.2,80,2,120,2,0,0,0,0,0,0,0,0,0,0,0,0,0,0,0,0,C1=CC=C(CC2CO2)C=C1,11.26126126,,0,,0
CC(C)(C1=CC=C(OCC2CO2)C=C1)C1=CC=C(OCC2CO2)C=C1,227,CC(C)(C1=CC=C(OP(=O)(NC2=CC=CC=C2)NC2=CC=CC=C2)C=C1)C1=CC=C(OP(=O)(NC2=CC=CC=C2)NC2=CC=CC=C2)C=C1,3,NC1=CC=CC(N)=C1,12,80,2,120,2,0,0,0,0,0,0,0,0,0,0,0,0,0,0,0,0,C1=CC=C(CC2CO2)C=C1,11.09467456,,0,,0
CC(C)(C1=CC=C(OCC2CO2)C=C1)C1=CC=C(OCC2CO2)C=C1,227,CC(C)(C1=CC=C(OP(=O)(NC2=CC=CC=C2)NC2=CC=CC=C2)C=C1)C1=CC=C(OP(=O)(NC2=CC=CC=C2)NC2=CC=CC=C2)C=C1,4.4,NC1=CC=CC(N)=C1,11.8,80,2,120,2,0,0,0,0,0,0,0,0,0,0,0,0,0,0,0,0,C1=CC=C(CC2CO2)C=C1,10.93294461,,0,,0
CC(C)(C1=CC=C(OCC2CO2)C=C1)C1=CC=C(OCC2CO2)C=C1,227,CC(C)(C1=CC=C(OP(=O)(NC2=CC=CC=C2)NC2=CC=CC=C2)C=C1)C1=CC=C(OP(=O)(NC2=CC=CC=C2)NC2=CC=CC=C2)C=C1,5.7,NC1=CC=CC(N)=C1,11.6,80,2,120,2,0,0,0,0,0,0,0,0,0,0,0,0,0,0,0,0,C1=CC=C(CC2CO2)C=C1,10.77586207,,0,,0
CC(C)(C1=CC=C(OCC2CO2)C=C1)C1=CC=C(OCC2CO2)C=C1,227,CC(C)(C1=CC=C(OP(=O)(NC2=CC=CC=C2)NC2=CC=CC=C2)C=C1)C1=CC=C(OP(=O)(NC2=CC=CC=C2)NC2=CC=CC=C2)C=C1,7.1,NC1=CC=CC(N)=C1,11.5,80,2,120,2,0,0,0,0,0,0,0,0,0,0,0,0,0,0,0,0,C1=CC=C(CC2CO2)C=C1,10.62322946,,0,,0
CC(C)(C1=CC=C(OCC2CO2)C=C1)C1=CC=C(OCC2CO2)C=C1,227,CC(C)(C1=CC=C(OP(=O)(NC2=CC=CC=C2)NC2=CC=CC=C2)C=C1)C1=CC=C(OP(=O)(NC2=CC=CC=C2)NC2=CC=CC=C2)C=C1,8.4,NC1=CC=CC(N)=C1,11.3,80,2,120,2,0,0,0,0,0,0,0,0,0,0,0,0,0,0,0,0,C1=CC=C(CC2CO2)C=C1,10.47486034,,0,,0
CC(C)(C1=CC=C(OCC2CO2)C=C1)C1=CC=C(OCC2CO2)C=C1,227,CC(C)(C1=CC=C(OP(=O)(NC2=CC=CC=C2)NC2=CC=CC=C2)C=C1)C1=CC=C(OP(=O)(NC2=CC=CC=C2)NC2=CC=CC=C2)C=C1,0,NC1=CC=CC(N)=C1,12.34756098,80,2,120,2,0,0,0,0,0,0,0,0,0,0,0,0,0,0,0,0,C1=CC=C(CC2CO2)C=C1,11.43292683,,0,,0
CC(C)(C1=CC=C(OCC2CO2)C=C1)C1=CC=C(OCC2CO2)C=C1,188,O=P1(NCCN2CCNCC2)OC2=C(C=CC=C2)C2=CC=CC=C21,3.9,NC1=CC=C(CC2=CC=C(N)C=C2)C=C1,19.2,100,2,150,2,0,0,0,0,0,0,0,0,0,0,0,0,0,0,0,0,,0,,0,,0
CC(C)(C1=CC=C(OCC2CO2)C=C1)C1=CC=C(OCC2CO2)C=C1,188,O=P1(NCCN2CCNCC2)OC2=C(C=CC=C2)C2=CC=CC=C21,7.6,NC1=CC=C(CC2=CC=C(N)C=C2)C=C1,18.5,100,2,150,2,0,0,0,0,0,0,0,0,0,0,0,0,0,0,0,0,,0,,0,,0
CC(C)(C1=CC=C(OCC2CO2)C=C1)C1=CC=C(OCC2CO2)C=C1,188,O=P1(NCCN2CCNCC2)OC2=C(C=CC=C2)C2=CC=CC=C21,11.1,NC1=CC=C(CC2=CC=C(N)C=C2)C=C1,17.9,100,2,150,2,0,0,0,0,0,0,0,0,0,0,0,0,0,0,0,0,,0,,0,,0
CC(C)(C1=CC=C(OCC2CO2)C=C1)C1=CC=C(OCC2CO2)C=C1,188,O=P1(NCCN2CCNCC2)OC2=C(C=CC=C2)C2=CC=CC=C21,0,NC1=CC=C(CC2=CC=C(N)C=C2)C=C1,20,100,2,150,2,0,0,0,0,0,0,0,0,0,0,0,0,0,0,0,0,,0,,0,,0
CC(C)(C1=CC=C(OCC2CO2)C=C1)C1=CC=C(OCC2CO2)C=C1,196,COC1=C(C=CC(C(P2(OC3=C(C4=C2C=CC=C4)C=CC=C3)=O)NCCCCCCNC(P5(OC6=C(C7=C5C=CC=C7)C=CC=C6)=O)C8=CC(OC)=C(C=C8)OC(C=C9)=CC(C#N)=C9C#N)=C1)OC(C=C%10)=CC(C#N)=C%10C#N,5,NC1=CC=C(CC2=CC=C(N)C=C2)C=C1,19,120,2,150,2,180,2,0,0,0,0,0,0,0,0,0,0,0,0,0,0,,0,,0,,0
CC(C)(C1=CC=C(OCC2CO2)C=C1)C1=CC=C(OCC2CO2)C=C1,196,COC1=C(C=CC(C(P2(OC3=C(C4=C2C=CC=C4)C=CC=C3)=O)NCCCCCCNC(P5(OC6=C(C7=C5C=CC=C7)C=CC=C6)=O)C8=CC(OC)=C(C=C8)OC(C=C9)=CC(C#N)=C9C#N)=C1)OC(C=C%10)=CC(C#N)=C%10C#N,7,NC1=CC=C(CC2=CC=C(N)C=C2)C=C1,18.6,120,2,150,2,180,2,0,0,0,0,0,0,0,0,0,0,0,0,0,0,,0,,0,,0
CC(C)(C1=CC=C(OCC2CO2)C=C1)C1=CC=C(OCC2CO2)C=C1,196,COC1=C(C=CC(C(P2(OC3=C(C4=C2C=CC=C4)C=CC=C3)=O)NCCCCCCNC(P5(OC6=C(C7=C5C=CC=C7)C=CC=C6)=O)C8=CC(OC)=C(C=C8)OC(C=C9)=CC(C#N)=C9C#N)=C1)OC(C=C%10)=CC(C#N)=C%10C#N,10,NC1=CC=C(CC2=CC=C(N)C=C2)C=C1,18,120,2,150,2,180,2,0,0,0,0,0,0,0,0,0,0,0,0,0,0,,0,,0,,0
CC(C)(C1=CC=C(OCC2CO2)C=C1)C1=CC=C(OCC2CO2)C=C1,196,COC1=C(C=CC(C(P2(OC3=C(C4=C2C=CC=C4)C=CC=C3)=O)NCCCCCCNC(P5(OC6=C(C7=C5C=CC=C7)C=CC=C6)=O)C8=CC(OC)=C(C=C8)OC(C=C9)=CC(C#N)=C9C#N)=C1)OC(C=C%10)=CC(C#N)=C%10C#N,0,NC1=CC=C(CC2=CC=C(N)C=C2)C=C1,20,120,2,150,2,180,2,0,0,0,0,0,0,0,0,0,0,0,0,0,0,,0,,0,,0
CC(C)(C1=CC=C(OCC2CO2)C=C1)C1=CC=C(OCC2CO2)C=C1,192,O=P1(CCCC2=CC(O)=C(O)C=C2)OC2=C(C=CC=C2)C2=C1C=CC=C2,3,NC1=CC=C(CC2=CC=C(N)C=C2)C=C1,19.04,120,2,140,2,160,2,180,1,0,0,0,0,0,0,0,0,0,0,0,0,,0,,0,,0
CC(C)(C1=CC=C(OCC2CO2)C=C1)C1=CC=C(OCC2CO2)C=C1,192,O=P1(CCCC2=CC(O)=C(O)C=C2)OC2=C(C=CC=C2)C2=C1C=CC=C2,5,NC1=CC=C(CC2=CC=C(N)C=C2)C=C1,18.27,120,2,140,2,160,2,180,1,0,0,0,0,0,0,0,0,0,0,0,0,,0,,0,,0
CC(C)(C1=CC=C(OCC2CO2)C=C1)C1=CC=C(OCC2CO2)C=C1,192,O=P1(CCCC2=CC(O)=C(O)C=C2)OC2=C(C=CC=C2)C2=C1C=CC=C2,7,NC1=CC=C(CC2=CC=C(N)C=C2)C=C1,17.53,120,2,140,2,160,2,180,1,0,0,0,0,0,0,0,0,0,0,0,0,,0,,0,,0
CC(C)(C1=CC=C(OCC2CO2)C=C1)C1=CC=C(OCC2CO2)C=C1,192,COC1=CC(CCCP2(=O)OC3=C(C=CC=C3)C3=C2C=CC=C3)=CC=C1O[Si](OC1=CC=C(CCCP2(=O)OC3=C(C=CC=C3)C3=C2C=CC=C3)C=C1OC)(C1=CC=CC=C1)C1=CC=CC=C1,3,NC1=CC=C(CC2=CC=C(N)C=C2)C=C1,19.09,120,2,140,2,160,2,180,1,0,0,0,0,0,0,0,0,0,0,0,0,,0,,0,,0
CC(C)(C1=CC=C(OCC2CO2)C=C1)C1=CC=C(OCC2CO2)C=C1,192,COC1=CC(CCCP2(=O)OC3=C(C=CC=C3)C3=C2C=CC=C3)=CC=C1O[Si](OC1=CC=C(CCCP2(=O)OC3=C(C=CC=C3)C3=C2C=CC=C3)C=C1OC)(C1=CC=CC=C1)C1=CC=CC=C1,5,NC1=CC=C(CC2=CC=C(N)C=C2)C=C1,18.48,120,2,140,2,160,2,180,1,0,0,0,0,0,0,0,0,0,0,0,0,,0,,0,,0
CC(C)(C1=CC=C(OCC2CO2)C=C1)C1=CC=C(OCC2CO2)C=C1,192,COC1=CC(CCCP2(=O)OC3=C(C=CC=C3)C3=C2C=CC=C3)=CC=C1O[Si](OC1=CC=C(CCCP2(=O)OC3=C(C=CC=C3)C3=C2C=CC=C3)C=C1OC)(C1=CC=CC=C1)C1=CC=CC=C1,7,NC1=CC=C(CC2=CC=C(N)C=C2)C=C1,17.88,120,2,140,2,160,2,180,1,0,0,0,0,0,0,0,0,0,0,0,0,,0,,0,,0
CC(C)(C1=CC=C(OCC2CO2)C=C1)C1=CC=C(OCC2CO2)C=C1,192,COC1=CC(CCCP2(=O)OC3=C(C=CC=C3)C3=C2C=CC=C3)=CC=C1O[Si](OC1=CC=C(CCCP2(=O)OC3=C(C=CC=C3)C3=C2C=CC=C3)C=C1OC)(C1=CC=CC=C1)C1=CC=CC=C1,0,NC1=CC=C(CC2=CC=C(N)C=C2)C=C1,20,120,2,140,2,160,2,180,1,0,0,0,0,0,0,0,0,0,0,0,0,,0,,0,,0
CC(C)(C1=CC=C(OCC2CO2)C=C1)C1=CC=C(OCC2CO2)C=C1,196,CCO[Si](CCCNC(P1(OC2=CC=CC=C2C3=C1C=CC=C3)=O)/C=C/C4=CC=CC=C4)(OCC)OCC,3,NC1=CC=C(CC2=CC=C(N)C=C2)C=C1,19.4,120,2,150,2,180,2,0,0,0,0,0,0,0,0,0,0,0,0,0,0,,0,,0,,0
CC(C)(C1=CC=C(OCC2CO2)C=C1)C1=CC=C(OCC2CO2)C=C1,196,CCO[Si](CCCNC(P1(OC2=CC=CC=C2C3=C1C=CC=C3)=O)/C=C/C4=CC=CC=C4)(OCC)OCC,5,NC1=CC=C(CC2=CC=C(N)C=C2)C=C1,19,120,2,150,2,180,2,0,0,0,0,0,0,0,0,0,0,0,0,0,0,,0,,0,,0
CC(C)(C1=CC=C(OCC2CO2)C=C1)C1=CC=C(OCC2CO2)C=C1,196,CCO[Si](CCCNC(P1(OC2=CC=CC=C2C3=C1C=CC=C3)=O)/C=C/C4=CC=CC=C4)(OCC)OCC,7,NC1=CC=C(CC2=CC=C(N)C=C2)C=C1,18.6,120,2,150,2,180,2,0,0,0,0,0,0,0,0,0,0,0,0,0,0,,0,,0,,0
CC(C)(C1=CC=C(OCC2CO2)C=C1)C1=CC=C(OCC2CO2)C=C1,196,CCO[Si](CCCNC(P1(OC2=CC=CC=C2C3=C1C=CC=C3)=O)/C=C/C4=CC=CC=C4)(OCC)OCC,0,NC1=CC=C(CC2=CC=C(N)C=C2)C=C1,20,120,2,150,2,180,2,0,0,0,0,0,0,0,0,0,0,0,0,0,0,,0,,0,,0
CC(C)(C1=CC=C(OCC2CO2)C=C1)C1=CC=C(OCC2CO2)C=C1,227,CC1=CC(/C=N/O)=CC=C1OP2(OC3=CC=C(/C=N/O)C=C3OC)=NP(OC4=C(OC)C=C(/C=N/O)C=C4)(OC5=CC=C(/C=N/O)C=C5OC)=NP(OC6=CC=C(/C=N/O)C=C6OC)(OC7=C(OC)C=C(/C=N/O)C=C7)=N2,1,CC12CCCCC1C(=O)OC2=O,45.45,80,1,120,1,130,1,0,0,0,0,0,0,0,0,0,0,0,0,0,0,,0,,0,,0
CC(C)(C1=CC=C(OCC2CO2)C=C1)C1=CC=C(OCC2CO2)C=C1,227,CC1=CC(/C=N/O)=CC=C1OP2(OC3=CC=C(/C=N/O)C=C3OC)=NP(OC4=C(OC)C=C(/C=N/O)C=C4)(OC5=CC=C(/C=N/O)C=C5OC)=NP(OC6=CC=C(/C=N/O)C=C6OC)(OC7=C(OC)C=C(/C=N/O)C=C7)=N2,5,CC12CCCCC1C(=O)OC2=O,43.65,80,1,120,1,130,1,0,0,0,0,0,0,0,0,0,0,0,0,0,0,,0,,0,,0
CC(C)(C1=CC=C(OCC2CO2)C=C1)C1=CC=C(OCC2CO2)C=C1,227,CC1=CC(/C=N/O)=CC=C1OP2(OC3=CC=C(/C=N/O)C=C3OC)=NP(OC4=C(OC)C=C(/C=N/O)C=C4)(OC5=CC=C(/C=N/O)C=C5OC)=NP(OC6=CC=C(/C=N/O)C=C6OC)(OC7=C(OC)C=C(/C=N/O)C=C7)=N2,10,CC12CCCCC1C(=O)OC2=O,41.35,80,1,120,1,130,1,0,0,0,0,0,0,0,0,0,0,0,0,0,0,,0,,0,,0
CC(C)(C1=CC=C(OCC2CO2)C=C1)C1=CC=C(OCC2CO2)C=C1,227,CC1=CC(/C=N/O)=CC=C1OP2(OC3=CC=C(/C=N/O)C=C3OC)=NP(OC4=C(OC)C=C(/C=N/O)C=C4)(OC5=CC=C(/C=N/O)C=C5OC)=NP(OC6=CC=C(/C=N/O)C=C6OC)(OC7=C(OC)C=C(/C=N/O)C=C7)=N2,15,CC12CCCCC1C(=O)OC2=O,39.07,80,1,120,1,130,1,0,0,0,0,0,0,0,0,0,0,0,0,0,0,,0,,0,,0
CC(C)(C1=CC=C(OCC2CO2)C=C1)C1=CC=C(OCC2CO2)C=C1,227,CC1=CC(/C=N/O)=CC=C1OP2(OC3=CC=C(/C=N/O)C=C3OC)=NP(OC4=C(OC)C=C(/C=N/O)C=C4)(OC5=CC=C(/C=N/O)C=C5OC)=NP(OC6=CC=C(/C=N/O)C=C6OC)(OC7=C(OC)C=C(/C=N/O)C=C7)=N2,20,CC12CCCCC1C(=O)OC2=O,36.76,80,1,120,1,130,1,0,0,0,0,0,0,0,0,0,0,0,0,0,0,,0,,0,,0
CC(C)(C1=CC=C(OCC2CO2)C=C1)C1=CC=C(OCC2CO2)C=C1,227,CC1=CC(/C=N/O)=CC=C1OP2(OC3=CC=C(/C=N/O)C=C3OC)=NP(OC4=C(OC)C=C(/C=N/O)C=C4)(OC5=CC=C(/C=N/O)C=C5OC)=NP(OC6=CC=C(/C=N/O)C=C6OC)(OC7=C(OC)C=C(/C=N/O)C=C7)=N2,0,CC12CCCCC1C(=O)OC2=O,45.94594595,80,1,120,1,130,1,0,0,0,0,0,0,0,0,0,0,0,0,0,0,,0,,0,,0
CC(C)(C1=CC=C(OCC2CO2)C=C1)C1=CC=C(OCC2CO2)C=C1,196,O=P([O-])(O[C@H]1[C@H]([C@H]([C@@H]([C@H]([C@@H]1OP([O-])([O-])=O)OP([O-])([O-])=O)OP([O-])([O-])=O)OP([O-])([O-])=O)OP([O-])([O-])=O)[O-].O=P2(OC3=C(C4=C2C=CC=C4)C=CC=C3)[O-].O=P5(OC6=C(C7=C5C=CC=C7)C=CC=C6)[O-].O=P8(OC9=C(C%10=C8C=CC=C%10)C=CC=C9)[O-].O=P%11(OC%12=C(C%13=C%11C=CC=C%13)C=CC=C%12)[O-].O=P%14(OC%15=C(C%16=C%14C=CC=C%16)C=CC=C%15)[O-].O=P%17(OC%18=C(C%19=C%17C=CC=C%19)C=CC=C%18)[O-].O=P%20(OC%21=C(C%22=C%20C=CC=C%22)C=CC=C%21)[O-].O=P%23(OC%24=C(C%25=C%23C=CC=C%25)C=CC=C%24)[O-].O=P%26(OC%27=C(C%28=C%26C=CC=C%28)C=CC=C%27)[O-].O=P%29(OC%30=C(C%31=C%29C=CC=C%31)C=CC=C%30)[O-].O=P%32(OC%33=C(C%34=C%32C=CC=C%34)C=CC=C%33)[O-].O=P%35(OC%36=C(C%37=C%35C=CC=C%37)C=CC=C%36)[O-].C%38C[NH2+]CC[NH2+]%38.C%39C[NH2+]CC[NH2+]%39.C%40C[NH2+]CC[NH2+]%40.C%41C[NH2+]CC[NH2+]%41.C%42C[NH2+]CC[NH2+]%42.C%43C[NH2+]CC[NH2+]%43.C%44C[NH2+]CC[NH2+]%44.C%45C[NH2+]CC[NH2+]%45.C%46C[NH2+]CC[NH2+]%46.C%47C[NH2+]CC[NH2+]%47.C%48C[NH2+]CC[NH2+]%48.C%49C[NH2+]CC[NH2+]%49,2,NC1=CC=C(CC2=CC=C(N)C=C2)C=C1,19.6,120,2,150,2,0,0,0,0,0,0,0,0,0,0,0,0,0,0,0,0,,0,,0,,0
CC(C)(C1=CC=C(OCC2CO2)C=C1)C1=CC=C(OCC2CO2)C=C1,196,O=P([O-])(O[C@H]1[C@H]([C@H]([C@@H]([C@H]([C@@H]1OP([O-])([O-])=O)OP([O-])([O-])=O)OP([O-])([O-])=O)OP([O-])([O-])=O)OP([O-])([O-])=O)[O-].O=P2(OC3=C(C4=C2C=CC=C4)C=CC=C3)[O-].O=P5(OC6=C(C7=C5C=CC=C7)C=CC=C6)[O-].O=P8(OC9=C(C%10=C8C=CC=C%10)C=CC=C9)[O-].O=P%11(OC%12=C(C%13=C%11C=CC=C%13)C=CC=C%12)[O-].O=P%14(OC%15=C(C%16=C%14C=CC=C%16)C=CC=C%15)[O-].O=P%17(OC%18=C(C%19=C%17C=CC=C%19)C=CC=C%18)[O-].O=P%20(OC%21=C(C%22=C%20C=CC=C%22)C=CC=C%21)[O-].O=P%23(OC%24=C(C%25=C%23C=CC=C%25)C=CC=C%24)[O-].O=P%26(OC%27=C(C%28=C%26C=CC=C%28)C=CC=C%27)[O-].O=P%29(OC%30=C(C%31=C%29C=CC=C%31)C=CC=C%30)[O-].O=P%32(OC%33=C(C%34=C%32C=CC=C%34)C=CC=C%33)[O-].O=P%35(OC%36=C(C%37=C%35C=CC=C%37)C=CC=C%36)[O-].C%38C[NH2+]CC[NH2+]%38.C%39C[NH2+]CC[NH2+]%39.C%40C[NH2+]CC[NH2+]%40.C%41C[NH2+]CC[NH2+]%41.C%42C[NH2+]CC[NH2+]%42.C%43C[NH2+]CC[NH2+]%43.C%44C[NH2+]CC[NH2+]%44.C%45C[NH2+]CC[NH2+]%45.C%46C[NH2+]CC[NH2+]%46.C%47C[NH2+]CC[NH2+]%47.C%48C[NH2+]CC[NH2+]%48.C%49C[NH2+]CC[NH2+]%49,4,NC1=CC=C(CC2=CC=C(N)C=C2)C=C1,19.2,120,2,150,2,0,0,0,0,0,0,0,0,0,0,0,0,0,0,0,0,,0,,0,,0
CC(C)(C1=CC=C(OCC2CO2)C=C1)C1=CC=C(OCC2CO2)C=C1,196,O=P([O-])(O[C@H]1[C@H]([C@H]([C@@H]([C@H]([C@@H]1OP([O-])([O-])=O)OP([O-])([O-])=O)OP([O-])([O-])=O)OP([O-])([O-])=O)OP([O-])([O-])=O)[O-].O=P2(OC3=C(C4=C2C=CC=C4)C=CC=C3)[O-].O=P5(OC6=C(C7=C5C=CC=C7)C=CC=C6)[O-].O=P8(OC9=C(C%10=C8C=CC=C%10)C=CC=C9)[O-].O=P%11(OC%12=C(C%13=C%11C=CC=C%13)C=CC=C%12)[O-].O=P%14(OC%15=C(C%16=C%14C=CC=C%16)C=CC=C%15)[O-].O=P%17(OC%18=C(C%19=C%17C=CC=C%19)C=CC=C%18)[O-].O=P%20(OC%21=C(C%22=C%20C=CC=C%22)C=CC=C%21)[O-].O=P%23(OC%24=C(C%25=C%23C=CC=C%25)C=CC=C%24)[O-].O=P%26(OC%27=C(C%28=C%26C=CC=C%28)C=CC=C%27)[O-].O=P%29(OC%30=C(C%31=C%29C=CC=C%31)C=CC=C%30)[O-].O=P%32(OC%33=C(C%34=C%32C=CC=C%34)C=CC=C%33)[O-].O=P%35(OC%36=C(C%37=C%35C=CC=C%37)C=CC=C%36)[O-].C%38C[NH2+]CC[NH2+]%38.C%39C[NH2+]CC[NH2+]%39.C%40C[NH2+]CC[NH2+]%40.C%41C[NH2+]CC[NH2+]%41.C%42C[NH2+]CC[NH2+]%42.C%43C[NH2+]CC[NH2+]%43.C%44C[NH2+]CC[NH2+]%44.C%45C[NH2+]CC[NH2+]%45.C%46C[NH2+]CC[NH2+]%46.C%47C[NH2+]CC[NH2+]%47.C%48C[NH2+]CC[NH2+]%48.C%49C[NH2+]CC[NH2+]%49,6,NC1=CC=C(CC2=CC=C(N)C=C2)C=C1,18.8,120,2,150,2,0,0,0,0,0,0,0,0,0,0,0,0,0,0,0,0,,0,,0,,0
CC(C)(C1=CC=C(OCC2CO2)C=C1)C1=CC=C(OCC2CO2)C=C1,196,O=P([O-])(O[C@H]1[C@H]([C@H]([C@@H]([C@H]([C@@H]1OP([O-])([O-])=O)OP([O-])([O-])=O)OP([O-])([O-])=O)OP([O-])([O-])=O)OP([O-])([O-])=O)[O-].O=P2(OC3=C(C4=C2C=CC=C4)C=CC=C3)[O-].O=P5(OC6=C(C7=C5C=CC=C7)C=CC=C6)[O-].O=P8(OC9=C(C%10=C8C=CC=C%10)C=CC=C9)[O-].O=P%11(OC%12=C(C%13=C%11C=CC=C%13)C=CC=C%12)[O-].O=P%14(OC%15=C(C%16=C%14C=CC=C%16)C=CC=C%15)[O-].O=P%17(OC%18=C(C%19=C%17C=CC=C%19)C=CC=C%18)[O-].O=P%20(OC%21=C(C%22=C%20C=CC=C%22)C=CC=C%21)[O-].O=P%23(OC%24=C(C%25=C%23C=CC=C%25)C=CC=C%24)[O-].O=P%26(OC%27=C(C%28=C%26C=CC=C%28)C=CC=C%27)[O-].O=P%29(OC%30=C(C%31=C%29C=CC=C%31)C=CC=C%30)[O-].O=P%32(OC%33=C(C%34=C%32C=CC=C%34)C=CC=C%33)[O-].O=P%35(OC%36=C(C%37=C%35C=CC=C%37)C=CC=C%36)[O-].C%38C[NH2+]CC[NH2+]%38.C%39C[NH2+]CC[NH2+]%39.C%40C[NH2+]CC[NH2+]%40.C%41C[NH2+]CC[NH2+]%41.C%42C[NH2+]CC[NH2+]%42.C%43C[NH2+]CC[NH2+]%43.C%44C[NH2+]CC[NH2+]%44.C%45C[NH2+]CC[NH2+]%45.C%46C[NH2+]CC[NH2+]%46.C%47C[NH2+]CC[NH2+]%47.C%48C[NH2+]CC[NH2+]%48.C%49C[NH2+]CC[NH2+]%49,8,NC1=CC=C(CC2=CC=C(N)C=C2)C=C1,18.4,120,2,150,2,0,0,0,0,0,0,0,0,0,0,0,0,0,0,0,0,,0,,0,,0
CC(C)(C1=CC=C(OCC2CO2)C=C1)C1=CC=C(OCC2CO2)C=C1,196,O=P([O-])(O[C@H]1[C@H]([C@H]([C@@H]([C@H]([C@@H]1OP([O-])([O-])=O)OP([O-])([O-])=O)OP([O-])([O-])=O)OP([O-])([O-])=O)OP([O-])([O-])=O)[O-].O=P2(OC3=C(C4=C2C=CC=C4)C=CC=C3)[O-].O=P5(OC6=C(C7=C5C=CC=C7)C=CC=C6)[O-].O=P8(OC9=C(C%10=C8C=CC=C%10)C=CC=C9)[O-].O=P%11(OC%12=C(C%13=C%11C=CC=C%13)C=CC=C%12)[O-].O=P%14(OC%15=C(C%16=C%14C=CC=C%16)C=CC=C%15)[O-].O=P%17(OC%18=C(C%19=C%17C=CC=C%19)C=CC=C%18)[O-].O=P%20(OC%21=C(C%22=C%20C=CC=C%22)C=CC=C%21)[O-].O=P%23(OC%24=C(C%25=C%23C=CC=C%25)C=CC=C%24)[O-].O=P%26(OC%27=C(C%28=C%26C=CC=C%28)C=CC=C%27)[O-].O=P%29(OC%30=C(C%31=C%29C=CC=C%31)C=CC=C%30)[O-].O=P%32(OC%33=C(C%34=C%32C=CC=C%34)C=CC=C%33)[O-].O=P%35(OC%36=C(C%37=C%35C=CC=C%37)C=CC=C%36)[O-].C%38C[NH2+]CC[NH2+]%38.C%39C[NH2+]CC[NH2+]%39.C%40C[NH2+]CC[NH2+]%40.C%41C[NH2+]CC[NH2+]%41.C%42C[NH2+]CC[NH2+]%42.C%43C[NH2+]CC[NH2+]%43.C%44C[NH2+]CC[NH2+]%44.C%45C[NH2+]CC[NH2+]%45.C%46C[NH2+]CC[NH2+]%46.C%47C[NH2+]CC[NH2+]%47.C%48C[NH2+]CC[NH2+]%48.C%49C[NH2+]CC[NH2+]%49,0,NC1=CC=C(CC2=CC=C(N)C=C2)C=C1,20,120,2,150,2,0,0,0,0,0,0,0,0,0,0,0,0,0,0,0,0,,0,,0,,0
CC(C)(C1=CC=C(OCC2CO2)C=C1)C1=CC=C(OCC2CO2)C=C1,227,[NH3+]C1=CC=C([NH3+])C=C1.O=P(C2=CC=CC=C2)(O)[O-].O=P(C3=CC=CC=C3)(O)[O-],8,NC1=CC=C(CC2=CC=C(N)C=C2)C=C1,18.98,100,2,150,3,0,0,0,0,0,0,0,0,0,0,0,0,0,0,0,0,,0,,0,,0
CC(C)(C1=CC=C(OCC2CO2)C=C1)C1=CC=C(OCC2CO2)C=C1,227,[NH3+]C1=CC=C([NH3+])C=C1.O=P(C2=CC=CC=C2)(O)[O-].O=P(C3=CC=CC=C3)(O)[O-],10,NC1=CC=C(CC2=CC=C(N)C=C2)C=C1,18.57,100,2,150,3,0,0,0,0,0,0,0,0,0,0,0,0,0,0,0,0,,0,,0,,0
CC(C)(C1=CC=C(OCC2CO2)C=C1)C1=CC=C(OCC2CO2)C=C1,227,[NH3+]C1=CC=C([NH3+])C=C1.O=P(C2=CC=CC=C2)(O)[O-].O=P(C3=CC=CC=C3)(O)[O-],12,NC1=CC=C(CC2=CC=C(N)C=C2)C=C1,18.16,100,2,150,3,0,0,0,0,0,0,0,0,0,0,0,0,0,0,0,0,,0,,0,,0
CC(C)(C1=CC=C(OCC2CO2)C=C1)C1=CC=C(OCC2CO2)C=C1,227,[NH3+]C1=CC=C([NH3+])C=C1.O=P(C2=CC=CC=C2)(O)[O-].O=P(C3=CC=CC=C3)(O)[O-],0,NC1=CC=C(CC2=CC=C(N)C=C2)C=C1,20.63492063,100,2,150,3,0,0,0,0,0,0,0,0,0,0,0,0,0,0,0,0,,0,,0,,0
CC(C)(C1=CC=C(OCC2CO2)C=C1)C1=CC=C(OCC2CO2)C=C1,196,O=P1(OC2=C(C3=C1C=CC=C3)C=CC=C2)C(NC4=CC=CC(CC5=CC=CC(NC(P6(OC7=C(C8=C6C=CC=C8)C=CC=C7)=O)/C=C/C9=CC=CC=C9)=C5)=C4)/C=C/C%10=CC=CC=C%10,1,NC1=CC=C(CC2=CC=C(N)C=C2)C=C1,19.8,120,2,150,2,180,2,0,0,0,0,0,0,0,0,0,0,0,0,0,0,,0,,0,,0
CC(C)(C1=CC=C(OCC2CO2)C=C1)C1=CC=C(OCC2CO2)C=C1,196,O=P1(OC2=C(C3=C1C=CC=C3)C=CC=C2)C(NC4=CC=CC(CC5=CC=CC(NC(P6(OC7=C(C8=C6C=CC=C8)C=CC=C7)=O)/C=C/C9=CC=CC=C9)=C5)=C4)/C=C/C%10=CC=CC=C%10,3,NC1=CC=C(CC2=CC=C(N)C=C2)C=C1,19.4,120,2,150,2,180,2,0,0,0,0,0,0,0,0,0,0,0,0,0,0,,0,,0,,0
CC(C)(C1=CC=C(OCC2CO2)C=C1)C1=CC=C(OCC2CO2)C=C1,196,O=P1(OC2=C(C3=C1C=CC=C3)C=CC=C2)C(NC4=CC=CC(CC5=CC=CC(NC(P6(OC7=C(C8=C6C=CC=C8)C=CC=C7)=O)/C=C/C9=CC=CC=C9)=C5)=C4)/C=C/C%10=CC=CC=C%10,5,NC1=CC=C(CC2=CC=C(N)C=C2)C=C1,19,120,2,150,2,180,2,0,0,0,0,0,0,0,0,0,0,0,0,0,0,,0,,0,,0
CC(C)(C1=CC=C(OCC2CO2)C=C1)C1=CC=C(OCC2CO2)C=C1,196,O=P1(OC2=C(C3=C1C=CC=C3)C=CC=C2)C(NC4=CC=CC(CC5=CC=CC(NC(P6(OC7=C(C8=C6C=CC=C8)C=CC=C7)=O)/C=C/C9=CC=CC=C9)=C5)=C4)/C=C/C%10=CC=CC=C%10,0,NC1=CC=C(CC2=CC=C(N)C=C2)C=C1,20,120,2,150,2,180,2,0,0,0,0,0,0,0,0,0,0,0,0,0,0,,0,,0,,0
CC(C)(C1=CC=C(OCC2CO2)C=C1)C1=CC=C(OCC2CO2)C=C1,188,CC(COCC(COCC(C)N1CC(C=C(C=C2)C(C3=CC(O)=CC=C3)P4(OC5=CC=CC=C5C6=CC=CC=C46)=O)=C2OC1)(COCC(C)N7CC(C=C(C=C8)C(C9=CC(O)=CC=C9)P%10(OC%11=CC=CC=C%11C%12=CC=CC=C%10%12)=O)=C8OC7)CC)N%13CC(C=C(C=C%14)C(C%15=CC(O)=CC=C%15)P%16(OC%17=CC=CC=C%17C%18=CC=CC=C%16%18)=O)=C%14OC%13,1,NC1=CC=C(CC2=CC=C(N)C=C2)C=C1,20.43,120,2,140,2,160,2,0,0,0,0,0,0,0,0,0,0,0,0,0,0,,0,,0,,0
CC(C)(C1=CC=C(OCC2CO2)C=C1)C1=CC=C(OCC2CO2)C=C1,188,CC(COCC(COCC(C)N1CC(C=C(C=C2)C(C3=CC(O)=CC=C3)P4(OC5=CC=CC=C5C6=CC=CC=C46)=O)=C2OC1)(COCC(C)N7CC(C=C(C=C8)C(C9=CC(O)=CC=C9)P%10(OC%11=CC=CC=C%11C%12=CC=CC=C%10%12)=O)=C8OC7)CC)N%13CC(C=C(C=C%14)C(C%15=CC(O)=CC=C%15)P%16(OC%17=CC=CC=C%17C%18=CC=CC=C%16%18)=O)=C%14OC%13,1.5,NC1=CC=C(CC2=CC=C(N)C=C2)C=C1,20.33,120,2,140,2,160,2,0,0,0,0,0,0,0,0,0,0,0,0,0,0,,0,,0,,0
CC(C)(C1=CC=C(OCC2CO2)C=C1)C1=CC=C(OCC2CO2)C=C1,188,CC(COCC(COCC(C)N1CC(C=C(C=C2)C(C3=CC(O)=CC=C3)P4(OC5=CC=CC=C5C6=CC=CC=C46)=O)=C2OC1)(COCC(C)N7CC(C=C(C=C8)C(C9=CC(O)=CC=C9)P%10(OC%11=CC=CC=C%11C%12=CC=CC=C%10%12)=O)=C8OC7)CC)N%13CC(C=C(C=C%14)C(C%15=CC(O)=CC=C%15)P%16(OC%17=CC=CC=C%17C%18=CC=CC=C%16%18)=O)=C%14OC%13,2,NC1=CC=C(CC2=CC=C(N)C=C2)C=C1,20.22,120,2,140,2,160,2,0,0,0,0,0,0,0,0,0,0,0,0,0,0,,0,,0,,0
CC(C)(C1=CC=C(OCC2CO2)C=C1)C1=CC=C(OCC2CO2)C=C1,188,CC(COCC(COCC(C)N1CC(C=C(C=C2)C(C3=CC(O)=CC=C3)P4(OC5=CC=CC=C5C6=CC=CC=C46)=O)=C2OC1)(COCC(C)N7CC(C=C(C=C8)C(C9=CC(O)=CC=C9)P%10(OC%11=CC=CC=C%11C%12=CC=CC=C%10%12)=O)=C8OC7)CC)N%13CC(C=C(C=C%14)C(C%15=CC(O)=CC=C%15)P%16(OC%17=CC=CC=C%17C%18=CC=CC=C%16%18)=O)=C%14OC%13,2.5,NC1=CC=C(CC2=CC=C(N)C=C2)C=C1,20.13,120,2,140,2,160,2,0,0,0,0,0,0,0,0,0,0,0,0,0,0,,0,,0,,0
CC(C)(C1=CC=C(OCC2CO2)C=C1)C1=CC=C(OCC2CO2)C=C1,188,CC(COCC(COCC(C)N1CC(C=C(C=C2)C(C3=CC(O)=CC=C3)P4(OC5=CC=CC=C5C6=CC=CC=C46)=O)=C2OC1)(COCC(C)N7CC(C=C(C=C8)C(C9=CC(O)=CC=C9)P%10(OC%11=CC=CC=C%11C%12=CC=CC=C%10%12)=O)=C8OC7)CC)N%13CC(C=C(C=C%14)C(C%15=CC(O)=CC=C%15)P%16(OC%17=CC=CC=C%17C%18=CC=CC=C%16%18)=O)=C%14OC%13,0,NC1=CC=C(CC2=CC=C(N)C=C2)C=C1,20.63492063,120,2,140,2,160,2,0,0,0,0,0,0,0,0,0,0,0,0,0,0,,0,,0,,0
CC(C)(C1=CC=C(OCC2CO2)C=C1)C1=CC=C(OCC2CO2)C=C1,196,O=P(OCCCO)(OCCCO)C1=CC=CC=C1,14.3,CC12CCCCC1C(=O)OC2=O,57.14,180,2,190,2,200,2,0,0,0,0,0,0,0,0,0,0,0,0,1.5,0,,0,,0,,0
CC(C)(C1=CC=C(OCC2CO2)C=C1)C1=CC=C(OCC2CO2)C=C1,196,O=P(OCCCO)(OCCCO)C1=CC=CC=C1,16.7,CC12CCCCC1C(=O)OC2=O,55.56,180,2,190,2,200,2,0,0,0,0,0,0,0,0,0,0,0,0,0,0,,0,,0,,0
CC(C)(C1=CC=C(OCC2CO2)C=C1)C1=CC=C(OCC2CO2)C=C1,196,O=P(OCCCO)(OCCCO)C1=CC=CC=C1,18.9,CC12CCCCC1C(=O)OC2=O,51.28,180,2,190,2,200,2,0,0,0,0,0,0,0,0,0,0,0,0,0,0,,0,,0,,0
CC(C)(C1=CC=C(OCC2CO2)C=C1)C1=CC=C(OCC2CO2)C=C1,196,O=P(OCCCO)(OCCCO)C1=CC=CC=C1,0,CC12CCCCC1C(=O)OC2=O,66.66666667,120,2,155,2,175,2,0,0,0,0,0,0,0,0,0,0,0,0,1.5,0,,0,,0,,0
CC(C)(C1=CC=C(OCC2CO2)C=C1)C1=CC=C(OCC2CO2)C=C1,196,O=C1C2C3C=CC(O3)(C2C(N1C4=CC=C(C=C4)CC5=CC=C(C=C5)N6C(C7C8C=CC(O8)(C7C6=O)C(P9(OC%10=C(C%11=C9C=CC=C%11)C=CC=C%10)=O)O)=O)=O)C(P%12(OC%13=C(C%14=C%12C=CC=C%14)C=CC=C%13)=O)O,10,CC1=CC=CO1,19.1,70,2,100,2,135,4,95,12,0,0,0,0,0,0,0,0,0,0,0,0,CCC1=NC(C)=CN1,0.986140725,C(CCOCC1CO1)COCC1CO1,6.663113006,,0
CC(C)(C1=CC=C(OCC2CO2)C=C1)C1=CC=C(OCC2CO2)C=C1,196,O=C1C2C3C=CC(O3)(C2C(N1C4=CC=C(C=C4)CC5=CC=C(C=C5)N6C(C7C8C=CC(O8)(C7C6=O)C(P9(OC%10=C(C%11=C9C=CC=C%11)C=CC=C%10)=O)O)=O)=O)C(P%12(OC%13=C(C%14=C%12C=CC=C%14)C=CC=C%13)=O)O,20,CC1=CC=CO1,17.34,70,2,100,2,135,4,95,12,0,0,0,0,0,0,0,0,0,0,0,0,CCC1=NC(C)=CN1,0.986366778,C(CCOCC1CO1)COCC1CO1,6.282590941,,0
CC(C)(C1=CC=C(OCC2CO2)C=C1)C1=CC=C(OCC2CO2)C=C1,196,O=C1C2C3C=CC(O3)(C2C(N1C4=CC=C(C=C4)CC5=CC=C(C=C5)N6C(C7C8C=CC(O8)(C7C6=O)C(P9(OC%10=C(C%11=C9C=CC=C%11)C=CC=C%10)=O)O)=O)=O)C(P%12(OC%13=C(C%14=C%12C=CC=C%14)C=CC=C%13)=O)O,30,CC1=CC=CO1,15.8,70,2,100,2,135,4,95,12,0,0,0,0,0,0,0,0,0,0,0,0,CCC1=NC(C)=CN1,0.986568406,C(CCOCC1CO1)COCC1CO1,5.943183169,,0
CC(C)(C1=CC=C(OCC2CO2)C=C1)C1=CC=C(OCC2CO2)C=C1,196,O=C1C2C3C=CC(O3)(C2C(N1C4=CC=C(C=C4)CC5=CC=C(C=C5)N6C(C7C8C=CC(O8)(C7C6=O)C(P9(OC%10=C(C%11=C9C=CC=C%11)C=CC=C%10)=O)O)=O)=O)C(P%12(OC%13=C(C%14=C%12C=CC=C%14)C=CC=C%13)=O)O,0,CC1=CC=CO1,22.64851485,70,2,100,2,135,4,95,12,0,0,0,0,0,0,0,0,0,0,0,0,CCC1=NC(C)=CN1,0.988128243,C(CCOCC1CO1)COCC1CO1,7.108836284,,0
CC(C)(C1=CC=C(OCC2CO2)C=C1)C1=CC=C(OCC2CO2)C=C1,196,O=P1(OC2=CC=CC=C2C3=C1C=CC=C3)C(NC4=CC=C(C=C4)S(=O)([O-])=O)C/C=C/C5=CC=CC=C5.O=P6(OC7=CC=CC=C7C8=C6C=CC=C8)C(NC9=CC=C(C=C9)S(=O)([O-])=O)C/C=C/C%10=CC=CC=C%10.[Cu+2],3,NC1=CC=C(CC2=CC=C(N)C=C2)C=C1,19.4,120,2,150,2,180,2,0,0,0,0,0,0,0,0,0,0,0,0,0,0,,0,,0,,0
CC(C)(C1=CC=C(OCC2CO2)C=C1)C1=CC=C(OCC2CO2)C=C1,196,O=P1(OC2=CC=CC=C2C3=C1C=CC=C3)C(NC4=CC=C(C=C4)S(=O)([O-])=O)C/C=C/C5=CC=CC=C5.O=P6(OC7=CC=CC=C7C8=C6C=CC=C8)C(NC9=CC=C(C=C9)S(=O)([O-])=O)C/C=C/C%10=CC=CC=C%10.[Cu+2],5,NC1=CC=C(CC2=CC=C(N)C=C2)C=C1,19.1,120,2,150,2,180,2,0,0,0,0,0,0,0,0,0,0,0,0,0,0,,0,,0,,0
CC(C)(C1=CC=C(OCC2CO2)C=C1)C1=CC=C(OCC2CO2)C=C1,196,O=P1(OC2=CC=CC=C2C3=C1C=CC=C3)C(NC4=CC=C(C=C4)S(=O)([O-])=O)C/C=C/C5=CC=CC=C5.O=P6(OC7=CC=CC=C7C8=C6C=CC=C8)C(NC9=CC=C(C=C9)S(=O)([O-])=O)C/C=C/C%10=CC=CC=C%10.[Cu+2],7,NC1=CC=C(CC2=CC=C(N)C=C2)C=C1,18.6,120,2,150,2,180,2,0,0,0,0,0,0,0,0,0,0,0,0,0,0,,0,,0,,0
CC(C)(C1=CC=C(OCC2CO2)C=C1)C1=CC=C(OCC2CO2)C=C1,196,O=P1(OC2=CC=CC=C2C3=C1C=CC=C3)C(NC4=CC=C(C=C4)S(=O)([O-])=O)C/C=C/C5=CC=CC=C5.[Na+],5,NC1=CC=C(CC2=CC=C(N)C=C2)C=C1,19.1,120,2,150,2,180,2,0,0,0,0,0,0,0,0,0,0,0,0,0,0,,0,,0,,0
CC(C)(C1=CC=C(OCC2CO2)C=C1)C1=CC=C(OCC2CO2)C=C1,196,O=P1(OC2=CC=CC=C2C3=C1C=CC=C3)C(NC4=CC=C(C=C4)S(=O)([O-])=O)C/C=C/C5=CC=CC=C5.[Na+],0,NC1=CC=C(CC2=CC=C(N)C=C2)C=C1,20,120,2,150,2,180,2,0,0,0,0,0,0,0,0,0,0,0,0,0,0,,0,,0,,0
C1=CC(OCC2CO2)=CC=C1CC1=CC=C(OCC2CO2)C=C1,165,O=P1(C(NC2=CC(NC(C3=CC=CC=C3)P3(=O)OC4=CC=CC=C4C4=CC=CC=C43)=NC(NC(C3=CC=CC=C3)P3(=O)OC4=CC=CC=C4C4=CC=CC=C43)=N2)C2=CC=CC=C2)OC2=CC=CC=C2C2=CC=CC=C21,7.3,NC1=CC=C(CC2=CC=C(N)C=C2)C=C1,20.17,100,2,150,2,170,6,0,0,0,0,0,0,0,0,0,0,0,0,0,0,,0,,0,,0
C1=CC(OCC2CO2)=CC=C1CC1=CC=C(OCC2CO2)C=C1,165,O=P1(C(NC2=CC(NC(C3=CC=CC=C3)P3(=O)OC4=CC=CC=C4C4=CC=CC=C43)=NC(NC(C3=CC=CC=C3)P3(=O)OC4=CC=CC=C4C4=CC=CC=C43)=N2)C2=CC=CC=C2)OC2=CC=CC=C2C2=CC=CC=C21,10.6,NC1=CC=C(CC2=CC=C(N)C=C2)C=C1,19.07,100,2,150,2,170,6,0,0,0,0,0,0,0,0,0,0,0,0,0,0,,0,,0,,0
C1=CC(OCC2CO2)=CC=C1CC1=CC=C(OCC2CO2)C=C1,165,O=P1(C(NC2=CC(NC(C3=CC=CC=C3)P3(=O)OC4=CC=CC=C4C4=CC=CC=C43)=NC(NC(C3=CC=CC=C3)P3(=O)OC4=CC=CC=C4C4=CC=CC=C43)=N2)C2=CC=CC=C2)OC2=CC=CC=C2C2=CC=CC=C21,13.7,NC1=CC=C(CC2=CC=C(N)C=C2)C=C1,17.98,100,2,150,2,170,6,0,0,0,0,0,0,0,0,0,0,0,0,0,0,,0,,0,,0
C1=CC(OCC2CO2)=CC=C1CC1=CC=C(OCC2CO2)C=C1,165,O=P1(C(NC2=CC(NC(C3=CC=CC=C3)P3(=O)OC4=CC=CC=C4C4=CC=CC=C43)=NC(NC(C3=CC=CC=C3)P3(=O)OC4=CC=CC=C4C4=CC=CC=C43)=N2)C2=CC=CC=C2)OC2=CC=CC=C2C2=CC=CC=C21,0,NC1=CC=C(CC2=CC=C(N)C=C2)C=C1,22.6006192,100,2,150,2,170,6,0,0,0,0,0,0,0,0,0,0,0,0,0,0,,0,,0,,0
CC(C)(C1=CC=C(OCC2CO2)C=C1)C1=CC=C(OCC2CO2)C=C1,227,NCCNC(=O)CCN(CCC(=O)NCCN)CCN(CCC(=O)NCCN)CCC(=O)NCCN,10,NCCNC(=O)CCN(CCC(=O)NCCN)CCN(CCC(=O)NCCN)CCC(=O)NCCN,10,130,8,0,0,0,0,0,0,0,0,0,0,0,0,0,0,0,0,0,0,,0,,0,,0
CC(C)(C1=CC=C(OCC2CO2)C=C1)C1=CC=C(OCC2CO2)C=C1,227,NCCNC(=O)CCN(CCC(=O)NCCN)CCN(CCC(=O)NCCN)CCC(=O)NCCN,0,NCCNCCN,10,130,8,0,0,0,0,0,0,0,0,0,0,0,0,0,0,0,0,0,0,,0,,0,,0
CC(C)(C1=CC=C(OCC2CO2)C=C1)C1=CC=C(OCC2CO2)C=C1,227,O=C(CCN(CCN(CCC(NCCNCCN(CCC(NCCN)=O)CCC(NCCN)=O)=O)CCC(NCCNCCN(CCC(NCCN)=O)CCC(NCCN)=O)=O)CCC(NCCNCCN(CCC(NCCN)=O)CCC(NCCN)=O)=O)NCCNCCN(CCC(NCCN)=O)CCC(NCCN)=O,10,O=C(CCN(CCN(CCC(NCCNCCN(CCC(NCCN)=O)CCC(NCCN)=O)=O)CCC(NCCNCCN(CCC(NCCN)=O)CCC(NCCN)=O)=O)CCC(NCCNCCN(CCC(NCCN)=O)CCC(NCCN)=O)=O)NCCNCCN(CCC(NCCN)=O)CCC(NCCN)=O,10,130,8,0,0,0,0,0,0,0,0,0,0,0,0,0,0,0,0,0,0,,0,,0,,0
CC(C)(C1=CC=C(OCC2CO2)C=C1)C1=CC=C(OCC2CO2)C=C1,227,O=C(NCCNCCN(CCC(NCCNCCN(CCC(NCCN)=O)CCC(NCCN)=O)=O)CCC(NCCNCCN(CCC(NCCN)=O)CCC(NCCN)=O)=O)CCN(CCC(NCCNCCN(CCC(NCCNCCN(CCC(NCCN)=O)CCC(NCCN)=O)=O)CCC(NCCNCCN(CCC(NCCN)=O)CCC(NCCN)=O)=O)=O)CCN(CCC(NCCNCCN(CCC(NCCNCCN(CCC(NCCN)=O)CCC(NCCN)=O)=O)CCC(NCCNCCN(CCC(NCCN)=O)CCC(NCCN)=O)=O)=O)CCC(NCCNCCN(CCC(NCCNCCN(CCC(NCCN)=O)CCC(NCCN)=O)=O)CCC(NCCNCCN(CCC(NCCN)=O)CCC(NCCN)=O)=O)=O,10,O=C(NCCNCCN(CCC(NCCNCCN(CCC(NCCN)=O)CCC(NCCN)=O)=O)CCC(NCCNCCN(CCC(NCCN)=O)CCC(NCCN)=O)=O)CCN(CCC(NCCNCCN(CCC(NCCNCCN(CCC(NCCN)=O)CCC(NCCN)=O)=O)CCC(NCCNCCN(CCC(NCCN)=O)CCC(NCCN)=O)=O)=O)CCN(CCC(NCCNCCN(CCC(NCCNCCN(CCC(NCCN)=O)CCC(NCCN)=O)=O)CCC(NCCNCCN(CCC(NCCN)=O)CCC(NCCN)=O)=O)=O)CCC(NCCNCCN(CCC(NCCNCCN(CCC(NCCN)=O)CCC(NCCN)=O)=O)CCC(NCCNCCN(CCC(NCCN)=O)CCC(NCCN)=O)=O)=O,10,130,8,0,0,0,0,0,0,0,0,0,0,0,0,0,0,0,0,0,0,,0,,0,,0
CC(C)(C1=CC=C(OCC2CO2)C=C1)C1=CC=C(OCC2CO2)C=C1,227,O=C(NCCNCCN(CCC(NCCNCCN(CCC(NCCN)=O)CCC(NCCN)=O)=O)CCC(NCCNCCN(CCC(NCCN)=O)CCC(NCCN)=O)=O)CCN(CCC(NCCNCCN(CCC(NCCNCCN(CCC(NCCN)=O)CCC(NCCN)=O)=O)CCC(NCCNCCN(CCC(NCCN)=O)CCC(NCCN)=O)=O)=O)CCN(CCC(NCCNCCN(CCC(NCCNCCN(CCC(NCCN)=O)CCC(NCCN)=O)=O)CCC(NCCNCCN(CCC(NCCN)=O)CCC(NCCN)=O)=O)=O)CCC(NCCNCCN(CCC(NCCNCCN(CCC(NCCN)=O)CCC(NCCN)=O)=O)CCC(NCCNCCN(CCC(NCCN)=O)CCC(NCCN)=O)=O)=O,15,O=C(NCCNCCN(CCC(NCCNCCN(CCC(NCCN)=O)CCC(NCCN)=O)=O)CCC(NCCNCCN(CCC(NCCN)=O)CCC(NCCN)=O)=O)CCN(CCC(NCCNCCN(CCC(NCCNCCN(CCC(NCCN)=O)CCC(NCCN)=O)=O)CCC(NCCNCCN(CCC(NCCN)=O)CCC(NCCN)=O)=O)=O)CCN(CCC(NCCNCCN(CCC(NCCNCCN(CCC(NCCN)=O)CCC(NCCN)=O)=O)CCC(NCCNCCN(CCC(NCCN)=O)CCC(NCCN)=O)=O)=O)CCC(NCCNCCN(CCC(NCCNCCN(CCC(NCCN)=O)CCC(NCCN)=O)=O)CCC(NCCNCCN(CCC(NCCN)=O)CCC(NCCN)=O)=O)=O,15,130,8,0,0,0,0,0,0,0,0,0,0,0,0,0,0,0,0,0,0,,0,,0,,0
CC(C)(C1=CC=C(OCC2CO2)C=C1)C1=CC=C(OCC2CO2)C=C1,227,O=C(NCCNCCN(CCC(NCCNCCN(CCC(NCCN)=O)CCC(NCCN)=O)=O)CCC(NCCNCCN(CCC(NCCN)=O)CCC(NCCN)=O)=O)CCN(CCC(NCCNCCN(CCC(NCCNCCN(CCC(NCCN)=O)CCC(NCCN)=O)=O)CCC(NCCNCCN(CCC(NCCN)=O)CCC(NCCN)=O)=O)=O)CCN(CCC(NCCNCCN(CCC(NCCNCCN(CCC(NCCN)=O)CCC(NCCN)=O)=O)CCC(NCCNCCN(CCC(NCCN)=O)CCC(NCCN)=O)=O)=O)CCC(NCCNCCN(CCC(NCCNCCN(CCC(NCCN)=O)CCC(NCCN)=O)=O)CCC(NCCNCCN(CCC(NCCN)=O)CCC(NCCN)=O)=O)=O,20,O=C(NCCNCCN(CCC(NCCNCCN(CCC(NCCN)=O)CCC(NCCN)=O)=O)CCC(NCCNCCN(CCC(NCCN)=O)CCC(NCCN)=O)=O)CCN(CCC(NCCNCCN(CCC(NCCNCCN(CCC(NCCN)=O)CCC(NCCN)=O)=O)CCC(NCCNCCN(CCC(NCCN)=O)CCC(NCCN)=O)=O)=O)CCN(CCC(NCCNCCN(CCC(NCCNCCN(CCC(NCCN)=O)CCC(NCCN)=O)=O)CCC(NCCNCCN(CCC(NCCN)=O)CCC(NCCN)=O)=O)=O)CCC(NCCNCCN(CCC(NCCNCCN(CCC(NCCN)=O)CCC(NCCN)=O)=O)CCC(NCCNCCN(CCC(NCCN)=O)CCC(NCCN)=O)=O)=O,20,130,8,0,0,0,0,0,0,0,0,0,0,0,0,0,0,0,0,0,0,,0,,0,,0
CC(C)(C1=CC=C(OCC2CO2)C=C1)C1=CC=C(OCC2CO2)C=C1,227,O=C(NCCNCCN(CCC(NCCNCCN(CCC(NCCN)=O)CCC(NCCN)=O)=O)CCC(NCCNCCN(CCC(NCCN)=O)CCC(NCCN)=O)=O)CCN(CCC(NCCNCCN(CCC(NCCNCCN(CCC(NCCN)=O)CCC(NCCN)=O)=O)CCC(NCCNCCN(CCC(NCCN)=O)CCC(NCCN)=O)=O)=O)CCN(CCC(NCCNCCN(CCC(NCCNCCN(CCC(NCCN)=O)CCC(NCCN)=O)=O)CCC(NCCNCCN(CCC(NCCN)=O)CCC(NCCN)=O)=O)=O)CCC(NCCNCCN(CCC(NCCNCCN(CCC(NCCN)=O)CCC(NCCN)=O)=O)CCC(NCCNCCN(CCC(NCCN)=O)CCC(NCCN)=O)=O)=O,25,O=C(NCCNCCN(CCC(NCCNCCN(CCC(NCCN)=O)CCC(NCCN)=O)=O)CCC(NCCNCCN(CCC(NCCN)=O)CCC(NCCN)=O)=O)CCN(CCC(NCCNCCN(CCC(NCCNCCN(CCC(NCCN)=O)CCC(NCCN)=O)=O)CCC(NCCNCCN(CCC(NCCN)=O)CCC(NCCN)=O)=O)=O)CCN(CCC(NCCNCCN(CCC(NCCNCCN(CCC(NCCN)=O)CCC(NCCN)=O)=O)CCC(NCCNCCN(CCC(NCCN)=O)CCC(NCCN)=O)=O)=O)CCC(NCCNCCN(CCC(NCCNCCN(CCC(NCCN)=O)CCC(NCCN)=O)=O)CCC(NCCNCCN(CCC(NCCN)=O)CCC(NCCN)=O)=O)=O,25,130,8,0,0,0,0,0,0,0,0,0,0,0,0,0,0,0,0,0,0,,0,,0,,0
CC(C)(C1=CC=C(OCC2CO2)C=C1)C1=CC=C(OCC2CO2)C=C1,196,O=C1N(C(C2=C1C=CC(C(C(F)(F)F)(C3=CC4=C(C=C3)C(N(C4=O)C5=CC=C(C(C6=CC=C(C=C6)N(C7=O)C(C8=C7C=CC(C(C(F)(F)F)(C9=CC%10=C(C=C9)C(N(C%10=O)C)=O)C(F)(F)F)=C8)=O)(C%11=CC=C(C=C%11)N(C(C%12=C%13C=C(C(C(F)(F)F)(C%14=CC%15=C(C(N(C%15=O)C)=O)C=C%14)C(F)(F)F)C=C%12)=O)C%13=O)P%16(OC%17=CC=CC=C%17C%18=CC=CC=C%18%16)=O)C=C5)=O)C(F)(F)F)=C2)=O)C,10,CC12CCCCC1C(=O)OC2=O,40.8,150,1,170,2,200,2,0,0,0,0,0,0,0,0,0,0,0,0,0,0,CCN(CC1=CC(CN(C)C)=CC(CN(C)C)=C1O)C,0.2,,0,,0
CC(C)(C1=CC=C(OCC2CO2)C=C1)C1=CC=C(OCC2CO2)C=C1,196,O=C1N(C(C2=C1C=CC(C(C(F)(F)F)(C3=CC4=C(C=C3)C(N(C4=O)C5=CC=C(C(C6=CC=C(C=C6)N(C7=O)C(C8=C7C=CC(C(C(F)(F)F)(C9=CC%10=C(C=C9)C(N(C%10=O)C)=O)C(F)(F)F)=C8)=O)(C%11=CC=C(C=C%11)N(C(C%12=C%13C=C(C(C(F)(F)F)(C%14=CC%15=C(C(N(C%15=O)C)=O)C=C%14)C(F)(F)F)C=C%12)=O)C%13=O)P%16(OC%17=CC=CC=C%17C%18=CC=CC=C%18%16)=O)C=C5)=O)C(F)(F)F)=C2)=O)C,20.2,CC12CCCCC1C(=O)OC2=O,35.2,150,1,170,2,200,2,0,0,0,0,0,0,0,0,0,0,0,0,0,0,CCN(CC1=CC(CN(C)C)=CC(CN(C)C)=C1O)C,0.2,,0,,0
CC(C)(C1=CC=C(OCC2CO2)C=C1)C1=CC=C(OCC2CO2)C=C1,196,O=C1N(C(C2=C1C=CC(C(C(F)(F)F)(C3=CC4=C(C=C3)C(N(C4=O)C5=CC=C(C(C6=CC=C(C=C6)N(C7=O)C(C8=C7C=CC(C(C(F)(F)F)(C9=CC%10=C(C=C9)C(N(C%10=O)C)=O)C(F)(F)F)=C8)=O)(C%11=CC=C(C=C%11)N(C(C%12=C%13C=C(C(C(F)(F)F)(C%14=CC%15=C(C(N(C%15=O)C)=O)C=C%14)C(F)(F)F)C=C%12)=O)C%13=O)P%16(OC%17=CC=CC=C%17C%18=CC=CC=C%18%16)=O)C=C5)=O)C(F)(F)F)=C2)=O)C,30.4,CC12CCCCC1C(=O)OC2=O,29.5,150,1,170,2,200,2,0,0,0,0,0,0,0,0,0,0,0,0,0,0,CCN(CC1=CC(CN(C)C)=CC(CN(C)C)=C1O)C,0.2,,0,,0
CC(C)(C1=CC=C(OCC2CO2)C=C1)C1=CC=C(OCC2CO2)C=C1,196,O=C1N(C(C2=C1C=CC(C(C(F)(F)F)(C3=CC4=C(C=C3)C(N(C4=O)C5=CC=C(C(C6=CC=C(C=C6)N(C7=O)C(C8=C7C=CC(C(C(F)(F)F)(C9=CC%10=C(C=C9)C(N(C%10=O)C)=O)C(F)(F)F)=C8)=O)(C%11=CC=C(C=C%11)N(C(C%12=C%13C=C(C(C(F)(F)F)(C%14=CC%15=C(C(N(C%15=O)C)=O)C=C%14)C(F)(F)F)C=C%12)=O)C%13=O)P%16(OC%17=CC=CC=C%17C%18=CC=CC=C%18%16)=O)C=C5)=O)C(F)(F)F)=C2)=O)C,0,CC12CCCCC1C(=O)OC2=O,46.43813605,150,1,170,2,200,2,0,0,0,0,0,0,0,0,0,0,0,0,0,0,CCN(CC1=CC(CN(C)C)=CC(CN(C)C)=C1O)C,0.2,,0,,0
CC(C)(C1=CC=C(OCC2CO2)C=C1)C1=CC=C(OCC2CO2)C=C1,227,COC1=CC(C(NC2=NNC(NC(C3=CC(OC)=C(O)C(OC)=C3)P3(=O)OC4=C(C=CC=C4)C4=C3C=CC=C4)=N2)P2(=O)OC3=C(C=CC=C3)C3=C2C=CC=C3)=CC(OC)=C1O,1,NC1=CC=C(CC2=CC=C(N)C=C2)C=C1,17.72,100,2,120,2,0,0,0,0,0,0,0,0,0,0,0,0,0,0,0,0,,0,,0,,0
CC(C)(C1=CC=C(OCC2CO2)C=C1)C1=CC=C(OCC2CO2)C=C1,227,COC1=CC(C(NC2=NNC(NC(C3=CC(OC)=C(O)C(OC)=C3)P3(=O)OC4=C(C=CC=C4)C4=C3C=CC=C4)=N2)P2(=O)OC3=C(C=CC=C3)C3=C2C=CC=C3)=CC(OC)=C1O,3,NC1=CC=C(CC2=CC=C(N)C=C2)C=C1,17.36,100,2,120,2,0,0,0,0,0,0,0,0,0,0,0,0,0,0,0,0,,0,,0,,0
CC(C)(C1=CC=C(OCC2CO2)C=C1)C1=CC=C(OCC2CO2)C=C1,227,COC1=CC(C(NC2=NNC(NC(C3=CC(OC)=C(O)C(OC)=C3)P3(=O)OC4=C(C=CC=C4)C4=C3C=CC=C4)=N2)P2(=O)OC3=C(C=CC=C3)C3=C2C=CC=C3)=CC(OC)=C1O,5,NC1=CC=C(CC2=CC=C(N)C=C2)C=C1,17,100,2,120,2,0,0,0,0,0,0,0,0,0,0,0,0,0,0,0,0,,0,,0,,0
CC(C)(C1=CC=C(OCC2CO2)C=C1)C1=CC=C(OCC2CO2)C=C1,227,COC1=CC(C(NC2=NNC(NC(C3=CC(OC)=C(O)C(OC)=C3)P3(=O)OC4=C(C=CC=C4)C4=C3C=CC=C4)=N2)P2(=O)OC3=C(C=CC=C3)C3=C2C=CC=C3)=CC(OC)=C1O,0,NC1=CC=C(CC2=CC=C(N)C=C2)C=C1,17.89819376,100,2,120,2,0,0,0,0,0,0,0,0,0,0,0,0,0,0,0,0,,0,,0,,0
CC(C)(C1=CC=C(OCC2CO2)C=C1)C1=CC=C(OCC2CO2)C=C1,196,O=C(CC(C(OCC#CCOC(CC(C(O)=O)CP1(OC2C=CC=CC2C3=C1C=CC=C3)=O)=O)=O)CP4(OC5=C(C6=C4C=CC=C6)C=CC=C5)=O)O,12.8,CC12CCCCC1C(=O)OC2=O,40,100,2,130,2,160,2,180,2,200,2,0,0,0,0,0,0,0,0,0,0,CCN(CC1=CC(CN(C)C)=CC(CN(C)C)=C1O)C,0.094339623,,0,,0
CC(C)(C1=CC=C(OCC2CO2)C=C1)C1=CC=C(OCC2CO2)C=C1,196,O=C(CC(C(OCC#CCOC(CC(C(O)=O)CP1(OC2C=CC=CC2C3=C1C=CC=C3)=O)=O)=O)CP4(OC5=C(C6=C4C=CC=C6)C=CC=C5)=O)O,19.2,CC12CCCCC1C(=O)OC2=O,37,100,2,130,2,160,2,180,2,200,2,0,0,0,0,0,0,0,0,0,0,CCN(CC1=CC(CN(C)C)=CC(CN(C)C)=C1O)C,0.087450809,,0,,0
CC(C)(C1=CC=C(OCC2CO2)C=C1)C1=CC=C(OCC2CO2)C=C1,196,O=C(CC(C(OCC#CCOC(CC(C(O)=O)CP1(OC2C=CC=CC2C3=C1C=CC=C3)=O)=O)=O)CP4(OC5=C(C6=C4C=CC=C6)C=CC=C5)=O)O,8.9,CC12CCCCC1C(=O)OC2=O,41.7,100,2,130,2,160,2,180,2,200,2,0,0,0,0,0,0,0,0,0,0,CCN(CC1=CC(CN(C)C)=CC(CN(C)C)=C1O)C,0.098,,0,,0
CC(C)(C1=CC=C(OCC2CO2)C=C1)C1=CC=C(OCC2CO2)C=C1,196,O=C(CC(C(OCC#CCOC(CC(C(O)=O)CP1(OC2C=CC=CC2C3=C1C=CC=C3)=O)=O)=O)CP4(OC5=C(C6=C4C=CC=C6)C=CC=C5)=O)O,0,CC12CCCCC1C(=O)OC2=O,45.85814835,100,2,130,2,160,2,180,2,200,2,0,0,0,0,0,0,0,0,0,0,CCN(CC1=CC(CN(C)C)=CC(CN(C)C)=C1O)C,0.108166577,,0,,0
CC(C)(C1=CC=C(OCC2CO2)C=C1)C1=CC=C(OCC2CO2)C=C1,227,O=P1(OC2=C(C=CC=C2)C3=C1C=CC=C3)C(C4=CC=C(C(O)=O)C=C4)NC5=NN=C(NC(C6=CC=C(C(O)=O)C=C6)P7(OC8=C(C=CCC8)C9=C7C=CC=C9)=O)N5,4,NC1=CC=C(CC2=CC=C(N)C=C2)C=C1,17.1,80,0.5,100,2,150,2,0,0,0,0,0,0,0,0,0,0,0,0,0,0,,0,,0,,0
CC(C)(C1=CC=C(OCC2CO2)C=C1)C1=CC=C(OCC2CO2)C=C1,227,O=P1(OC2=C(C=CC=C2)C3=C1C=CC=C3)C(C4=CC=C(C(O)=O)C=C4)NC5=NN=C(NC(C6=CC=C(C(O)=O)C=C6)P7(OC8=C(C=CCC8)C9=C7C=CC=C9)=O)N5,6,NC1=CC=C(CC2=CC=C(N)C=C2)C=C1,16.8,80,0.5,100,2,150,2,0,0,0,0,0,0,0,0,0,0,0,0,0,0,,0,,0,,0
CC(C)(C1=CC=C(OCC2CO2)C=C1)C1=CC=C(OCC2CO2)C=C1,227,O=P1(OC2=C(C=CC=C2)C3=C1C=CC=C3)C(C4=CC=C(C(O)=O)C=C4)NC5=NN=C(NC(C6=CC=C(C(O)=O)C=C6)P7(OC8=C(C=CCC8)C9=C7C=CC=C9)=O)N5,8,NC1=CC=C(CC2=CC=C(N)C=C2)C=C1,16.4,80,0.5,100,2,150,2,0,0,0,0,0,0,0,0,0,0,0,0,0,0,,0,,0,,0
CC(C)(C1=CC=C(OCC2CO2)C=C1)C1=CC=C(OCC2CO2)C=C1,227,O=[PH]1OC2=C(C=CC=C2)C2=CC=CC=C21,8,NC1=CC=C(CC2=CC=C(N)C=C2)C=C1,16.4,80,0.5,100,2,150,2,0,0,0,0,0,0,0,0,0,0,0,0,0,0,,0,,0,,0
CC(C)(C1=CC=C(OCC2CO2)C=C1)C1=CC=C(OCC2CO2)C=C1,227,O=[PH]1OC2=C(C=CC=C2)C2=CC=CC=C21,0,NC1=CC=C(CC2=CC=C(N)C=C2)C=C1,17.9,80,0.5,100,2,150,2,0,0,0,0,0,0,0,0,0,0,0,0,0,0,,0,,0,,0
CC(C)(C1=CC=C(OCC2CO2)C=C1)C1=CC=C(OCC2CO2)C=C1,227,O=P(CN(CP([O-])([O-])=O)CP([O-])([O-])=O)([O-])[O-].[NH2+]1CC[NH2+]CC1.[NH2+]2CC[NH2+]CC2.[NH2+]3CC[NH2+]CC3,1,NC1=CC=C(CC2=CC=C(N)C=C2)C=C1,17.7,120,2,150,2,0,0,0,0,0,0,0,0,0,0,0,0,0,0,0,0,,0,,0,,0
CC(C)(C1=CC=C(OCC2CO2)C=C1)C1=CC=C(OCC2CO2)C=C1,227,O=P(CN(CP([O-])([O-])=O)CP([O-])([O-])=O)([O-])[O-].[NH2+]1CC[NH2+]CC1.[NH2+]2CC[NH2+]CC2.[NH2+]3CC[NH2+]CC3,3,NC1=CC=C(CC2=CC=C(N)C=C2)C=C1,17.4,120,2,150,2,0,0,0,0,0,0,0,0,0,0,0,0,0,0,0,0,,0,,0,,0
CC(C)(C1=CC=C(OCC2CO2)C=C1)C1=CC=C(OCC2CO2)C=C1,227,O=P(CN(CP([O-])([O-])=O)CP([O-])([O-])=O)([O-])[O-].[NH2+]1CC[NH2+]CC1.[NH2+]2CC[NH2+]CC2.[NH2+]3CC[NH2+]CC3,5,NC1=CC=C(CC2=CC=C(N)C=C2)C=C1,17,120,2,150,2,0,0,0,0,0,0,0,0,0,0,0,0,0,0,0,0,,0,,0,,0
CC(C)(C1=CC=C(OCC2CO2)C=C1)C1=CC=C(OCC2CO2)C=C1,227,O=P(CN(CP([O-])([O-])=O)CP([O-])([O-])=O)([O-])[O-].[NH2+]1CC[NH2+]CC1.[NH2+]2CC[NH2+]CC2.[NH2+]3CC[NH2+]CC3,0,NC1=CC=C(CC2=CC=C(N)C=C2)C=C1,17.89819376,120,2,150,2,0,0,0,0,0,0,0,0,0,0,0,0,0,0,0,0,,0,,0,,0
CC(C)(C1=CC=C(OCC2CO2)C=C1)C1=CC=C(OCC2CO2)C=C1,196,CCO[Si](CCCNC(C1=CC=C(C(NC2=C3C=CC=C(N)C3=CC=C2)P2(=O)OC3=C(C=CC=C3)C3=C2C=CC=C3)C=C1)P1(=O)OC2=C(C=CC=C2)C2=C1C=CC=C2)(OCC)OCC,1,NC1=CC=C(CC2=CC=C(N)C=C2)C=C1,19.8,80,2,100,2,130,2,0,0,0,0,0,0,0,0,0,0,0,0,0,0,,0,,0,,0
CC(C)(C1=CC=C(OCC2CO2)C=C1)C1=CC=C(OCC2CO2)C=C1,196,CCO[Si](CCCNC(C1=CC=C(C(NC2=C3C=CC=C(N)C3=CC=C2)P2(=O)OC3=C(C=CC=C3)C3=C2C=CC=C3)C=C1)P1(=O)OC2=C(C=CC=C2)C2=C1C=CC=C2)(OCC)OCC,2,NC1=CC=C(CC2=CC=C(N)C=C2)C=C1,19.6,80,2,100,2,130,2,0,0,0,0,0,0,0,0,0,0,0,0,0,0,,0,,0,,0
CC(C)(C1=CC=C(OCC2CO2)C=C1)C1=CC=C(OCC2CO2)C=C1,196,CCO[Si](CCCNC(C1=CC=C(C(NC2=C3C=CC=C(N)C3=CC=C2)P2(=O)OC3=C(C=CC=C3)C3=C2C=CC=C3)C=C1)P1(=O)OC2=C(C=CC=C2)C2=C1C=CC=C2)(OCC)OCC,3,NC1=CC=C(CC2=CC=C(N)C=C2)C=C1,19.4,80,2,100,2,130,2,0,0,0,0,0,0,0,0,0,0,0,0,0,0,,0,,0,,0
CC(C)(C1=CC=C(OCC2CO2)C=C1)C1=CC=C(OCC2CO2)C=C1,196,CCO[Si](CCCNC(C1=CC=C(C(NC2=C3C=CC=C(N)C3=CC=C2)P2(=O)OC3=C(C=CC=C3)C3=C2C=CC=C3)C=C1)P1(=O)OC2=C(C=CC=C2)C2=C1C=CC=C2)(OCC)OCC,4,NC1=CC=C(CC2=CC=C(N)C=C2)C=C1,19.2,80,2,100,2,130,2,0,0,0,0,0,0,0,0,0,0,0,0,0,0,,0,,0,,0
CC(C)(C1=CC=C(OCC2CO2)C=C1)C1=CC=C(OCC2CO2)C=C1,196,CCO[Si](CCCNC(C1=CC=C(C(NC2=C3C=CC=C(N)C3=CC=C2)P2(=O)OC3=C(C=CC=C3)C3=C2C=CC=C3)C=C1)P1(=O)OC2=C(C=CC=C2)C2=C1C=CC=C2)(OCC)OCC,0,NC1=CC=C(CC2=CC=C(N)C=C2)C=C1,20,80,2,100,2,130,2,0,0,0,0,0,0,0,0,0,0,0,0,0,0,,0,,0,,0
CC(C)(C1=CC=C(OCC2CO2)C=C1)C1=CC=C(OCC2CO2)C=C1,227,O=P(NC1=CC=C(C=C1)CC2=CC=C(N)C=C2)(NC3=CC=C(C=C3)CC4=CC=C(N)C=C4)NC5=CC=C(C=C5)CC6=CC=C(N)C=C6,4,NC1=CC=C(CC2=CC=C(N)C=C2)C=C1,17.1,80,2,100,2,130,2,0,0,0,0,0,0,0,0,0,0,0,0,0,0,,0,,0,,0
CC(C)(C1=CC=C(OCC2CO2)C=C1)C1=CC=C(OCC2CO2)C=C1,227,O=P(NC1=CC=C(C=C1)CC2=CC=C(N)C=C2)(NC3=CC=C(C=C3)CC4=CC=C(N)C=C4)NC5=CC=C(C=C5)CC6=CC=C(N)C=C6,6,NC1=CC=C(CC2=CC=C(N)C=C2)C=C1,16.8,80,2,100,2,130,2,0,0,0,0,0,0,0,0,0,0,0,0,0,0,,0,,0,,0
CC(C)(C1=CC=C(OCC2CO2)C=C1)C1=CC=C(OCC2CO2)C=C1,227,O=P(NC1=CC=C(C=C1)CC2=CC=C(N)C=C2)(NC3=CC=C(C=C3)CC4=CC=C(N)C=C4)NC5=CC=C(C=C5)CC6=CC=C(N)C=C6,8,NC1=CC=C(CC2=CC=C(N)C=C2)C=C1,16.4,80,2,100,2,130,2,0,0,0,0,0,0,0,0,0,0,0,0,0,0,,0,,0,,0
CC(C)(C1=CC=C(OCC2CO2)C=C1)C1=CC=C(OCC2CO2)C=C1,227,O=P(NC1=CC=C(C=C1)CC2=CC=C(N)C=C2)(NC3=CC=C(C=C3)CC4=CC=C(N)C=C4)NC5=CC=C(C=C5)CC6=CC=C(N)C=C6,0,NC1=CC=C(CC2=CC=C(N)C=C2)C=C1,17.9,80,2,100,2,130,2,0,0,0,0,0,0,0,0,0,0,0,0,0,0,,0,,0,,0
CC(C)(C1=CC=C(OCC2CO2)C=C1)C1=CC=C(OCC2CO2)C=C1,196,COC1=C(O)C=CC(C(NC2=NC=CC=N2)P2(=O)OC3=C(C=CC=C3)C3=C2C=CC=C3)=C1,2.5,NC1=CC=C(CC2=CC=C(N)C=C2)C=C1,19.23,80,1,120,1,160,2,180,2,0,0,0,0,0,0,0,0,0,0,0,0,,0,,0,,0
CC(C)(C1=CC=C(OCC2CO2)C=C1)C1=CC=C(OCC2CO2)C=C1,196,COC1=C(O)C=CC(C(NC2=NC=CC=N2)P2(=O)OC3=C(C=CC=C3)C3=C2C=CC=C3)=C1,7.5,NC1=CC=C(CC2=CC=C(N)C=C2)C=C1,17.33,80,1,120,1,160,2,180,2,0,0,0,0,0,0,0,0,0,0,0,0,,0,,0,,0
CC(C)(C1=CC=C(OCC2CO2)C=C1)C1=CC=C(OCC2CO2)C=C1,196,COC1=C(O)C=CC(C(NC2=NC=CC=N2)P2(=O)OC3=C(C=CC=C3)C3=C2C=CC=C3)=C1,12.5,NC1=CC=C(CC2=CC=C(N)C=C2)C=C1,15.43,80,1,120,1,160,2,180,2,0,0,0,0,0,0,0,0,0,0,0,0,,0,,0,,0
CC(C)(C1=CC=C(OCC2CO2)C=C1)C1=CC=C(OCC2CO2)C=C1,196,COC1=C(O)C=CC(C(NC2=NC=CC=N2)P2(=O)OC3=C(C=CC=C3)C3=C2C=CC=C3)=C1,0,NC1=CC=C(CC2=CC=C(N)C=C2)C=C1,20.17879949,80,1,120,1,160,2,180,2,0,0,0,0,0,0,0,0,0,0,0,0,,0,,0,,0
CC(C)(C1=CC=C(OCC2CO2)C=C1)C1=CC=C(OCC2CO2)C=C1,227,O=P(NC1=NN=CS1)(C1=CC=CC=C1)C1=CC=CC=C1,5,NC1=CC=C(CC2=CC=C(N)C=C2)C=C1,19,100,3,150,2,0,0,0,0,0,0,0,0,0,0,0,0,0,0,0,0,,0,,0,,0
CC(C)(C1=CC=C(OCC2CO2)C=C1)C1=CC=C(OCC2CO2)C=C1,227,O=P(NC1=NN=CS1)(C1=CC=CC=C1)C1=CC=CC=C1,10,NC1=CC=C(CC2=CC=C(N)C=C2)C=C1,18,100,3,150,2,0,0,0,0,0,0,0,0,0,0,0,0,0,0,0,0,,0,,0,,0
CC(C)(C1=CC=C(OCC2CO2)C=C1)C1=CC=C(OCC2CO2)C=C1,227,O=P(NC1=NN=CS1)(OC1=CC=CC=C1)OC1=CC=CC=C1,5,NC1=CC=C(CC2=CC=C(N)C=C2)C=C1,19,100,3,150,2,0,0,0,0,0,0,0,0,0,0,0,0,0,0,0,0,,0,,0,,0
CC(C)(C1=CC=C(OCC2CO2)C=C1)C1=CC=C(OCC2CO2)C=C1,227,O=P(NC1=NN=CS1)(OC1=CC=CC=C1)OC1=CC=CC=C1,10,NC1=CC=C(CC2=CC=C(N)C=C2)C=C1,18,100,3,150,2,0,0,0,0,0,0,0,0,0,0,0,0,0,0,0,0,,0,,0,,0
CC(C)(C1=CC=C(OCC2CO2)C=C1)C1=CC=C(OCC2CO2)C=C1,227,O=P(NC1=NN=CS1)(OC1=CC=CC=C1)OC1=CC=CC=C1,0,NC1=CC=C(CC2=CC=C(N)C=C2)C=C1,20,100,3,150,2,0,0,0,0,0,0,0,0,0,0,0,0,0,0,0,0,,0,,0,,0
CC(C)(C1=CC=C(OCC2CO2)C=C1)C1=CC=C(OCC2CO2)C=C1,196,NCCOB(OCCN1CC2=C(C=CC(C(C3=CC=C4OCN(CC4=C3)CCOB(OCCN5CC6=C(C=CC(C(C7=CC=C8OCN(CC8=C7)CCOB(OCCN)OCCN)(C)C)=C6)OC5)OCCN9CC%10=C(C=CC(C(C%11=CC=C(O)C=C%11)(C)C)=C%10)OC9)(C)C)=C2)OC1)OCCN,3,NC1=CC=C(CC2=CC=C(N)C=C2)C=C1,19.4,140,2,180,2,200,2,220,2,0,0,0,0,0,0,0,0,0,0,0,0,,0,,0,,0
CC(C)(C1=CC=C(OCC2CO2)C=C1)C1=CC=C(OCC2CO2)C=C1,196,NCCOB(OCCN1CC2=C(C=CC(C(C3=CC=C4OCN(CC4=C3)CCOB(OCCN5CC6=C(C=CC(C(C7=CC=C8OCN(CC8=C7)CCOB(OCCN)OCCN)(C)C)=C6)OC5)OCCN9CC%10=C(C=CC(C(C%11=CC=C(O)C=C%11)(C)C)=C%10)OC9)(C)C)=C2)OC1)OCCN,6,NC1=CC=C(CC2=CC=C(N)C=C2)C=C1,18.8,140,2,180,2,200,2,220,2,0,0,0,0,0,0,0,0,0,0,0,0,,0,,0,,0
CC(C)(C1=CC=C(OCC2CO2)C=C1)C1=CC=C(OCC2CO2)C=C1,196,NCCOB(OCCN1CC2=C(C=CC(C(C3=CC=C4OCN(CC4=C3)CCOB(OCCN5CC6=C(C=CC(C(C7=CC=C8OCN(CC8=C7)CCOB(OCCN)OCCN)(C)C)=C6)OC5)OCCN9CC%10=C(C=CC(C(C%11=CC=C(O)C=C%11)(C)C)=C%10)OC9)(C)C)=C2)OC1)OCCN,9,NC1=CC=C(CC2=CC=C(N)C=C2)C=C1,18.2,140,2,180,2,200,2,220,2,0,0,0,0,0,0,0,0,0,0,0,0,,0,,0,,0
CC(C)(C1=CC=C(OCC2CO2)C=C1)C1=CC=C(OCC2CO2)C=C1,196,NCCOB(OCCN1CC2=C(C=CC(C(C3=CC=C4OCN(CC4=C3)CCOB(OCCN5CC6=C(C=CC(C(C7=CC=C8OCN(CC8=C7)CCOB(OCCN)OCCN)(C)C)=C6)OC5)OCCN9CC%10=C(C=CC(C(C%11=CC=C(O)C=C%11)(C)C)=C%10)OC9)(C)C)=C2)OC1)OCCN,12,NC1=CC=C(CC2=CC=C(N)C=C2)C=C1,17.6,140,2,180,2,200,2,220,2,0,0,0,0,0,0,0,0,0,0,0,0,,0,,0,,0
CC(C)(C1=CC=C(OCC2CO2)C=C1)C1=CC=C(OCC2CO2)C=C1,196,NCCOB(OCCN1CC2=C(C=CC(C(C3=CC=C4OCN(CC4=C3)CCOB(OCCN5CC6=C(C=CC(C(C7=CC=C8OCN(CC8=C7)CCOB(OCCN)OCCN)(C)C)=C6)OC5)OCCN9CC%10=C(C=CC(C(C%11=CC=C(O)C=C%11)(C)C)=C%10)OC9)(C)C)=C2)OC1)OCCN,0,NC1=CC=C(CC2=CC=C(N)C=C2)C=C1,20,140,2,180,2,200,2,220,2,0,0,0,0,0,0,0,0,0,0,0,0,,0,,0,,0
CC(C)(C1=CC=C(OCC2CO2)C=C1)C1=CC=C(OCC2CO2)C=C1,188,O=P1(C2=C(C=CC=C2)C3=C(C=CC=C3)O1)C(C4=CC(O)=C(C=C4)OCC(OCC(COCCCCCCOCC(O)COC5=C(OCC(COCCCCCCOCC6OC6)O)C=CC(C(C7=CC(OC)=C(O)C=C7)P8(OC9=C(C=CC=C9)C%10=C8C=CC=C%10)=O)=C5)O)COCCCCCCOCC(O)COC%11=C(O)C=CC(C(C%12=CC(OC)=C(O)C=C%12)P%13(OC%14=C(C=CC=C%14)C%15=C%13C=CC=C%15)=O)=C%11)C%16=CC(OC)=C(C=C%16)OCC(O)COCCCCCCOCC(O)COC(C=CC(C(C%17=CC(OC)=C(OOC(COCCCCCCOCC(O)COC%18=C(OC)C=C(C(C%19=CC(OCC(COCCCCCCOCC%20OC%20)O)=C(O)C=C%19)P%21(OC%22=C(C=CC=C%22)C%23=C%21C=CC=C%23)=O)C=C%18)C)C=C%17)P%24(OC%25=C(C=CC=C%25)C%26=C%24C=CC=C%26)=O)=C%27)=C%27OCC(COCCCCCCOCC%28OC%28)O,10,NC1=CC=C(CC2=CC=C(N)C=C2)C=C1,23.9,120,2,140,2,160,2,180,2,0,0,0,0,0,0,0,0,0,0,0,0,,0,,0,,0
CC(C)(C1=CC=C(OCC2CO2)C=C1)C1=CC=C(OCC2CO2)C=C1,188,O=P1(C2=C(C=CC=C2)C3=C(C=CC=C3)O1)C(C4=CC(O)=C(C=C4)OCC(OCC(COCCCCCCOCC(O)COC5=C(OCC(COCCCCCCOCC6OC6)O)C=CC(C(C7=CC(OC)=C(O)C=C7)P8(OC9=C(C=CC=C9)C%10=C8C=CC=C%10)=O)=C5)O)COCCCCCCOCC(O)COC%11=C(O)C=CC(C(C%12=CC(OC)=C(O)C=C%12)P%13(OC%14=C(C=CC=C%14)C%15=C%13C=CC=C%15)=O)=C%11)C%16=CC(OC)=C(C=C%16)OCC(O)COCCCCCCOCC(O)COC(C=CC(C(C%17=CC(OC)=C(OOC(COCCCCCCOCC(O)COC%18=C(OC)C=C(C(C%19=CC(OCC(COCCCCCCOCC%20OC%20)O)=C(O)C=C%19)P%21(OC%22=C(C=CC=C%22)C%23=C%21C=CC=C%23)=O)C=C%18)C)C=C%17)P%24(OC%25=C(C=CC=C%25)C%26=C%24C=CC=C%26)=O)=C%27)=C%27OCC(COCCCCCCOCC%28OC%28)O,20,NC1=CC=C(CC2=CC=C(N)C=C2)C=C1,22.1,120,2,140,2,160,2,180,2,0,0,0,0,0,0,0,0,0,0,0,0,,0,,0,,0
CC(C)(C1=CC=C(OCC2CO2)C=C1)C1=CC=C(OCC2CO2)C=C1,188,O=P1(C2=C(C=CC=C2)C3=C(C=CC=C3)O1)C(C4=CC(O)=C(C=C4)OCC(OCC(COCCCCCCOCC(O)COC5=C(OCC(COCCCCCCOCC6OC6)O)C=CC(C(C7=CC(OC)=C(O)C=C7)P8(OC9=C(C=CC=C9)C%10=C8C=CC=C%10)=O)=C5)O)COCCCCCCOCC(O)COC%11=C(O)C=CC(C(C%12=CC(OC)=C(O)C=C%12)P%13(OC%14=C(C=CC=C%14)C%15=C%13C=CC=C%15)=O)=C%11)C%16=CC(OC)=C(C=C%16)OCC(O)COCCCCCCOCC(O)COC(C=CC(C(C%17=CC(OC)=C(OOC(COCCCCCCOCC(O)COC%18=C(OC)C=C(C(C%19=CC(OCC(COCCCCCCOCC%20OC%20)O)=C(O)C=C%19)P%21(OC%22=C(C=CC=C%22)C%23=C%21C=CC=C%23)=O)C=C%18)C)C=C%17)P%24(OC%25=C(C=CC=C%25)C%26=C%24C=CC=C%26)=O)=C%27)=C%27OCC(COCCCCCCOCC%28OC%28)O,30,NC1=CC=C(CC2=CC=C(N)C=C2)C=C1,20.3,120,2,140,2,160,2,180,2,0,0,0,0,0,0,0,0,0,0,0,0,,0,,0,,0
CC(C)(C1=CC=C(OCC2CO2)C=C1)C1=CC=C(OCC2CO2)C=C1,188,O=P1(C(C2=CC(OC)=C(OCC(COCCC3CCC(CCOCC(COC(C=C4)=C(OCC(O)COCCC5CCC(CCOCC6OC6)CC5)C=C4C(P7(OC8=C(C9=C7C=CC=C9)C=CC=C8)=O)C%10=CC(OC)=C(C=C%10)OOC(C)COCCC%11CCC(CCOCC(COC(C=CC(C(P%12(OC%13=C(C%14=C%12C=CC=C%14)C=CC=C%13)=O)C%15=CC(OCC(O)COCCC%16CCC(CCOCC%17OC%17)CC%16)=C(C=C%15)O)=C%18)=C%18OC)O)CC%11)O)CC3)O)C=C2)C%19=CC(O)=C(OCC(COCCC%20CCC(COCC(COC(C=C%21C(P%22(OC%23=C(C%24=C%22C=CC=C%24)C=CC=C%23)=O)C%25=CC(OC)=C(C=C%25)O)=C(C=C%21)O)O)CC%20)OCC(O)COCCC%26CCC(CCOCC(COC(C=C%27C(P%28(OC%29=C(C%30=C%28C=CC=C%30)C=CC=C%29)=O)C%31=CC(OC)=C(C=C%31)O)=C(C=C%27)OCC(O)COCCC%32CCC(CCCOCC%33OC%33)CC%32)O)CC%26)C=C%19)C%34=C(C%35=C(O1)C=CC=C%35)C=CC=C%34,10,NC1=CC=C(CC2=CC=C(N)C=C2)C=C1,23.8,120,2,140,2,160,2,180,2,0,0,0,0,0,0,0,0,0,0,0,0,,0,,0,,0
CC(C)(C1=CC=C(OCC2CO2)C=C1)C1=CC=C(OCC2CO2)C=C1,188,O=P1(C(C2=CC(OC)=C(OCC(COCCC3CCC(CCOCC(COC(C=C4)=C(OCC(O)COCCC5CCC(CCOCC6OC6)CC5)C=C4C(P7(OC8=C(C9=C7C=CC=C9)C=CC=C8)=O)C%10=CC(OC)=C(C=C%10)OOC(C)COCCC%11CCC(CCOCC(COC(C=CC(C(P%12(OC%13=C(C%14=C%12C=CC=C%14)C=CC=C%13)=O)C%15=CC(OCC(O)COCCC%16CCC(CCOCC%17OC%17)CC%16)=C(C=C%15)O)=C%18)=C%18OC)O)CC%11)O)CC3)O)C=C2)C%19=CC(O)=C(OCC(COCCC%20CCC(COCC(COC(C=C%21C(P%22(OC%23=C(C%24=C%22C=CC=C%24)C=CC=C%23)=O)C%25=CC(OC)=C(C=C%25)O)=C(C=C%21)O)O)CC%20)OCC(O)COCCC%26CCC(CCOCC(COC(C=C%27C(P%28(OC%29=C(C%30=C%28C=CC=C%30)C=CC=C%29)=O)C%31=CC(OC)=C(C=C%31)O)=C(C=C%27)OCC(O)COCCC%32CCC(CCCOCC%33OC%33)CC%32)O)CC%26)C=C%19)C%34=C(C%35=C(O1)C=CC=C%35)C=CC=C%34,20,NC1=CC=C(CC2=CC=C(N)C=C2)C=C1,21.9,120,2,140,2,160,2,180,2,0,0,0,0,0,0,0,0,0,0,0,0,,0,,0,,0
CC(C)(C1=CC=C(OCC2CO2)C=C1)C1=CC=C(OCC2CO2)C=C1,188,O=P1(C(C2=CC(OC)=C(OCC(COCCC3CCC(CCOCC(COC(C=C4)=C(OCC(O)COCCC5CCC(CCOCC6OC6)CC5)C=C4C(P7(OC8=C(C9=C7C=CC=C9)C=CC=C8)=O)C%10=CC(OC)=C(C=C%10)OOC(C)COCCC%11CCC(CCOCC(COC(C=CC(C(P%12(OC%13=C(C%14=C%12C=CC=C%14)C=CC=C%13)=O)C%15=CC(OCC(O)COCCC%16CCC(CCOCC%17OC%17)CC%16)=C(C=C%15)O)=C%18)=C%18OC)O)CC%11)O)CC3)O)C=C2)C%19=CC(O)=C(OCC(COCCC%20CCC(COCC(COC(C=C%21C(P%22(OC%23=C(C%24=C%22C=CC=C%24)C=CC=C%23)=O)C%25=CC(OC)=C(C=C%25)O)=C(C=C%21)O)O)CC%20)OCC(O)COCCC%26CCC(CCOCC(COC(C=C%27C(P%28(OC%29=C(C%30=C%28C=CC=C%30)C=CC=C%29)=O)C%31=CC(OC)=C(C=C%31)O)=C(C=C%27)OCC(O)COCCC%32CCC(CCCOCC%33OC%33)CC%32)O)CC%26)C=C%19)C%34=C(C%35=C(O1)C=CC=C%35)C=CC=C%34,30,NC1=CC=C(CC2=CC=C(N)C=C2)C=C1,20,120,2,140,2,160,2,180,2,0,0,0,0,0,0,0,0,0,0,0,0,,0,,0,,0
CC(C)(C1=CC=C(OCC2CO2)C=C1)C1=CC=C(OCC2CO2)C=C1,188,O=P1(C(C2=CC(OC)=C(OCC(COCCC3=CC=C(CCOCC(COC(C=C4)=C(OCC(O)COCCC5=CC=C(CCOCC6OC6)C=C5)C=C4C(P7(OC8=C(C9=C7C=CC=C9)C=CC=C8)=O)C%10=CC(OC)=C(C=C%10)OOC(C)COCCC%11=CC=C(CCOCC(COC(C=CC(C(P%12(OC%13=C(C%14=C%12C=CC=C%14)C=CC=C%13)=O)C%15=CC(OCC(O)COCCC%16=CC=C(CCOCC%17OC%17)C=C%16)=C(C=C%15)O)=C%18)=C%18OC)O)C=C%11)O)C=C3)O)C=C2)C%19=CC(O)=C(OCC(COCCC%20=CC=C(COCC(COC(C=C%21C(P%22(OC%23=C(C%24=C%22C=CC=C%24)C=CC=C%23)=O)C%25=CC(OC)=C(C=C%25)O)=C(C=C%21)O)O)C=C%20)OCC(O)COCCC%26=CC=C(CCOCC(COC(C=C%27C(P%28(OC%29=C(C%30=C%28C=CC=C%30)C=CC=C%29)=O)C%31=CC(OC)=C(C=C%31)O)=C(C=C%27)OCC(O)COCCC%32=CC=C(CCCOCC%33OC%33)C=C%32)O)C=C%26)C=C%19)C%34=C(C%35=C(O1)C=CC=C%35)C=CC=C%34,10,NC1=CC=C(CC2=CC=C(N)C=C2)C=C1,23.9,120,2,140,2,160,2,180,2,0,0,0,0,0,0,0,0,0,0,0,0,,0,,0,,0
CC(C)(C1=CC=C(OCC2CO2)C=C1)C1=CC=C(OCC2CO2)C=C1,188,O=P1(C(C2=CC(OC)=C(OCC(COCCC3=CC=C(CCOCC(COC(C=C4)=C(OCC(O)COCCC5=CC=C(CCOCC6OC6)C=C5)C=C4C(P7(OC8=C(C9=C7C=CC=C9)C=CC=C8)=O)C%10=CC(OC)=C(C=C%10)OOC(C)COCCC%11=CC=C(CCOCC(COC(C=CC(C(P%12(OC%13=C(C%14=C%12C=CC=C%14)C=CC=C%13)=O)C%15=CC(OCC(O)COCCC%16=CC=C(CCOCC%17OC%17)C=C%16)=C(C=C%15)O)=C%18)=C%18OC)O)C=C%11)O)C=C3)O)C=C2)C%19=CC(O)=C(OCC(COCCC%20=CC=C(COCC(COC(C=C%21C(P%22(OC%23=C(C%24=C%22C=CC=C%24)C=CC=C%23)=O)C%25=CC(OC)=C(C=C%25)O)=C(C=C%21)O)O)C=C%20)OCC(O)COCCC%26=CC=C(CCOCC(COC(C=C%27C(P%28(OC%29=C(C%30=C%28C=CC=C%30)C=CC=C%29)=O)C%31=CC(OC)=C(C=C%31)O)=C(C=C%27)OCC(O)COCCC%32=CC=C(CCCOCC%33OC%33)C=C%32)O)C=C%26)C=C%19)C%34=C(C%35=C(O1)C=CC=C%35)C=CC=C%34,20,NC1=CC=C(CC2=CC=C(N)C=C2)C=C1,22,120,2,140,2,160,2,180,2,0,0,0,0,0,0,0,0,0,0,0,0,,0,,0,,0
CC(C)(C1=CC=C(OCC2CO2)C=C1)C1=CC=C(OCC2CO2)C=C1,188,O=P1(C(C2=CC(OC)=C(OCC(COCCC3=CC=C(CCOCC(COC(C=C4)=C(OCC(O)COCCC5=CC=C(CCOCC6OC6)C=C5)C=C4C(P7(OC8=C(C9=C7C=CC=C9)C=CC=C8)=O)C%10=CC(OC)=C(C=C%10)OOC(C)COCCC%11=CC=C(CCOCC(COC(C=CC(C(P%12(OC%13=C(C%14=C%12C=CC=C%14)C=CC=C%13)=O)C%15=CC(OCC(O)COCCC%16=CC=C(CCOCC%17OC%17)C=C%16)=C(C=C%15)O)=C%18)=C%18OC)O)C=C%11)O)C=C3)O)C=C2)C%19=CC(O)=C(OCC(COCCC%20=CC=C(COCC(COC(C=C%21C(P%22(OC%23=C(C%24=C%22C=CC=C%24)C=CC=C%23)=O)C%25=CC(OC)=C(C=C%25)O)=C(C=C%21)O)O)C=C%20)OCC(O)COCCC%26=CC=C(CCOCC(COC(C=C%27C(P%28(OC%29=C(C%30=C%28C=CC=C%30)C=CC=C%29)=O)C%31=CC(OC)=C(C=C%31)O)=C(C=C%27)OCC(O)COCCC%32=CC=C(CCCOCC%33OC%33)C=C%32)O)C=C%26)C=C%19)C%34=C(C%35=C(O1)C=CC=C%35)C=CC=C%34,30,NC1=CC=C(CC2=CC=C(N)C=C2)C=C1,20.1,120,2,140,2,160,2,180,2,0,0,0,0,0,0,0,0,0,0,0,0,,0,,0,,0
CC(C)(C1=CC=C(OCC2CO2)C=C1)C1=CC=C(OCC2CO2)C=C1,188,O=P1(C(C2=CC(OC)=C(OCC(COCCC3=CC=C(CCOCC(COC(C=C4)=C(OCC(O)COCCC5=CC=C(CCOCC6OC6)C=C5)C=C4C(P7(OC8=C(C9=C7C=CC=C9)C=CC=C8)=O)C%10=CC(OC)=C(C=C%10)OOC(C)COCCC%11=CC=C(CCOCC(COC(C=CC(C(P%12(OC%13=C(C%14=C%12C=CC=C%14)C=CC=C%13)=O)C%15=CC(OCC(O)COCCC%16=CC=C(CCOCC%17OC%17)C=C%16)=C(C=C%15)O)=C%18)=C%18OC)O)C=C%11)O)C=C3)O)C=C2)C%19=CC(O)=C(OCC(COCCC%20=CC=C(COCC(COC(C=C%21C(P%22(OC%23=C(C%24=C%22C=CC=C%24)C=CC=C%23)=O)C%25=CC(OC)=C(C=C%25)O)=C(C=C%21)O)O)C=C%20)OCC(O)COCCC%26=CC=C(CCOCC(COC(C=C%27C(P%28(OC%29=C(C%30=C%28C=CC=C%30)C=CC=C%29)=O)C%31=CC(OC)=C(C=C%31)O)=C(C=C%27)OCC(O)COCCC%32=CC=C(CCCOCC%33OC%33)C=C%32)O)C=C%26)C=C%19)C%34=C(C%35=C(O1)C=CC=C%35)C=CC=C%34,0,NC1=CC=C(CC2=CC=C(N)C=C2)C=C1,20.50874404,120,2,140,2,160,2,180,2,0,0,0,0,0,0,0,0,0,0,0,0,,0,,0,,0
CC(C)(C1=CC=C(OCC2CO2)C=C1)C1=CC=C(OCC2CO2)C=C1,196,CCCCCCCCCCCCOC1=CC=C(C=C1)/C=N/N=C/C2=CC=C(OP3(OC4=CC=C(/C=N/N=C/C5=CC=C(OCCCCCCCCCCCC)C=C5)C=C4)=NP(OC6=CC=C(C=C6)/C=N/N=C/C7=CC=C(OCCCCCCCCCCCC)C=C7)(OC8=CC=C(C=C8)/C=N\N=C\C9=CC=C(OCCCCCCCCCCCC)C=C9)=NP(OC%10=CC=C(C=C%10)/C=N/N=C/C%11=CC=C(OCCCCCCCCCCCC)C=C%11)(OC%12=CC=C(C=C%12)/C=N/N=C/C%13=CC=C(OCCCCCCCCCCCC)C=C%13)=N3)C=C2,1,NC1=CC=C(CC2=CC=C(N)C=C2)C=C1,24.75,30,24,0,0,0,0,0,0,0,0,0,0,0,0,0,0,0,0,0,0,,0,,0,,0
CC(C)(C1=CC=C(OCC2CO2)C=C1)C1=CC=C(OCC2CO2)C=C1,196,[H]/C(C(C=C1)=CC=C1OCCCCCCCCCCCCCC)=N\N=C\C2=CC=C(C=C2)OP3(OC(C=C4)=CC=C4/C=N/N=C([H])/C(C=C5)=CC=C5OCCCCCCCCCCCCCC)=NP(OC6=CC=C(/C=N/N=C([H])/C(C=C7)=CC=C7OCCCCCCCCCCCCCC)C=C6)(OC8=CC=C(/C=N\N=C([H])\C(C=C9)=CC=C9OCCCCCCCCCCCCCC)C=C8)=NP(OC%10=CC=C(/C=N/N=C([H])/C(C=C%11)=CC=C%11OCCCCCCCCCCCCCC)C=C%10)(OC%12=CC=C(/C=N/N=C([H])/C(C=C%13)=CC=C%13OCCCCCCCCCCCCCC)C=C%12)=N3,1,NC1=CC=C(CC2=CC=C(N)C=C2)C=C1,24.75,30,24,0,0,0,0,0,0,0,0,0,0,0,0,0,0,0,0,0,0,,0,,0,,0
CC(C)(C1=CC=C(OCC2CO2)C=C1)C1=CC=C(OCC2CO2)C=C1,196,[H]/C(C(C=C1)=CC=C1OCCCCCCCCCCCC)=N\N,1,NC1=CC=C(CC2=CC=C(N)C=C2)C=C1,24.75,30,24,0,0,0,0,0,0,0,0,0,0,0,0,0,0,0,0,0,0,,0,,0,,0
CC(C)(C1=CC=C(OCC2CO2)C=C1)C1=CC=C(OCC2CO2)C=C1,196,[H]/C(C(C=C1)=CC=C1OCCCCCCCCCCCCCC)=N\N,1,NC1=CC=C(CC2=CC=C(N)C=C2)C=C1,24.75,30,24,0,0,0,0,0,0,0,0,0,0,0,0,0,0,0,0,0,0,,0,,0,,0
CC(C)(C1=CC=C(OCC2CO2)C=C1)C1=CC=C(OCC2CO2)C=C1,196,[H]C(C1=CC=C(OP2(OC3=CC=C(C([H])=O)C=C3)=NP(OC4=CC=C(C([H])=O)C=C4)(OC5=CC=C(C([H])=O)C=C5)=NP(OC6=CC=C(C([H])=O)C=C6)(OC7=CC=C(C([H])=O)C=C7)=N2)C=C1)=O,1,NC1=CC=C(CC2=CC=C(N)C=C2)C=C1,24.75,30,24,0,0,0,0,0,0,0,0,0,0,0,0,0,0,0,0,0,0,,0,,0,,0
CC(C)(C1=CC=C(OCC2CO2)C=C1)C1=CC=C(OCC2CO2)C=C1,196,[H]C(C1=CC=C(OP2(OC3=CC=C(C([H])=O)C=C3)=NP(OC4=CC=C(C([H])=O)C=C4)(OC5=CC=C(C([H])=O)C=C5)=NP(OC6=CC=C(C([H])=O)C=C6)(OC7=CC=C(C([H])=O)C=C7)=N2)C=C1)=O,0,NC1=CC=C(CC2=CC=C(N)C=C2)C=C1,25,30,24,0,0,0,0,0,0,0,0,0,0,0,0,0,0,0,0,0,0,,0,,0,,0
CC(C)(C1=CC=C(OCC2CO2)C=C1)C1=CC=C(OCC2CO2)C=C1,196,COC1=C(O[Si](C2=CC=CC=C2)(OC3=C(OC)C=C(C(NC4=NC5=C(C=CC=C5)N4)P6(OC7=C(C=CC=C7)C8=C6C=CC=C8)=O)C=C3)C9=CC=CC=C9)C=CC(C(NC%10=NC%11=C(C=CC=C%11)N%10)P%12(OC%13=C(C=CC=C%13)C%14=C%12C=CC=C%14)=O)=C1,2,NC1=CC=C(CC2=CC=C(N)C=C2)C=C1,19.6,130,2,160,2,180,2,0,0,0,0,0,0,0,0,0,0,0,0,0,0,,0,,0,,0
CC(C)(C1=CC=C(OCC2CO2)C=C1)C1=CC=C(OCC2CO2)C=C1,196,COC1=C(O[Si](C2=CC=CC=C2)(OC3=C(OC)C=C(C(NC4=NC5=C(C=CC=C5)N4)P6(OC7=C(C=CC=C7)C8=C6C=CC=C8)=O)C=C3)C9=CC=CC=C9)C=CC(C(NC%10=NC%11=C(C=CC=C%11)N%10)P%12(OC%13=C(C=CC=C%13)C%14=C%12C=CC=C%14)=O)=C1,4,NC1=CC=C(CC2=CC=C(N)C=C2)C=C1,19.2,130,2,160,2,180,2,0,0,0,0,0,0,0,0,0,0,0,0,0,0,,0,,0,,0
CC(C)(C1=CC=C(OCC2CO2)C=C1)C1=CC=C(OCC2CO2)C=C1,196,COC1=C(O[Si](C2=CC=CC=C2)(OC3=C(OC)C=C(C(NC4=NC5=C(C=CC=C5)N4)P6(OC7=C(C=CC=C7)C8=C6C=CC=C8)=O)C=C3)C9=CC=CC=C9)C=CC(C(NC%10=NC%11=C(C=CC=C%11)N%10)P%12(OC%13=C(C=CC=C%13)C%14=C%12C=CC=C%14)=O)=C1,6,NC1=CC=C(CC2=CC=C(N)C=C2)C=C1,18.8,130,2,160,2,180,2,0,0,0,0,0,0,0,0,0,0,0,0,0,0,,0,,0,,0
CC(C)(C1=CC=C(OCC2CO2)C=C1)C1=CC=C(OCC2CO2)C=C1,196,COC1=C(O[Si](C2=CC=CC=C2)(OC3=C(OC)C=C(C(NC4=NC5=C(C=CC=C5)N4)P6(OC7=C(C=CC=C7)C8=C6C=CC=C8)=O)C=C3)C9=CC=CC=C9)C=CC(C(NC%10=NC%11=C(C=CC=C%11)N%10)P%12(OC%13=C(C=CC=C%13)C%14=C%12C=CC=C%14)=O)=C1,0,NC1=CC=C(CC2=CC=C(N)C=C2)C=C1,20,130,2,160,2,180,2,0,0,0,0,0,0,0,0,0,0,0,0,0,0,,0,,0,,0
CC(C)(C1=CC=C(OCC2CO2)C=C1)C1=CC=C(OCC2CO2)C=C1,196,O=P1(OC2=CC=C(S(=O)(=O)C3=CC=C(OP4(=O)OC5=C(C=CC=C5)C5=C4C=CC=C5)C=C3)C=C2)OC2=C(C=CC=C2)C2=C1C=CC=C2,3,NC1=CC=C(CC2=CC=C(N)C=C2)C=C1,17.81,100,2,150,3,0,0,0,0,0,0,0,0,0,0,0,0,0,0,0,0,,0,,0,,0
CC(C)(C1=CC=C(OCC2CO2)C=C1)C1=CC=C(OCC2CO2)C=C1,196,O=P1(OC2=CC=C(S(=O)(=O)C3=CC=C(OP4(=O)OC5=C(C=CC=C5)C5=C4C=CC=C5)C=C3)C=C2)OC2=C(C=CC=C2)C2=C1C=CC=C2,5,NC1=CC=C(CC2=CC=C(N)C=C2)C=C1,17.45,100,2,150,3,0,0,0,0,0,0,0,0,0,0,0,0,0,0,0,0,,0,,0,,0
CC(C)(C1=CC=C(OCC2CO2)C=C1)C1=CC=C(OCC2CO2)C=C1,196,O=P1(OC2=CC=C(S(=O)(=O)C3=CC=C(OP4(=O)OC5=C(C=CC=C5)C5=C4C=CC=C5)C=C3)C=C2)OC2=C(C=CC=C2)C2=C1C=CC=C2,7,NC1=CC=C(CC2=CC=C(N)C=C2)C=C1,17.08,100,2,150,3,0,0,0,0,0,0,0,0,0,0,0,0,0,0,0,0,,0,,0,,0
CC(C)(C1=CC=C(OCC2CO2)C=C1)C1=CC=C(OCC2CO2)C=C1,196,[H]P1(=O)OC2=C(C=CC=C2)C2=C1C=CC=C2,3,NC1=CC=C(CC2=CC=C(N)C=C2)C=C1,17.81,100,2,150,3,0,0,0,0,0,0,0,0,0,0,0,0,0,0,0,0,,0,,0,,0
CC(C)(C1=CC=C(OCC2CO2)C=C1)C1=CC=C(OCC2CO2)C=C1,196,[H]P1(=O)OC2=C(C=CC=C2)C2=C1C=CC=C2,0,NC1=CC=C(CC2=CC=C(N)C=C2)C=C1,18.36734694,100,2,150,3,0,0,0,0,0,0,0,0,0,0,0,0,0,0,0,0,,0,,0,,0
C1=CC(N(CC2CO2)CC2CO2)=CC=C1CC1=CC=C(N(CC2CO2)CC2CO2)C=C1,117,O=P1(C(OP(C2=CC=CC=C2)C2=CC=CC=C2)C2=CC=C(C(OP(C3=CC=CC=C3)C3=CC=CC=C3)P3(=O)OC4=C(C=CC=C4)C4=C3C=CC=C4)C=C2)OC2=C(C=CC=C2)C2=C1C=CC=C2,2,NC1=CC=C(S(=O)(=O)C2=CC=C(N)C=C2)C=C1,36.3,100,2,150,2,180,2,0,0,0,0,0,0,0,0,0,0,0,0,0,0,,0,,0,,0
C1=CC(N(CC2CO2)CC2CO2)=CC=C1CC1=CC=C(N(CC2CO2)CC2CO2)C=C1,117,O=P(OC(C1=CC=C(C(OP(=O)(C2=CC=CC=C2)C2=CC=CC=C2)P2(=O)OC3=C(C=CC=C3)C3=C2C=CC=C3)C=C1)P1(=O)OC2=C(C=CC=C2)C2=C1C=CC=C2)(C1=CC=CC=C1)C1=CC=CC=C1,2,NC1=CC=C(S(=O)(=O)C2=CC=C(N)C=C2)C=C1,36.3,100,2,150,2,180,2,0,0,0,0,0,0,0,0,0,0,0,0,0,0,,0,,0,,0
C1=CC(N(CC2CO2)CC2CO2)=CC=C1CC1=CC=C(N(CC2CO2)CC2CO2)C=C1,117,O=P(OC1=CC=CC=C1)(OC1=CC=CC=C1)OC(C1=CC=C(C(OP(=O)(OC2=CC=CC=C2)OC2=CC=CC=C2)P2(=O)OC3=C(C=CC=C3)C3=C2C=CC=C3)C=C1)P1(=O)OC2=C(C=CC=C2)C2=C1C=CC=C2,2,NC1=CC=C(S(=O)(=O)C2=CC=C(N)C=C2)C=C1,36.3,100,2,150,2,180,2,0,0,0,0,0,0,0,0,0,0,0,0,0,0,,0,,0,,0
C1=CC(N(CC2CO2)CC2CO2)=CC=C1CC1=CC=C(N(CC2CO2)CC2CO2)C=C1,117,O=P(OC1=CC=CC=C1)(OC1=CC=CC=C1)OC(C1=CC=C(C(OP(=O)(OC2=CC=CC=C2)OC2=CC=CC=C2)P2(=O)OC3=C(C=CC=C3)C3=C2C=CC=C3)C=C1)P1(=O)OC2=C(C=CC=C2)C2=C1C=CC=C2,0,NC1=CC=C(S(=O)(=O)C2=CC=C(N)C=C2)C=C1,37,100,2,150,2,180,2,0,0,0,0,0,0,0,0,0,0,0,0,0,0,,0,,0,,0
CC(C)(C1=CC=C(OCC2CO2)C=C1)C1=CC=C(OCC2CO2)C=C1,227,CC(=O)NC1OC(O)C(CO)C(O)C1OC1OC(CO)C(OC2OC(NC(C)=O)C(OC3OC(CO)C(O)[C@H](O)C3/N=C/C3=CC=C(B(O)O)C=C3)C(O)C2CO)C(O)C1/N=C/C1=CC=C(B(O)O)C=C1,10,NC1=CC=C(CC2=CC=C(N)C=C2)C=C1,18.62,100,2,150,2,0,0,0,0,0,0,0,0,0,0,0,0,0,0,0,0,,0,,0,,0
CC(C)(C1=CC=C(OCC2CO2)C=C1)C1=CC=C(OCC2CO2)C=C1,227,[NH4+].[NH4+].[NH4+].[O-]P(=O)([O-])[O-],10,NC1=CC=C(CC2=CC=C(N)C=C2)C=C1,18.6,100,2,150,2,0,0,0,0,0,0,0,0,0,0,0,0,0,0,0,0,,0,,0,,0
CC(C)(C1=CC=C(OCC2CO2)C=C1)C1=CC=C(OCC2CO2)C=C1,227,[NH4+].[NH4+].[NH4+].[O-]P(=O)([O-])[O-],0,NC1=CC=C(CC2=CC=C(N)C=C2)C=C1,20.681458,100,2,150,2,0,0,0,0,0,0,0,0,0,0,0,0,0,0,0,0,,0,,0,,0
CC(C)(C1=CC=C(OCC2CO2)C=C1)C1=CC=C(OCC2CO2)C=C1,227,CC(=O)NC1OC(O)C(CO)C(O)C1OC1OC(CO)C(OC2OC(NC(C)=O)C(OC3OC(CO)C(O)[C@H](O)C3/N=C/C3=CC=C(B(O)O)C=C3)C(O)C2CO)C(O)C1/N=C/C1=CC=C(B(O)O)C=C1,1.969365427,NC1=CC=C(CC2=CC=C(N)C=C2)C=C1,18.96425966,100,2,150,2,0,0,0,0,0,0,0,0,0,0,0,0,0,0,0,0,O=P([O-])([O-])[O-].[NH4+].[NH4+].[NH4+],5.98103574,,0,,0
CC(C)(C1=CC=C(OCC2CO2)C=C1)C1=CC=C(OCC2CO2)C=C1,227,CC(=O)NC1OC(O)C(CO)C(O)C1OC1OC(CO)C(OC2OC(NC(C)=O)C(OC3OC(CO)C(O)[C@H](O)C3/N=C/C3=CC=C(B(O)O)C=C3)C(O)C2CO)C(O)C1/N=C/C1=CC=C(B(O)O)C=C1,2.494654312,NC1=CC=C(CC2=CC=C(N)C=C2)C=C1,18.60299359,100,2,150,2,0,0,0,0,0,0,0,0,0,0,0,0,0,0,0,0,O=P([O-])([O-])[O-].[NH4+].[NH4+].[NH4+],7.483962937,,0,,0
CC(C)(C1=CC=C(OCC2CO2)C=C1)C1=CC=C(OCC2CO2)C=C1,227,CC(=O)NC1OC(O)C(CO)C(O)C1OC1OC(CO)C(OC2OC(NC(C)=O)C(OC3OC(CO)C(O)[C@H](O)C3/N=C/C3=CC=C(B(O)O)C=C3)C(O)C2CO)C(O)C1/N=C/C1=CC=C(B(O)O)C=C1,3.773584906,NC1=CC=C(CC2=CC=C(N)C=C2)C=C1,17.58760108,100,2,150,2,0,0,0,0,0,0,0,0,0,0,0,0,0,0,0,0,O=P([O-])([O-])[O-].[NH4+].[NH4+].[NH4+],11.25336927,,0,,0
CC(C)(C1=CC=C(OCC2CO2)C=C1)C1=CC=C(OCC2CO2)C=C1,196,O=P1([O-])OC2=C(C=CC=C2)C3=C1C=CC=C3.O=P4([O-])OC5=C(C=CC=C5)C6=C4C=CC=C6.C7C[NH2+]CC[NH2+]7,2,NC1=CC=C(CC2=CC=C(N)C=C2)C=C1,19.6,120,3,150,2,0,0,0,0,0,0,0,0,0,0,0,0,0,0,0,0,,0,,0,,0
CC(C)(C1=CC=C(OCC2CO2)C=C1)C1=CC=C(OCC2CO2)C=C1,196,O=P1([O-])OC2=C(C=CC=C2)C3=C1C=CC=C3.O=P4([O-])OC5=C(C=CC=C5)C6=C4C=CC=C6.C7C[NH2+]CC[NH2+]7,4,NC1=CC=C(CC2=CC=C(N)C=C2)C=C1,19.2,120,3,150,2,0,0,0,0,0,0,0,0,0,0,0,0,0,0,0,0,,0,,0,,0
CC(C)(C1=CC=C(OCC2CO2)C=C1)C1=CC=C(OCC2CO2)C=C1,196,O=P1([O-])OC2=C(C=CC=C2)C3=C1C=CC=C3.O=P4([O-])OC5=C(C=CC=C5)C6=C4C=CC=C6.C7C[NH2+]CC[NH2+]7,6,NC1=CC=C(CC2=CC=C(N)C=C2)C=C1,18.8,120,3,150,2,0,0,0,0,0,0,0,0,0,0,0,0,0,0,0,0,,0,,0,,0
CC(C)(C1=CC=C(OCC2CO2)C=C1)C1=CC=C(OCC2CO2)C=C1,196,O=P1([O-])OC2=C(C=CC=C2)C3=C1C=CC=C3.O=P4([O-])OC5=C(C=CC=C5)C6=C4C=CC=C6.C7C[NH2+]CC[NH2+]7,7,NC1=CC=C(CC2=CC=C(N)C=C2)C=C1,18.6,120,3,150,2,0,0,0,0,0,0,0,0,0,0,0,0,0,0,0,0,,0,,0,,0
CC(C)(C1=CC=C(OCC2CO2)C=C1)C1=CC=C(OCC2CO2)C=C1,196,O=P1([O-])OC2=C(C=CC=C2)C3=C1C=CC=C3.O=P4([O-])OC5=C(C=CC=C5)C6=C4C=CC=C6.C7C[NH2+]CC[NH2+]7,8,NC1=CC=C(CC2=CC=C(N)C=C2)C=C1,18.4,120,3,150,2,0,0,0,0,0,0,0,0,0,0,0,0,0,0,0,0,,0,,0,,0
CC(C)(C1=CC=C(OCC2CO2)C=C1)C1=CC=C(OCC2CO2)C=C1,196,O=P1([O-])OC2=C(C=CC=C2)C3=C1C=CC=C3.O=P4([O-])OC5=C(C=CC=C5)C6=C4C=CC=C6.C7C[NH2+]CC[NH2+]7,0,NC1=CC=C(CC2=CC=C(N)C=C2)C=C1,20,120,3,150,2,0,0,0,0,0,0,0,0,0,0,0,0,0,0,0,0,,0,,0,,0
CC(C)(C1=CC=C(OCC2CO2)C=C1)C1=CC=C(OCC2CO2)C=C1,188,NCCNCCNCCNP(=O)(OC1=CC=CC=C1)OC1=CC=CC=C1,23,NCCCCCNCCN,2.4,70,1,110,1.5,170,1.5,200,1.5,0,0,0,0,0,0,0,0,0,0,0,0,,0,,0,,0
CC(C)(C1=CC=C(OCC2CO2)C=C1)C1=CC=C(OCC2CO2)C=C1,188,NCCNCCNCCNP(=O)(OC1=CC=CC=C1)OC1=CC=CC=C1,26,NCCCCCNCCN,1.2,70,1,110,1.5,170,1.5,200,1.5,0,0,0,0,0,0,0,0,0,0,0,0,,0,,0,,0
CC(C)(C1=CC=C(OCC2CO2)C=C1)C1=CC=C(OCC2CO2)C=C1,188,NCCNCCNCCNP(=O)(OC1=CC=CC=C1)OC1=CC=CC=C1,29,NCCCCCNCCN,0,70,1,110,1.5,170,1.5,200,1.5,0,0,0,0,0,0,0,0,0,0,0,0,,0,,0,,0
CC(C)(C1=CC=C(OCC2CO2)C=C1)C1=CC=C(OCC2CO2)C=C1,188,NCCNCCNCCNP(=O)(OC1=CC=CC=C1)OC1=CC=CC=C1,0,NCCCCCNCCN,11.44172866,70,1,110,1.5,170,1.5,200,1.5,0,0,0,0,0,0,0,0,0,0,0,0,,0,,0,,0
CC(C)(C1=CC=C(OCC2CO2)C=C1)C1=CC=C(OCC2CO2)C=C1,185,CC1=C(C(NC2=CC=C(S(=O)(=O)O)C=C2)P2(=O)OC3=C(C=CC=C3)C3=C2C=CC=C3)SCN=C1,1,NC1=CC=C(CC2=CC=C(N)C=C2)C=C1,20.67,100,2,110,2,130,2,150,2,0,0,0,0,0,0,0,0,0,0,0,0,,0,,0,,0
CC(C)(C1=CC=C(OCC2CO2)C=C1)C1=CC=C(OCC2CO2)C=C1,185,CC1=C(C(NC2=CC=C(S(=O)(=O)O)C=C2)P2(=O)OC3=C(C=CC=C3)C3=C2C=CC=C3)SCN=C1,2,NC1=CC=C(CC2=CC=C(N)C=C2)C=C1,20.38,100,2,110,2,130,2,150,2,0,0,0,0,0,0,0,0,0,0,0,0,,0,,0,,0
CC(C)(C1=CC=C(OCC2CO2)C=C1)C1=CC=C(OCC2CO2)C=C1,185,CC1=C(C(NC2=CC=C(S(=O)(=O)O)C=C2)P2(=O)OC3=C(C=CC=C3)C3=C2C=CC=C3)SCN=C1,4,NC1=CC=C(CC2=CC=C(N)C=C2)C=C1,19.82,100,2,110,2,130,2,150,2,0,0,0,0,0,0,0,0,0,0,0,0,,0,,0,,0
CC(C)(C1=CC=C(OCC2CO2)C=C1)C1=CC=C(OCC2CO2)C=C1,185,CC1=C(C(NC2=CC=C(S(=O)(=O)O)C=C2)P2(=O)OC3=C(C=CC=C3)C3=C2C=CC=C3)SCN=C1,6,NC1=CC=C(CC2=CC=C(N)C=C2)C=C1,19.24,100,2,110,2,130,2,150,2,0,0,0,0,0,0,0,0,0,0,0,0,,0,,0,,0
CC(C)(C1=CC=C(OCC2CO2)C=C1)C1=CC=C(OCC2CO2)C=C1,185,CC1=C(C(NC2=CC=C(S(=O)(=O)O)C=C2)P2(=O)OC3=C(C=CC=C3)C3=C2C=CC=C3)SCN=C1,8,NC1=CC=C(CC2=CC=C(N)C=C2)C=C1,18.66,100,2,110,2,130,2,150,2,0,0,0,0,0,0,0,0,0,0,0,0,,0,,0,,0
CC(C)(C1=CC=C(OCC2CO2)C=C1)C1=CC=C(OCC2CO2)C=C1,185,CC1=C(C(NC2=CC=C(S(=O)(=O)O)C=C2)P2(=O)OC3=C(C=CC=C3)C3=C2C=CC=C3)SCN=C1,0,NC1=CC=C(CC2=CC=C(N)C=C2)C=C1,20.96111287,100,2,110,2,130,2,150,2,0,0,0,0,0,0,0,0,0,0,0,0,,0,,0,,0
CC(C)(C1=CC=C(OCC2CO2)C=C1)C1=CC=C(OCC2CO2)C=C1,227,CP(C)(=O)NC1=CC=C(N)C=C1,1,NC1=CC=C(CC2=CC=C(N)C=C2)C=C1,17.7,100,2,120,2,0,0,0,0,0,0,0,0,0,0,0,0,0,0,0,0,,0,,0,,0
CC(C)(C1=CC=C(OCC2CO2)C=C1)C1=CC=C(OCC2CO2)C=C1,227,CP(C)(=O)NC1=CC=C(N)C=C1,2,NC1=CC=C(CC2=CC=C(N)C=C2)C=C1,17.4,100,2,120,2,0,0,0,0,0,0,0,0,0,0,0,0,0,0,0,0,,0,,0,,0
CC(C)(C1=CC=C(OCC2CO2)C=C1)C1=CC=C(OCC2CO2)C=C1,227,CP(C)(=O)NC1=CC=C(N)C=C1,4,NC1=CC=C(CC2=CC=C(N)C=C2)C=C1,17.1,100,2,120,2,0,0,0,0,0,0,0,0,0,0,0,0,0,0,0,0,,0,,0,,0
CC(C)(C1=CC=C(OCC2CO2)C=C1)C1=CC=C(OCC2CO2)C=C1,227,CP(C)(=O)NC1=CC=C(N)C=C1,6,NC1=CC=C(CC2=CC=C(N)C=C2)C=C1,16.7,100,2,120,2,0,0,0,0,0,0,0,0,0,0,0,0,0,0,0,0,,0,,0,,0
CC(C)(C1=CC=C(OCC2CO2)C=C1)C1=CC=C(OCC2CO2)C=C1,227,CP(C)(=O)NC1=CC=C(N)C=C1,0,NC1=CC=C(CC2=CC=C(N)C=C2)C=C1,17.9,100,2,120,2,0,0,0,0,0,0,0,0,0,0,0,0,0,0,0,0,,0,,0,,0
CC(C)(C1=CC=C(OCC2CO2)C=C1)C1=CC=C(OCC2CO2)C=C1,188,COC1=CC(/C=N\CCCN)=CC=C1OP(OC2=C(C=C(C=C2)/C=N/CCCN)OC)(C3=CC=CC=C3)=O,24.2,COC1=CC(/C=N\CCCN)=CC=C1OP(OC2=C(C=C(C=C2)/C=N/CCCN)OC)(C3=CC=CC=C3)=O,24.2,60,2,90,1,120,1,0,0,0,0,0,0,0,0,0,0,0,0,0,0,,0,,0,,0
CC(C)(C1=CC=C(OCC2CO2)C=C1)C1=CC=C(OCC2CO2)C=C1,188,COC1=CC(/C=N\CCCN)=CC=C1OP(OC2=C(C=C(C=C2)/C=N/CCCN)OC)(C3=CC=CC=C3)=O,33.3,COC1=CC(/C=N\CCCN)=CC=C1OP(OC2=C(C=C(C=C2)/C=N/CCCN)OC)(C3=CC=CC=C3)=O,33.3,60,2,90,1,120,1,0,0,0,0,0,0,0,0,0,0,0,0,0,0,,0,,0,,0
CC(C)(C1=CC=C(OCC2CO2)C=C1)C1=CC=C(OCC2CO2)C=C1,188,COC1=CC(/C=N\CCCN)=CC=C1OP(OC2=C(C=C(C=C2)/C=N/CCCN)OC)(C3=CC=CC=C3)=O,44.4,COC1=CC(/C=N\CCCN)=CC=C1OP(OC2=C(C=C(C=C2)/C=N/CCCN)OC)(C3=CC=CC=C3)=O,44.4,60,2,90,1,120,1,0,0,0,0,0,0,0,0,0,0,0,0,0,0,,0,,0,,0
CC(C)(C1=CC=C(OCC2CO2)C=C1)C1=CC=C(OCC2CO2)C=C1,188,COC1=CC(/C=N\CCCN)=CC=C1OP(OC2=C(C=C(C=C2)/C=N/CCCN)OC)(C3=CC=CC=C3)=O,46.4,COC1=CC(/C=N\CCCN)=CC=C1OP(OC2=C(C=C(C=C2)/C=N/CCCN)OC)(C3=CC=CC=C3)=O,46.4,60,2,90,1,120,1,0,0,0,0,0,0,0,0,0,0,0,0,0,0,,0,,0,,0
CC(C)(C1=CC=C(OCC2CO2)C=C1)C1=CC=C(OCC2CO2)C=C1,188,COC1=CC(/C=N\CCCN)=CC=C1OP(OC2=C(C=C(C=C2)/C=N/CCCN)OC)(C3=CC=CC=C3)=O,0,CC(CN)ON,24.24242424,60,2,90,1,120,1,0,0,0,0,0,0,0,0,0,0,0,0,0,0,,0,,0,,0
CC(C)(C1=CC=C(OCC2CO2)C=C1)C1=CC=C(OCC2CO2)C=C1,227,CCP([O-])(CC)=O.CCP([O-])(CC)=O.CCP([O-])(CC)=O.[Al+3],4,NC1=CC=C(CC2=CC=C(N)C=C2)C=C1,17.29,120,2,150,2,0,0,0,0,0,0,0,0,0,0,0,0,0,0,0,0,,0,,0,,0
CC(C)(C1=CC=C(OCC2CO2)C=C1)C1=CC=C(OCC2CO2)C=C1,227,O=P([O-])(O)O.O=P(O)(O)[O-].C1C[NH2+]CC[NH2+]1,4,NC1=CC=C(CC2=CC=C(N)C=C2)C=C1,17.29,120,2,150,2,0,0,0,0,0,0,0,0,0,0,0,0,0,0,0,0,,0,,0,,0
CC(C)(C1=CC=C(OCC2CO2)C=C1)C1=CC=C(OCC2CO2)C=C1,227,O=P([O-])(O)O.O=P(O)(O)[O-].C1C[NH2+]CC[NH2+]1,0,NC1=CC=C(CC2=CC=C(N)C=C2)C=C1,18.00974513,120,2,150,2,0,0,0,0,0,0,0,0,0,0,0,0,0,0,0,0,,0,,0,,0
CC(C)(C1=CC=C(OCC2CO2)C=C1)C1=CC=C(OCC2CO2)C=C1,227,CCP([O-])(CC)=O.CCP([O-])(CC)=O.CCP([O-])(CC)=O.[Al+3],3.499302838,NC1=CC=C(CC2=CC=C(N)C=C2)C=C1,17.28961454,120,2,150,2,0,0,0,0,0,0,0,0,0,0,0,0,0,0,0,0,O=P([O-])(O)O.O=P(O)(O)[O-].C1C[NH2+]CC[NH2+]1,0.49925786,,0,,0
CC(C)(C1=CC=C(OCC2CO2)C=C1)C1=CC=C(OCC2CO2)C=C1,227,CCP([O-])(CC)=O.CCP([O-])(CC)=O.CCP([O-])(CC)=O.[Al+3],3.000044978,NC1=CC=C(CC2=CC=C(N)C=C2)C=C1,17.28961454,120,2,150,2,0,0,0,0,0,0,0,0,0,0,0,0,0,0,0,0,O=P([O-])(O)O.O=P(O)(O)[O-].C1C[NH2+]CC[NH2+]1,0.99851572,,0,,0
CC(C)(C1=CC=C(OCC2CO2)C=C1)C1=CC=C(OCC2CO2)C=C1,227,CCP([O-])(CC)=O.CCP([O-])(CC)=O.CCP([O-])(CC)=O.[Al+3],2.500787118,NC1=CC=C(CC2=CC=C(N)C=C2)C=C1,17.28961454,120,2,150,2,0,0,0,0,0,0,0,0,0,0,0,0,0,0,0,0,O=P([O-])(O)O.O=P(O)(O)[O-].C1C[NH2+]CC[NH2+]1,1.49777358,,0,,0
CC(C)(C1=CC=C(OCC2CO2)C=C1)C1=CC=C(OCC2CO2)C=C1,188,O=P1(C2=C(O)C=CC(O)=C2)OC2=C(C=CC=C2)C2=C1C=CC=C2,16.7,O=P1(C2=C(O)C=CC(O)=C2)OC2=C(C=CC=C2)C2=C1C=CC=C2,16.7,25,48,120,2,0,0,0,0,0,0,0,0,0,0,0,0,0,0,0,0,C1=CC=C(P(C2=CC=CC=C2)C2=CC=CC=C2)C=C1,0.2,,0,,0
CC(C)(C1=CC=C(OCC2CO2)C=C1)C1=CC=C(OCC2CO2)C=C1,188,O=P1(C2=C(O)C=CC(O)=C2)OC2=C(C=CC=C2)C2=C1C=CC=C2,14.28571429,O=P1(C2=C(O)C=CC(O)=C2)OC2=C(C=CC=C2)C2=C1C=CC=C2,14.28571429,25,48,120,2,0,0,0,0,0,0,0,0,0,0,0,0,0,0,0,0,C1=CC=C(P(C2=CC=CC=C2)C2=CC=CC=C2)C=C1,0.2,O=[Si](O)O,14.28571429,,0
CC(C)(C1=CC=C(OCC2CO2)C=C1)C1=CC=C(OCC2CO2)C=C1,188,O=P1(C2=C(O)C=CC(O)=C2)OC2=C(C=CC=C2)C2=C1C=CC=C2,14.28571429,O=P1(C2=C(O)C=CC(O)=C2)OC2=C(C=CC=C2)C2=C1C=CC=C2,14.28571429,25,48,120,2,0,0,0,0,0,0,0,0,0,0,0,0,0,0,0,0,C1=CC=C(P(C2=CC=CC=C2)C2=CC=CC=C2)C=C1,0.2,O=[Si](OP([H])([H])=O)OP([H])([H])=O,14.28571429,,0
CC(C)(C1=CC=C(OCC2CO2)C=C1)C1=CC=C(OCC2CO2)C=C1,188,O=P1(C2=C(O)C=CC(O)=C2)OC2=C(C=CC=C2)C2=C1C=CC=C2,14.28571429,O=P1(C2=C(O)C=CC(O)=C2)OC2=C(C=CC=C2)C2=C1C=CC=C2,14.28571429,25,48,120,2,0,0,0,0,0,0,0,0,0,0,0,0,0,0,0,0,C1=CC=C(P(C2=CC=CC=C2)C2=CC=CC=C2)C=C1,0.2,O=[Si](OP(O)(O)=O)OP(O)(O)=O,14.28571429,,0
CC(C)(C1=CC=C(OCC2CO2)C=C1)C1=CC=C(OCC2CO2)C=C1,196,NC1=NNC(NP(=O)(NC2=NC(N)=NN2)C2=CC=CC=C2)=N1,3.6,NC1=CC=C(CC2=CC=C(N)C=C2)C=C1,20.84,25,8,120,2,0,0,0,0,0,0,0,0,0,0,0,0,0,0,0,0,,0,,0,,0
CC(C)(C1=CC=C(OCC2CO2)C=C1)C1=CC=C(OCC2CO2)C=C1,196,NC1=NNC(NP(=O)(NC2=NC(N)=NN2)C2=CC=CC=C2)=N1,5.4,NC1=CC=C(CC2=CC=C(N)C=C2)C=C1,16.78,25,8,120,2,0,0,0,0,0,0,0,0,0,0,0,0,0,0,0,0,,0,,0,,0
CC(C)(C1=CC=C(OCC2CO2)C=C1)C1=CC=C(OCC2CO2)C=C1,196,NC1=NNC(NP(=O)(NC2=NC(N)=NN2)C2=CC=CC=C2)=N1,7.2,NC1=CC=C(CC2=CC=C(N)C=C2)C=C1,14.73,25,8,120,2,0,0,0,0,0,0,0,0,0,0,0,0,0,0,0,0,,0,,0,,0
CC(C)(C1=CC=C(OCC2CO2)C=C1)C1=CC=C(OCC2CO2)C=C1,196,NC1=NNC(NP(=O)(NC2=NC(N)=NN2)C2=CC=CC=C2)=N1,9,NC1=CC=C(CC2=CC=C(N)C=C2)C=C1,12.67,25,8,120,2,0,0,0,0,0,0,0,0,0,0,0,0,0,0,0,0,,0,,0,,0
CC(C)(C1=CC=C(OCC2CO2)C=C1)C1=CC=C(OCC2CO2)C=C1,196,NC1=NNC(NP(=O)(NC2=NC(N)=NN2)C2=CC=CC=C2)=N1,18.3,NC1=CC=C(CC2=CC=C(N)C=C2)C=C1,10.37,25,8,120,2,0,0,0,0,0,0,0,0,0,0,0,0,0,0,0,0,,0,,0,,0
CC(C)(C1=CC=C(OCC2CO2)C=C1)C1=CC=C(OCC2CO2)C=C1,196,NC1=NNC(NP(=O)(NC2=NC(N)=NN2)C2=CC=CC=C2)=N1,0,NC1=CC=C(CC2=CC=C(N)C=C2)C=C1,20.84210526,25,8,120,2,0,0,0,0,0,0,0,0,0,0,0,0,0,0,0,0,,0,,0,,0
CC(C)(C1=CC=C(OCC2CO2)C=C1)C1=CC=C(OCC2CO2)C=C1,196,N#CC1=C(C=C(C=C1)OC2=CC(N(CP3(OC4=CC=CC=C4C5=CC=CC=C53)=O)CC6=CC(C(C)(C7=CC(CC=C)=C(C(CN(C8=CC=CC(OC9=CC(C#N)=C(C=C9)C#N)=C8)CP%10(OC%11=CC=CC=C%11C%12=CC=CC=C%12%10)=O)=C7)O)C)=CC(CC=C)=C6O)=CC=C2)C#N,5,NC1=CC=C(CC2=CC=C(N)C=C2)C=C1,20.1,160,2,200,2,220,2,240,2,260,2,0,0,0,0,0,0,0,0,0,0,CC(C)(C)OOC(C)(C)CCC(C)(C)OOC(C)(C)C,0.04,,0,,0
CC(C)(C1=CC=C(OCC2CO2)C=C1)C1=CC=C(OCC2CO2)C=C1,196,N#CC1=C(C=C(C=C1)OC2=CC(N(CP3(OC4=CC=CC=C4C5=CC=CC=C53)=O)CC6=CC(C(C)(C7=CC(CC=C)=C(C(CN(C8=CC=CC(OC9=CC(C#N)=C(C=C9)C#N)=C8)CP%10(OC%11=CC=CC=C%11C%12=CC=CC=C%12%10)=O)=C7)O)C)=CC(CC=C)=C6O)=CC=C2)C#N,10,NC1=CC=C(CC2=CC=C(N)C=C2)C=C1,19.3,160,2,200,2,220,2,240,2,260,2,0,0,0,0,0,0,0,0,0,0,CC(C)(C)OOC(C)(C)CCC(C)(C)OOC(C)(C)C,0.04,,0,,0
CC(C)(C1=CC=C(OCC2CO2)C=C1)C1=CC=C(OCC2CO2)C=C1,196,N#CC1=C(C=C(C=C1)OC2=CC(N(CP3(OC4=CC=CC=C4C5=CC=CC=C53)=O)CC6=CC(C(C)(C7=CC(CC=C)=C(C(CN(C8=CC=CC(OC9=CC(C#N)=C(C=C9)C#N)=C8)CP%10(OC%11=CC=CC=C%11C%12=CC=CC=C%12%10)=O)=C7)O)C)=CC(CC=C)=C6O)=CC=C2)C#N,15,NC1=CC=C(CC2=CC=C(N)C=C2)C=C1,18.6,160,2,200,2,220,2,240,2,260,2,0,0,0,0,0,0,0,0,0,0,CC(C)(C)OOC(C)(C)CCC(C)(C)OOC(C)(C)C,0.04,,0,,0
CC(C)(C1=CC=C(OCC2CO2)C=C1)C1=CC=C(OCC2CO2)C=C1,196,N#CC1=C(C=C(C=C1)OC2=CC(N(CP3(OC4=CC=CC=C4C5=CC=CC=C53)=O)CC6=CC(C(C)(C7=CC(CC=C)=C(C(CN(C8=CC=CC(OC9=CC(C#N)=C(C=C9)C#N)=C8)CP%10(OC%11=CC=CC=C%11C%12=CC=CC=C%12%10)=O)=C7)O)C)=CC(CC=C)=C6O)=CC=C2)C#N,20,NC1=CC=C(CC2=CC=C(N)C=C2)C=C1,14.3,160,2,200,2,220,2,240,2,260,2,0,0,0,0,0,0,0,0,0,0,CC(C)(C)OOC(C)(C)CCC(C)(C)OOC(C)(C)C,0.04,,0,,0
CC(C)(C1=CC=C(OCC2CO2)C=C1)C1=CC=C(OCC2CO2)C=C1,196,N#CC1=C(C=C(C=C1)OC2=CC(N(CP3(OC4=CC=CC=C4C5=CC=CC=C53)=O)CC6=CC(C(C)(C7=CC(CC=C)=C(C(CN(C8=CC=CC(OC9=CC(C#N)=C(C=C9)C#N)=C8)CP%10(OC%11=CC=CC=C%11C%12=CC=CC=C%12%10)=O)=C7)O)C)=CC(CC=C)=C6O)=CC=C2)C#N,0,NC1=CC=C(CC2=CC=C(N)C=C2)C=C1,20.96505824,160,2,200,2,220,2,240,2,260,2,0,0,0,0,0,0,0,0,0,0,CC(C)(C)OOC(C)(C)CCC(C)(C)OOC(C)(C)C,0.04,,0,,0
CC(C)(C1=CC=C(OCC2CO2)C=C1)C1=CC=C(OCC2CO2)C=C1,196,C=C[Si](OC1=C(C=C(C=C1)C(P2(OC3=C(C4=C2C=CC=C4)C=CC=C3)=O)NC5=CC=C(C=C5)S(=O)(NC6=NC=CS6)=O)OC)(OC7=C(C=C(C=C7)C(P8(OC9=C(C%10=CC=CC=C%108)C=CC=C9)=O)NC%11=CC=C(C=C%11)S(=O)(NC%12=NC=CS%12)=O)OC)C,2.5,NC1=CC=C(CC2=CC=C(N)C=C2)C=C1,19.5,120,2,150,2,180,3,0,0,0,0,0,0,0,0,0,0,0,0,0,0,,0,,0,,0
CC(C)(C1=CC=C(OCC2CO2)C=C1)C1=CC=C(OCC2CO2)C=C1,196,C=C[Si](OC1=C(C=C(C=C1)C(P2(OC3=C(C4=C2C=CC=C4)C=CC=C3)=O)NC5=CC=C(C=C5)S(=O)(NC6=NC=CS6)=O)OC)(OC7=C(C=C(C=C7)C(P8(OC9=C(C%10=CC=CC=C%108)C=CC=C9)=O)NC%11=CC=C(C=C%11)S(=O)(NC%12=NC=CS%12)=O)OC)C,5,NC1=CC=C(CC2=CC=C(N)C=C2)C=C1,18.9,120,2,150,2,180,3,0,0,0,0,0,0,0,0,0,0,0,0,0,0,,0,,0,,0
CC(C)(C1=CC=C(OCC2CO2)C=C1)C1=CC=C(OCC2CO2)C=C1,196,C=C[Si](OC1=C(C=C(C=C1)C(P2(OC3=C(C4=C2C=CC=C4)C=CC=C3)=O)NC5=CC=C(C=C5)S(=O)(NC6=NC=CS6)=O)OC)(OC7=C(C=C(C=C7)C(P8(OC9=C(C%10=CC=CC=C%108)C=CC=C9)=O)NC%11=CC=C(C=C%11)S(=O)(NC%12=NC=CS%12)=O)OC)C,7.5,NC1=CC=C(CC2=CC=C(N)C=C2)C=C1,18.5,120,2,150,2,180,3,0,0,0,0,0,0,0,0,0,0,0,0,0,0,,0,,0,,0
CC(C)(C1=CC=C(OCC2CO2)C=C1)C1=CC=C(OCC2CO2)C=C1,196,C=C[Si](OC1=C(C=C(C=C1)C(P2(OC3=C(C4=C2C=CC=C4)C=CC=C3)=O)NC5=CC=C(C=C5)S(=O)(NC6=NC=CS6)=O)OC)(OC7=C(C=C(C=C7)C(P8(OC9=C(C%10=CC=CC=C%108)C=CC=C9)=O)NC%11=CC=C(C=C%11)S(=O)(NC%12=NC=CS%12)=O)OC)C,0,NC1=CC=C(CC2=CC=C(N)C=C2)C=C1,20,120,2,150,2,180,3,0,0,0,0,0,0,0,0,0,0,0,0,0,0,,0,,0,,0
CC(C)(C1=CC=C(OCC2CO2)C=C1)C1=CC=C(OCC2CO2)C=C1,196,CC1(C)CC(NC(=O)OC2=CC([P@]3(=O)OC4=C(C=CC=C4)C4=C3C=CC=C4)=C(O)C=C2)C[C@@](C)(CNC(=O)OCCN2C(=O)N(CCO)C(=O)N(CCO)C2=O)C1,5,NC1=CC=C(S(=O)(=O)C2=CC=C(N)C=C2)C=C1,23.93,25,0.5,120,0.5,160,2,0,0,0,0,0,0,0,0,0,0,0,0,0,0,,0,,0,,0
CC(C)(C1=CC=C(OCC2CO2)C=C1)C1=CC=C(OCC2CO2)C=C1,196,CC1(C)CC(NC(=O)OC2=CC([P@]3(=O)OC4=C(C=CC=C4)C4=C3C=CC=C4)=C(O)C=C2)C[C@@](C)(CNC(=O)OCCN2C(=O)N(CCO)C(=O)N(CCO)C2=O)C1,10,NC1=CC=C(S(=O)(=O)C2=CC=C(N)C=C2)C=C1,23.84,25,0.5,120,0.5,160,2,0,0,0,0,0,0,0,0,0,0,0,0,0,0,,0,,0,,0
CC(C)(C1=CC=C(OCC2CO2)C=C1)C1=CC=C(OCC2CO2)C=C1,196,CC1(C)CC(NC(=O)OC2=CC([P@]3(=O)OC4=C(C=CC=C4)C4=C3C=CC=C4)=C(O)C=C2)C[C@@](C)(CNC(=O)OCCN2C(=O)N(CCO)C(=O)N(CCO)C2=O)C1,15,NC1=CC=C(S(=O)(=O)C2=CC=C(N)C=C2)C=C1,23.75,25,0.5,120,0.5,160,2,0,0,0,0,0,0,0,0,0,0,0,0,0,0,,0,,0,,0
CC(C)(C1=CC=C(OCC2CO2)C=C1)C1=CC=C(OCC2CO2)C=C1,196,CC1(C)CC(NC(=O)OC2=CC([P@]3(=O)OC4=C(C=CC=C4)C4=C3C=CC=C4)=C(O)C=C2)C[C@@](C)(CNC(=O)OCCN2C(=O)N(CCO)C(=O)N(CCO)C2=O)C1,20,NC1=CC=C(S(=O)(=O)C2=CC=C(N)C=C2)C=C1,23.66,25,0.5,120,0.5,160,2,0,0,0,0,0,0,0,0,0,0,0,0,0,0,,0,,0,,0
CC(C)(C1=CC=C(OCC2CO2)C=C1)C1=CC=C(OCC2CO2)C=C1,196,CC1(C)CC(NC(=O)OC2=CC([P@]3(=O)OC4=C(C=CC=C4)C4=C3C=CC=C4)=C(O)C=C2)C[C@@](C)(CNC(=O)OCCN2C(=O)N(CCO)C(=O)N(CCO)C2=O)C1,25,NC1=CC=C(S(=O)(=O)C2=CC=C(N)C=C2)C=C1,23.58,25,0.5,120,0.5,160,2,0,0,0,0,0,0,0,0,0,0,0,0,0,0,,0,,0,,0
CC(C)(C1=CC=C(OCC2CO2)C=C1)C1=CC=C(OCC2CO2)C=C1,196,CC1(C)CC(NC(=O)OC2=CC([P@]3(=O)OC4=C(C=CC=C4)C4=C3C=CC=C4)=C(O)C=C2)C[C@@](C)(CNC(=O)OCCN2C(=O)N(CCO)C(=O)N(CCO)C2=O)C1,0,NC1=CC=C(S(=O)(=O)C2=CC=C(N)C=C2)C=C1,24.0237046,25,0.5,120,0.5,160,2,0,0,0,0,0,0,0,0,0,0,0,0,0,0,,0,,0,,0
CC(C)(C1=CC=C(OCC2CO2)C=C1)C1=CC=C(OCC2CO2)C=C1,196,SC1=C(N2CN(C3=C(S)C=CC=C3)CN(C3=C(S)C=CC=C3)C2)C=CC=C1,41.2,SC1=C(N2CN(C3=C(S)C=CC=C3)CN(C3=C(S)C=CC=C3)C2)C=CC=C1,41.2,100,2,120,2,0,0,0,0,0,0,0,0,0,0,0,0,0,0,0,0,,0,,0,,0
CC(C)(C1=CC=C(OCC2CO2)C=C1)C1=CC=C(OCC2CO2)C=C1,196,O=C(CC(CP1(OC2=C(C=CC=C2)C3=C1C=CC=C3)=O)C(OCC(COCC(COCC(COC(CC(CP4(OC5=C(C=CC=C5)C6=C4C=CC=C6)=O)C(OCC7CO7)=O)=O)O)(CC)COCC(COC(CC(CP8(OC9=C(C=CC=C9)C%10=C8C=CC=C%10)=O)C(OCC%11CO%11)=O)=O)O)O)=O)OCC(COCC(COCC(COC(C(CC(OCC%12CO%12)=O)CP%13(OC%14=C(C=CC=C%14)C%15=C%13C=CC=C%15)=O)=O)O)(CC)COCC(COC(CC(CP%16(OC%17=C(C=CC=C%17)C%18=C%16C=CC=C%18)=O)C(OCC%19CO%19)=O)=O)O)O,2.84,SC1=C(N2CN(C3=C(S)C=CC=C3)CN(C3=C(S)C=CC=C3)C2)C=CC=C1,40.34090909,100,2,120,2,0,0,0,0,0,0,0,0,0,0,0,0,0,0,0,0,,0,,0,,0
CC(C)(C1=CC=C(OCC2CO2)C=C1)C1=CC=C(OCC2CO2)C=C1,196,O=C(CC(CP1(OC2=C(C=CC=C2)C3=C1C=CC=C3)=O)C(OCC(COCC(COCC(COC(CC(CP4(OC5=C(C=CC=C5)C6=C4C=CC=C6)=O)C(OCC7CO7)=O)=O)O)(CC)COCC(COC(CC(CP8(OC9=C(C=CC=C9)C%10=C8C=CC=C%10)=O)C(OCC%11CO%11)=O)=O)O)O)=O)OCC(COCC(COCC(COC(C(CC(OCC%12CO%12)=O)CP%13(OC%14=C(C=CC=C%14)C%15=C%13C=CC=C%15)=O)=O)O)(CC)COCC(COC(CC(CP%16(OC%17=C(C=CC=C%17)C%18=C%16C=CC=C%18)=O)C(OCC%19CO%19)=O)=O)O)O,5.49,SC1=C(N2CN(C3=C(S)C=CC=C3)CN(C3=C(S)C=CC=C3)C2)C=CC=C1,39.56043956,100,2,120,2,0,0,0,0,0,0,0,0,0,0,0,0,0,0,0,0,,0,,0,,0
CC(C)(C1=CC=C(OCC2CO2)C=C1)C1=CC=C(OCC2CO2)C=C1,196,O=C(CC(CP1(OC2=C(C=CC=C2)C3=C1C=CC=C3)=O)C(OCC(COCC(COCC(COC(CC(CP4(OC5=C(C=CC=C5)C6=C4C=CC=C6)=O)C(OCC7CO7)=O)=O)O)(CC)COCC(COC(CC(CP8(OC9=C(C=CC=C9)C%10=C8C=CC=C%10)=O)C(OCC%11CO%11)=O)=O)O)O)=O)OCC(COCC(COCC(COC(C(CC(OCC%12CO%12)=O)CP%13(OC%14=C(C=CC=C%14)C%15=C%13C=CC=C%15)=O)=O)O)(CC)COCC(COC(CC(CP%16(OC%17=C(C=CC=C%17)C%18=C%16C=CC=C%18)=O)C(OCC%19CO%19)=O)=O)O)O,7.98,SC1=C(N2CN(C3=C(S)C=CC=C3)CN(C3=C(S)C=CC=C3)C2)C=CC=C1,38.82978723,100,2,120,2,0,0,0,0,0,0,0,0,0,0,0,0,0,0,0,0,,0,,0,,0
CC(C)(C1=CC=C(OCC2CO2)C=C1)C1=CC=C(OCC2CO2)C=C1,196,O=C(CC(CP1(OC2=C(C=CC=C2)C3=C1C=CC=C3)=O)C(OCC(COCC(COCC(COC(CC(CP4(OC5=C(C=CC=C5)C6=C4C=CC=C6)=O)C(OCC7CO7)=O)=O)O)(CC)COCC(COC(CC(CP8(OC9=C(C=CC=C9)C%10=C8C=CC=C%10)=O)C(OCC%11CO%11)=O)=O)O)O)=O)OCC(COCC(COCC(COC(C(CC(OCC%12CO%12)=O)CP%13(OC%14=C(C=CC=C%14)C%15=C%13C=CC=C%15)=O)=O)O)(CC)COCC(COC(CC(CP%16(OC%17=C(C=CC=C%17)C%18=C%16C=CC=C%18)=O)C(OCC%19CO%19)=O)=O)O)O,10.31,SC1=C(N2CN(C3=C(S)C=CC=C3)CN(C3=C(S)C=CC=C3)C2)C=CC=C1,38.1443299,100,2,120,2,0,0,0,0,0,0,0,0,0,0,0,0,0,0,0,0,,0,,0,,0
CC(C)(C1=CC=C(OCC2CO2)C=C1)C1=CC=C(OCC2CO2)C=C1,196,OC1=CC=C(C(P2(OC3=CC=CC=C3C4=C2C=CC=C4)=O)=C1)OC(C5=CC=C(C=C5)C(OC6=CC=C(C(P7(OC8=CC=CC=C8C9=C7C=CC=C9)=O)=C6)O)=O)=O,7.2,NC1=CC=C(CC2=CC=C(N)C=C2)C=C1,18.75,120,2,170,4,0,0,0,0,0,0,0,0,0,0,0,0,0,0,0,0,C1(C[P+](C2=CC=CC=C2)(C3=CC=CC=C3)C4=CC=CC=C4)=CC=CC=C1.[Cl-],0.25,,0,,0
CC(C)(C1=CC=C(OCC2CO2)C=C1)C1=CC=C(OCC2CO2)C=C1,196,OC1=CC=C(C(P2(OC3=CC=CC=C3C4=C2C=CC=C4)=O)=C1)OC(C5=CC=C(C=C5)C(OC6=CC=C(C(P7(OC8=CC=CC=C8C9=C7C=CC=C9)=O)=C6)O)=O)=O,7.5,NC1=CC=C(CC2=CC=C(N)C=C2)C=C1,18.67,120,2,170,4,0,0,0,0,0,0,0,0,0,0,0,0,0,0,0,0,C1(C[P+](C2=CC=CC=C2)(C3=CC=CC=C3)C4=CC=CC=C4)=CC=CC=C1.[Cl-],0.25,,0,,0
CC(C)(C1=CC=C(OCC2CO2)C=C1)C1=CC=C(OCC2CO2)C=C1,196,OC1=CC=C(C(P2(OC3=CC=CC=C3C4=C2C=CC=C4)=O)=C1)OC(C5=CC=C(C=C5)C(OC6=CC=C(C(P7(OC8=CC=CC=C8C9=C7C=CC=C9)=O)=C6)O)=O)=O,7.9,NC1=CC=C(CC2=CC=C(N)C=C2)C=C1,18.38,120,2,170,4,0,0,0,0,0,0,0,0,0,0,0,0,0,0,0,0,C1(C[P+](C2=CC=CC=C2)(C3=CC=CC=C3)C4=CC=CC=C4)=CC=CC=C1.[Cl-],0.25,,0,,0
CC(C)(C1=CC=C(OCC2CO2)C=C1)C1=CC=C(OCC2CO2)C=C1,196,OC1=CC=C(C(P2(OC3=CC=CC=C3C4=C2C=CC=C4)=O)=C1)OC(C5=CC=C(C=C5)C(OC6=CC=C(C(P7(OC8=CC=CC=C8C9=C7C=CC=C9)=O)=C6)O)=O)=O,0,NC1=CC=C(CC2=CC=C(N)C=C2)C=C1,20.1915403,120,2,170,4,0,0,0,0,0,0,0,0,0,0,0,0,0,0,0,0,C1(C[P+](C2=CC=CC=C2)(C3=CC=CC=C3)C4=CC=CC=C4)=CC=CC=C1.[Cl-],0.25,,0,,0
CC(C)(C1=CC=C(OCC2CO2)C=C1)C1=CC=C(OCC2CO2)C=C1,196,O=P1(C2=C(O)C=CC(O)=C2)OC2=CC=CC=C2C2=C1C=CC=C2,6,NC1=CC=C(CC2=CC=C(N)C=C2)C=C1,18.98,120,2,170,4,0,0,0,0,0,0,0,0,0,0,0,0,0,0,0,0,C1(C[P+](C2=CC=CC=C2)(C3=CC=CC=C3)C4=CC=CC=C4)=CC=CC=C1.[Cl-],0.25,,0,,0
CC(C)(C1=CC=C(OCC2CO2)C=C1)C1=CC=C(OCC2CO2)C=C1,196,C[Si]1(CCCOCC(O)CP2(=O)OC3=C(C=CC=C3)C3=CC=CC=C32)O[Si](C)(CCCOCC2CO2)O[Si](C)(CCCOCC2CO2)O[Si](C)(CCCOCC2CO2)O1,3.8,NC1=CC=C(CC2=CC=C(N)C=C2)C=C1,20.21,100,2,130,2,160,2,0,0,0,0,0,0,0,0,0,0,0,0,0,0,,0,,0,,0
CC(C)(C1=CC=C(OCC2CO2)C=C1)C1=CC=C(OCC2CO2)C=C1,196,C[Si]1(CCCOCC(O)CP2(=O)OC3=C(C=CC=C3)C3=CC=CC=C32)O[Si](C)(CCCOCC2CO2)O[Si](C)(CCCOCC2CO2)O[Si](C)(CCCOCC2CO2)O1,0,NC1=CC=C(CC2=CC=C(N)C=C2)C=C1,20.48978294,100,2,130,2,160,2,0,0,0,0,0,0,0,0,0,0,0,0,0,0,,0,,0,,0
CC(C)(C1=CC=C(OCC2CO2)C=C1)C1=CC=C(OCC2CO2)C=C1,196,C[Si]1(CCCOCC(O)CP2(=O)OC3=C(C=CC=C3)C3=CC=CC=C32)O[Si](C)(CCCOCC(O)CP2(=O)OC3=C(C=CC=C3)C3=C2C=CC=C3)O[Si](C)(CCCOCC2CO2)O[Si](C)(CCCOCC2CO2)O1,3.8,NC1=CC=C(CC2=CC=C(N)C=C2)C=C1,19.98,100,2,130,2,160,2,0,0,0,0,0,0,0,0,0,0,0,0,0,0,,0,,0,,0
CC(C)(C1=CC=C(OCC2CO2)C=C1)C1=CC=C(OCC2CO2)C=C1,227,COC1CC(CO)C(OC2CC(CO)C(OC)C(O)C2N)C(O)C1N,8,NC1=CC=C(CC2=CC=C(N)C=C2)C=C1,18.98,100,2,150,2,0,0,0,0,0,0,0,0,0,0,0,0,0,0,0,0,,0,,0,,0
CC(C)(C1=CC=C(OCC2CO2)C=C1)C1=CC=C(OCC2CO2)C=C1,227,COC1CC(CO)C(OC2CC(CO)C(OC)C(O)C2N)C(O)C1N,10,NC1=CC=C(CC2=CC=C(N)C=C2)C=C1,18.57,100,2,150,2,0,0,0,0,0,0,0,0,0,0,0,0,0,0,0,0,,0,,0,,0
CC(C)(C1=CC=C(OCC2CO2)C=C1)C1=CC=C(OCC2CO2)C=C1,227,COC1CC(CO)C(OC2CC(CO)C(OC)C(O)C2N)C(O)C1N,0,NC1=CC=C(CC2=CC=C(N)C=C2)C=C1,20.63492063,100,2,150,2,0,0,0,0,0,0,0,0,0,0,0,0,0,0,0,0,,0,,0,,0
CC(C)(C1=CC=C(OCC2CO2)C=C1)C1=CC=C(OCC2CO2)C=C1,227,O=[PH]1OC2=C(C=CC=C2)C2=C1C=CC=C2,8,NC1=CC=C(CC2=CC=C(N)C=C2)C=C1,19.78,100,2,150,2,0,0,0,0,0,0,0,0,0,0,0,0,0,0,0,0,,0,,0,,0
CC(C)(C1=CC=C(OCC2CO2)C=C1)C1=CC=C(OCC2CO2)C=C1,227,O=[PH]1OC2=C(C=CC=C2)C2=C1C=CC=C2,10,NC1=CC=C(CC2=CC=C(N)C=C2)C=C1,19.55,100,2,150,2,0,0,0,0,0,0,0,0,0,0,0,0,0,0,0,0,,0,,0,,0
CC(C)(C1=CC=C(OCC2CO2)C=C1)C1=CC=C(OCC2CO2)C=C1,227,O=[PH]1OC2=C(C=CC=C2)C2=C1C=CC=C2,4.001168224,NC1=CC=C(CC2=CC=C(N)C=C2)C=C1,18.98364486,100,2,150,2,0,0,0,0,0,0,0,0,0,0,0,0,0,0,0,0,COC1CC(CO)C(OC2CC(CO)C(OC)C(O)C2N)C(O)C1N,4.001168224,,0,,0
CC(C)(C1=CC=C(OCC2CO2)C=C1)C1=CC=C(OCC2CO2)C=C1,227,O=[PH]1OC2=C(C=CC=C2)C2=C1C=CC=C2,2.65771028,NC1=CC=C(CC2=CC=C(N)C=C2)C=C1,18.98364486,100,2,150,2,0,0,0,0,0,0,0,0,0,0,0,0,0,0,0,0,COC1CC(CO)C(OC2CC(CO)C(OC)C(O)C2N)C(O)C1N,5.344626168,,0,,0
CC(C)(C1=CC=C(OCC2CO2)C=C1)C1=CC=C(OCC2CO2)C=C1,227,O=[PH]1OC2=C(C=CC=C2)C2=C1C=CC=C2,5.344626168,NC1=CC=C(CC2=CC=C(N)C=C2)C=C1,18.98364486,100,2,150,2,0,0,0,0,0,0,0,0,0,0,0,0,0,0,0,0,COC1CC(CO)C(OC2CC(CO)C(OC)C(O)C2N)C(O)C1N,2.65771028,,0,,0
CC(C)(C1=CC=C(OCC2CO2)C=C1)C1=CC=C(OCC2CO2)C=C1,227,O=[PH]1OC2=C(C=CC=C2)C2=C1C=CC=C2,2.015186916,NC1=CC=C(CC2=CC=C(N)C=C2)C=C1,18.98364486,100,2,150,2,0,0,0,0,0,0,0,0,0,0,0,0,0,0,0,0,COC1CC(CO)C(OC2CC(CO)C(OC)C(O)C2N)C(O)C1N,5.987149533,,0,,0
CC(C)(C1=CC=C(OCC2CO2)C=C1)C1=CC=C(OCC2CO2)C=C1,227,O=[PH]1OC2=C(C=CC=C2)C2=C1C=CC=C2,5.987149533,NC1=CC=C(CC2=CC=C(N)C=C2)C=C1,18.98364486,100,2,150,2,0,0,0,0,0,0,0,0,0,0,0,0,0,0,0,0,COC1CC(CO)C(OC2CC(CO)C(OC)C(O)C2N)C(O)C1N,2.015186916,,0,,0
CC(C)(C1=CC=C(OCC2CO2)C=C1)C1=CC=C(OCC2CO2)C=C1,227,O=[PH]1OC2=C(C=CC=C2)C2=C1C=CC=C2,3.342857143,NC1=CC=C(CC2=CC=C(N)C=C2)C=C1,18.57142857,100,2,150,2,0,0,0,0,0,0,0,0,0,0,0,0,0,0,0,0,COC1CC(CO)C(OC2CC(CO)C(OC)C(O)C2N)C(O)C1N,6.657142857,,0,,0
CC(C)(C1=CC=C(OCC2CO2)C=C1)C1=CC=C(OCC2CO2)C=C1,227,O=[PH]1OC2=C(C=CC=C2)C2=C1C=CC=C2,6.657142857,NC1=CC=C(CC2=CC=C(N)C=C2)C=C1,18.57142857,100,2,150,2,0,0,0,0,0,0,0,0,0,0,0,0,0,0,0,0,COC1CC(CO)C(OC2CC(CO)C(OC)C(O)C2N)C(O)C1N,3.342857143,,0,,0
CC(C)(C1=CC=C(OCC2CO2)C=C1)C1=CC=C(OCC2CO2)C=C1,227,O=[PH]1OC2=C(C=CC=C2)C2=C1C=CC=C2,2.485714286,NC1=CC=C(CC2=CC=C(N)C=C2)C=C1,18.57142857,100,2,150,2,0,0,0,0,0,0,0,0,0,0,0,0,0,0,0,0,COC1CC(CO)C(OC2CC(CO)C(OC)C(O)C2N)C(O)C1N,7.514285714,,0,,0
CC(C)(C1=CC=C(OCC2CO2)C=C1)C1=CC=C(OCC2CO2)C=C1,227,O=[PH]1OC2=C(C=CC=C2)C2=C1C=CC=C2,7.514285714,NC1=CC=C(CC2=CC=C(N)C=C2)C=C1,18.57142857,100,2,150,2,0,0,0,0,0,0,0,0,0,0,0,0,0,0,0,0,COC1CC(CO)C(OC2CC(CO)C(OC)C(O)C2N)C(O)C1N,2.485714286,,0,,0
