Curing_Tem1,Curing_Time1,Curing_Tem2,Curing_Time2,Curing_Tem3,Curing_Time3,Curing_Tem4,Curing_Time4,Curing_Tem5,Curing_Time5,Curing_Tem6,Curing_Time6,Curing_Tem7,Curing_Time8,Curing_Tem9,Curing_Time9,Curing_Tem10,Curing_Time10,Curing_Pressure,Curing_UV
100,1,130,6,150,3,0,0,0,0,0,0,0,0,0,0,0,0,0,0
100,1,130,6,150,3,0,0,0,0,0,0,0,0,0,0,0,0,0,0
100,1,130,6,150,3,0,0,0,0,0,0,0,0,0,0,0,0,0,0
100,1,130,6,150,3,0,0,0,0,0,0,0,0,0,0,0,0,0,0
100,1,130,6,150,3,0,0,0,0,0,0,0,0,0,0,0,0,0,0
100,1,130,6,150,3,0,0,0,0,0,0,0,0,0,0,0,0,0,0
100,1,130,6,150,3,0,0,0,0,0,0,0,0,0,0,0,0,0,0
100,2,150,2,0,0,0,0,0,0,0,0,0,0,0,0,0,0,0,0
100,2,150,2,0,0,0,0,0,0,0,0,0,0,0,0,0,0,0,0
100,2,150,2,0,0,0,0,0,0,0,0,0,0,0,0,0,0,0,0
100,2,150,2,0,0,0,0,0,0,0,0,0,0,0,0,0,0,0,0
100,2,150,2,0,0,0,0,0,0,0,0,0,0,0,0,0,0,0,0
100,2,150,2,0,0,0,0,0,0,0,0,0,0,0,0,0,0,0,0
100,2,150,2,0,0,0,0,0,0,0,0,0,0,0,0,0,0,0,0
100,2,150,2,0,0,0,0,0,0,0,0,0,0,0,0,0,0,0,0
100,2,150,2,0,0,0,0,0,0,0,0,0,0,0,0,0,0,0,0
100,2,150,2,0,0,0,0,0,0,0,0,0,0,0,0,0,0,0,0
100,2,150,2,0,0,0,0,0,0,0,0,0,0,0,0,0,0,0,0
120,3,0,0,0,0,0,0,0,0,0,0,0,0,0,0,0,0,0,0
120,3,0,0,0,0,0,0,0,0,0,0,0,0,0,0,0,0,0,0
120,3,0,0,0,0,0,0,0,0,0,0,0,0,0,0,0,0,0,0
120,3,0,0,0,0,0,0,0,0,0,0,0,0,0,0,0,0,0,0
100,2,150,2,0,0,0,0,0,0,0,0,0,0,0,0,0,0,0,0
100,2,150,2,0,0,0,0,0,0,0,0,0,0,0,0,0,0,0,0
100,2,150,2,0,0,0,0,0,0,0,0,0,0,0,0,0,0,0,0
90,0.5,180,2,0,0,0,0,0,0,0,0,0,0,0,0,0,0,0,0
90,0.5,180,2,0,0,0,0,0,0,0,0,0,0,0,0,0,0,0,0
90,0.5,180,2,0,0,0,0,0,0,0,0,0,0,0,0,0,0,0,0
90,0.5,180,2,0,0,0,0,0,0,0,0,0,0,0,0,0,0,0,0
90,0.5,180,2,0,0,0,0,0,0,0,0,0,0,0,0,0,0,0,0
100,2,150,3,0,0,0,0,0,0,0,0,0,0,0,0,0,0,0,0
100,2,150,3,0,0,0,0,0,0,0,0,0,0,0,0,0,0,0,0
100,2,150,3,0,0,0,0,0,0,0,0,0,0,0,0,0,0,0,0
100,2,150,3,0,0,0,0,0,0,0,0,0,0,0,0,0,0,0,0
100,2,150,3,0,0,0,0,0,0,0,0,0,0,0,0,0,0,0,0
100,2,150,3,0,0,0,0,0,0,0,0,0,0,0,0,0,0,0,0
100,2,150,3,0,0,0,0,0,0,0,0,0,0,0,0,0,0,0,0
100,3,150,2,0,0,0,0,0,0,0,0,0,0,0,0,0,0,0,0
100,3,150,2,0,0,0,0,0,0,0,0,0,0,0,0,0,0,0,0
100,3,150,2,0,0,0,0,0,0,0,0,0,0,0,0,0,0,0,0
100,3,150,2,0,0,0,0,0,0,0,0,0,0,0,0,0,0,0,0
100,1.5,115,5,135,2,0,0,0,0,0,0,0,0,0,0,0,0,0,0
100,1.5,115,5,135,2,0,0,0,0,0,0,0,0,0,0,0,0,0,0
100,1.5,115,5,135,2,0,0,0,0,0,0,0,0,0,0,0,0,0,0
100,1.5,115,5,135,2,0,0,0,0,0,0,0,0,0,0,0,0,0,0
100,2,160,2,0,0,0,0,0,0,0,0,0,0,0,0,0,0,0,0
100,2,160,2,0,0,0,0,0,0,0,0,0,0,0,0,0,0,0,0
100,2,160,2,0,0,0,0,0,0,0,0,0,0,0,0,0,0,0,0
100,2,160,2,0,0,0,0,0,0,0,0,0,0,0,0,0,0,0,0
100,2,160,2,0,0,0,0,0,0,0,0,0,0,0,0,0,0,0,0
100,3,150,2,0,0,0,0,0,0,0,0,0,0,0,0,0,0,0,0
100,3,150,2,0,0,0,0,0,0,0,0,0,0,0,0,0,0,0,0
100,3,150,2,0,0,0,0,0,0,0,0,0,0,0,0,0,0,0,0
100,3,150,2,0,0,0,0,0,0,0,0,0,0,0,0,0,0,0,0
100,2,160,2,180,2,0,0,0,0,0,0,0,0,0,0,0,0,0,0
100,2,160,2,180,2,0,0,0,0,0,0,0,0,0,0,0,0,0,0
100,2,160,2,180,2,0,0,0,0,0,0,0,0,0,0,0,0,0,0
100,2,160,2,180,2,0,0,0,0,0,0,0,0,0,0,0,0,0,0
100,2,160,2,180,2,0,0,0,0,0,0,0,0,0,0,0,0,0,0
120,2,140,2,160,2,180,2,0,0,0,0,0,0,0,0,0,0,0,0
120,2,140,2,160,2,180,2,0,0,0,0,0,0,0,0,0,0,0,0
120,2,140,2,160,2,180,2,0,0,0,0,0,0,0,0,0,0,0,0
120,2,140,2,160,2,180,2,0,0,0,0,0,0,0,0,0,0,0,0
120,2,140,2,160,2,180,2,0,0,0,0,0,0,0,0,0,0,0,0
100,2,150,2,0,0,0,0,0,0,0,0,0,0,0,0,0,0,0,0
100,2,150,2,0,0,0,0,0,0,0,0,0,0,0,0,0,0,0,0
100,2,150,2,0,0,0,0,0,0,0,0,0,0,0,0,0,0,0,0
100,2,150,2,0,0,0,0,0,0,0,0,0,0,0,0,0,0,0,0
100,2,150,2,0,0,0,0,0,0,0,0,0,0,0,0,0,0,0,0
120,2,170,2,0,0,0,0,0,0,0,0,0,0,0,0,0,0,0,0
120,2,170,2,0,0,0,0,0,0,0,0,0,0,0,0,0,0,0,0
120,2,170,2,0,0,0,0,0,0,0,0,0,0,0,0,0,0,0,0
120,2,170,2,0,0,0,0,0,0,0,0,0,0,0,0,0,0,0,0
120,2,170,4,0,0,0,0,0,0,0,0,0,0,0,0,0,0,0,0
120,2,170,4,0,0,0,0,0,0,0,0,0,0,0,0,0,0,0,0
120,2,170,4,0,0,0,0,0,0,0,0,0,0,0,0,0,0,0,0
120,2,170,4,0,0,0,0,0,0,0,0,0,0,0,0,0,0,0,0
120,2,170,4,0,0,0,0,0,0,0,0,0,0,0,0,0,0,0,0
120,2,170,4,0,0,0,0,0,0,0,0,0,0,0,0,0,0,0,0
100,2,150,3,0,0,0,0,0,0,0,0,0,0,0,0,0,0,0,0
100,2,150,3,0,0,0,0,0,0,0,0,0,0,0,0,0,0,0,0
100,2,150,3,0,0,0,0,0,0,0,0,0,0,0,0,0,0,0,0
100,2,150,3,0,0,0,0,0,0,0,0,0,0,0,0,0,0,0,0
80,2,120,2,150,2,0,0,0,0,0,0,0,0,0,0,0,0,0,0
80,2,120,2,150,2,0,0,0,0,0,0,0,0,0,0,0,0,0,0
80,2,120,2,150,2,0,0,0,0,0,0,0,0,0,0,0,0,0,0
80,2,120,2,150,2,0,0,0,0,0,0,0,0,0,0,0,0,0,0
190,4,210,2,230,2,250,2,270,2,0,0,0,0,0,0,0,0,0,0
190,4,210,2,230,2,250,2,270,2,0,0,0,0,0,0,0,0,0,0
190,4,210,2,230,2,250,2,270,2,0,0,0,0,0,0,0,0,0,0
190,4,210,2,230,2,250,2,270,2,0,0,0,0,0,0,0,0,0,0
190,4,210,2,230,2,250,2,270,2,0,0,0,0,0,0,0,0,0,0
100,3,150,2,180,3,0,0,0,0,0,0,0,0,0,0,0,0,0,0
100,3,150,2,180,3,0,0,0,0,0,0,0,0,0,0,0,0,0,0
100,3,150,2,180,3,0,0,0,0,0,0,0,0,0,0,0,0,0,0
100,3,150,2,180,3,0,0,0,0,0,0,0,0,0,0,0,0,0,0
100,3,150,2,180,3,0,0,0,0,0,0,0,0,0,0,0,0,0,0
120,2,170,4,0,0,0,0,0,0,0,0,0,0,0,0,0,0,0,0
120,2,170,4,0,0,0,0,0,0,0,0,0,0,0,0,0,0,0,0
120,2,170,4,0,0,0,0,0,0,0,0,0,0,0,0,0,0,0,0
120,2,170,4,0,0,0,0,0,0,0,0,0,0,0,0,0,0,0,0
120,2,170,4,0,0,0,0,0,0,0,0,0,0,0,0,0,0,0,0
120,2,170,4,0,0,0,0,0,0,0,0,0,0,0,0,0,0,0,0
120,2,170,4,0,0,0,0,0,0,0,0,0,0,0,0,0,0,0,0
120,2,170,4,0,0,0,0,0,0,0,0,0,0,0,0,0,0,0,0
120,2,170,4,0,0,0,0,0,0,0,0,0,0,0,0,0,0,0,0
160,1,180,2,200,1,0,0,0,0,0,0,0,0,0,0,0,0,0,0
160,1,180,2,200,1,0,0,0,0,0,0,0,0,0,0,0,0,0,0
160,1,180,2,200,1,0,0,0,0,0,0,0,0,0,0,0,0,0,0
160,1,180,2,200,1,0,0,0,0,0,0,0,0,0,0,0,0,0,0
120,2,150,2,180,3,0,0,0,0,0,0,0,0,0,0,0,0,0,0
120,2,150,2,180,3,0,0,0,0,0,0,0,0,0,0,0,0,0,0
120,2,150,2,180,3,0,0,0,0,0,0,0,0,0,0,0,0,0,0
120,2,150,2,180,3,0,0,0,0,0,0,0,0,0,0,0,0,0,0
100,2,150,2,180,1,0,0,0,0,0,0,0,0,0,0,0,0,0,0
100,2,150,2,180,1,0,0,0,0,0,0,0,0,0,0,0,0,0,0
100,2,150,2,180,1,0,0,0,0,0,0,0,0,0,0,0,0,0,0
100,4,130,2,180,2,200,2,0,0,0,0,0,0,0,0,0,0,0,0
100,4,130,2,180,2,200,2,0,0,0,0,0,0,0,0,0,0,0,0
100,4,130,2,180,2,200,2,0,0,0,0,0,0,0,0,0,0,0,0
100,4,130,2,180,2,200,2,0,0,0,0,0,0,0,0,0,0,0,0
100,4,130,2,180,2,200,2,0,0,0,0,0,0,0,0,0,0,0,0
100,2,150,3,0,0,0,0,0,0,0,0,0,0,0,0,0,0,0,0
100,2,150,3,0,0,0,0,0,0,0,0,0,0,0,0,0,0,0,0
100,2,150,3,0,0,0,0,0,0,0,0,0,0,0,0,0,0,0,0
100,2,150,3,0,0,0,0,0,0,0,0,0,0,0,0,0,0,0,0
100,2,150,3,0,0,0,0,0,0,0,0,0,0,0,0,0,0,0,0
80,1,120,5,150,7,180,2,0,0,0,0,0,0,0,0,0,0,0,0
80,1,120,5,150,6,180,2,0,0,0,0,0,0,0,0,0,0,0,0
80,1,120,5,150,5,180,2,0,0,0,0,0,0,0,0,0,0,0,0
80,1,120,5,150,4,180,2,0,0,0,0,0,0,0,0,0,0,0,0
80,1,120,5,150,3,180,2,0,0,0,0,0,0,0,0,0,0,0,0
80,1,120,5,150,8,0,0,0,0,0,0,0,0,0,0,0,0,0,0
130,1,170,2,0,0,0,0,0,0,0,0,0,0,0,0,0,0,0,0
130,1,170,2,0,0,0,0,0,0,0,0,0,0,0,0,0,0,0,0
130,1,170,2,0,0,0,0,0,0,0,0,0,0,0,0,0,0,0,0
130,1,170,2,0,0,0,0,0,0,0,0,0,0,0,0,0,0,0,0
130,1,170,2,0,0,0,0,0,0,0,0,0,0,0,0,0,0,0,0
120,0.5,190,4,230,3,250,3,0,0,0,0,0,0,0,0,0,0,0,0
120,0.5,190,4,230,3,250,3,0,0,0,0,0,0,0,0,0,0,0,0
120,0.5,190,4,230,3,250,3,0,0,0,0,0,0,0,0,0,0,0,0
120,0.5,190,4,230,3,250,3,0,0,0,0,0,0,0,0,0,0,0,0
120,0.5,190,4,230,3,250,3,0,0,0,0,0,0,0,0,0,0,0,0
100,2,150,2,0,0,0,0,0,0,0,0,0,0,0,0,0,0,0,0
100,2,150,2,0,0,0,0,0,0,0,0,0,0,0,0,0,0,0,0
100,2,150,2,0,0,0,0,0,0,0,0,0,0,0,0,0,0,0,0
100,2,150,2,0,0,0,0,0,0,0,0,0,0,0,0,0,0,0,0
80,2,150,4,0,0,0,0,0,0,0,0,0,0,0,0,0,0,0,0
80,2,150,4,0,0,0,0,0,0,0,0,0,0,0,0,0,0,0,0
80,2,150,4,0,0,0,0,0,0,0,0,0,0,0,0,0,0,0,0
80,2,150,4,0,0,0,0,0,0,0,0,0,0,0,0,0,0,0,0
80,2,150,4,0,0,0,0,0,0,0,0,0,0,0,0,0,0,0,0
80,2,150,4,0,0,0,0,0,0,0,0,0,0,0,0,0,0,0,0
130,3,177,5,0,0,0,0,0,0,0,0,0,0,0,0,0,0,0,0
130,3,177,5,0,0,0,0,0,0,0,0,0,0,0,0,0,0,0,0
130,3,177,5,0,0,0,0,0,0,0,0,0,0,0,0,0,0,0,0
130,3,177,5,0,0,0,0,0,0,0,0,0,0,0,0,0,0,0,0
130,3,177,5,0,0,0,0,0,0,0,0,0,0,0,0,0,0,0,0
100,2,150,2,0,0,0,0,0,0,0,0,0,0,0,0,0,0,0,0
100,2,150,2,0,0,0,0,0,0,0,0,0,0,0,0,0,0,0,0
100,2,150,2,0,0,0,0,0,0,0,0,0,0,0,0,0,0,0,0
100,2,150,2,0,0,0,0,0,0,0,0,0,0,0,0,0,0,0,0
100,2,150,2,0,0,0,0,0,0,0,0,0,0,0,0,0,0,0,0
100,2,150,2,0,0,0,0,0,0,0,0,0,0,0,0,0,0,0,0
100,2,150,2,0,0,0,0,0,0,0,0,0,0,0,0,0,0,0,0
100,2,150,2,0,0,0,0,0,0,0,0,0,0,0,0,0,0,0,0
100,2,150,2,0,0,0,0,0,0,0,0,0,0,0,0,0,0,0,0
100,2,150,2,0,0,0,0,0,0,0,0,0,0,0,0,0,0,0,0
190,4,0,0,0,0,0,0,0,0,0,0,0,0,0,0,0,0,0,0
190,4,0,0,0,0,0,0,0,0,0,0,0,0,0,0,0,0,0,0
190,4,0,0,0,0,0,0,0,0,0,0,0,0,0,0,0,0,0,0
190,4,0,0,0,0,0,0,0,0,0,0,0,0,0,0,0,0,0,0
190,4,0,0,0,0,0,0,0,0,0,0,0,0,0,0,0,0,0,0
190,4,210,2,230,2,250,2,0,0,0,0,0,0,0,0,0,0,0,0
190,4,210,2,230,2,250,2,0,0,0,0,0,0,0,0,0,0,0,0
190,4,210,2,230,2,250,2,0,0,0,0,0,0,0,0,0,0,0,0
190,4,210,2,230,2,250,2,0,0,0,0,0,0,0,0,0,0,0,0
100,2,150,2,180,3,0,0,0,0,0,0,0,0,0,0,0,0,0,0
100,2,150,2,180,3,0,0,0,0,0,0,0,0,0,0,0,0,0,0
100,2,150,2,180,3,0,0,0,0,0,0,0,0,0,0,0,0,0,0
110,3,150,3,0,0,0,0,0,0,0,0,0,0,0,0,0,0,0,0
110,3,150,3,0,0,0,0,0,0,0,0,0,0,0,0,0,0,0,0
110,3,150,3,0,0,0,0,0,0,0,0,0,0,0,0,0,0,0,0
110,3,150,3,0,0,0,0,0,0,0,0,0,0,0,0,0,0,0,0
100,2,150,3,0,0,0,0,0,0,0,0,0,0,0,0,0,0,0,0
100,2,150,3,0,0,0,0,0,0,0,0,0,0,0,0,0,0,0,0
100,2,150,3,0,0,0,0,0,0,0,0,0,0,0,0,0,0,0,0
100,2,150,3,0,0,0,0,0,0,0,0,0,0,0,0,0,0,0,0
150,3,180,5,0,0,0,0,0,0,0,0,0,0,0,0,0,0,0,0
150,3,180,5,0,0,0,0,0,0,0,0,0,0,0,0,0,0,0,0
150,3,180,5,0,0,0,0,0,0,0,0,0,0,0,0,0,0,0,0
150,3,180,5,0,0,0,0,0,0,0,0,0,0,0,0,0,0,0,0
150,3,180,5,0,0,0,0,0,0,0,0,0,0,0,0,0,0,0,0
150,3,180,5,0,0,0,0,0,0,0,0,0,0,0,0,0,0,0,0
100,2,150,2,0,0,0,0,0,0,0,0,0,0,0,0,0,0,0,0
100,2,150,2,0,0,0,0,0,0,0,0,0,0,0,0,0,0,0,0
100,2,150,2,0,0,0,0,0,0,0,0,0,0,0,0,0,0,0,0
100,2,150,2,0,0,0,0,0,0,0,0,0,0,0,0,0,0,0,0
100,2,150,2,0,0,0,0,0,0,0,0,0,0,0,0,0,0,0,0
120,2,150,4,0,0,0,0,0,0,0,0,0,0,0,0,0,0,0,0
120,2,150,4,0,0,0,0,0,0,0,0,0,0,0,0,0,0,0,0
120,2,150,4,0,0,0,0,0,0,0,0,0,0,0,0,0,0,0,0
120,2,150,4,0,0,0,0,0,0,0,0,0,0,0,0,0,0,0,0
120,2,150,4,0,0,0,0,0,0,0,0,0,0,0,0,0,0,0,0
100,2,150,2,180,1,0,0,0,0,0,0,0,0,0,0,0,0,0,0
100,2,150,2,180,1,0,0,0,0,0,0,0,0,0,0,0,0,0,0
100,2,150,2,180,1,0,0,0,0,0,0,0,0,0,0,0,0,0,0
100,2,150,2,0,0,0,0,0,0,0,0,0,0,0,0,0,0,0,0
100,2,150,2,0,0,0,0,0,0,0,0,0,0,0,0,0,0,0,0
100,2,150,2,0,0,0,0,0,0,0,0,0,0,0,0,0,0,0,0
100,2,150,2,0,0,0,0,0,0,0,0,0,0,0,0,0,0,0,0
100,2,150,2,0,0,0,0,0,0,0,0,0,0,0,0,0,0,0,0
140,2,180,2,0,0,0,0,0,0,0,0,0,0,0,0,0,0,0,0
140,2,180,2,0,0,0,0,0,0,0,0,0,0,0,0,0,0,0,0
140,2,180,2,0,0,0,0,0,0,0,0,0,0,0,0,0,0,0,0
140,2,180,2,0,0,0,0,0,0,0,0,0,0,0,0,0,0,0,0
140,2,180,2,0,0,0,0,0,0,0,0,0,0,0,0,0,0,0,0
140,2,180,2,0,0,0,0,0,0,0,0,0,0,0,0,0,0,0,0
140,2,180,2,0,0,0,0,0,0,0,0,0,0,0,0,0,0,0,0
140,2,180,2,0,0,0,0,0,0,0,0,0,0,0,0,0,0,0,0
140,2,180,2,0,0,0,0,0,0,0,0,0,0,0,0,0,0,0,0
140,2,180,2,0,0,0,0,0,0,0,0,0,0,0,0,0,0,0,0
140,2,180,2,0,0,0,0,0,0,0,0,0,0,0,0,0,0,0,0
100,2,150,2,0,0,0,0,0,0,0,0,0,0,0,0,0,0,0,0
100,2,150,2,0,0,0,0,0,0,0,0,0,0,0,0,0,0,0,0
100,2,150,2,0,0,0,0,0,0,0,0,0,0,0,0,0,0,0,0
100,2,150,2,0,0,0,0,0,0,0,0,0,0,0,0,0,0,0,0
100,2,150,2,0,0,0,0,0,0,0,0,0,0,0,0,0,0,0,0
80,2,150,2,200,2,0,0,0,0,0,0,0,0,0,0,0,0,0,0
80,2,150,2,200,2,0,0,0,0,0,0,0,0,0,0,0,0,0,0
80,2,150,2,200,2,0,0,0,0,0,0,0,0,0,0,0,0,0,0
80,2,150,2,200,2,0,0,0,0,0,0,0,0,0,0,0,0,0,0
80,2,150,2,200,2,0,0,0,0,0,0,0,0,0,0,0,0,0,0
80,2,150,2,200,2,0,0,0,0,0,0,0,0,0,0,0,0,0,0
80,2,150,2,200,2,0,0,0,0,0,0,0,0,0,0,0,0,0,0
80,2,150,2,200,2,0,0,0,0,0,0,0,0,0,0,0,0,0,0
80,2,150,2,200,2,0,0,0,0,0,0,0,0,0,0,0,0,0,0
80,2,150,2,200,2,0,0,0,0,0,0,0,0,0,0,0,0,0,0
80,2,150,2,200,2,0,0,0,0,0,0,0,0,0,0,0,0,0,0
80,2,150,2,200,2,0,0,0,0,0,0,0,0,0,0,0,0,0,0
120,2,170,5,0,0,0,0,0,0,0,0,0,0,0,0,0,0,0,0
120,2,170,5,0,0,0,0,0,0,0,0,0,0,0,0,0,0,0,0
120,2,170,5,0,0,0,0,0,0,0,0,0,0,0,0,0,0,0,0
120,2,170,5,0,0,0,0,0,0,0,0,0,0,0,0,0,0,0,0
120,2,170,5,0,0,0,0,0,0,0,0,0,0,0,0,0,0,0,0
120,2,180,2,0,0,0,0,0,0,0,0,0,0,0,0,0,0,0,0
120,2,180,2,0,0,0,0,0,0,0,0,0,0,0,0,0,0,0,0
120,2,180,2,0,0,0,0,0,0,0,0,0,0,0,0,0,0,0,0
120,2,180,2,0,0,0,0,0,0,0,0,0,0,0,0,0,0,0,0
100,3,150,2,0,0,0,0,0,0,0,0,0,0,0,0,0,0,0,0
100,3,150,2,0,0,0,0,0,0,0,0,0,0,0,0,0,0,0,0
100,3,150,2,0,0,0,0,0,0,0,0,0,0,0,0,0,0,0,0
100,3,150,2,0,0,0,0,0,0,0,0,0,0,0,0,0,0,0,0
100,2,150,2,0,0,0,0,0,0,0,0,0,0,0,0,0,0,0,0
100,2,150,2,0,0,0,0,0,0,0,0,0,0,0,0,0,0,0,0
100,2,150,2,0,0,0,0,0,0,0,0,0,0,0,0,0,0,0,0
100,2,150,2,0,0,0,0,0,0,0,0,0,0,0,0,0,0,0,0
100,2,150,2,0,0,0,0,0,0,0,0,0,0,0,0,0,0,0,0
150,2,180,2,210,2,230,1,0,0,0,0,0,0,0,0,0,0,0,0
150,2,180,2,210,2,230,1,0,0,0,0,0,0,0,0,0,0,0,0
150,2,180,2,210,2,230,1,0,0,0,0,0,0,0,0,0,0,0,0
150,2,180,2,210,2,230,1,0,0,0,0,0,0,0,0,0,0,0,0
80,0.5,110,0.5,160,1,0,0,0,0,0,0,0,0,0,0,0,0,0,0
80,0.5,110,0.5,160,1,0,0,0,0,0,0,0,0,0,0,0,0,0,0
100,2,120,2,175,4,0,0,0,0,0,0,0,0,0,0,0,0,0,0
100,2,120,2,175,4,0,0,0,0,0,0,0,0,0,0,0,0,0,0
100,2,120,2,175,4,0,0,0,0,0,0,0,0,0,0,0,0,0,0
100,2,120,2,175,4,0,0,0,0,0,0,0,0,0,0,0,0,0,0
100,2,120,2,175,4,0,0,0,0,0,0,0,0,0,0,0,0,0,0
100,2,120,2,175,4,0,0,0,0,0,0,0,0,0,0,0,0,0,0
100,2,120,2,175,4,0,0,0,0,0,0,0,0,0,0,0,0,0,0
100,2,120,2,175,4,0,0,0,0,0,0,0,0,0,0,0,0,0,0
90,3,160,2,0,0,0,0,0,0,0,0,0,0,0,0,0,0,0,0
90,3,160,2,0,0,0,0,0,0,0,0,0,0,0,0,0,0,0,0
90,3,160,2,0,0,0,0,0,0,0,0,0,0,0,0,0,0,0,0
90,3,160,2,0,0,0,0,0,0,0,0,0,0,0,0,0,0,0,0
90,3,160,2,0,0,0,0,0,0,0,0,0,0,0,0,0,0,0,0
80,1,120,1,150,3,0,0,0,0,0,0,0,0,0,0,0,0,0,0
80,1,120,1,150,3,0,0,0,0,0,0,0,0,0,0,0,0,0,0
80,1,120,1,150,3,0,0,0,0,0,0,0,0,0,0,0,0,0,0
80,1,120,1,150,3,0,0,0,0,0,0,0,0,0,0,0,0,0,0
80,1,120,1,150,3,0,0,0,0,0,0,0,0,0,0,0,0,0,0
100,1,120,1,150,3,0,0,0,0,0,0,0,0,0,0,0,0,0,0
100,1,120,1,150,3,0,0,0,0,0,0,0,0,0,0,0,0,0,0
100,1,120,1,150,3,0,0,0,0,0,0,0,0,0,0,0,0,0,0
100,1,120,1,150,3,0,0,0,0,0,0,0,0,0,0,0,0,0,0
120,2,150,1,0,0,0,0,0,0,0,0,0,0,0,0,0,0,0,0
120,2,150,1,0,0,0,0,0,0,0,0,0,0,0,0,0,0,0,0
120,2,150,1,0,0,0,0,0,0,0,0,0,0,0,0,0,0,0,0
120,2,150,1,0,0,0,0,0,0,0,0,0,0,0,0,0,0,0,0
120,2,150,1,0,0,0,0,0,0,0,0,0,0,0,0,0,0,0,0
120,2,150,1,0,0,0,0,0,0,0,0,0,0,0,0,0,0,0,0
120,2,150,1,0,0,0,0,0,0,0,0,0,0,0,0,0,0,0,0
120,2,150,1,0,0,0,0,0,0,0,0,0,0,0,0,0,0,0,0
120,2,150,1,0,0,0,0,0,0,0,0,0,0,0,0,0,0,0,0
120,2,150,1,0,0,0,0,0,0,0,0,0,0,0,0,0,0,0,0
100,1,150,2,0,0,0,0,0,0,0,0,0,0,0,0,0,0,0,0
100,1,150,2,0,0,0,0,0,0,0,0,0,0,0,0,0,0,0,0
100,1,150,2,0,0,0,0,0,0,0,0,0,0,0,0,0,0,0,0
100,1,150,2,0,0,0,0,0,0,0,0,0,0,0,0,0,0,0,0
100,1,150,2,0,0,0,0,0,0,0,0,0,0,0,0,0,0,0,0
100,1,150,2,0,0,0,0,0,0,0,0,0,0,0,0,0,0,0,0
100,1,150,2,0,0,0,0,0,0,0,0,0,0,0,0,0,0,0,0
90,0.5,150,0.5,0,0,0,0,0,0,0,0,0,0,0,0,0,0,0,0
90,0.5,150,0.5,0,0,0,0,0,0,0,0,0,0,0,0,0,0,0,0
90,0.5,150,0.5,0,0,0,0,0,0,0,0,0,0,0,0,0,0,0,0
90,0.5,150,0.5,0,0,0,0,0,0,0,0,0,0,0,0,0,0,0,0
90,0.5,150,0.5,0,0,0,0,0,0,0,0,0,0,0,0,0,0,0,0
90,0.5,150,0.5,0,0,0,0,0,0,0,0,0,0,0,0,0,0,0,0
120,2,190,4,0,0,0,0,0,0,0,0,0,0,0,0,0,0,0,0
120,2,190,4,0,0,0,0,0,0,0,0,0,0,0,0,0,0,0,0
120,2,190,4,0,0,0,0,0,0,0,0,0,0,0,0,0,0,0,0
120,2,190,4,0,0,0,0,0,0,0,0,0,0,0,0,0,0,0,0
20,20,56,1,0,0,0,0,0,0,0,0,0,0,0,0,0,0,0,0
20,20,56,1,0,0,0,0,0,0,0,0,0,0,0,0,0,0,0,0
20,20,56,1,0,0,0,0,0,0,0,0,0,0,0,0,0,0,0,0
20,20,56,1,0,0,0,0,0,0,0,0,0,0,0,0,0,0,0,0
120,2,160,2,0,0,0,0,0,0,0,0,0,0,0,0,0,0,0,0
120,2,160,2,0,0,0,0,0,0,0,0,0,0,0,0,0,0,0,0
120,2,160,2,0,0,0,0,0,0,0,0,0,0,0,0,0,0,0,0
120,2,160,2,0,0,0,0,0,0,0,0,0,0,0,0,0,0,0,0
80,6,120,2,150,2,0,0,0,0,0,0,0,0,0,0,0,0,0,0
80,6,120,2,150,2,0,0,0,0,0,0,0,0,0,0,0,0,0,0
80,6,120,2,150,2,0,0,0,0,0,0,0,0,0,0,0,0,0,0
80,6,120,2,150,2,0,0,0,0,0,0,0,0,0,0,0,0,0,0
150,3,180,3,0,0,0,0,0,0,0,0,0,0,0,0,0,0,0,0
150,3,180,3,0,0,0,0,0,0,0,0,0,0,0,0,0,0,0,0
150,3,180,3,0,0,0,0,0,0,0,0,0,0,0,0,0,0,0,0
150,3,180,3,0,0,0,0,0,0,0,0,0,0,0,0,0,0,0,0
150,3,180,3,0,0,0,0,0,0,0,0,0,0,0,0,0,0,0,0
100,6,150,6,0,0,0,0,0,0,0,0,0,0,0,0,0,0,0,0
100,6,150,6,0,0,0,0,0,0,0,0,0,0,0,0,0,0,0,0
100,6,150,6,0,0,0,0,0,0,0,0,0,0,0,0,0,0,0,0
100,6,150,6,0,0,0,0,0,0,0,0,0,0,0,0,0,0,0,0
100,6,150,6,0,0,0,0,0,0,0,0,0,0,0,0,0,0,0,0
100,6,150,6,0,0,0,0,0,0,0,0,0,0,0,0,0,0,0,0
100,6,150,6,0,0,0,0,0,0,0,0,0,0,0,0,0,0,0,0
80,2,110,1,150,2,180,2,0,0,0,0,0,0,0,0,0,0,0,0
80,2,110,1,150,2,180,2,0,0,0,0,0,0,0,0,0,0,0,0
80,2,110,1,150,2,180,2,0,0,0,0,0,0,0,0,0,0,0,0
80,2,110,1,150,2,180,2,0,0,0,0,0,0,0,0,0,0,0,0
80,2,110,1,150,2,180,2,0,0,0,0,0,0,0,0,0,0,0,0
100,2,150,3,0,0,0,0,0,0,0,0,0,0,0,0,0,0,0,0
100,2,150,3,0,0,0,0,0,0,0,0,0,0,0,0,0,0,0,0
100,2,150,3,0,0,0,0,0,0,0,0,0,0,0,0,0,0,0,0
100,2,150,3,0,0,0,0,0,0,0,0,0,0,0,0,0,0,0,0
100,2,130,3,0,0,0,0,0,0,0,0,0,0,0,0,0,0,0,0
100,2,130,3,0,0,0,0,0,0,0,0,0,0,0,0,0,0,0,0
100,2,130,3,0,0,0,0,0,0,0,0,0,0,0,0,0,0,0,0
100,2,130,3,0,0,0,0,0,0,0,0,0,0,0,0,0,0,0,0
40,3,150,2,0,0,0,0,0,0,0,0,0,0,0,0,0,0,0,0
40,3,150,2,0,0,0,0,0,0,0,0,0,0,0,0,0,0,0,0
40,3,150,2,0,0,0,0,0,0,0,0,0,0,0,0,0,0,0,0
40,3,150,2,0,0,0,0,0,0,0,0,0,0,0,0,0,0,0,0
40,3,150,2,0,0,0,0,0,0,0,0,0,0,0,0,0,0,0,0
40,3,150,2,0,0,0,0,0,0,0,0,0,0,0,0,0,0,0,0
40,3,150,2,0,0,0,0,0,0,0,0,0,0,0,0,0,0,0,0
40,3,150,2,0,0,0,0,0,0,0,0,0,0,0,0,0,0,0,0
40,3,150,2,0,0,0,0,0,0,0,0,0,0,0,0,0,0,0,0
40,3,150,2,0,0,0,0,0,0,0,0,0,0,0,0,0,0,0,0
80,2,130,2,130,3,200,2,0,0,0,0,0,0,0,0,0,0,0,0
80,2,130,2,130,3,200,2,0,0,0,0,0,0,0,0,0,0,0,0
80,2,130,2,130,3,200,2,0,0,0,0,0,0,0,0,0,0,0,0
80,2,130,2,130,3,200,2,0,0,0,0,0,0,0,0,0,0,0,0
80,2,130,2,130,3,200,2,0,0,0,0,0,0,0,0,0,0,0,0
160,2,180,5,0,0,0,0,0,0,0,0,0,0,0,0,0,0,0,0
160,2,180,5,0,0,0,0,0,0,0,0,0,0,0,0,0,0,0,0
160,2,180,5,0,0,0,0,0,0,0,0,0,0,0,0,0,0,0,0
160,2,180,5,0,0,0,0,0,0,0,0,0,0,0,0,0,0,0,0
160,2,180,5,0,0,0,0,0,0,0,0,0,0,0,0,0,0,0,0
160,2,180,5,0,0,0,0,0,0,0,0,0,0,0,0,0,0,0,0
160,2,180,5,0,0,0,0,0,0,0,0,0,0,0,0,0,0,0,0
120,4,180,4,0,0,0,0,0,0,0,0,0,0,0,0,0,0,0,0
120,4,180,4,0,0,0,0,0,0,0,0,0,0,0,0,0,0,0,0
120,4,180,4,0,0,0,0,0,0,0,0,0,0,0,0,0,0,0,0
70,4,140,4,0,0,0,0,0,0,0,0,0,0,0,0,0,0,0,0
70,4,140,4,0,0,0,0,0,0,0,0,0,0,0,0,0,0,0,0
100,3,150,2,0,0,0,0,0,0,0,0,0,0,0,0,0,0,0,0
100,3,150,2,0,0,0,0,0,0,0,0,0,0,0,0,0,0,0,0
100,3,150,2,0,0,0,0,0,0,0,0,0,0,0,0,0,0,0,0
100,3,150,2,0,0,0,0,0,0,0,0,0,0,0,0,0,0,0,0
120,2,150,2,0,0,0,0,0,0,0,0,0,0,0,0,0,0,0,0
120,2,150,2,0,0,0,0,0,0,0,0,0,0,0,0,0,0,0,0
120,2,150,2,0,0,0,0,0,0,0,0,0,0,0,0,0,0,0,0
120,2,150,2,0,0,0,0,0,0,0,0,0,0,0,0,0,0,0,0
120,2,150,2,0,0,0,0,0,0,0,0,0,0,0,0,0,0,0,0
150,3,180,3,210,2,0,0,0,0,0,0,0,0,0,0,0,0,0,0
150,3,180,3,210,2,0,0,0,0,0,0,0,0,0,0,0,0,0,0
150,3,180,3,210,2,0,0,0,0,0,0,0,0,0,0,0,0,0,0
150,3,180,3,210,2,0,0,0,0,0,0,0,0,0,0,0,0,0,0
160,2,180,5,0,0,0,0,0,0,0,0,0,0,0,0,0,0,0,0
160,2,180,5,0,0,0,0,0,0,0,0,0,0,0,0,0,0,0,0
160,2,180,5,0,0,0,0,0,0,0,0,0,0,0,0,0,0,0,0
160,2,180,5,0,0,0,0,0,0,0,0,0,0,0,0,0,0,0,0
80,2,160,2,180,2,0,0,0,0,0,0,0,0,0,0,0,0,0,0
80,2,160,2,180,2,0,0,0,0,0,0,0,0,0,0,0,0,0,0
80,2,160,2,180,2,0,0,0,0,0,0,0,0,0,0,0,0,0,0
80,2,160,2,180,2,0,0,0,0,0,0,0,0,0,0,0,0,0,0
80,2,160,2,180,2,0,0,0,0,0,0,0,0,0,0,0,0,0,0
80,2,160,2,180,2,0,0,0,0,0,0,0,0,0,0,0,0,0,0
80,2,150,2,0,0,0,0,0,0,0,0,0,0,0,0,0,0,0,0
80,2,150,2,0,0,0,0,0,0,0,0,0,0,0,0,0,0,0,0
80,2,150,2,0,0,0,0,0,0,0,0,0,0,0,0,0,0,0,0
80,2,150,2,0,0,0,0,0,0,0,0,0,0,0,0,0,0,0,0
80,2,150,2,0,0,0,0,0,0,0,0,0,0,0,0,0,0,0,0
110,2,150,2,0,0,0,0,0,0,0,0,0,0,0,0,0,0,0,0
110,2,150,2,0,0,0,0,0,0,0,0,0,0,0,0,0,0,0,0
110,2,150,2,0,0,0,0,0,0,0,0,0,0,0,0,0,0,0,0
110,2,150,2,0,0,0,0,0,0,0,0,0,0,0,0,0,0,0,0
80,2,120,2,150,2,0,0,0,0,0,0,0,0,0,0,0,0,0,0
80,2,120,2,150,2,0,0,0,0,0,0,0,0,0,0,0,0,0,0
80,2,120,2,150,2,0,0,0,0,0,0,0,0,0,0,0,0,0,0
80,2,120,2,150,2,0,0,0,0,0,0,0,0,0,0,0,0,0,0
80,2,120,2,150,2,0,0,0,0,0,0,0,0,0,0,0,0,0,0
80,2,120,2,150,2,0,0,0,0,0,0,0,0,0,0,0,0,0,0
120,2,140,3,170,1,0,0,0,0,0,0,0,0,0,0,0,0,0,0
120,2,140,3,170,1,0,0,0,0,0,0,0,0,0,0,0,0,0,0
120,2,140,3,170,1,0,0,0,0,0,0,0,0,0,0,0,0,0,0
120,2,140,3,170,1,0,0,0,0,0,0,0,0,0,0,0,0,0,0
120,2,140,3,170,1,0,0,0,0,0,0,0,0,0,0,0,0,0,0
25,12,100,1,140,1,0,0,0,0,0,0,0,0,0,0,0,0,0,0
25,12,100,1,140,1,0,0,0,0,0,0,0,0,0,0,0,0,0,0
120,3,150,5,0,0,0,0,0,0,0,0,0,0,0,0,0,0,0,0
120,3,150,5,0,0,0,0,0,0,0,0,0,0,0,0,0,0,0,0
120,3,150,5,0,0,0,0,0,0,0,0,0,0,0,0,0,0,0,0
120,3,150,5,0,0,0,0,0,0,0,0,0,0,0,0,0,0,0,0
100,3,150,2,0,0,0,0,0,0,0,0,0,0,0,0,0,0,0,0
100,3,150,2,0,0,0,0,0,0,0,0,0,0,0,0,0,0,0,0
100,3,150,2,0,0,0,0,0,0,0,0,0,0,0,0,0,0,0,0
100,3,150,2,0,0,0,0,0,0,0,0,0,0,0,0,0,0,0,0
90,2,140,2,180,2,0,0,0,0,0,0,0,0,0,0,0,0,0,0
90,2,140,2,180,2,0,0,0,0,0,0,0,0,0,0,0,0,0,0
90,2,140,2,180,2,0,0,0,0,0,0,0,0,0,0,0,0,0,0
90,2,140,2,180,2,0,0,0,0,0,0,0,0,0,0,0,0,0,0
120,4,25,1,0,0,0,0,0,0,0,0,0,0,0,0,0,0,0,0
120,4,25,1,0,0,0,0,0,0,0,0,0,0,0,0,0,0,0,0
120,4,25,1,0,0,0,0,0,0,0,0,0,0,0,0,0,0,0,0
120,4,25,1,0,0,0,0,0,0,0,0,0,0,0,0,0,0,0,0
80,2,110,2,180,2,0,0,0,0,0,0,0,0,0,0,0,0,0,0
80,2,110,2,180,2,0,0,0,0,0,0,0,0,0,0,0,0,0,0
80,2,110,2,180,2,0,0,0,0,0,0,0,0,0,0,0,0,0,0
80,2,110,2,180,2,0,0,0,0,0,0,0,0,0,0,0,0,0,0
80,2,110,2,180,2,0,0,0,0,0,0,0,0,0,0,0,0,0,0
80,2,110,2,180,2,0,0,0,0,0,0,0,0,0,0,0,0,0,0
80,2,110,2,180,2,0,0,0,0,0,0,0,0,0,0,0,0,0,0
120,2,150,4,0,0,0,0,0,0,0,0,0,0,0,0,0,0,0,0
120,2,150,4,0,0,0,0,0,0,0,0,0,0,0,0,0,0,0,0
120,2,150,4,0,0,0,0,0,0,0,0,0,0,0,0,0,0,0,0
120,2,150,4,0,0,0,0,0,0,0,0,0,0,0,0,0,0,0,0
120,2,150,4,0,0,0,0,0,0,0,0,0,0,0,0,0,0,0,0
130,2,150,2,170,2,190,2,0,0,0,0,0,0,0,0,0,0,0,0
130,2,150,2,170,2,190,2,0,0,0,0,0,0,0,0,0,0,0,0
130,2,150,2,170,2,190,2,0,0,0,0,0,0,0,0,0,0,0,0
130,2,150,2,170,2,190,2,0,0,0,0,0,0,0,0,0,0,0,0
130,2,150,2,170,2,190,2,0,0,0,0,0,0,0,0,0,0,0,0
120,2,185,5,200,2,0,0,0,0,0,0,0,0,0,0,0,0,0,0
120,2,185,5,200,2,0,0,0,0,0,0,0,0,0,0,0,0,0,0
120,2,185,5,200,2,0,0,0,0,0,0,0,0,0,0,0,0,0,0
120,2,185,5,200,2,0,0,0,0,0,0,0,0,0,0,0,0,0,0
120,2,185,5,200,2,0,0,0,0,0,0,0,0,0,0,0,0,0,0
120,2,185,5,200,2,0,0,0,0,0,0,0,0,0,0,0,0,0,0
120,2,170,4,0,0,0,0,0,0,0,0,0,0,0,0,0,0,0,0
120,2,170,4,0,0,0,0,0,0,0,0,0,0,0,0,0,0,0,0
120,2,170,4,0,0,0,0,0,0,0,0,0,0,0,0,0,0,0,0
120,2,170,4,0,0,0,0,0,0,0,0,0,0,0,0,0,0,0,0
120,2,170,4,0,0,0,0,0,0,0,0,0,0,0,0,0,0,0,0
120,2,170,4,0,0,0,0,0,0,0,0,0,0,0,0,0,0,0,0
120,2,170,4,0,0,0,0,0,0,0,0,0,0,0,0,0,0,0,0
120,2,170,4,0,0,0,0,0,0,0,0,0,0,0,0,0,0,0,0
120,2,170,4,0,0,0,0,0,0,0,0,0,0,0,0,0,0,0,0
120,2,170,4,0,0,0,0,0,0,0,0,0,0,0,0,0,0,0,0
120,2,170,4,0,0,0,0,0,0,0,0,0,0,0,0,0,0,0,0
120,2,170,4,0,0,0,0,0,0,0,0,0,0,0,0,0,0,0,0
120,2,170,4,0,0,0,0,0,0,0,0,0,0,0,0,0,0,0,0
120,2,170,4,0,0,0,0,0,0,0,0,0,0,0,0,0,0,0,0
160,2,180,5,0,0,0,0,0,0,0,0,0,0,0,0,0,0,0,0
160,2,180,5,0,0,0,0,0,0,0,0,0,0,0,0,0,0,0,0
160,2,180,5,0,0,0,0,0,0,0,0,0,0,0,0,0,0,0,0
160,2,180,5,0,0,0,0,0,0,0,0,0,0,0,0,0,0,0,0
200,0.17,0,0,0,0,0,0,0,0,0,0,0,0,0,0,0,0,0,0
200,0.17,0,0,0,0,0,0,0,0,0,0,0,0,0,0,0,0,0,0
200,0.17,0,0,0,0,0,0,0,0,0,0,0,0,0,0,0,0,0,0
200,0.17,0,0,0,0,0,0,0,0,0,0,0,0,0,0,0,0,0,0
200,0.17,0,0,0,0,0,0,0,0,0,0,0,0,0,0,0,0,0,0
100,2,130,3,0,0,0,0,0,0,0,0,0,0,0,0,0,0,0,0
100,2,130,3,0,0,0,0,0,0,0,0,0,0,0,0,0,0,0,0
100,2,130,3,0,0,0,0,0,0,0,0,0,0,0,0,0,0,0,0
100,2,130,3,0,0,0,0,0,0,0,0,0,0,0,0,0,0,0,0
100,2,130,3,0,0,0,0,0,0,0,0,0,0,0,0,0,0,0,0
120,2,0,0,0,0,0,0,0,0,0,0,0,0,0,0,0,0,0,0
120,2,0,0,0,0,0,0,0,0,0,0,0,0,0,0,0,0,0,0
120,2,0,0,0,0,0,0,0,0,0,0,0,0,0,0,0,0,0,0
120,2,0,0,0,0,0,0,0,0,0,0,0,0,0,0,0,0,0,0
100,2,150,2,0,0,0,0,0,0,0,0,0,0,0,0,0,0,0,0
100,2,150,2,0,0,0,0,0,0,0,0,0,0,0,0,0,0,0,0
100,2,150,2,0,0,0,0,0,0,0,0,0,0,0,0,0,0,0,0
100,2,150,2,0,0,0,0,0,0,0,0,0,0,0,0,0,0,0,0
100,2,150,2,0,0,0,0,0,0,0,0,0,0,0,0,0,0,0,0
100,2,150,2,0,0,0,0,0,0,0,0,0,0,0,0,0,0,0,0
100,2,150,2,0,0,0,0,0,0,0,0,0,0,0,0,0,0,0,0
100,2,150,2,0,0,0,0,0,0,0,0,0,0,0,0,0,0,0,0
100,2,150,2,0,0,0,0,0,0,0,0,0,0,0,0,0,0,0,0
100,2,150,2,0,0,0,0,0,0,0,0,0,0,0,0,0,0,0,0
100,2,150,2,0,0,0,0,0,0,0,0,0,0,0,0,0,0,0,0
100,2,150,2,0,0,0,0,0,0,0,0,0,0,0,0,0,0,0,0
100,2,150,2,0,0,0,0,0,0,0,0,0,0,0,0,0,0,0,0
100,2,150,2,0,0,0,0,0,0,0,0,0,0,0,0,0,0,0,0
80,2,150,3,0,0,0,0,0,0,0,0,0,0,0,0,0,0,0,0
80,2,150,3,0,0,0,0,0,0,0,0,0,0,0,0,0,0,0,0
80,2,150,3,0,0,0,0,0,0,0,0,0,0,0,0,0,0,0,0
80,2,150,3,0,0,0,0,0,0,0,0,0,0,0,0,0,0,0,0
120,2,170,4,0,0,0,0,0,0,0,0,0,0,0,0,0,0,0,0
120,2,170,4,0,0,0,0,0,0,0,0,0,0,0,0,0,0,0,0
120,2,170,4,0,0,0,0,0,0,0,0,0,0,0,0,0,0,0,0
120,2,170,4,0,0,0,0,0,0,0,0,0,0,0,0,0,0,0,0
120,2,170,4,0,0,0,0,0,0,0,0,0,0,0,0,0,0,0,0
120,2,170,4,0,0,0,0,0,0,0,0,0,0,0,0,0,0,0,0
120,2,170,4,0,0,0,0,0,0,0,0,0,0,0,0,0,0,0,0
120,2,170,4,0,0,0,0,0,0,0,0,0,0,0,0,0,0,0,0
120,2,170,4,0,0,0,0,0,0,0,0,0,0,0,0,0,0,0,0
120,2,170,4,0,0,0,0,0,0,0,0,0,0,0,0,0,0,0,0
120,2,170,4,0,0,0,0,0,0,0,0,0,0,0,0,0,0,0,0
120,2,170,4,0,0,0,0,0,0,0,0,0,0,0,0,0,0,0,0
120,2,170,4,0,0,0,0,0,0,0,0,0,0,0,0,0,0,0,0
120,2,170,4,0,0,0,0,0,0,0,0,0,0,0,0,0,0,0,0
120,2,170,4,0,0,0,0,0,0,0,0,0,0,0,0,0,0,0,0
120,2,170,4,0,0,0,0,0,0,0,0,0,0,0,0,0,0,0,0
120,2,180,2,0,0,0,0,0,0,0,0,0,0,0,0,0,0,0,0
120,2,180,2,0,0,0,0,0,0,0,0,0,0,0,0,0,0,0,0
120,2,180,2,0,0,0,0,0,0,0,0,0,0,0,0,0,0,0,0
120,2,180,2,0,0,0,0,0,0,0,0,0,0,0,0,0,0,0,0
120,2,180,2,0,0,0,0,0,0,0,0,0,0,0,0,0,0,0,0
120,2,180,2,0,0,0,0,0,0,0,0,0,0,0,0,0,0,0,0
120,2,180,2,0,0,0,0,0,0,0,0,0,0,0,0,0,0,0,0
120,2,180,2,0,0,0,0,0,0,0,0,0,0,0,0,0,0,0,0
120,2,180,2,0,0,0,0,0,0,0,0,0,0,0,0,0,0,0,0
120,2,180,2,0,0,0,0,0,0,0,0,0,0,0,0,0,0,0,0
120,2,180,2,0,0,0,0,0,0,0,0,0,0,0,0,0,0,0,0
120,2,180,2,0,0,0,0,0,0,0,0,0,0,0,0,0,0,0,0
120,2,180,2,0,0,0,0,0,0,0,0,0,0,0,0,0,0,0,0
120,2,180,2,0,0,0,0,0,0,0,0,0,0,0,0,0,0,0,0
120,2,180,2,0,0,0,0,0,0,0,0,0,0,0,0,0,0,0,0
120,2,180,2,0,0,0,0,0,0,0,0,0,0,0,0,0,0,0,0
120,2,150,4,0,0,0,0,0,0,0,0,0,0,0,0,0,0,0,0
120,2,150,4,0,0,0,0,0,0,0,0,0,0,0,0,0,0,0,0
120,2,150,4,0,0,0,0,0,0,0,0,0,0,0,0,0,0,0,0
120,2,150,4,0,0,0,0,0,0,0,0,0,0,0,0,0,0,0,0
120,2,150,4,0,0,0,0,0,0,0,0,0,0,0,0,0,0,0,0
120,2,150,4,0,0,0,0,0,0,0,0,0,0,0,0,0,0,0,0
120,2,160,2,0,0,0,0,0,0,0,0,0,0,0,0,0,0,0,0
120,2,160,2,0,0,0,0,0,0,0,0,0,0,0,0,0,0,0,0
120,2,160,2,0,0,0,0,0,0,0,0,0,0,0,0,0,0,0,0
120,2,160,2,0,0,0,0,0,0,0,0,0,0,0,0,0,0,0,0
120,2,0,0,0,0,0,0,0,0,0,0,0,0,0,0,0,0,0,0
120,2,0,0,0,0,0,0,0,0,0,0,0,0,0,0,0,0,0,0
120,2,0,0,0,0,0,0,0,0,0,0,0,0,0,0,0,0,0,0
120,2,0,0,0,0,0,0,0,0,0,0,0,0,0,0,0,0,0,0
120,2,150,2,180,2,0,0,0,0,0,0,0,0,0,0,0,0,0,0
120,2,150,2,180,2,0,0,0,0,0,0,0,0,0,0,0,0,0,0
120,2,150,2,180,2,0,0,0,0,0,0,0,0,0,0,0,0,0,0
120,2,150,2,180,2,0,0,0,0,0,0,0,0,0,0,0,0,0,0
90,3,160,2,0,0,0,0,0,0,0,0,0,0,0,0,0,0,0,0
90,3,160,2,0,0,0,0,0,0,0,0,0,0,0,0,0,0,0,0
90,3,160,2,0,0,0,0,0,0,0,0,0,0,0,0,0,0,0,0
90,3,160,2,0,0,0,0,0,0,0,0,0,0,0,0,0,0,0,0
100,2,120,2,150,2,0,0,0,0,0,0,0,0,0,0,0,0,0,0
100,2,120,2,150,2,0,0,0,0,0,0,0,0,0,0,0,0,0,0
100,2,120,2,150,2,0,0,0,0,0,0,0,0,0,0,0,0,0,0
100,2,120,2,150,2,0,0,0,0,0,0,0,0,0,0,0,0,0,0
160,2,180,4,0,0,0,0,0,0,0,0,0,0,0,0,0,0,0,0
160,2,180,4,0,0,0,0,0,0,0,0,0,0,0,0,0,0,0,0
160,2,180,4,0,0,0,0,0,0,0,0,0,0,0,0,0,0,0,0
160,2,180,4,0,0,0,0,0,0,0,0,0,0,0,0,0,0,0,0
160,2,180,4,0,0,0,0,0,0,0,0,0,0,0,0,0,0,0,0
200,15,0,0,0,0,0,0,0,0,0,0,0,0,0,0,0,0,0,0
200,12,0,0,0,0,0,0,0,0,0,0,0,0,0,0,0,0,0,0
200,10,0,0,0,0,0,0,0,0,0,0,0,0,0,0,0,0,0,0
150,4,0,0,0,0,0,0,0,0,0,0,0,0,0,0,0,0,0,0
100,2,150,3,0,0,0,0,0,0,0,0,0,0,0,0,0,0,0,0
100,2,150,3,0,0,0,0,0,0,0,0,0,0,0,0,0,0,0,0
100,2,150,3,0,0,0,0,0,0,0,0,0,0,0,0,0,0,0,0
100,2,150,3,0,0,0,0,0,0,0,0,0,0,0,0,0,0,0,0
100,2,150,3,0,0,0,0,0,0,0,0,0,0,0,0,0,0,0,0
160,2,180,5,0,0,0,0,0,0,0,0,0,0,0,0,0,0,0,0
160,2,180,5,0,0,0,0,0,0,0,0,0,0,0,0,0,0,0,0
160,2,180,5,0,0,0,0,0,0,0,0,0,0,0,0,0,0,0,0
160,2,180,5,0,0,0,0,0,0,0,0,0,0,0,0,0,0,0,0
160,2,180,5,0,0,0,0,0,0,0,0,0,0,0,0,0,0,0,0
160,2,180,5,0,0,0,0,0,0,0,0,0,0,0,0,0,0,0,0
160,2,180,5,230,2,0,0,0,0,0,0,0,0,0,0,0,0,0,0
160,2,180,5,230,2,0,0,0,0,0,0,0,0,0,0,0,0,0,0
160,2,180,5,230,2,0,0,0,0,0,0,0,0,0,0,0,0,0,0
160,2,180,5,230,2,0,0,0,0,0,0,0,0,0,0,0,0,0,0
160,2,180,5,230,2,0,0,0,0,0,0,0,0,0,0,0,0,0,0
160,2,180,5,230,2,0,0,0,0,0,0,0,0,0,0,0,0,0,0
100,2,130,2,160,2,0,0,0,0,0,0,0,0,0,0,0,0,0,0
100,2,130,2,160,2,0,0,0,0,0,0,0,0,0,0,0,0,0,0
100,2,130,2,160,2,0,0,0,0,0,0,0,0,0,0,0,0,0,0
100,2,130,2,160,2,0,0,0,0,0,0,0,0,0,0,0,0,0,0
80,1,150,2,180,2,200,2,0,0,0,0,0,0,0,0,0,0,0,0
80,1,150,2,180,2,200,2,0,0,0,0,0,0,0,0,0,0,0,0
80,1,150,2,180,2,200,2,0,0,0,0,0,0,0,0,0,0,0,0
80,1,150,2,180,2,200,2,0,0,0,0,0,0,0,0,0,0,0,0
80,1,150,2,180,2,200,2,0,0,0,0,0,0,0,0,0,0,0,0
100,2,150,3,0,0,0,0,0,0,0,0,0,0,0,0,0,0,0,0
100,2,150,3,0,0,0,0,0,0,0,0,0,0,0,0,0,0,0,0
100,2,150,3,0,0,0,0,0,0,0,0,0,0,0,0,0,0,0,0
100,2,150,3,0,0,0,0,0,0,0,0,0,0,0,0,0,0,0,0
120,2,170,4,0,0,0,0,0,0,0,0,0,0,0,0,0,0,0,0
120,2,170,4,0,0,0,0,0,0,0,0,0,0,0,0,0,0,0,0
120,2,170,4,0,0,0,0,0,0,0,0,0,0,0,0,0,0,0,0
120,2,170,4,0,0,0,0,0,0,0,0,0,0,0,0,0,0,0,0
120,2,170,4,0,0,0,0,0,0,0,0,0,0,0,0,0,0,0,0
120,2,150,2,0,0,0,0,0,0,0,0,0,0,0,0,0,0,0,0
120,2,150,2,0,0,0,0,0,0,0,0,0,0,0,0,0,0,0,0
120,2,150,2,0,0,0,0,0,0,0,0,0,0,0,0,0,0,0,0
120,2,150,2,0,0,0,0,0,0,0,0,0,0,0,0,0,0,0,0
120,2,150,2,0,0,0,0,0,0,0,0,0,0,0,0,0,0,0,0
120,2,150,2,0,0,0,0,0,0,0,0,0,0,0,0,0,0,0,0
120,2,150,2,0,0,0,0,0,0,0,0,0,0,0,0,0,0,0,0
90,0.5,150,0.5,0,0,0,0,0,0,0,0,0,0,0,0,0,0,0,0
90,0.5,150,0.5,0,0,0,0,0,0,0,0,0,0,0,0,0,0,0,0
90,0.5,150,0.5,0,0,0,0,0,0,0,0,0,0,0,0,0,0,0,0
90,0.5,150,0.5,0,0,0,0,0,0,0,0,0,0,0,0,0,0,0,0
90,0.5,150,0.5,0,0,0,0,0,0,0,0,0,0,0,0,0,0,0,0
90,0.5,150,0.5,0,0,0,0,0,0,0,0,0,0,0,0,0,0,0,0
90,0.5,150,0.5,0,0,0,0,0,0,0,0,0,0,0,0,0,0,0,0
90,0.5,150,0.5,0,0,0,0,0,0,0,0,0,0,0,0,0,0,0,0
90,0.5,150,0.5,0,0,0,0,0,0,0,0,0,0,0,0,0,0,0,0
90,0.5,150,0.5,0,0,0,0,0,0,0,0,0,0,0,0,0,0,0,0
90,0.5,150,0.5,0,0,0,0,0,0,0,0,0,0,0,0,0,0,0,0
90,0.5,150,0.5,0,0,0,0,0,0,0,0,0,0,0,0,0,0,0,0
120,2,160,2,0,0,0,0,0,0,0,0,0,0,0,0,0,0,0,0
120,2,160,2,0,0,0,0,0,0,0,0,0,0,0,0,0,0,0,0
120,2,160,2,0,0,0,0,0,0,0,0,0,0,0,0,0,0,0,0
120,2,160,2,0,0,0,0,0,0,0,0,0,0,0,0,0,0,0,0
60,0.33,80,2,150,3.67,0,0,0,0,0,0,0,0,0,0,0,0,0,0
60,0.33,80,2,150,3.67,0,0,0,0,0,0,0,0,0,0,0,0,0,0
60,0.33,80,2,150,3.67,0,0,0,0,0,0,0,0,0,0,0,0,0,0
60,0.33,80,2,150,3.67,0,0,0,0,0,0,0,0,0,0,0,0,0,0
100,3,150,2,0,0,0,0,0,0,0,0,0,0,0,0,0,0,0,0
100,3,150,2,0,0,0,0,0,0,0,0,0,0,0,0,0,0,0,0
100,3,150,2,0,0,0,0,0,0,0,0,0,0,0,0,0,0,0,0
100,3,150,2,0,0,0,0,0,0,0,0,0,0,0,0,0,0,0,0
120,2,150,2,180,2,0,0,0,0,0,0,0,0,0,0,0,0,0,0
120,2,150,2,180,2,0,0,0,0,0,0,0,0,0,0,0,0,0,0
120,2,150,2,180,2,0,0,0,0,0,0,0,0,0,0,0,0,0,0
105,1,150,2,0,0,0,0,0,0,0,0,0,0,0,0,0,0,0,0
105,1,150,2,0,0,0,0,0,0,0,0,0,0,0,0,0,0,0,0
105,1,150,2,0,0,0,0,0,0,0,0,0,0,0,0,0,0,0,0
105,1,150,2,0,0,0,0,0,0,0,0,0,0,0,0,0,0,0,0
105,1,150,2,0,0,0,0,0,0,0,0,0,0,0,0,0,0,0,0
105,1,150,2,0,0,0,0,0,0,0,0,0,0,0,0,0,0,0,0
100,3,150,2,0,0,0,0,0,0,0,0,0,0,0,0,0,0,0,0
100,3,150,2,0,0,0,0,0,0,0,0,0,0,0,0,0,0,0,0
100,3,150,2,0,0,0,0,0,0,0,0,0,0,0,0,0,0,0,0
100,3,150,2,0,0,0,0,0,0,0,0,0,0,0,0,0,0,0,0
100,2,150,3,0,0,0,0,0,0,0,0,0,0,0,0,0,0,0,0
100,2,150,3,0,0,0,0,0,0,0,0,0,0,0,0,0,0,0,0
100,2,150,3,0,0,0,0,0,0,0,0,0,0,0,0,0,0,0,0
100,2,150,3,0,0,0,0,0,0,0,0,0,0,0,0,0,0,0,0
100,2,150,3,0,0,0,0,0,0,0,0,0,0,0,0,0,0,0,0
120,2,170,4,0,0,0,0,0,0,0,0,0,0,0,0,0,0,0,0
120,2,170,4,0,0,0,0,0,0,0,0,0,0,0,0,0,0,0,0
120,2,170,4,0,0,0,0,0,0,0,0,0,0,0,0,0,0,0,0
120,2,170,4,0,0,0,0,0,0,0,0,0,0,0,0,0,0,0,0
120,2,150,2,0,0,0,0,0,0,0,0,0,0,0,0,0,0,0,0
75,2,140,2,0,0,0,0,0,0,0,0,0,0,0,0,0,0,0,0
75,2,140,2,0,0,0,0,0,0,0,0,0,0,0,0,0,0,0,0
120,2,150,2,0,0,0,0,0,0,0,0,0,0,0,0,0,0,0,0
120,2,170,4,0,0,0,0,0,0,0,0,0,0,0,0,0,0,0,0
120,2,170,4,0,0,0,0,0,0,0,0,0,0,0,0,0,0,0,0
120,2,170,4,0,0,0,0,0,0,0,0,0,0,0,0,0,0,0,0
120,2,170,4,0,0,0,0,0,0,0,0,0,0,0,0,0,0,0,0
120,2,170,4,0,0,0,0,0,0,0,0,0,0,0,0,0,0,0,0
120,2,170,4,0,0,0,0,0,0,0,0,0,0,0,0,0,0,0,0
120,2,170,4,0,0,0,0,0,0,0,0,0,0,0,0,0,0,0,0
100,4,130,2,180,2,200,2,0,0,0,0,0,0,0,0,0,0,0,0
100,4,130,2,180,2,200,2,0,0,0,0,0,0,0,0,0,0,0,0
100,4,130,2,180,2,200,2,0,0,0,0,0,0,0,0,0,0,0,0
100,4,130,2,180,2,200,2,0,0,0,0,0,0,0,0,0,0,0,0
100,4,130,2,180,2,200,2,0,0,0,0,0,0,0,0,0,0,0,0
100,4,130,2,180,2,200,2,0,0,0,0,0,0,0,0,0,0,0,0
120,3,160,2,0,0,0,0,0,0,0,0,0,0,0,0,0,0,0,0
120,3,160,2,0,0,0,0,0,0,0,0,0,0,0,0,0,0,0,0
120,3,160,2,0,0,0,0,0,0,0,0,0,0,0,0,0,0,0,0
120,3,160,2,0,0,0,0,0,0,0,0,0,0,0,0,0,0,0,0
119,2,146,3,178,2,0,0,0,0,0,0,0,0,0,0,0,0,0,0
119,2,146,3,178,2,0,0,0,0,0,0,0,0,0,0,0,0,0,0
119,2,146,3,178,2,0,0,0,0,0,0,0,0,0,0,0,0,0,0
119,2,146,3,178,2,0,0,0,0,0,0,0,0,0,0,0,0,0,0
160,2,180,4,0,0,0,0,0,0,0,0,0,0,0,0,0,0,0,0
160,2,180,4,0,0,0,0,0,0,0,0,0,0,0,0,0,0,0,0
160,2,180,4,0,0,0,0,0,0,0,0,0,0,0,0,0,0,0,0
160,2,180,4,0,0,0,0,0,0,0,0,0,0,0,0,0,0,0,0
160,2,180,4,0,0,0,0,0,0,0,0,0,0,0,0,0,0,0,0
100,2,150,2,0,0,0,0,0,0,0,0,0,0,0,0,0,0,0,0
100,2,150,2,0,0,0,0,0,0,0,0,0,0,0,0,0,0,0,0
100,2,150,2,0,0,0,0,0,0,0,0,0,0,0,0,0,0,0,0
100,2,150,2,0,0,0,0,0,0,0,0,0,0,0,0,0,0,0,0
100,2,150,2,0,0,0,0,0,0,0,0,0,0,0,0,0,0,0,0
80,4,0,0,0,0,0,0,0,0,0,0,0,0,0,0,0,0,0,0
80,4,0,0,0,0,0,0,0,0,0,0,0,0,0,0,0,0,0,0
80,4,0,0,0,0,0,0,0,0,0,0,0,0,0,0,0,0,0,0
80,4,0,0,0,0,0,0,0,0,0,0,0,0,0,0,0,0,0,0
120,3,150,6,25,12,0,0,0,0,0,0,0,0,0,0,0,0,0,0
120,3,150,6,25,12,0,0,0,0,0,0,0,0,0,0,0,0,0,0
120,3,150,6,25,12,0,0,0,0,0,0,0,0,0,0,0,0,0,0
120,3,150,6,25,12,0,0,0,0,0,0,0,0,0,0,0,0,0,0
80,2,120,2,150,2,0,0,0,0,0,0,0,0,0,0,0,0,0,0
80,2,120,2,150,2,0,0,0,0,0,0,0,0,0,0,0,0,0,0
80,2,120,2,150,2,0,0,0,0,0,0,0,0,0,0,0,0,0,0
80,2,120,2,150,2,0,0,0,0,0,0,0,0,0,0,0,0,0,0
80,2,120,2,150,2,0,0,0,0,0,0,0,0,0,0,0,0,0,0
120,4,140,2,180,2,0,0,0,0,0,0,0,0,0,0,0,0,0,0
120,4,140,2,180,2,0,0,0,0,0,0,0,0,0,0,0,0,0,0
120,4,140,2,180,2,0,0,0,0,0,0,0,0,0,0,0,0,0,0
120,4,140,2,180,2,0,0,0,0,0,0,0,0,0,0,0,0,0,0
120,4,140,2,180,2,0,0,0,0,0,0,0,0,0,0,0,0,0,0
100,2,150,2,0,0,0,0,0,0,0,0,0,0,0,0,0,0,0,0
100,2,150,2,0,0,0,0,0,0,0,0,0,0,0,0,0,0,0,0
100,2,150,2,0,0,0,0,0,0,0,0,0,0,0,0,0,0,0,0
100,2,150,2,0,0,0,0,0,0,0,0,0,0,0,0,0,0,0,0
120,2,170,4,0,0,0,0,0,0,0,0,0,0,0,0,0,0,0,0
120,2,170,4,0,0,0,0,0,0,0,0,0,0,0,0,0,0,0,0
120,2,170,4,0,0,0,0,0,0,0,0,0,0,0,0,0,0,0,0
120,2,170,4,0,0,0,0,0,0,0,0,0,0,0,0,0,0,0,0
25,15,50,1,0,0,0,0,0,0,0,0,0,0,0,0,0,0,0,0
25,15,50,1,0,0,0,0,0,0,0,0,0,0,0,0,0,0,0,0
25,15,50,1,0,0,0,0,0,0,0,0,0,0,0,0,0,0,0,0
25,15,50,1,0,0,0,0,0,0,0,0,0,0,0,0,0,0,0,0
100,2,150,3,0,0,0,0,0,0,0,0,0,0,0,0,0,0,0,0
100,2,150,3,0,0,0,0,0,0,0,0,0,0,0,0,0,0,0,0
100,2,150,3,0,0,0,0,0,0,0,0,0,0,0,0,0,0,0,0
100,2,150,3,0,0,0,0,0,0,0,0,0,0,0,0,0,0,0,0
100,2,150,3,0,0,0,0,0,0,0,0,0,0,0,0,0,0,0,0
110,2,150,5,25,24,0,0,0,0,0,0,0,0,0,0,0,0,0,0
110,2,150,5,25,24,0,0,0,0,0,0,0,0,0,0,0,0,0,0
110,2,150,5,25,24,0,0,0,0,0,0,0,0,0,0,0,0,0,0
110,2,150,5,25,24,0,0,0,0,0,0,0,0,0,0,0,0,0,0
150,1,180,2,0,0,0,0,0,0,0,0,0,0,0,0,0,0,0,0
150,1,180,2,0,0,0,0,0,0,0,0,0,0,0,0,0,0,0,0
150,1,180,2,0,0,0,0,0,0,0,0,0,0,0,0,0,0,0,0
150,1,180,2,0,0,0,0,0,0,0,0,0,0,0,0,0,0,0,0
150,1,180,2,0,0,0,0,0,0,0,0,0,0,0,0,0,0,0,0
80,1,100,1,150,1,180,2,210,2,230,2,250,1,0,0,0,0,0,0
80,1,100,1,150,1,180,2,210,2,230,2,250,1,0,0,0,0,0,0
80,1,100,1,150,1,180,2,210,2,230,2,250,1,0,0,0,0,0,0
80,1,100,1,150,1,180,2,210,2,230,2,250,1,0,0,0,0,0,0
120,2,140,3,160,2,0,0,0,0,0,0,0,0,0,0,0,0,0,0
120,2,140,3,160,2,0,0,0,0,0,0,0,0,0,0,0,0,0,0
120,2,140,3,160,2,0,0,0,0,0,0,0,0,0,0,0,0,0,0
120,2,140,3,160,2,0,0,0,0,0,0,0,0,0,0,0,0,0,0
120,2,140,3,160,2,0,0,0,0,0,0,0,0,0,0,0,0,0,0
100,2,150,2,0,0,0,0,0,0,0,0,0,0,0,0,0,0,0,0
100,2,150,2,0,0,0,0,0,0,0,0,0,0,0,0,0,0,0,0
100,2,150,2,0,0,0,0,0,0,0,0,0,0,0,0,0,0,0,0
100,2,150,2,0,0,0,0,0,0,0,0,0,0,0,0,0,0,0,0
80,2,120,2,0,0,0,0,0,0,0,0,0,0,0,0,0,0,0,0
80,2,120,2,0,0,0,0,0,0,0,0,0,0,0,0,0,0,0,0
80,2,120,2,0,0,0,0,0,0,0,0,0,0,0,0,0,0,0,0
80,2,120,2,0,0,0,0,0,0,0,0,0,0,0,0,0,0,0,0
80,2,120,2,0,0,0,0,0,0,0,0,0,0,0,0,0,0,0,0
50,24,80,1,100,1,120,1,140,1,160,1,180,1,200,1,220,2,0,0
50,24,80,1,100,1,120,1,140,1,160,1,180,1,200,1,220,2,0,0
50,24,80,1,100,1,120,1,140,1,160,1,180,1,200,1,220,2,0,0
90,2,110,2,130,3,0,0,0,0,0,0,0,0,0,0,0,0,0,0
90,2,110,2,130,3,0,0,0,0,0,0,0,0,0,0,0,0,0,0
90,2,110,2,130,3,0,0,0,0,0,0,0,0,0,0,0,0,0,0
90,2,110,2,130,3,0,0,0,0,0,0,0,0,0,0,0,0,0,0
80,1,140,2,0,0,0,0,0,0,0,0,0,0,0,0,0,0,0,0
80,1,140,2,0,0,0,0,0,0,0,0,0,0,0,0,0,0,0,0
80,1,140,2,0,0,0,0,0,0,0,0,0,0,0,0,0,0,0,0
80,1,140,2,0,0,0,0,0,0,0,0,0,0,0,0,0,0,0,0
160,2,180,4,0,0,0,0,0,0,0,0,0,0,0,0,0,0,0,0
160,2,180,4,0,0,0,0,0,0,0,0,0,0,0,0,0,0,0,0
160,2,180,4,0,0,0,0,0,0,0,0,0,0,0,0,0,0,0,0
160,2,180,4,0,0,0,0,0,0,0,0,0,0,0,0,0,0,0,0
160,2,180,4,0,0,0,0,0,0,0,0,0,0,0,0,0,0,0,0
160,2,180,4,0,0,0,0,0,0,0,0,0,0,0,0,0,0,0,0
90,2,130,1,150,1,180,2,200,2,0,0,0,0,0,0,0,0,0,0
90,2,130,1,150,1,180,2,200,2,0,0,0,0,0,0,0,0,0,0
90,2,130,1,150,1,180,2,200,2,0,0,0,0,0,0,0,0,0,0
90,2,130,1,150,1,180,2,200,2,0,0,0,0,0,0,0,0,0,0
90,2,130,1,150,1,180,2,200,2,0,0,0,0,0,0,0,0,0,0
95,1.5,130,1.5,0,0,0,0,0,0,0,0,0,0,0,0,0,0,0,0
95,1.5,130,1.5,0,0,0,0,0,0,0,0,0,0,0,0,0,0,0,0
95,1.5,130,1.5,0,0,0,0,0,0,0,0,0,0,0,0,0,0,0,0
95,1.5,130,1.5,0,0,0,0,0,0,0,0,0,0,0,0,0,0,0,0
95,1.5,130,1.5,0,0,0,0,0,0,0,0,0,0,0,0,0,0,0,0
95,1.5,130,1.5,0,0,0,0,0,0,0,0,0,0,0,0,0,0,0,0
95,1.5,130,1.5,0,0,0,0,0,0,0,0,0,0,0,0,0,0,0,0
95,1.5,130,1.5,0,0,0,0,0,0,0,0,0,0,0,0,0,0,0,0
95,1.5,130,1.5,0,0,0,0,0,0,0,0,0,0,0,0,0,0,0,0
95,1.5,130,1.5,0,0,0,0,0,0,0,0,0,0,0,0,0,0,0,0
95,1.5,130,1.5,0,0,0,0,0,0,0,0,0,0,0,0,0,0,0,0
95,1.5,130,1.5,0,0,0,0,0,0,0,0,0,0,0,0,0,0,0,0
95,1.5,130,1.5,0,0,0,0,0,0,0,0,0,0,0,0,0,0,0,0
95,1.5,130,1.5,0,0,0,0,0,0,0,0,0,0,0,0,0,0,0,0
95,1.5,130,1.5,0,0,0,0,0,0,0,0,0,0,0,0,0,0,0,0
95,1.5,130,1.5,0,0,0,0,0,0,0,0,0,0,0,0,0,0,0,0
95,1.5,130,1.5,0,0,0,0,0,0,0,0,0,0,0,0,0,0,0,0
95,1.5,130,1.5,0,0,0,0,0,0,0,0,0,0,0,0,0,0,0,0
120,4,140,2,180,2,0,0,0,0,0,0,0,0,0,0,0,0,0,0
120,4,140,2,180,2,0,0,0,0,0,0,0,0,0,0,0,0,0,0
120,4,140,2,180,2,0,0,0,0,0,0,0,0,0,0,0,0,0,0
120,2,150,2,180,2,0,0,0,0,0,0,0,0,0,0,0,0,0,0
120,2,150,2,180,2,0,0,0,0,0,0,0,0,0,0,0,0,0,0
120,2,150,2,180,2,0,0,0,0,0,0,0,0,0,0,0,0,0,0
120,2,150,2,180,2,0,0,0,0,0,0,0,0,0,0,0,0,0,0
120,2,150,2,180,2,0,0,0,0,0,0,0,0,0,0,0,0,0,0
100,2,120,2,150,2,190,2,0,0,0,0,0,0,0,0,0,0,0,0
100,2,120,2,150,2,190,2,0,0,0,0,0,0,0,0,0,0,0,0
100,2,120,2,150,2,190,2,0,0,0,0,0,0,0,0,0,0,0,0
100,2,120,2,150,2,190,2,0,0,0,0,0,0,0,0,0,0,0,0
100,2,120,2,150,2,190,2,0,0,0,0,0,0,0,0,0,0,0,0
90,1,120,3,140,2,180,2,0,0,0,0,0,0,0,0,0,0,0,0
90,1,120,3,140,2,180,2,0,0,0,0,0,0,0,0,0,0,0,0
90,1,120,3,140,2,180,2,0,0,0,0,0,0,0,0,0,0,0,0
90,1,120,3,140,2,180,2,0,0,0,0,0,0,0,0,0,0,0,0
80,1,140,2,0,0,0,0,0,0,0,0,0,0,0,0,0,0,0,0
80,1,140,2,0,0,0,0,0,0,0,0,0,0,0,0,0,0,0,0
80,1,140,2,0,0,0,0,0,0,0,0,0,0,0,0,0,0,0,0
80,1,140,2,0,0,0,0,0,0,0,0,0,0,0,0,0,0,0,0
80,1,140,2,0,0,0,0,0,0,0,0,0,0,0,0,0,0,0,0
80,1,140,2,0,0,0,0,0,0,0,0,0,0,0,0,0,0,0,0
80,1,140,2,0,0,0,0,0,0,0,0,0,0,0,0,0,0,0,0
80,1,140,2,0,0,0,0,0,0,0,0,0,0,0,0,0,0,0,0
80,1,140,2,0,0,0,0,0,0,0,0,0,0,0,0,0,0,0,0
80,1,140,2,0,0,0,0,0,0,0,0,0,0,0,0,0,0,0,0
135,2,160,6,0,0,0,0,0,0,0,0,0,0,0,0,0,0,0,0
135,2,160,6,0,0,0,0,0,0,0,0,0,0,0,0,0,0,0,0
135,2,160,6,0,0,0,0,0,0,0,0,0,0,0,0,0,0,0,0
135,2,160,6,0,0,0,0,0,0,0,0,0,0,0,0,0,0,0,0
56,1,80,2,0,0,0,0,0,0,0,0,0,0,0,0,0,0,0,0
56,1,80,2,0,0,0,0,0,0,0,0,0,0,0,0,0,0,0,0
56,1,80,2,0,0,0,0,0,0,0,0,0,0,0,0,0,0,0,0
56,1,80,2,0,0,0,0,0,0,0,0,0,0,0,0,0,0,0,0
56,1,80,2,0,0,0,0,0,0,0,0,0,0,0,0,0,0,0,0
110,1,130,1,200,2,0,0,0,0,0,0,0,0,0,0,0,0,0,0
110,1,130,1,200,2,0,0,0,0,0,0,0,0,0,0,0,0,0,0
110,1,130,1,200,2,0,0,0,0,0,0,0,0,0,0,0,0,0,0
110,1,130,1,200,2,0,0,0,0,0,0,0,0,0,0,0,0,0,0
110,1,130,1,200,2,0,0,0,0,0,0,0,0,0,0,0,0,0,0
110,1,130,1,200,2,0,0,0,0,0,0,0,0,0,0,0,0,0,0
110,1,130,1,200,2,0,0,0,0,0,0,0,0,0,0,0,0,0,0
110,1,130,1,200,2,0,0,0,0,0,0,0,0,0,0,0,0,0,0
110,1,130,1,200,2,0,0,0,0,0,0,0,0,0,0,0,0,0,0
110,1,130,1,200,2,0,0,0,0,0,0,0,0,0,0,0,0,0,0
110,1,130,1,200,2,0,0,0,0,0,0,0,0,0,0,0,0,0,0
110,1,130,1,200,2,0,0,0,0,0,0,0,0,0,0,0,0,0,0
80,2,120,2,150,2,0,0,0,0,0,0,0,0,0,0,0,0,0,0
80,2,120,2,150,2,0,0,0,0,0,0,0,0,0,0,0,0,0,0
80,2,120,2,150,2,0,0,0,0,0,0,0,0,0,0,0,0,0,0
80,2,120,2,150,2,0,0,0,0,0,0,0,0,0,0,0,0,0,0
80,2,120,2,150,2,0,0,0,0,0,0,0,0,0,0,0,0,0,0
80,2,120,2,150,2,0,0,0,0,0,0,0,0,0,0,0,0,0,0
120,2,140,2,160,2,180,2,0,0,0,0,0,0,0,0,0,0,0,0
120,2,140,2,160,2,180,2,0,0,0,0,0,0,0,0,0,0,0,0
120,2,140,2,160,2,180,2,0,0,0,0,0,0,0,0,0,0,0,0
120,2,140,2,160,2,180,2,0,0,0,0,0,0,0,0,0,0,0,0
120,2,140,2,160,2,180,2,0,0,0,0,0,0,0,0,0,0,0,0
120,2,140,2,160,2,180,2,0,0,0,0,0,0,0,0,0,0,0,0
120,2,170,4,0,0,0,0,0,0,0,0,0,0,0,0,0,0,0,0
120,2,170,4,0,0,0,0,0,0,0,0,0,0,0,0,0,0,0,0
120,2,170,4,0,0,0,0,0,0,0,0,0,0,0,0,0,0,0,0
120,2,170,4,0,0,0,0,0,0,0,0,0,0,0,0,0,0,0,0
120,2,170,4,0,0,0,0,0,0,0,0,0,0,0,0,0,0,0,0
120,2,170,4,0,0,0,0,0,0,0,0,0,0,0,0,0,0,0,0
120,2,170,4,0,0,0,0,0,0,0,0,0,0,0,0,0,0,0,0
120,2,170,4,0,0,0,0,0,0,0,0,0,0,0,0,0,0,0,0
25,1,70,3,0,0,0,0,0,0,0,0,0,0,0,0,0,0,0,0
25,1,70,3,0,0,0,0,0,0,0,0,0,0,0,0,0,0,0,0
25,1,70,3,0,0,0,0,0,0,0,0,0,0,0,0,0,0,0,0
25,1,70,3,0,0,0,0,0,0,0,0,0,0,0,0,0,0,0,0
25,1,70,3,0,0,0,0,0,0,0,0,0,0,0,0,0,0,0,0
25,1,70,3,0,0,0,0,0,0,0,0,0,0,0,0,0,0,0,0
180,2,200,2,0,0,0,0,0,0,0,0,0,0,0,0,0,0,0,0
180,2,200,2,0,0,0,0,0,0,0,0,0,0,0,0,0,0,0,0
180,2,200,2,0,0,0,0,0,0,0,0,0,0,0,0,0,0,0,0
180,2,200,2,0,0,0,0,0,0,0,0,0,0,0,0,0,0,0,0
180,2,200,2,0,0,0,0,0,0,0,0,0,0,0,0,0,0,0,0
180,2,200,2,0,0,0,0,0,0,0,0,0,0,0,0,0,0,0,0
180,2,200,2,0,0,0,0,0,0,0,0,0,0,0,0,0,0,0,0
160,1,180,2,200,1,0,0,0,0,0,0,0,0,0,0,0,0,0,0
160,1,180,2,200,1,0,0,0,0,0,0,0,0,0,0,0,0,0,0
160,1,180,2,200,1,0,0,0,0,0,0,0,0,0,0,0,0,0,0
160,1,180,2,200,1,0,0,0,0,0,0,0,0,0,0,0,0,0,0
160,1,180,2,200,1,0,0,0,0,0,0,0,0,0,0,0,0,0,0
160,1,180,2,200,1,0,0,0,0,0,0,0,0,0,0,0,0,0,0
160,1,180,2,200,1,0,0,0,0,0,0,0,0,0,0,0,0,0,0
160,1,180,2,200,1,0,0,0,0,0,0,0,0,0,0,0,0,0,0
160,1,180,2,200,1,0,0,0,0,0,0,0,0,0,0,0,0,0,0
160,1,180,2,200,1,0,0,0,0,0,0,0,0,0,0,0,0,0,0
160,1,180,2,200,1,0,0,0,0,0,0,0,0,0,0,0,0,0,0
160,1,180,2,200,1,0,0,0,0,0,0,0,0,0,0,0,0,0,0
160,1,180,2,200,1,0,0,0,0,0,0,0,0,0,0,0,0,0,0
160,1,180,2,200,1,0,0,0,0,0,0,0,0,0,0,0,0,0,0
120,2,150,2,0,0,0,0,0,0,0,0,0,0,0,0,0,0,0,0
120,2,150,2,0,0,0,0,0,0,0,0,0,0,0,0,0,0,0,0
120,2,150,2,0,0,0,0,0,0,0,0,0,0,0,0,0,0,0,0
120,2,150,2,0,0,0,0,0,0,0,0,0,0,0,0,0,0,0,0
120,2,150,2,0,0,0,0,0,0,0,0,0,0,0,0,0,0,0,0
120,2,150,2,0,0,0,0,0,0,0,0,0,0,0,0,0,0,0,0
120,2,150,2,0,0,0,0,0,0,0,0,0,0,0,0,0,0,0,0
120,2,150,2,0,0,0,0,0,0,0,0,0,0,0,0,0,0,0,0
120,2,150,2,0,0,0,0,0,0,0,0,0,0,0,0,0,0,0,0
120,12,140,2,180,2,0,0,0,0,0,0,0,0,0,0,0,0,0,0
120,12,140,2,180,2,0,0,0,0,0,0,0,0,0,0,0,0,0,0
120,12,140,2,180,2,0,0,0,0,0,0,0,0,0,0,0,0,0,0
120,12,140,2,180,2,0,0,0,0,0,0,0,0,0,0,0,0,0,0
120,12,140,2,180,2,0,0,0,0,0,0,0,0,0,0,0,0,0,0
120,2,150,2,0,0,0,0,0,0,0,0,0,0,0,0,0,0,0,0
120,2,150,2,0,0,0,0,0,0,0,0,0,0,0,0,0,0,0,0
120,2,150,2,0,0,0,0,0,0,0,0,0,0,0,0,0,0,0,0
120,2,150,2,0,0,0,0,0,0,0,0,0,0,0,0,0,0,0,0
120,2,150,2,0,0,0,0,0,0,0,0,0,0,0,0,0,0,0,0
100,2,150,2,0,0,0,0,0,0,0,0,0,0,0,0,0,0,0,0
100,2,150,2,0,0,0,0,0,0,0,0,0,0,0,0,0,0,0,0
100,2,150,2,0,0,0,0,0,0,0,0,0,0,0,0,0,0,0,0
100,2,150,2,0,0,0,0,0,0,0,0,0,0,0,0,0,0,0,0
100,2,150,2,0,0,0,0,0,0,0,0,0,0,0,0,0,0,0,0
105,1,150,2,0,0,0,0,0,0,0,0,0,0,0,0,0,0,0,0
105,1,150,2,0,0,0,0,0,0,0,0,0,0,0,0,0,0,0,0
105,1,150,2,0,0,0,0,0,0,0,0,0,0,0,0,0,0,0,0
105,1,150,2,0,0,0,0,0,0,0,0,0,0,0,0,0,0,0,0
105,1,150,2,0,0,0,0,0,0,0,0,0,0,0,0,0,0,0,0
105,1,150,2,0,0,0,0,0,0,0,0,0,0,0,0,0,0,0,0
105,1,150,2,0,0,0,0,0,0,0,0,0,0,0,0,0,0,0,0
160,1,180,2,200,1,0,0,0,0,0,0,0,0,0,0,0,0,0,0
160,1,180,2,200,1,0,0,0,0,0,0,0,0,0,0,0,0,0,0
160,1,180,2,200,1,0,0,0,0,0,0,0,0,0,0,0,0,0,0
160,1,180,2,200,1,0,0,0,0,0,0,0,0,0,0,0,0,0,0
160,1,180,2,200,1,0,0,0,0,0,0,0,0,0,0,0,0,0,0
160,1,180,2,200,1,0,0,0,0,0,0,0,0,0,0,0,0,0,0
160,1,180,2,200,1,0,0,0,0,0,0,0,0,0,0,0,0,0,0
160,1,180,2,200,1,0,0,0,0,0,0,0,0,0,0,0,0,0,0
160,1,180,2,200,1,0,0,0,0,0,0,0,0,0,0,0,0,0,0
160,2,180,5,0,0,0,0,0,0,0,0,0,0,0,0,0,0,0,0
160,2,180,5,0,0,0,0,0,0,0,0,0,0,0,0,0,0,0,0
160,2,180,5,0,0,0,0,0,0,0,0,0,0,0,0,0,0,0,0
160,2,180,5,0,0,0,0,0,0,0,0,0,0,0,0,0,0,0,0
160,2,180,5,0,0,0,0,0,0,0,0,0,0,0,0,0,0,0,0
160,2,180,5,0,0,0,0,0,0,0,0,0,0,0,0,0,0,0,0
160,2,180,5,0,0,0,0,0,0,0,0,0,0,0,0,0,0,0,0
160,2,180,5,0,0,0,0,0,0,0,0,0,0,0,0,0,0,0,0
160,2,180,5,0,0,0,0,0,0,0,0,0,0,0,0,0,0,0,0
160,2,180,5,0,0,0,0,0,0,0,0,0,0,0,0,0,0,0,0
160,2,180,5,0,0,0,0,0,0,0,0,0,0,0,0,0,0,0,0
160,2,180,5,0,0,0,0,0,0,0,0,0,0,0,0,0,0,0,0
160,2,180,5,0,0,0,0,0,0,0,0,0,0,0,0,0,0,0,0
25,168,0,0,0,0,0,0,0,0,0,0,0,0,0,0,0,0,0,0
25,168,0,0,0,0,0,0,0,0,0,0,0,0,0,0,0,0,0,0
100,2,150,2,0,0,0,0,0,0,0,0,0,0,0,0,0,0,0,0
100,2,150,2,0,0,0,0,0,0,0,0,0,0,0,0,0,0,0,0
100,2,150,2,0,0,0,0,0,0,0,0,0,0,0,0,0,0,0,0
100,2,150,2,0,0,0,0,0,0,0,0,0,0,0,0,0,0,0,0
100,2,150,2,0,0,0,0,0,0,0,0,0,0,0,0,0,0,0,0
120,2,180,2,0,0,0,0,0,0,0,0,0,0,0,0,0,0,0,0
120,2,180,2,0,0,0,0,0,0,0,0,0,0,0,0,0,0,0,0
70,2,140,2,0,0,0,0,0,0,0,0,0,0,0,0,0,0,0,0
120,2,180,2,0,0,0,0,0,0,0,0,0,0,0,0,0,0,0,0
120,2,180,2,0,0,0,0,0,0,0,0,0,0,0,0,0,0,0,0
100,3,150,2,180,2,0,0,0,0,0,0,0,0,0,0,0,0,0,0
100,3,150,2,180,2,0,0,0,0,0,0,0,0,0,0,0,0,0,0
100,3,150,2,180,2,0,0,0,0,0,0,0,0,0,0,0,0,0,0
100,3,150,2,0,0,0,0,0,0,0,0,0,0,0,0,0,0,0,0
120,2,160,2,0,0,0,0,0,0,0,0,0,0,0,0,0,0,0,0
120,2,160,2,0,0,0,0,0,0,0,0,0,0,0,0,0,0,0,0
120,2,160,2,0,0,0,0,0,0,0,0,0,0,0,0,0,0,0,0
120,2,160,2,0,0,0,0,0,0,0,0,0,0,0,0,0,0,0,0
120,2,160,2,0,0,0,0,0,0,0,0,0,0,0,0,0,0,0,0
120,2,160,2,0,0,0,0,0,0,0,0,0,0,0,0,0,0,0,0
120,2,170,4,0,0,0,0,0,0,0,0,0,0,0,0,0,0,0,0
120,2,170,4,0,0,0,0,0,0,0,0,0,0,0,0,0,0,0,0
120,2,170,4,0,0,0,0,0,0,0,0,0,0,0,0,0,0,0,0
120,2,170,4,0,0,0,0,0,0,0,0,0,0,0,0,0,0,0,0
120,2,170,4,0,0,0,0,0,0,0,0,0,0,0,0,0,0,0,0
120,2,170,4,0,0,0,0,0,0,0,0,0,0,0,0,0,0,0,0
120,2,170,4,0,0,0,0,0,0,0,0,0,0,0,0,0,0,0,0
120,2,170,4,0,0,0,0,0,0,0,0,0,0,0,0,0,0,0,0
120,2,170,4,0,0,0,0,0,0,0,0,0,0,0,0,0,0,0,0
120,2,170,4,0,0,0,0,0,0,0,0,0,0,0,0,0,0,0,0
120,3,180,2,0,0,0,0,0,0,0,0,0,0,0,0,0,0,0,0
120,3,180,2,0,0,0,0,0,0,0,0,0,0,0,0,0,0,0,0
100,2,150,3,0,0,0,0,0,0,0,0,0,0,0,0,0,0,0,0
100,2,150,3,0,0,0,0,0,0,0,0,0,0,0,0,0,0,0,0
100,2,150,3,0,0,0,0,0,0,0,0,0,0,0,0,0,0,0,0
100,2,150,3,0,0,0,0,0,0,0,0,0,0,0,0,0,0,0,0
100,2,150,3,0,0,0,0,0,0,0,0,0,0,0,0,0,0,0,0
100,2,150,3,0,0,0,0,0,0,0,0,0,0,0,0,0,0,0,0
80,2,130,8,0,0,0,0,0,0,0,0,0,0,0,0,0,0,0,0
80,2,130,8,0,0,0,0,0,0,0,0,0,0,0,0,0,0,0,0
80,2,130,8,0,0,0,0,0,0,0,0,0,0,0,0,0,0,0,0
80,2,130,8,0,0,0,0,0,0,0,0,0,0,0,0,0,0,0,0
80,2,130,8,0,0,0,0,0,0,0,0,0,0,0,0,0,0,0,0
94,2,120,4,0,0,0,0,0,0,0,0,0,0,0,0,0,0,0,0
120,2,150,4,0,0,0,0,0,0,0,0,0,0,0,0,0,0,0,0
100,2,120,2,150,2,180,2,0,0,0,0,0,0,0,0,0,0,0,0
100,2,120,2,150,2,180,2,0,0,0,0,0,0,0,0,0,0,0,0
100,2,120,2,150,2,180,2,0,0,0,0,0,0,0,0,0,0,0,0
100,2,120,2,150,2,180,2,0,0,0,0,0,0,0,0,0,0,0,0
100,2,120,2,150,2,180,2,0,0,0,0,0,0,0,0,0,0,0,0
100,2,120,2,150,2,180,2,0,0,0,0,0,0,0,0,0,0,0,0
100,2,120,2,150,2,180,2,0,0,0,0,0,0,0,0,0,0,0,0
100,2,120,2,150,2,180,2,0,0,0,0,0,0,0,0,0,0,0,0
120,2,170,4,0,0,0,0,0,0,0,0,0,0,0,0,0,0,0,0
120,2,170,4,0,0,0,0,0,0,0,0,0,0,0,0,0,0,0,0
120,2,170,4,0,0,0,0,0,0,0,0,0,0,0,0,0,0,0,0
120,2,170,4,0,0,0,0,0,0,0,0,0,0,0,0,0,0,0,0
160,1,180,2,200,1,0,0,0,0,0,0,0,0,0,0,0,0,0,0
160,1,180,2,200,1,0,0,0,0,0,0,0,0,0,0,0,0,0,0
160,1,180,2,200,1,0,0,0,0,0,0,0,0,0,0,0,0,0,0
160,1,180,2,200,1,0,0,0,0,0,0,0,0,0,0,0,0,0,0
160,1,180,2,200,1,0,0,0,0,0,0,0,0,0,0,0,0,0,0
120,2,170,4,0,0,0,0,0,0,0,0,0,0,0,0,0,0,0,0
160,1,180,2,200,1,0,0,0,0,0,0,0,0,0,0,0,0,0,0
90,2,130,2,170,0.5,0,0,0,0,0,0,0,0,0,0,0,0,0,0
90,2,130,2,170,0.5,0,0,0,0,0,0,0,0,0,0,0,0,0,0
90,2,130,2,170,0.5,0,0,0,0,0,0,0,0,0,0,0,0,0,0
90,2,130,2,170,0.5,0,0,0,0,0,0,0,0,0,0,0,0,0,0
90,2,130,2,170,0.5,0,0,0,0,0,0,0,0,0,0,0,0,0,0
100,2,150,2,170,0.5,0,0,0,0,0,0,0,0,0,0,0,0,0,0
100,2,150,2,170,0.5,0,0,0,0,0,0,0,0,0,0,0,0,0,0
100,2,150,2,170,0.5,0,0,0,0,0,0,0,0,0,0,0,0,0,0
100,2,150,2,170,0.5,0,0,0,0,0,0,0,0,0,0,0,0,0,0
80,2,120,3,0,0,0,0,0,0,0,0,0,0,0,0,0,0,0,0
80,2,120,3,0,0,0,0,0,0,0,0,0,0,0,0,0,0,0,0
80,2,120,3,0,0,0,0,0,0,0,0,0,0,0,0,0,0,0,0
80,2,120,3,0,0,0,0,0,0,0,0,0,0,0,0,0,0,0,0
25,12,60,2,0,0,0,0,0,0,0,0,0,0,0,0,0,0,0,0
25,12,60,2,0,0,0,0,0,0,0,0,0,0,0,0,0,0,0,0
25,12,60,2,0,0,0,0,0,0,0,0,0,0,0,0,0,0,0,0
25,12,60,2,0,0,0,0,0,0,0,0,0,0,0,0,0,0,0,0
25,12,60,2,0,0,0,0,0,0,0,0,0,0,0,0,0,0,0,0
25,12,60,2,0,0,0,0,0,0,0,0,0,0,0,0,0,0,0,0
120,2,150,2,180,1,0,0,0,0,0,0,0,0,0,0,0,0,0,0
120,2,150,2,180,1,0,0,0,0,0,0,0,0,0,0,0,0,0,0
120,2,150,2,180,1,0,0,0,0,0,0,0,0,0,0,0,0,0,0
120,2,150,2,180,1,0,0,0,0,0,0,0,0,0,0,0,0,0,0
120,2,150,2,180,1,0,0,0,0,0,0,0,0,0,0,0,0,0,0
120,2,140,2,160,2,180,2,0,0,0,0,0,0,0,0,0,0,0,0
120,2,140,2,160,2,180,2,0,0,0,0,0,0,0,0,0,0,0,0
120,2,140,2,160,2,180,2,0,0,0,0,0,0,0,0,0,0,0,0
120,2,140,2,160,2,180,2,0,0,0,0,0,0,0,0,0,0,0,0
120,2,140,2,160,2,180,2,0,0,0,0,0,0,0,0,0,0,0,0
120,2,140,2,160,2,180,2,0,0,0,0,0,0,0,0,0,0,0,0
100,2,150,2,0,0,0,0,0,0,0,0,0,0,0,0,0,0,0,0
100,2,150,2,0,0,0,0,0,0,0,0,0,0,0,0,0,0,0,0
100,2,150,2,0,0,0,0,0,0,0,0,0,0,0,0,0,0,0,0
100,2,150,2,0,0,0,0,0,0,0,0,0,0,0,0,0,0,0,0
100,2,150,2,0,0,0,0,0,0,0,0,0,0,0,0,0,0,0,0
100,2,150,2,0,0,0,0,0,0,0,0,0,0,0,0,0,0,0,0
100,3,150,2,180,2,0,0,0,0,0,0,0,0,0,0,0,0,0,0
100,3,150,2,180,2,0,0,0,0,0,0,0,0,0,0,0,0,0,0
100,3,150,2,180,2,0,0,0,0,0,0,0,0,0,0,0,0,0,0
100,3,150,2,180,2,0,0,0,0,0,0,0,0,0,0,0,0,0,0
100,3,150,2,180,2,0,0,0,0,0,0,0,0,0,0,0,0,0,0
120,2,160,2,0,0,0,0,0,0,0,0,0,0,0,0,0,0,0,0
120,2,160,2,0,0,0,0,0,0,0,0,0,0,0,0,0,0,0,0
120,2,160,2,0,0,0,0,0,0,0,0,0,0,0,0,0,0,0,0
120,2,160,2,0,0,0,0,0,0,0,0,0,0,0,0,0,0,0,0
120,2,160,2,0,0,0,0,0,0,0,0,0,0,0,0,0,0,0,0
120,2,160,2,0,0,0,0,0,0,0,0,0,0,0,0,0,0,0,0
120,2,160,2,0,0,0,0,0,0,0,0,0,0,0,0,0,0,0,0
100,2,150,2,0,0,0,0,0,0,0,0,0,0,0,0,0,0,0,0
100,2,150,2,0,0,0,0,0,0,0,0,0,0,0,0,0,0,0,0
100,2,150,2,0,0,0,0,0,0,0,0,0,0,0,0,0,0,0,0
100,2,150,2,0,0,0,0,0,0,0,0,0,0,0,0,0,0,0,0
100,2,150,2,0,0,0,0,0,0,0,0,0,0,0,0,0,0,0,0
80,2,100,1,150,2,180,2,200,3,0,0,0,0,0,0,0,0,0,0
80,2,100,1,150,2,180,2,200,3,0,0,0,0,0,0,0,0,0,0
80,2,100,1,150,2,180,2,200,3,0,0,0,0,0,0,0,0,0,0
80,2,100,1,150,2,180,2,200,3,0,0,0,0,0,0,0,0,0,0
80,2,100,1,150,2,180,2,200,3,0,0,0,0,0,0,0,0,0,0
80,2,100,1,150,2,180,2,200,3,0,0,0,0,0,0,0,0,0,0
80,2,100,1,150,2,180,2,200,3,0,0,0,0,0,0,0,0,0,0
130,1,150,6,170,1,0,0,0,0,0,0,0,0,0,0,0,0,0,0
130,1,150,6,170,1,0,0,0,0,0,0,0,0,0,0,0,0,0,0
130,1,150,6,170,1,0,0,0,0,0,0,0,0,0,0,0,0,0,0
130,1,150,6,170,1,0,0,0,0,0,0,0,0,0,0,0,0,0,0
130,1,150,6,170,1,0,0,0,0,0,0,0,0,0,0,0,0,0,0
80,1,150,2,180,2,200,2,0,0,0,0,0,0,0,0,0,0,0,0
80,1,150,2,180,2,200,2,0,0,0,0,0,0,0,0,0,0,0,0
80,1,150,2,180,2,200,2,0,0,0,0,0,0,0,0,0,0,0,0
80,1,150,2,180,2,200,2,0,0,0,0,0,0,0,0,0,0,0,0
80,1,150,2,180,2,200,2,0,0,0,0,0,0,0,0,0,0,0,0
80,1,150,2,180,2,200,2,0,0,0,0,0,0,0,0,0,0,0,0
70,3,0,0,0,0,0,0,0,0,0,0,0,0,0,0,0,0,0,0
70,3,0,0,0,0,0,0,0,0,0,0,0,0,0,0,0,0,0,0
70,3,0,0,0,0,0,0,0,0,0,0,0,0,0,0,0,0,0,0
70,3,0,0,0,0,0,0,0,0,0,0,0,0,0,0,0,0,0,0
160,1,180,3,0,0,0,0,0,0,0,0,0,0,0,0,0,0,0,0
160,1,180,3,0,0,0,0,0,0,0,0,0,0,0,0,0,0,0,0
160,1,180,3,0,0,0,0,0,0,0,0,0,0,0,0,0,0,0,0
160,1,180,3,0,0,0,0,0,0,0,0,0,0,0,0,0,0,0,0
160,1,180,3,0,0,0,0,0,0,0,0,0,0,0,0,0,0,0,0
160,1,180,3,0,0,0,0,0,0,0,0,0,0,0,0,0,0,0,0
135,14,160,2,190,2,220,2,0,0,0,0,0,0,0,0,0,0,0,0
135,14,160,2,190,2,220,2,0,0,0,0,0,0,0,0,0,0,0,0
135,14,160,2,190,2,220,2,0,0,0,0,0,0,0,0,0,0,0,0
135,14,160,2,190,2,220,2,0,0,0,0,0,0,0,0,0,0,0,0
135,14,160,2,190,2,220,2,0,0,0,0,0,0,0,0,0,0,0,0
135,14,160,2,190,2,220,2,0,0,0,0,0,0,0,0,0,0,0,0
120,2,170,4,0,0,0,0,0,0,0,0,0,0,0,0,0,0,0,0
120,2,170,4,0,0,0,0,0,0,0,0,0,0,0,0,0,0,0,0
120,2,170,4,0,0,0,0,0,0,0,0,0,0,0,0,0,0,0,0
120,2,170,4,0,0,0,0,0,0,0,0,0,0,0,0,0,0,0,0
120,2,160,2,0,0,0,0,0,0,0,0,0,0,0,0,0,0,0,0
120,2,160,2,0,0,0,0,0,0,0,0,0,0,0,0,0,0,0,0
120,2,160,2,0,0,0,0,0,0,0,0,0,0,0,0,0,0,0,0
120,2,160,2,0,0,0,0,0,0,0,0,0,0,0,0,0,0,0,0
120,2,160,2,0,0,0,0,0,0,0,0,0,0,0,0,0,0,0,0
120,2,160,2,0,0,0,0,0,0,0,0,0,0,0,0,0,0,0,0
120,2,160,2,0,0,0,0,0,0,0,0,0,0,0,0,0,0,0,0
120,2,160,2,0,0,0,0,0,0,0,0,0,0,0,0,0,0,0,0
120,2,160,2,0,0,0,0,0,0,0,0,0,0,0,0,0,0,0,0
80,2,110,1,150,2,180,2,200,3,0,0,0,0,0,0,0,0,0,0
80,2,110,1,150,2,180,2,200,3,0,0,0,0,0,0,0,0,0,0
80,2,110,1,150,2,180,2,200,3,0,0,0,0,0,0,0,0,0,0
80,2,110,1,150,2,180,2,200,3,0,0,0,0,0,0,0,0,0,0
80,2,110,1,150,2,180,2,200,3,0,0,0,0,0,0,0,0,0,0
80,2,110,1,150,2,180,2,200,3,0,0,0,0,0,0,0,0,0,0
80,2,110,1,150,2,180,2,200,3,0,0,0,0,0,0,0,0,0,0
136,2,150,4,0,0,0,0,0,0,0,0,0,0,0,0,0,0,0,0
136,2,150,4,0,0,0,0,0,0,0,0,0,0,0,0,0,0,0,0
136,2,150,4,0,0,0,0,0,0,0,0,0,0,0,0,0,0,0,0
136,2,150,4,0,0,0,0,0,0,0,0,0,0,0,0,0,0,0,0
120,2,170,4,0,0,0,0,0,0,0,0,0,0,0,0,0,0,0,0
120,2,170,4,0,0,0,0,0,0,0,0,0,0,0,0,0,0,0,0
120,2,170,4,0,0,0,0,0,0,0,0,0,0,0,0,0,0,0,0
120,2,170,4,0,0,0,0,0,0,0,0,0,0,0,0,0,0,0,0
120,2,170,4,0,0,0,0,0,0,0,0,0,0,0,0,0,0,0,0
120,2,170,4,0,0,0,0,0,0,0,0,0,0,0,0,0,0,0,0
120,2,170,4,0,0,0,0,0,0,0,0,0,0,0,0,0,0,0,0
120,2,170,4,0,0,0,0,0,0,0,0,0,0,0,0,0,0,0,0
100,5,150,15,0,0,0,0,0,0,0,0,0,0,0,0,0,0,0,0
100,5,150,15,0,0,0,0,0,0,0,0,0,0,0,0,0,0,0,0
100,5,150,15,0,0,0,0,0,0,0,0,0,0,0,0,0,0,0,0
100,5,150,15,0,0,0,0,0,0,0,0,0,0,0,0,0,0,0,0
100,5,150,15,0,0,0,0,0,0,0,0,0,0,0,0,0,0,0,0
100,5,150,15,0,0,0,0,0,0,0,0,0,0,0,0,0,0,0,0
120,2,150,2,0,0,0,0,0,0,0,0,0,0,0,0,0,0,0,0
120,2,150,2,0,0,0,0,0,0,0,0,0,0,0,0,0,0,0,0
120,2,150,2,0,0,0,0,0,0,0,0,0,0,0,0,0,0,0,0
120,2,150,2,0,0,0,0,0,0,0,0,0,0,0,0,0,0,0,0
150,2,180,2,0,0,0,0,0,0,0,0,0,0,0,0,0,0,0,0
150,2,180,2,0,0,0,0,0,0,0,0,0,0,0,0,0,0,0,0
150,2,180,2,0,0,0,0,0,0,0,0,0,0,0,0,0,0,0,0
150,2,180,2,0,0,0,0,0,0,0,0,0,0,0,0,0,0,0,0
150,2,180,2,0,0,0,0,0,0,0,0,0,0,0,0,0,0,0,0
90,1.5,120,2,155,2.5,0,0,0,0,0,0,0,0,0,0,0,0,0,0
90,1.5,120,2,155,2.5,0,0,0,0,0,0,0,0,0,0,0,0,0,0
90,1.5,120,2,155,2.5,0,0,0,0,0,0,0,0,0,0,0,0,0,0
90,1.5,120,2,155,2.5,0,0,0,0,0,0,0,0,0,0,0,0,0,0
160,1,180,2,200,1,0,0,0,0,0,0,0,0,0,0,0,0,0,0
160,1,180,2,200,1,0,0,0,0,0,0,0,0,0,0,0,0,0,0
160,1,180,2,200,1,0,0,0,0,0,0,0,0,0,0,0,0,0,0
160,1,180,2,200,1,0,0,0,0,0,0,0,0,0,0,0,0,0,0
160,1,180,2,200,1,0,0,0,0,0,0,0,0,0,0,0,0,0,0
160,1,180,2,200,1,0,0,0,0,0,0,0,0,0,0,0,0,0,0
160,1,180,2,200,1,0,0,0,0,0,0,0,0,0,0,0,0,0,0
160,1,180,2,200,1,0,0,0,0,0,0,0,0,0,0,0,0,0,0
160,1,180,2,200,1,0,0,0,0,0,0,0,0,0,0,0,0,0,0
160,1,180,2,200,1,0,0,0,0,0,0,0,0,0,0,0,0,0,0
160,1,180,2,200,1,0,0,0,0,0,0,0,0,0,0,0,0,0,0
160,1,180,2,200,1,0,0,0,0,0,0,0,0,0,0,0,0,0,0
160,2,180,4,200,2,0,0,0,0,0,0,0,0,0,0,0,0,0,0
160,2,180,4,200,2,0,0,0,0,0,0,0,0,0,0,0,0,0,0
160,2,180,4,200,2,0,0,0,0,0,0,0,0,0,0,0,0,0,0
160,2,180,4,200,2,0,0,0,0,0,0,0,0,0,0,0,0,0,0
160,2,180,4,200,2,0,0,0,0,0,0,0,0,0,0,0,0,0,0
160,2,180,5,0,0,0,0,0,0,0,0,0,0,0,0,0,0,0,0
90,2,130,2,0,0,0,0,0,0,0,0,0,0,0,0,0,0,0,0
90,2,130,2,0,0,0,0,0,0,0,0,0,0,0,0,0,0,0,0
90,2,130,2,0,0,0,0,0,0,0,0,0,0,0,0,0,0,0,0
90,2,130,2,0,0,0,0,0,0,0,0,0,0,0,0,0,0,0,0
150,3,180,5,0,0,0,0,0,0,0,0,0,0,0,0,0,0,0,0
150,3,180,5,0,0,0,0,0,0,0,0,0,0,0,0,0,0,0,0
150,3,180,5,0,0,0,0,0,0,0,0,0,0,0,0,0,0,0,0
150,3,180,5,0,0,0,0,0,0,0,0,0,0,0,0,0,0,0,0
150,3,180,5,0,0,0,0,0,0,0,0,0,0,0,0,0,0,0,0
150,3,180,5,0,0,0,0,0,0,0,0,0,0,0,0,0,0,0,0
150,3,180,5,0,0,0,0,0,0,0,0,0,0,0,0,0,0,0,0
160,2,180,5,0,0,0,0,0,0,0,0,0,0,0,0,0,0,0,0
160,2,180,5,0,0,0,0,0,0,0,0,0,0,0,0,0,0,0,0
160,2,180,5,0,0,0,0,0,0,0,0,0,0,0,0,0,0,0,0
160,2,180,5,0,0,0,0,0,0,0,0,0,0,0,0,0,0,0,0
160,2,180,5,0,0,0,0,0,0,0,0,0,0,0,0,0,0,0,0
160,2,180,5,0,0,0,0,0,0,0,0,0,0,0,0,0,0,0,0
100,2,150,3,0,0,0,0,0,0,0,0,0,0,0,0,0,0,0,0
100,2,150,3,0,0,0,0,0,0,0,0,0,0,0,0,0,0,0,0
100,2,150,3,0,0,0,0,0,0,0,0,0,0,0,0,0,0,0,0
100,2,150,3,0,0,0,0,0,0,0,0,0,0,0,0,0,0,0,0
100,2,150,3,0,0,0,0,0,0,0,0,0,0,0,0,0,0,0,0
100,2,150,3,0,0,0,0,0,0,0,0,0,0,0,0,0,0,0,0
160,2,180,4,0,0,0,0,0,0,0,0,0,0,0,0,0,0,0,0
160,2,180,4,0,0,0,0,0,0,0,0,0,0,0,0,0,0,0,0
160,2,180,4,0,0,0,0,0,0,0,0,0,0,0,0,0,0,0,0
160,2,180,4,0,0,0,0,0,0,0,0,0,0,0,0,0,0,0,0
160,2,180,4,0,0,0,0,0,0,0,0,0,0,0,0,0,0,0,0
160,2,180,4,0,0,0,0,0,0,0,0,0,0,0,0,0,0,0,0
80,4,150,10,0,0,0,0,0,0,0,0,0,0,0,0,0,0,0,0
80,4,150,10,0,0,0,0,0,0,0,0,0,0,0,0,0,0,0,0
80,4,150,10,0,0,0,0,0,0,0,0,0,0,0,0,0,0,0,0
80,4,150,10,0,0,0,0,0,0,0,0,0,0,0,0,0,0,0,0
80,4,150,10,0,0,0,0,0,0,0,0,0,0,0,0,0,0,0,0
80,4,150,10,0,0,0,0,0,0,0,0,0,0,0,0,0,0,0,0
80,4,150,10,0,0,0,0,0,0,0,0,0,0,0,0,0,0,0,0
120,2,170,4,0,0,0,0,0,0,0,0,0,0,0,0,0,0,0,0
120,2,170,4,0,0,0,0,0,0,0,0,0,0,0,0,0,0,0,0
120,2,170,4,0,0,0,0,0,0,0,0,0,0,0,0,0,0,0,0
120,2,170,4,0,0,0,0,0,0,0,0,0,0,0,0,0,0,0,0
120,2,170,4,0,0,0,0,0,0,0,0,0,0,0,0,0,0,0,0
120,2,170,4,0,0,0,0,0,0,0,0,0,0,0,0,0,0,0,0
150,3,180,5,0,0,0,0,0,0,0,0,0,0,0,0,0,0,0,0
120,2,170,4,0,0,0,0,0,0,0,0,0,0,0,0,0,0,0,0
80,2,150,3,0,0,0,0,0,0,0,0,0,0,0,0,0,0,0,0
150,3,180,5,0,0,0,0,0,0,0,0,0,0,0,0,0,0,0,0
150,3,180,5,0,0,0,0,0,0,0,0,0,0,0,0,0,0,0,0
150,3,180,5,0,0,0,0,0,0,0,0,0,0,0,0,0,0,0,0
150,3,180,5,0,0,0,0,0,0,0,0,0,0,0,0,0,0,0,0
150,3,180,5,0,0,0,0,0,0,0,0,0,0,0,0,0,0,0,0
150,3,180,5,0,0,0,0,0,0,0,0,0,0,0,0,0,0,0,0
80,2,150,3,0,0,0,0,0,0,0,0,0,0,0,0,0,0,0,0
80,2,150,3,0,0,0,0,0,0,0,0,0,0,0,0,0,0,0,0
80,2,150,3,0,0,0,0,0,0,0,0,0,0,0,0,0,0,0,0
80,2,150,3,0,0,0,0,0,0,0,0,0,0,0,0,0,0,0,0
80,2,150,3,0,0,0,0,0,0,0,0,0,0,0,0,0,0,0,0
80,2,150,3,0,0,0,0,0,0,0,0,0,0,0,0,0,0,0,0
110,2,140,2,160,3,0,0,0,0,0,0,0,0,0,0,0,0,0,0
110,2,140,2,160,3,0,0,0,0,0,0,0,0,0,0,0,0,0,0
110,2,140,2,160,3,0,0,0,0,0,0,0,0,0,0,0,0,0,0
110,2,140,2,160,3,0,0,0,0,0,0,0,0,0,0,0,0,0,0
150,3,180,2,0,0,0,0,0,0,0,0,0,0,0,0,0,0,0,0
150,3,180,2,0,0,0,0,0,0,0,0,0,0,0,0,0,0,0,0
150,3,180,2,0,0,0,0,0,0,0,0,0,0,0,0,0,0,0,0
150,3,180,2,0,0,0,0,0,0,0,0,0,0,0,0,0,0,0,0
80,2,120,2,0,0,0,0,0,0,0,0,0,0,0,0,0,0,0,0
80,2,120,2,0,0,0,0,0,0,0,0,0,0,0,0,0,0,0,0
80,2,120,2,0,0,0,0,0,0,0,0,0,0,0,0,0,0,0,0
80,2,120,2,0,0,0,0,0,0,0,0,0,0,0,0,0,0,0,0
80,2,120,2,0,0,0,0,0,0,0,0,0,0,0,0,0,0,0,0
80,2,120,2,0,0,0,0,0,0,0,0,0,0,0,0,0,0,0,0
80,1,100,1,120,1,150,3,180,2,0,0,0,0,0,0,0,0,0,0
80,1,100,1,120,1,150,3,180,2,0,0,0,0,0,0,0,0,0,0
80,1,100,1,120,1,150,3,180,2,0,0,0,0,0,0,0,0,0,0
80,1,100,1,120,1,150,3,180,2,0,0,0,0,0,0,0,0,0,0
120,2,150,2,180,2,0,0,0,0,0,0,0,0,0,0,0,0,0,0
120,2,150,2,180,2,0,0,0,0,0,0,0,0,0,0,0,0,0,0
120,2,150,2,180,2,0,0,0,0,0,0,0,0,0,0,0,0,0,0
120,2,150,2,180,2,0,0,0,0,0,0,0,0,0,0,0,0,0,0
120,2,150,2,180,2,0,0,0,0,0,0,0,0,0,0,0,0,0,0
120,2,150,2,180,2,0,0,0,0,0,0,0,0,0,0,0,0,0,0
120,2,150,2,180,2,0,0,0,0,0,0,0,0,0,0,0,0,0,0
120,2,150,2,180,2,0,0,0,0,0,0,0,0,0,0,0,0,0,0
120,2,150,2,180,2,0,0,0,0,0,0,0,0,0,0,0,0,0,0
120,2,150,2,180,2,0,0,0,0,0,0,0,0,0,0,0,0,0,0
160,2,180,5,0,0,0,0,0,0,0,0,0,0,0,0,0,0,0,0
160,2,180,5,0,0,0,0,0,0,0,0,0,0,0,0,0,0,0,0
160,2,180,5,0,0,0,0,0,0,0,0,0,0,0,0,0,0,0,0
160,2,180,5,0,0,0,0,0,0,0,0,0,0,0,0,0,0,0,0
160,2,180,5,0,0,0,0,0,0,0,0,0,0,0,0,0,0,0,0
160,2,180,5,0,0,0,0,0,0,0,0,0,0,0,0,0,0,0,0
160,2,180,5,0,0,0,0,0,0,0,0,0,0,0,0,0,0,0,0
160,2,180,5,0,0,0,0,0,0,0,0,0,0,0,0,0,0,0,0
80,2,120,2,0,0,0,0,0,0,0,0,0,0,0,0,0,0,0,0
80,2,120,2,0,0,0,0,0,0,0,0,0,0,0,0,0,0,0,0
80,2,120,2,0,0,0,0,0,0,0,0,0,0,0,0,0,0,0,0
80,2,120,2,0,0,0,0,0,0,0,0,0,0,0,0,0,0,0,0
80,2,120,2,0,0,0,0,0,0,0,0,0,0,0,0,0,0,0,0
80,2,110,1,150,2,180,2,200,2,0,0,0,0,0,0,0,0,0,0
80,2,110,1,150,2,180,2,200,2,0,0,0,0,0,0,0,0,0,0
80,2,110,1,150,2,180,2,200,2,0,0,0,0,0,0,0,0,0,0
80,2,110,1,150,2,180,2,200,2,0,0,0,0,0,0,0,0,0,0
80,2,110,1,150,2,180,2,200,2,0,0,0,0,0,0,0,0,0,0
80,2,110,1,150,2,180,2,200,2,0,0,0,0,0,0,0,0,0,0
80,2,110,1,150,2,180,2,200,2,0,0,0,0,0,0,0,0,0,0
120,3,170,4,0,0,0,0,0,0,0,0,0,0,0,0,0,0,0,0
120,3,170,4,0,0,0,0,0,0,0,0,0,0,0,0,0,0,0,0
120,3,170,4,0,0,0,0,0,0,0,0,0,0,0,0,0,0,0,0
120,3,170,4,0,0,0,0,0,0,0,0,0,0,0,0,0,0,0,0
120,3,170,4,0,0,0,0,0,0,0,0,0,0,0,0,0,0,0,0
120,3,170,4,0,0,0,0,0,0,0,0,0,0,0,0,0,0,0,0
105,2,150,2,0,0,0,0,0,0,0,0,0,0,0,0,0,0,0,0
105,2,150,2,0,0,0,0,0,0,0,0,0,0,0,0,0,0,0,0
105,2,150,2,0,0,0,0,0,0,0,0,0,0,0,0,0,0,0,0
105,2,150,2,0,0,0,0,0,0,0,0,0,0,0,0,0,0,0,0
105,2,150,2,0,0,0,0,0,0,0,0,0,0,0,0,0,0,0,0
105,2,150,2,0,0,0,0,0,0,0,0,0,0,0,0,0,0,0,0
105,2,150,2,0,0,0,0,0,0,0,0,0,0,0,0,0,0,0,0
105,2,150,2,0,0,0,0,0,0,0,0,0,0,0,0,0,0,0,0
100,2,130,2,160,4,0,0,0,0,0,0,0,0,0,0,0,0,0,0
100,2,130,2,160,4,0,0,0,0,0,0,0,0,0,0,0,0,0,0
100,2,130,2,160,4,0,0,0,0,0,0,0,0,0,0,0,0,0,0
100,2,130,2,160,4,0,0,0,0,0,0,0,0,0,0,0,0,0,0
100,2,130,2,160,4,0,0,0,0,0,0,0,0,0,0,0,0,0,0
120,2,150,2,180,2,0,0,0,0,0,0,0,0,0,0,0,0,0,0
120,2,150,2,180,2,0,0,0,0,0,0,0,0,0,0,0,0,0,0
120,2,150,2,180,2,0,0,0,0,0,0,0,0,0,0,0,0,0,0
120,2,150,2,180,2,0,0,0,0,0,0,0,0,0,0,0,0,0,0
170,1,180,1,200,2,0,0,0,0,0,0,0,0,0,0,0,0,0,0
170,1,180,1,200,2,0,0,0,0,0,0,0,0,0,0,0,0,0,0
170,1,180,1,200,2,0,0,0,0,0,0,0,0,0,0,0,0,0,0
170,1,180,1,200,2,0,0,0,0,0,0,0,0,0,0,0,0,0,0
100,2,160,2,210,4,0,0,0,0,0,0,0,0,0,0,0,0,0,0
100,2,160,2,210,4,0,0,0,0,0,0,0,0,0,0,0,0,0,0
100,2,160,2,210,4,0,0,0,0,0,0,0,0,0,0,0,0,0,0
100,2,160,2,210,4,0,0,0,0,0,0,0,0,0,0,0,0,0,0
100,2,160,2,210,4,0,0,0,0,0,0,0,0,0,0,0,0,0,0
100,2,160,2,210,4,0,0,0,0,0,0,0,0,0,0,0,0,0,0
100,2,160,2,210,4,0,0,0,0,0,0,0,0,0,0,0,0,0,0
120,4,150,4,0,0,0,0,0,0,0,0,0,0,0,0,0,0,0,0
120,4,150,4,0,0,0,0,0,0,0,0,0,0,0,0,0,0,0,0
120,4,150,4,0,0,0,0,0,0,0,0,0,0,0,0,0,0,0,0
120,4,150,4,0,0,0,0,0,0,0,0,0,0,0,0,0,0,0,0
150,3,180,5,0,0,0,0,0,0,0,0,0,0,0,0,0,0,0,0
150,3,180,5,0,0,0,0,0,0,0,0,0,0,0,0,0,0,0,0
150,3,180,5,0,0,0,0,0,0,0,0,0,0,0,0,0,0,0,0
150,3,180,5,0,0,0,0,0,0,0,0,0,0,0,0,0,0,0,0
150,3,180,5,0,0,0,0,0,0,0,0,0,0,0,0,0,0,0,0
150,2,180,3,0,0,0,0,0,0,0,0,0,0,0,0,0,0,0,0
150,2,180,3,0,0,0,0,0,0,0,0,0,0,0,0,0,0,0,0
150,2,180,3,0,0,0,0,0,0,0,0,0,0,0,0,0,0,0,0
150,2,180,3,0,0,0,0,0,0,0,0,0,0,0,0,0,0,0,0
150,2,180,3,0,0,0,0,0,0,0,0,0,0,0,0,0,0,0,0
150,2,180,3,0,0,0,0,0,0,0,0,0,0,0,0,0,0,0,0
150,2,180,3,0,0,0,0,0,0,0,0,0,0,0,0,0,0,0,0
150,2,180,3,0,0,0,0,0,0,0,0,0,0,0,0,0,0,0,0
150,2,180,3,0,0,0,0,0,0,0,0,0,0,0,0,0,0,0,0
150,2,180,3,0,0,0,0,0,0,0,0,0,0,0,0,0,0,0,0
150,2,180,3,0,0,0,0,0,0,0,0,0,0,0,0,0,0,0,0
150,2,180,3,0,0,0,0,0,0,0,0,0,0,0,0,0,0,0,0
150,2,180,3,0,0,0,0,0,0,0,0,0,0,0,0,0,0,0,0
150,2,180,3,0,0,0,0,0,0,0,0,0,0,0,0,0,0,0,0
150,2,180,3,0,0,0,0,0,0,0,0,0,0,0,0,0,0,0,0
110,1,130,1,200,2,0,0,0,0,0,0,0,0,0,0,0,0,0,0
110,1,130,1,200,2,0,0,0,0,0,0,0,0,0,0,0,0,0,0
110,1,130,1,200,2,0,0,0,0,0,0,0,0,0,0,0,0,0,0
110,1,130,1,200,2,0,0,0,0,0,0,0,0,0,0,0,0,0,0
110,1,130,1,200,2,0,0,0,0,0,0,0,0,0,0,0,0,0,0
110,1,130,1,200,2,0,0,0,0,0,0,0,0,0,0,0,0,0,0
110,1,130,1,200,2,0,0,0,0,0,0,0,0,0,0,0,0,0,0
100,2,160,2,0,0,0,0,0,0,0,0,0,0,0,0,0,0,0,0
100,2,160,2,0,0,0,0,0,0,0,0,0,0,0,0,0,0,0,0
100,2,160,2,0,0,0,0,0,0,0,0,0,0,0,0,0,0,0,0
100,2,160,2,0,0,0,0,0,0,0,0,0,0,0,0,0,0,0,0
100,8,170,4,0,0,0,0,0,0,0,0,0,0,0,0,0,0,0,0
100,8,170,4,0,0,0,0,0,0,0,0,0,0,0,0,0,0,0,0
100,8,170,4,0,0,0,0,0,0,0,0,0,0,0,0,0,0,0,0
100,8,170,4,0,0,0,0,0,0,0,0,0,0,0,0,0,0,0,0
100,8,170,4,0,0,0,0,0,0,0,0,0,0,0,0,0,0,0,0
100,2,0,0,0,0,0,0,0,0,0,0,0,0,0,0,0,0,0,0
25,48,90,2,0,0,0,0,0,0,0,0,0,0,0,0,0,0,0,0
25,48,90,2,0,0,0,0,0,0,0,0,0,0,0,0,0,0,0,0
25,48,90,2,0,0,0,0,0,0,0,0,0,0,0,0,0,0,0,0
25,48,90,2,0,0,0,0,0,0,0,0,0,0,0,0,0,0,0,0
25,48,90,2,0,0,0,0,0,0,0,0,0,0,0,0,0,0,0,0
120,2,130,6,0,0,0,0,0,0,0,0,0,0,0,0,0,0,0,0
120,2,130,6,0,0,0,0,0,0,0,0,0,0,0,0,0,0,0,0
120,2,130,6,0,0,0,0,0,0,0,0,0,0,0,0,0,0,0,0
120,2,130,6,0,0,0,0,0,0,0,0,0,0,0,0,0,0,0,0
120,4,150,6,0,0,0,0,0,0,0,0,0,0,0,0,0,0,0,0
120,4,150,6,0,0,0,0,0,0,0,0,0,0,0,0,0,0,0,0
120,4,150,6,0,0,0,0,0,0,0,0,0,0,0,0,0,0,0,0
120,4,150,6,0,0,0,0,0,0,0,0,0,0,0,0,0,0,0,0
120,4,150,6,0,0,0,0,0,0,0,0,0,0,0,0,0,0,0,0
120,4,150,6,0,0,0,0,0,0,0,0,0,0,0,0,0,0,0,0
150,3,180,5,0,0,0,0,0,0,0,0,0,0,0,0,0,0,0,0
150,3,180,5,0,0,0,0,0,0,0,0,0,0,0,0,0,0,0,0
150,3,180,5,0,0,0,0,0,0,0,0,0,0,0,0,0,0,0,0
150,3,180,5,0,0,0,0,0,0,0,0,0,0,0,0,0,0,0,0
150,3,180,5,0,0,0,0,0,0,0,0,0,0,0,0,0,0,0,0
120,2,150,2,180,1,0,0,0,0,0,0,0,0,0,0,0,0,0,0
120,2,150,2,180,1,0,0,0,0,0,0,0,0,0,0,0,0,0,0
120,2,150,2,180,1,0,0,0,0,0,0,0,0,0,0,0,0,0,0
120,2,150,2,180,1,0,0,0,0,0,0,0,0,0,0,0,0,0,0
120,2,150,2,180,1,0,0,0,0,0,0,0,0,0,0,0,0,0,0
120,2,150,2,180,1,0,0,0,0,0,0,0,0,0,0,0,0,0,0
150,2,190,2,0,0,0,0,0,0,0,0,0,0,0,0,0,0,0,0
150,2,190,2,0,0,0,0,0,0,0,0,0,0,0,0,0,0,0,0
150,2,190,2,0,0,0,0,0,0,0,0,0,0,0,0,0,0,0,0
150,2,190,2,0,0,0,0,0,0,0,0,0,0,0,0,0,0,0,0
150,2,190,2,0,0,0,0,0,0,0,0,0,0,0,0,0,0,0,0
90,0.5,150,0.5,0,0,0,0,0,0,0,0,0,0,0,0,0,0,0,0
90,0.5,150,0.5,0,0,0,0,0,0,0,0,0,0,0,0,0,0,0,0
90,2,0,0,0,0,0,0,0,0,0,0,0,0,0,0,0,0,0,0
90,2,0,0,0,0,0,0,0,0,0,0,0,0,0,0,0,0,0,0
90,2,0,0,0,0,0,0,0,0,0,0,0,0,0,0,0,0,0,0
90,2,0,0,0,0,0,0,0,0,0,0,0,0,0,0,0,0,0,0
90,2,0,0,0,0,0,0,0,0,0,0,0,0,0,0,0,0,0,0
90,2,0,0,0,0,0,0,0,0,0,0,0,0,0,0,0,0,0,0
100,2,150,2,0,0,0,0,0,0,0,0,0,0,0,0,0,0,0,0
100,2,150,2,0,0,0,0,0,0,0,0,0,0,0,0,0,0,0,0
100,2,150,2,0,0,0,0,0,0,0,0,0,0,0,0,0,0,0,0
100,2,150,2,0,0,0,0,0,0,0,0,0,0,0,0,0,0,0,0
100,2,150,2,0,0,0,0,0,0,0,0,0,0,0,0,0,0,0,0
100,2,150,2,0,0,0,0,0,0,0,0,0,0,0,0,0,0,0,0
100,2,150,2,0,0,0,0,0,0,0,0,0,0,0,0,0,0,0,0
100,2,150,2,0,0,0,0,0,0,0,0,0,0,0,0,0,0,0,0
100,2,150,2,0,0,0,0,0,0,0,0,0,0,0,0,0,0,0,0
100,2,150,2,0,0,0,0,0,0,0,0,0,0,0,0,0,0,0,0
100,2,150,2,0,0,0,0,0,0,0,0,0,0,0,0,0,0,0,0
100,2,150,2,0,0,0,0,0,0,0,0,0,0,0,0,0,0,0,0
120,2,150,3,180,1,0,0,0,0,0,0,0,0,0,0,0,0,0,0
120,2,150,3,180,1,0,0,0,0,0,0,0,0,0,0,0,0,0,0
120,2,150,3,180,1,0,0,0,0,0,0,0,0,0,0,0,0,0,0
120,2,150,3,180,1,0,0,0,0,0,0,0,0,0,0,0,0,0,0
120,2,150,3,180,1,0,0,0,0,0,0,0,0,0,0,0,0,0,0
180,2,0,0,0,0,0,0,0,0,0,0,0,0,0,0,0,0,0,0
60,1,0,0,0,0,0,0,0,0,0,0,0,0,0,0,0,0,0,0
60,1,0,0,0,0,0,0,0,0,0,0,0,0,0,0,0,0,0,0
60,1,0,0,0,0,0,0,0,0,0,0,0,0,0,0,0,0,0,0
60,1,0,0,0,0,0,0,0,0,0,0,0,0,0,0,0,0,0,0
150,3,180,5,0,0,0,0,0,0,0,0,0,0,0,0,0,0,0,0
150,3,180,5,0,0,0,0,0,0,0,0,0,0,0,0,0,0,0,0
150,3,180,5,0,0,0,0,0,0,0,0,0,0,0,0,0,0,0,0
150,3,180,5,0,0,0,0,0,0,0,0,0,0,0,0,0,0,0,0
150,3,180,5,0,0,0,0,0,0,0,0,0,0,0,0,0,0,0,0
150,3,180,5,0,0,0,0,0,0,0,0,0,0,0,0,0,0,0,0
150,3,180,5,0,0,0,0,0,0,0,0,0,0,0,0,0,0,0,0
140,2,180,2,0,0,0,0,0,0,0,0,0,0,0,0,0,0,0,0
140,2,180,2,0,0,0,0,0,0,0,0,0,0,0,0,0,0,0,0
140,2,180,2,0,0,0,0,0,0,0,0,0,0,0,0,0,0,0,0
140,2,180,2,0,0,0,0,0,0,0,0,0,0,0,0,0,0,0,0
140,2,180,2,0,0,0,0,0,0,0,0,0,0,0,0,0,0,0,0
140,2,180,2,0,0,0,0,0,0,0,0,0,0,0,0,0,0,0,0
140,2,180,2,0,0,0,0,0,0,0,0,0,0,0,0,0,0,0,0
140,2,180,2,0,0,0,0,0,0,0,0,0,0,0,0,0,0,0,0
140,2,180,2,0,0,0,0,0,0,0,0,0,0,0,0,0,0,0,0
140,2,180,2,0,0,0,0,0,0,0,0,0,0,0,0,0,0,0,0
140,2,180,2,0,0,0,0,0,0,0,0,0,0,0,0,0,0,0,0
140,2,180,2,0,0,0,0,0,0,0,0,0,0,0,0,0,0,0,0
140,2,180,2,0,0,0,0,0,0,0,0,0,0,0,0,0,0,0,0
60,1,0,0,0,0,0,0,0,0,0,0,0,0,0,0,0,0,0,0
60,1,0,0,0,0,0,0,0,0,0,0,0,0,0,0,0,0,0,0
60,1,0,0,0,0,0,0,0,0,0,0,0,0,0,0,0,0,0,0
60,1,0,0,0,0,0,0,0,0,0,0,0,0,0,0,0,0,0,0
100,2,150,2,0,0,0,0,0,0,0,0,0,0,0,0,0,0,0,0
100,2,150,2,0,0,0,0,0,0,0,0,0,0,0,0,0,0,0,0
100,2,150,2,0,0,0,0,0,0,0,0,0,0,0,0,0,0,0,0
100,2,150,2,0,0,0,0,0,0,0,0,0,0,0,0,0,0,0,0
150,2,180,2,200,1,0,0,0,0,0,0,0,0,0,0,0,0,0,0
150,2,180,2,200,1,0,0,0,0,0,0,0,0,0,0,0,0,0,0
150,2,180,2,200,1,0,0,0,0,0,0,0,0,0,0,0,0,0,0
150,2,180,2,200,1,0,0,0,0,0,0,0,0,0,0,0,0,0,0
150,2,180,2,200,1,0,0,0,0,0,0,0,0,0,0,0,0,0,0
150,2,180,2,200,1,0,0,0,0,0,0,0,0,0,0,0,0,0,0
150,2,180,2,200,1,0,0,0,0,0,0,0,0,0,0,0,0,0,0
100,2,0,0,0,0,0,0,0,0,0,0,0,0,0,0,0,0,0,0
100,2,0,0,0,0,0,0,0,0,0,0,0,0,0,0,0,0,0,0
100,2,0,0,0,0,0,0,0,0,0,0,0,0,0,0,0,0,0,0
100,2,0,0,0,0,0,0,0,0,0,0,0,0,0,0,0,0,0,0
100,2,0,0,0,0,0,0,0,0,0,0,0,0,0,0,0,0,0,0
60,4,0,0,0,0,0,0,0,0,0,0,0,0,0,0,0,0,0,1
60,4,0,0,0,0,0,0,0,0,0,0,0,0,0,0,0,0,0,1
60,4,0,0,0,0,0,0,0,0,0,0,0,0,0,0,0,0,0,1
60,4,0,0,0,0,0,0,0,0,0,0,0,0,0,0,0,0,0,1
140,5,180,4,0,0,0,0,0,0,0,0,0,0,0,0,0,0,0,0
140,5,180,4,0,0,0,0,0,0,0,0,0,0,0,0,0,0,0,0
140,5,180,4,0,0,0,0,0,0,0,0,0,0,0,0,0,0,0,0
140,5,180,4,0,0,0,0,0,0,0,0,0,0,0,0,0,0,0,0
140,5,180,4,0,0,0,0,0,0,0,0,0,0,0,0,0,0,0,0
140,5,180,4,0,0,0,0,0,0,0,0,0,0,0,0,0,0,0,0
80,5,120,2,0,0,0,0,0,0,0,0,0,0,0,0,0,0,0,0
80,5,120,2,0,0,0,0,0,0,0,0,0,0,0,0,0,0,0,0
80,5,120,2,0,0,0,0,0,0,0,0,0,0,0,0,0,0,0,0
80,5,120,2,0,0,0,0,0,0,0,0,0,0,0,0,0,0,0,0
80,5,120,2,0,0,0,0,0,0,0,0,0,0,0,0,0,0,0,0
80,5,120,2,0,0,0,0,0,0,0,0,0,0,0,0,0,0,0,0
80,5,120,2,0,0,0,0,0,0,0,0,0,0,0,0,0,0,0,0
80,5,120,2,0,0,0,0,0,0,0,0,0,0,0,0,0,0,0,0
140,2,200,2,0,0,0,0,0,0,0,0,0,0,0,0,0,0,0,0
140,2,200,2,0,0,0,0,0,0,0,0,0,0,0,0,0,0,0,0
140,2,200,2,0,0,0,0,0,0,0,0,0,0,0,0,0,0,0,0
140,2,200,2,0,0,0,0,0,0,0,0,0,0,0,0,0,0,0,0
140,2,200,2,0,0,0,0,0,0,0,0,0,0,0,0,0,0,0,0
140,2,200,2,0,0,0,0,0,0,0,0,0,0,0,0,0,0,0,0
140,2,200,2,0,0,0,0,0,0,0,0,0,0,0,0,0,0,0,0
140,2,200,2,0,0,0,0,0,0,0,0,0,0,0,0,0,0,0,0
140,2,200,2,0,0,0,0,0,0,0,0,0,0,0,0,0,0,0,0
140,2,200,2,0,0,0,0,0,0,0,0,0,0,0,0,0,0,0,0
140,2,200,2,0,0,0,0,0,0,0,0,0,0,0,0,0,0,0,0
140,2,200,2,0,0,0,0,0,0,0,0,0,0,0,0,0,0,0,0
140,2,200,2,0,0,0,0,0,0,0,0,0,0,0,0,0,0,0,0
140,2,200,2,0,0,0,0,0,0,0,0,0,0,0,0,0,0,0,0
140,2,200,2,0,0,0,0,0,0,0,0,0,0,0,0,0,0,0,0
140,2,200,2,0,0,0,0,0,0,0,0,0,0,0,0,0,0,0,0
140,2,200,2,0,0,0,0,0,0,0,0,0,0,0,0,0,0,0,0
140,2,200,2,0,0,0,0,0,0,0,0,0,0,0,0,0,0,0,0
140,2,200,2,0,0,0,0,0,0,0,0,0,0,0,0,0,0,0,0
140,2,200,2,0,0,0,0,0,0,0,0,0,0,0,0,0,0,0,0
140,2,200,2,0,0,0,0,0,0,0,0,0,0,0,0,0,0,0,0
140,2,200,2,0,0,0,0,0,0,0,0,0,0,0,0,0,0,0,0
140,2,200,2,0,0,0,0,0,0,0,0,0,0,0,0,0,0,0,0
140,2,200,2,0,0,0,0,0,0,0,0,0,0,0,0,0,0,0,0
140,2,200,2,0,0,0,0,0,0,0,0,0,0,0,0,0,0,0,0
140,2,200,2,0,0,0,0,0,0,0,0,0,0,0,0,0,0,0,0
140,2,200,2,0,0,0,0,0,0,0,0,0,0,0,0,0,0,0,0
140,2,200,2,0,0,0,0,0,0,0,0,0,0,0,0,0,0,0,0
140,2,200,2,0,0,0,0,0,0,0,0,0,0,0,0,0,0,0,0
140,2,200,2,0,0,0,0,0,0,0,0,0,0,0,0,0,0,0,0
140,2,200,2,0,0,0,0,0,0,0,0,0,0,0,0,0,0,0,0
140,2,200,2,0,0,0,0,0,0,0,0,0,0,0,0,0,0,0,0
140,2,200,2,0,0,0,0,0,0,0,0,0,0,0,0,0,0,0,0
140,2,200,2,0,0,0,0,0,0,0,0,0,0,0,0,0,0,0,0
140,2,200,2,0,0,0,0,0,0,0,0,0,0,0,0,0,0,0,0
140,2,200,2,0,0,0,0,0,0,0,0,0,0,0,0,0,0,0,0
140,2,200,2,0,0,0,0,0,0,0,0,0,0,0,0,0,0,0,0
140,2,200,2,0,0,0,0,0,0,0,0,0,0,0,0,0,0,0,0
140,2,200,2,0,0,0,0,0,0,0,0,0,0,0,0,0,0,0,0
140,2,200,2,0,0,0,0,0,0,0,0,0,0,0,0,0,0,0,0
140,2,200,2,0,0,0,0,0,0,0,0,0,0,0,0,0,0,0,0
140,2,200,2,0,0,0,0,0,0,0,0,0,0,0,0,0,0,0,0
140,2,200,2,0,0,0,0,0,0,0,0,0,0,0,0,0,0,0,0
140,2,200,2,0,0,0,0,0,0,0,0,0,0,0,0,0,0,0,0
140,2,200,2,0,0,0,0,0,0,0,0,0,0,0,0,0,0,0,0
140,2,200,2,0,0,0,0,0,0,0,0,0,0,0,0,0,0,0,0
140,2,200,2,0,0,0,0,0,0,0,0,0,0,0,0,0,0,0,0
140,2,200,2,0,0,0,0,0,0,0,0,0,0,0,0,0,0,0,0
140,2,200,2,0,0,0,0,0,0,0,0,0,0,0,0,0,0,0,0
100,1,170,2,0,0,0,0,0,0,0,0,0,0,0,0,0,0,0,0
110,1,170,2,0,0,0,0,0,0,0,0,0,0,0,0,0,0,0,0
105,2,165,2,0,0,0,0,0,0,0,0,0,0,0,0,0,0,0,0
120,2,180,2,0,0,0,0,0,0,0,0,0,0,0,0,0,0,0,0
105,5,165,2,0,0,0,0,0,0,0,0,0,0,0,0,0,0,0,0
180,2,0,0,0,0,0,0,0,0,0,0,0,0,0,0,0,0,0,0
180,2,0,0,0,0,0,0,0,0,0,0,0,0,0,0,0,0,0,0
180,2,0,0,0,0,0,0,0,0,0,0,0,0,0,0,0,0,0,0
180,2,0,0,0,0,0,0,0,0,0,0,0,0,0,0,0,0,0,0
180,2,0,0,0,0,0,0,0,0,0,0,0,0,0,0,0,0,0,0
180,2,0,0,0,0,0,0,0,0,0,0,0,0,0,0,0,0,0,0
180,2,0,0,0,0,0,0,0,0,0,0,0,0,0,0,0,0,0,0
180,2,0,0,0,0,0,0,0,0,0,0,0,0,0,0,0,0,0,0
180,2,0,0,0,0,0,0,0,0,0,0,0,0,0,0,0,0,0,0
180,2,0,0,0,0,0,0,0,0,0,0,0,0,0,0,0,0,0,0
180,2,0,0,0,0,0,0,0,0,0,0,0,0,0,0,0,0,0,0
180,2,0,0,0,0,0,0,0,0,0,0,0,0,0,0,0,0,0,0
180,2,0,0,0,0,0,0,0,0,0,0,0,0,0,0,0,0,0,0
180,2,0,0,0,0,0,0,0,0,0,0,0,0,0,0,0,0,0,0
180,2,0,0,0,0,0,0,0,0,0,0,0,0,0,0,0,0,0,0
180,2,0,0,0,0,0,0,0,0,0,0,0,0,0,0,0,0,0,0
180,2,0,0,0,0,0,0,0,0,0,0,0,0,0,0,0,0,0,0
180,2,0,0,0,0,0,0,0,0,0,0,0,0,0,0,0,0,0,0
180,2,0,0,0,0,0,0,0,0,0,0,0,0,0,0,0,0,0,0
180,2,0,0,0,0,0,0,0,0,0,0,0,0,0,0,0,0,0,0
100,2,150,2,0,0,0,0,0,0,0,0,0,0,0,0,0,0,0,0
100,2,150,2,0,0,0,0,0,0,0,0,0,0,0,0,0,0,0,0
100,2,150,2,0,0,0,0,0,0,0,0,0,0,0,0,0,0,0,0
100,2,150,2,0,0,0,0,0,0,0,0,0,0,0,0,0,0,0,0
100,2,0,0,0,0,0,0,0,0,0,0,0,0,0,0,0,0,0,0
100,2,0,0,0,0,0,0,0,0,0,0,0,0,0,0,0,0,0,0
100,2,0,0,0,0,0,0,0,0,0,0,0,0,0,0,0,0,0,0
100,2,0,0,0,0,0,0,0,0,0,0,0,0,0,0,0,0,0,0
100,2,0,0,0,0,0,0,0,0,0,0,0,0,0,0,0,0,0,0
100,2,0,0,0,0,0,0,0,0,0,0,0,0,0,0,0,0,0,0
100,2,0,0,0,0,0,0,0,0,0,0,0,0,0,0,0,0,0,0
100,2,0,0,0,0,0,0,0,0,0,0,0,0,0,0,0,0,0,0
120,2,140,2,0,0,0,0,0,0,0,0,0,0,0,0,0,0,0,0
120,2,140,2,0,0,0,0,0,0,0,0,0,0,0,0,0,0,0,0
120,2,140,2,0,0,0,0,0,0,0,0,0,0,0,0,0,0,0,0
120,2,140,2,0,0,0,0,0,0,0,0,0,0,0,0,0,0,0,0
120,2,140,2,0,0,0,0,0,0,0,0,0,0,0,0,0,0,0,0
120,2,140,2,0,0,0,0,0,0,0,0,0,0,0,0,0,0,0,0
120,2,140,2,0,0,0,0,0,0,0,0,0,0,0,0,0,0,0,0
120,2,140,2,0,0,0,0,0,0,0,0,0,0,0,0,0,0,0,0
120,2,140,2,0,0,0,0,0,0,0,0,0,0,0,0,0,0,0,0
100,2,130,2,160,2,0,0,0,0,0,0,0,0,0,0,0,0,0,0
100,2,130,2,160,2,0,0,0,0,0,0,0,0,0,0,0,0,0,0
100,2,130,2,160,2,0,0,0,0,0,0,0,0,0,0,0,0,0,0
100,2,130,2,160,2,0,0,0,0,0,0,0,0,0,0,0,0,0,0
100,2,150,3,0,0,0,0,0,0,0,0,0,0,0,0,0,0,0,0
100,2,150,3,0,0,0,0,0,0,0,0,0,0,0,0,0,0,0,0
100,2,150,3,0,0,0,0,0,0,0,0,0,0,0,0,0,0,0,0
100,2,150,3,0,0,0,0,0,0,0,0,0,0,0,0,0,0,0,0
180,4,0,0,0,0,0,0,0,0,0,0,0,0,0,0,0,0,0,0
180,4,0,0,0,0,0,0,0,0,0,0,0,0,0,0,0,0,0,0
180,4,0,0,0,0,0,0,0,0,0,0,0,0,0,0,0,0,0,0
180,4,0,0,0,0,0,0,0,0,0,0,0,0,0,0,0,0,0,0
180,4,0,0,0,0,0,0,0,0,0,0,0,0,0,0,0,0,0,0
180,4,0,0,0,0,0,0,0,0,0,0,0,0,0,0,0,0,0,0
180,4,0,0,0,0,0,0,0,0,0,0,0,0,0,0,0,0,0,0
150,2,180,4,200,1,0,0,0,0,0,0,0,0,0,0,0,0,0,0
150,2,180,4,200,1,0,0,0,0,0,0,0,0,0,0,0,0,0,0
150,2,180,4,200,1,0,0,0,0,0,0,0,0,0,0,0,0,0,0
150,2,180,4,200,1,0,0,0,0,0,0,0,0,0,0,0,0,0,0
150,2,180,4,200,1,0,0,0,0,0,0,0,0,0,0,0,0,0,0
150,2,180,4,200,1,0,0,0,0,0,0,0,0,0,0,0,0,0,0
100,3,130,2,180,2,200,2,230,2,0,0,0,0,0,0,0,0,0,0
100,3,130,2,180,2,200,2,230,2,0,0,0,0,0,0,0,0,0,0
100,3,130,2,180,2,200,2,230,2,0,0,0,0,0,0,0,0,0,0
100,3,130,2,180,2,200,2,230,2,0,0,0,0,0,0,0,0,0,0
100,2,150,2,0,0,0,0,0,0,0,0,0,0,0,0,0,0,0,0
100,2,150,2,0,0,0,0,0,0,0,0,0,0,0,0,0,0,0,0
100,2,150,2,0,0,0,0,0,0,0,0,0,0,0,0,0,0,0,0
100,2,150,2,0,0,0,0,0,0,0,0,0,0,0,0,0,0,0,0
100,2,150,2,0,0,0,0,0,0,0,0,0,0,0,0,0,0,0,0
200,1,0,0,0,0,0,0,0,0,0,0,0,0,0,0,0,0,5,0
200,1,0,0,0,0,0,0,0,0,0,0,0,0,0,0,0,0,0,0
200,1,0,0,0,0,0,0,0,0,0,0,0,0,0,0,0,0,0,0
200,1,0,0,0,0,0,0,0,0,0,0,0,0,0,0,0,0,0,0
200,1,0,0,0,0,0,0,0,0,0,0,0,0,0,0,0,0,0,0
200,1,0,0,0,0,0,0,0,0,0,0,0,0,0,0,0,0,0,0
100,2,150,3,0,0,0,0,0,0,0,0,0,0,0,0,0,0,0,0
100,2,150,3,0,0,0,0,0,0,0,0,0,0,0,0,0,0,0,0
100,2,150,3,0,0,0,0,0,0,0,0,0,0,0,0,0,0,0,0
100,2,150,3,0,0,0,0,0,0,0,0,0,0,0,0,0,0,0,0
100,2,150,2,0,0,0,0,0,0,0,0,0,0,0,0,0,0,0,0
100,2,150,2,0,0,0,0,0,0,0,0,0,0,0,0,0,0,0,0
100,2,150,2,0,0,0,0,0,0,0,0,0,0,0,0,0,0,0,0
100,2,150,2,0,0,0,0,0,0,0,0,0,0,0,0,0,0,0,0
100,2,150,2,0,0,0,0,0,0,0,0,0,0,0,0,0,0,0,0
100,2,150,2,0,0,0,0,0,0,0,0,0,0,0,0,0,0,0,0
120,2,140,2,0,0,0,0,0,0,0,0,0,0,0,0,0,0,0,0
120,2,140,2,0,0,0,0,0,0,0,0,0,0,0,0,0,0,0,0
120,2,140,2,0,0,0,0,0,0,0,0,0,0,0,0,0,0,0,0
120,2,140,2,0,0,0,0,0,0,0,0,0,0,0,0,0,0,0,0
100,2,150,3,0,0,0,0,0,0,0,0,0,0,0,0,0,0,0,0
100,2,150,3,0,0,0,0,0,0,0,0,0,0,0,0,0,0,0,0
100,2,150,3,0,0,0,0,0,0,0,0,0,0,0,0,0,0,0,0
120,2,180,2,0,0,0,0,0,0,0,0,0,0,0,0,0,0,0,0
120,2,180,2,0,0,0,0,0,0,0,0,0,0,0,0,0,0,0,0
120,2,180,2,0,0,0,0,0,0,0,0,0,0,0,0,0,0,0,0
120,2,180,2,0,0,0,0,0,0,0,0,0,0,0,0,0,0,0,0
100,2,160,2,0,0,0,0,0,0,0,0,0,0,0,0,0,0,0,0
100,2,160,2,0,0,0,0,0,0,0,0,0,0,0,0,0,0,0,0
100,2,160,2,0,0,0,0,0,0,0,0,0,0,0,0,0,0,0,0
100,2,160,2,0,0,0,0,0,0,0,0,0,0,0,0,0,0,0,0
100,2,160,2,0,0,0,0,0,0,0,0,0,0,0,0,0,0,0,0
80,2,110,2,130,2,150,2,180,2,0,0,0,0,0,0,0,0,0,0
80,2,110,2,130,2,150,2,180,2,0,0,0,0,0,0,0,0,0,0
80,2,110,2,130,2,150,2,180,2,0,0,0,0,0,0,0,0,0,0
80,2,110,2,130,2,150,2,180,2,0,0,0,0,0,0,0,0,0,0
120,3,0,0,0,0,0,0,0,0,0,0,0,0,0,0,0,0,0,0
120,3,0,0,0,0,0,0,0,0,0,0,0,0,0,0,0,0,0,0
120,3,0,0,0,0,0,0,0,0,0,0,0,0,0,0,0,0,0,0
120,3,0,0,0,0,0,0,0,0,0,0,0,0,0,0,0,0,0,0
120,3,0,0,0,0,0,0,0,0,0,0,0,0,0,0,0,0,0,0
120,4,0,0,0,0,0,0,0,0,0,0,0,0,0,0,0,0,0,0
120,4,0,0,0,0,0,0,0,0,0,0,0,0,0,0,0,0,0,0
120,4,0,0,0,0,0,0,0,0,0,0,0,0,0,0,0,0,0,0
120,4,0,0,0,0,0,0,0,0,0,0,0,0,0,0,0,0,0,0
120,4,0,0,0,0,0,0,0,0,0,0,0,0,0,0,0,0,0,0
120,3,0,0,0,0,0,0,0,0,0,0,0,0,0,0,0,0,0,0
120,3,0,0,0,0,0,0,0,0,0,0,0,0,0,0,0,0,0,0
120,3,0,0,0,0,0,0,0,0,0,0,0,0,0,0,0,0,0,0
120,3,0,0,0,0,0,0,0,0,0,0,0,0,0,0,0,0,0,0
120,3,0,0,0,0,0,0,0,0,0,0,0,0,0,0,0,0,0,0
120,3,0,0,0,0,0,0,0,0,0,0,0,0,0,0,0,0,0,0
120,3,0,0,0,0,0,0,0,0,0,0,0,0,0,0,0,0,0,0
80,1,100,2,130,6,0,0,0,0,0,0,0,0,0,0,0,0,0,0
80,1,100,2,130,6,0,0,0,0,0,0,0,0,0,0,0,0,0,0
80,1,100,2,130,6,0,0,0,0,0,0,0,0,0,0,0,0,0,0
80,1,100,2,130,6,0,0,0,0,0,0,0,0,0,0,0,0,0,0
80,1,100,2,130,6,0,0,0,0,0,0,0,0,0,0,0,0,0,0
80,1,100,2,130,6,0,0,0,0,0,0,0,0,0,0,0,0,0,0
80,1,100,2,130,6,0,0,0,0,0,0,0,0,0,0,0,0,0,0
100,3,150,2,0,0,0,0,0,0,0,0,0,0,0,0,0,0,0,0
100,3,150,2,0,0,0,0,0,0,0,0,0,0,0,0,0,0,0,0
100,3,150,2,0,0,0,0,0,0,0,0,0,0,0,0,0,0,0,0
100,3,150,2,0,0,0,0,0,0,0,0,0,0,0,0,0,0,0,0
120,2,140,2,160,2,0,0,0,0,0,0,0,0,0,0,0,0,0,0
120,2,140,2,160,2,0,0,0,0,0,0,0,0,0,0,0,0,0,0
120,2,140,2,160,2,0,0,0,0,0,0,0,0,0,0,0,0,0,0
120,2,140,2,160,2,0,0,0,0,0,0,0,0,0,0,0,0,0,0
120,2,140,2,160,2,0,0,0,0,0,0,0,0,0,0,0,0,0,0
120,2,140,2,160,2,0,0,0,0,0,0,0,0,0,0,0,0,0,0
120,2,140,2,160,2,0,0,0,0,0,0,0,0,0,0,0,0,0,0
100,2,150,2,170,4,0,0,0,0,0,0,0,0,0,0,0,0,0,0
100,2,150,2,170,4,0,0,0,0,0,0,0,0,0,0,0,0,0,0
100,2,150,2,170,4,0,0,0,0,0,0,0,0,0,0,0,0,0,0
100,2,150,2,170,4,0,0,0,0,0,0,0,0,0,0,0,0,0,0
90,2,105,4,120,2,180,2,0,0,0,0,0,0,0,0,0,0,0,0
90,2,105,4,120,2,180,2,0,0,0,0,0,0,0,0,0,0,0,0
90,2,105,4,120,2,180,2,0,0,0,0,0,0,0,0,0,0,0,0
100,2,150,2,180,2,0,0,0,0,0,0,0,0,0,0,0,0,0,0
120,2,140,2,160,2,180,2,0,0,0,0,0,0,0,0,0,0,0,0
120,2,140,2,160,2,180,2,0,0,0,0,0,0,0,0,0,0,0,0
120,2,140,2,160,2,180,2,0,0,0,0,0,0,0,0,0,0,0,0
120,2,140,2,160,2,180,2,0,0,0,0,0,0,0,0,0,0,0,0
120,2,140,2,160,2,180,2,0,0,0,0,0,0,0,0,0,0,0,0
120,2,140,2,160,2,180,2,0,0,0,0,0,0,0,0,0,0,0,0
120,2,140,2,160,2,180,2,0,0,0,0,0,0,0,0,0,0,0,0
100,3,150,2,0,0,0,0,0,0,0,0,0,0,0,0,0,0,0,0
100,3,150,2,0,0,0,0,0,0,0,0,0,0,0,0,0,0,0,0
100,3,150,2,0,0,0,0,0,0,0,0,0,0,0,0,0,0,0,0
100,3,150,2,0,0,0,0,0,0,0,0,0,0,0,0,0,0,0,0
160,1,190,2,0,0,0,0,0,0,0,0,0,0,0,0,0,0,0,0
160,1,190,2,0,0,0,0,0,0,0,0,0,0,0,0,0,0,0,0
160,1,190,2,0,0,0,0,0,0,0,0,0,0,0,0,0,0,0,0
100,2,140,4,0,0,0,0,0,0,0,0,0,0,0,0,0,0,0,0
100,2,140,4,0,0,0,0,0,0,0,0,0,0,0,0,0,0,0,0
100,2,140,4,0,0,0,0,0,0,0,0,0,0,0,0,0,0,0,0
120,2,140,2,160,2,180,1,0,0,0,0,0,0,0,0,0,0,0,0
120,2,140,2,160,2,180,1,0,0,0,0,0,0,0,0,0,0,0,0
120,2,140,2,160,2,180,1,0,0,0,0,0,0,0,0,0,0,0,0
120,2,140,2,160,2,180,1,0,0,0,0,0,0,0,0,0,0,0,0
68,2,160,2,196,1,0,0,0,0,0,0,0,0,0,0,0,0,0,0
61,2,133,2,183,1,0,0,0,0,0,0,0,0,0,0,0,0,0,0
104,2,156,2,190,1,0,0,0,0,0,0,0,0,0,0,0,0,0,0
100,1,120,1,140,1,160,1,180,1,200,1,0,0,0,0,0,0,0,0
100,1,120,1,140,1,160,1,180,1,200,1,0,0,0,0,0,0,0,0
100,1,120,1,140,1,160,1,180,1,200,1,0,0,0,0,0,0,0,0
100,1,120,1,140,1,160,1,180,1,200,1,0,0,0,0,0,0,0,0
100,1,120,1,140,1,160,1,180,1,200,1,0,0,0,0,0,0,0,0
100,1,120,1,140,1,160,1,180,1,200,1,0,0,0,0,0,0,0,0
160,3,180,3,0,0,0,0,0,0,0,0,0,0,0,0,0,0,0,0
160,3,180,3,0,0,0,0,0,0,0,0,0,0,0,0,0,0,0,0
160,3,180,3,0,0,0,0,0,0,0,0,0,0,0,0,0,0,0,0
160,3,180,3,0,0,0,0,0,0,0,0,0,0,0,0,0,0,0,0
70,2,140,2,0,0,0,0,0,0,0,0,0,0,0,0,0,0,0,0
100,2,150,2,0,0,0,0,0,0,0,0,0,0,0,0,0,0,0,0
100,2,150,2,0,0,0,0,0,0,0,0,0,0,0,0,0,0,0,0
100,2,150,2,0,0,0,0,0,0,0,0,0,0,0,0,0,0,0,0
100,2,150,2,0,0,0,0,0,0,0,0,0,0,0,0,0,0,0,0
100,2,150,2,0,0,0,0,0,0,0,0,0,0,0,0,0,0,0,0
100,2,150,2,0,0,0,0,0,0,0,0,0,0,0,0,0,0,0,0
100,2,150,2,0,0,0,0,0,0,0,0,0,0,0,0,0,0,0,0
100,2,150,2,0,0,0,0,0,0,0,0,0,0,0,0,0,0,0,0
100,2,150,2,0,0,0,0,0,0,0,0,0,0,0,0,0,0,0,0
140,2,160,2,180,2,0,0,0,0,0,0,0,0,0,0,0,0,0,0
140,2,160,2,180,2,0,0,0,0,0,0,0,0,0,0,0,0,0,0
140,2,160,2,180,2,0,0,0,0,0,0,0,0,0,0,0,0,0,0
140,2,160,2,180,2,0,0,0,0,0,0,0,0,0,0,0,0,0,0
140,2,160,2,180,2,0,0,0,0,0,0,0,0,0,0,0,0,0,0
140,2,160,2,180,2,0,0,0,0,0,0,0,0,0,0,0,0,0,0
100,2,150,2,0,0,0,0,0,0,0,0,0,0,0,0,0,0,0,0
100,2,150,2,0,0,0,0,0,0,0,0,0,0,0,0,0,0,0,0
100,2,150,2,0,0,0,0,0,0,0,0,0,0,0,0,0,0,0,0
100,2,150,2,0,0,0,0,0,0,0,0,0,0,0,0,0,0,0,0
100,2,150,2,0,0,0,0,0,0,0,0,0,0,0,0,0,0,0,0
100,2,150,2,0,0,0,0,0,0,0,0,0,0,0,0,0,0,0,0
100,2,150,2,0,0,0,0,0,0,0,0,0,0,0,0,0,0,0,0
100,2,150,2,0,0,0,0,0,0,0,0,0,0,0,0,0,0,0,0
80,2,150,4,0,0,0,0,0,0,0,0,0,0,0,0,0,0,0,0
80,2,150,4,0,0,0,0,0,0,0,0,0,0,0,0,0,0,0,0
80,2,150,4,0,0,0,0,0,0,0,0,0,0,0,0,0,0,0,0
80,2,150,4,0,0,0,0,0,0,0,0,0,0,0,0,0,0,0,0
120,2,170,4,0,0,0,0,0,0,0,0,0,0,0,0,0,0,0,0
120,2,170,4,0,0,0,0,0,0,0,0,0,0,0,0,0,0,0,0
120,2,170,4,0,0,0,0,0,0,0,0,0,0,0,0,0,0,0,0
120,2,170,4,0,0,0,0,0,0,0,0,0,0,0,0,0,0,0,0
120,2,170,4,0,0,0,0,0,0,0,0,0,0,0,0,0,0,0,0
120,2,170,4,0,0,0,0,0,0,0,0,0,0,0,0,0,0,0,0
120,2,170,4,0,0,0,0,0,0,0,0,0,0,0,0,0,0,0,0
80,1,120,1,160,2,180,2,0,0,0,0,0,0,0,0,0,0,0,0
80,1,120,1,160,2,180,2,0,0,0,0,0,0,0,0,0,0,0,0
80,1,120,1,160,2,180,2,0,0,0,0,0,0,0,0,0,0,0,0
80,1,120,1,160,2,180,2,0,0,0,0,0,0,0,0,0,0,0,0
140,2,160,2,180,2,200,2,0,0,0,0,0,0,0,0,0,0,0,0
140,2,160,2,180,2,200,2,0,0,0,0,0,0,0,0,0,0,0,0
140,2,160,2,180,2,200,2,0,0,0,0,0,0,0,0,0,0,0,0
140,2,160,2,180,2,200,2,0,0,0,0,0,0,0,0,0,0,0,0
90,2,110,2,150,5,0,0,0,0,0,0,0,0,0,0,0,0,0,0
90,2,110,2,150,5,0,0,0,0,0,0,0,0,0,0,0,0,0,0
90,2,110,2,150,5,0,0,0,0,0,0,0,0,0,0,0,0,0,0
90,2,110,2,150,5,0,0,0,0,0,0,0,0,0,0,0,0,0,0
100,3,150,2,0,0,0,0,0,0,0,0,0,0,0,0,0,0,0,0
100,3,150,2,0,0,0,0,0,0,0,0,0,0,0,0,0,0,0,0
100,3,150,2,0,0,0,0,0,0,0,0,0,0,0,0,0,0,0,0
100,3,150,2,0,0,0,0,0,0,0,0,0,0,0,0,0,0,0,0
120,2,160,2,0,0,0,0,0,0,0,0,0,0,0,0,0,0,0,0
120,2,160,2,0,0,0,0,0,0,0,0,0,0,0,0,0,0,0,0
120,2,160,2,0,0,0,0,0,0,0,0,0,0,0,0,0,0,0,0
120,2,160,2,0,0,0,0,0,0,0,0,0,0,0,0,0,0,0,0
100,2,150,2,0,0,0,0,0,0,0,0,0,0,0,0,0,0,0,0
100,2,150,2,0,0,0,0,0,0,0,0,0,0,0,0,0,0,0,0
100,2,150,2,0,0,0,0,0,0,0,0,0,0,0,0,0,0,0,0
70,2,140,2,0,0,0,0,0,0,0,0,0,0,0,0,0,0,0,0
190,4,210,2,230,2,250,2,0,0,0,0,0,0,0,0,0,0,0,0
190,4,210,2,230,2,250,2,0,0,0,0,0,0,0,0,0,0,0,0
190,4,210,2,230,2,250,2,0,0,0,0,0,0,0,0,0,0,0,0
190,4,210,2,230,2,250,2,0,0,0,0,0,0,0,0,0,0,0,0
100,3,150,2,0,0,0,0,0,0,0,0,0,0,0,0,0,0,0,0
100,3,150,2,0,0,0,0,0,0,0,0,0,0,0,0,0,0,0,0
100,3,150,2,0,0,0,0,0,0,0,0,0,0,0,0,0,0,0,0
100,3,150,2,0,0,0,0,0,0,0,0,0,0,0,0,0,0,0,0
100,3,150,2,0,0,0,0,0,0,0,0,0,0,0,0,0,0,0,0
100,2,150,2,0,0,0,0,0,0,0,0,0,0,0,0,0,0,0,0
100,2,150,2,0,0,0,0,0,0,0,0,0,0,0,0,0,0,0,0
100,2,150,2,0,0,0,0,0,0,0,0,0,0,0,0,0,0,0,0
100,2,150,2,0,0,0,0,0,0,0,0,0,0,0,0,0,0,0,0
100,2,150,3,0,0,0,0,0,0,0,0,0,0,0,0,0,0,0,0
100,2,150,3,0,0,0,0,0,0,0,0,0,0,0,0,0,0,0,0
100,2,150,3,0,0,0,0,0,0,0,0,0,0,0,0,0,0,0,0
100,2,150,3,0,0,0,0,0,0,0,0,0,0,0,0,0,0,0,0
100,2,150,2,0,0,0,0,0,0,0,0,0,0,0,0,0,0,0,0
100,2,150,2,0,0,0,0,0,0,0,0,0,0,0,0,0,0,0,0
100,2,150,2,0,0,0,0,0,0,0,0,0,0,0,0,0,0,0,0
100,2,150,2,0,0,0,0,0,0,0,0,0,0,0,0,0,0,0,0
100,2,150,2,0,0,0,0,0,0,0,0,0,0,0,0,0,0,0,0
150,2,180,2,210,2,0,0,0,0,0,0,0,0,0,0,0,0,0,0
150,2,180,2,210,2,0,0,0,0,0,0,0,0,0,0,0,0,0,0
150,2,180,2,210,2,0,0,0,0,0,0,0,0,0,0,0,0,0,0
150,2,180,2,210,2,0,0,0,0,0,0,0,0,0,0,0,0,0,0
120,1,160,1,0,0,0,0,0,0,0,0,0,0,0,0,0,0,0,0
120,1,160,1,0,0,0,0,0,0,0,0,0,0,0,0,0,0,0,0
120,1,160,1,0,0,0,0,0,0,0,0,0,0,0,0,0,0,0,0
120,1,160,1,0,0,0,0,0,0,0,0,0,0,0,0,0,0,0,0
100,2,150,2,0,0,0,0,0,0,0,0,0,0,0,0,0,0,0,0
100,2,150,2,0,0,0,0,0,0,0,0,0,0,0,0,0,0,0,0
100,2,150,2,0,0,0,0,0,0,0,0,0,0,0,0,0,0,0,0
100,2,150,2,0,0,0,0,0,0,0,0,0,0,0,0,0,0,0,0
100,2,150,2,0,0,0,0,0,0,0,0,0,0,0,0,0,0,0,0
100,2,150,2,0,0,0,0,0,0,0,0,0,0,0,0,0,0,0,0
100,2,150,2,0,0,0,0,0,0,0,0,0,0,0,0,0,0,0,0
100,2,150,2,0,0,0,0,0,0,0,0,0,0,0,0,0,0,0,0
100,2,150,2,0,0,0,0,0,0,0,0,0,0,0,0,0,0,0,0
160,1,180,2,190,1,0,0,0,0,0,0,0,0,0,0,0,0,0,0
160,1,180,2,190,1,0,0,0,0,0,0,0,0,0,0,0,0,0,0
160,1,180,2,190,1,0,0,0,0,0,0,0,0,0,0,0,0,0,0
160,1,180,2,190,1,0,0,0,0,0,0,0,0,0,0,0,0,0,0
160,1,180,2,190,1,0,0,0,0,0,0,0,0,0,0,0,0,0,0
100,2,130,2,160,2,180,2,200,2,0,0,0,0,0,0,0,0,0,0
100,2,130,2,160,2,180,2,200,2,0,0,0,0,0,0,0,0,0,0
100,2,130,2,160,2,180,2,200,2,0,0,0,0,0,0,0,0,0,0
100,2,130,2,160,2,180,2,200,2,0,0,0,0,0,0,0,0,0,0
100,2,150,4,0,0,0,0,0,0,0,0,0,0,0,0,0,0,0,0
100,2,150,4,0,0,0,0,0,0,0,0,0,0,0,0,0,0,0,0
100,2,150,4,0,0,0,0,0,0,0,0,0,0,0,0,0,0,0,0
100,2,150,4,0,0,0,0,0,0,0,0,0,0,0,0,0,0,0,0
100,2,150,4,0,0,0,0,0,0,0,0,0,0,0,0,0,0,0,0
120,1,150,1,180,1,0,0,0,0,0,0,0,0,0,0,0,0,0,0
120,1,150,1,180,1,0,0,0,0,0,0,0,0,0,0,0,0,0,0
80,1,120,1,150,1,0,0,0,0,0,0,0,0,0,0,0,0,0,0
80,1,120,1,150,1,0,0,0,0,0,0,0,0,0,0,0,0,0,0
80,1,120,1,150,1,0,0,0,0,0,0,0,0,0,0,0,0,0,0
150,2,180,2,210,2,0,0,0,0,0,0,0,0,0,0,0,0,0,0
150,2,180,2,210,2,0,0,0,0,0,0,0,0,0,0,0,0,0,0
150,2,180,2,210,2,0,0,0,0,0,0,0,0,0,0,0,0,0,0
150,2,180,2,210,2,0,0,0,0,0,0,0,0,0,0,0,0,0,0
150,2,180,2,210,2,0,0,0,0,0,0,0,0,0,0,0,0,0,0
120,2,170,4,0,0,0,0,0,0,0,0,0,0,0,0,0,0,0,0
120,2,170,4,0,0,0,0,0,0,0,0,0,0,0,0,0,0,0,0
120,2,170,4,0,0,0,0,0,0,0,0,0,0,0,0,0,0,0,0
120,2,170,4,0,0,0,0,0,0,0,0,0,0,0,0,0,0,0,0
120,2,170,4,0,0,0,0,0,0,0,0,0,0,0,0,0,0,0,0
100,2,150,4,0,0,0,0,0,0,0,0,0,0,0,0,0,0,0,0
100,2,150,4,0,0,0,0,0,0,0,0,0,0,0,0,0,0,0,0
100,2,150,4,0,0,0,0,0,0,0,0,0,0,0,0,0,0,0,0
100,2,150,4,0,0,0,0,0,0,0,0,0,0,0,0,0,0,0,0
100,2,150,4,0,0,0,0,0,0,0,0,0,0,0,0,0,0,0,0
100,2,150,4,0,0,0,0,0,0,0,0,0,0,0,0,0,0,0,0
100,2,150,2,0,0,0,0,0,0,0,0,0,0,0,0,0,0,0,0
100,2,150,2,0,0,0,0,0,0,0,0,0,0,0,0,0,0,0,0
100,2,150,2,0,0,0,0,0,0,0,0,0,0,0,0,0,0,0,0
150,3,180,5,0,0,0,0,0,0,0,0,0,0,0,0,0,0,0,0
150,3,180,5,0,0,0,0,0,0,0,0,0,0,0,0,0,0,0,0
150,3,180,5,0,0,0,0,0,0,0,0,0,0,0,0,0,0,0,0
150,3,180,5,0,0,0,0,0,0,0,0,0,0,0,0,0,0,0,0
150,1,180,1,200,2,220,2,0,0,0,0,0,0,0,0,0,0,0,0
150,1,180,1,200,2,220,2,0,0,0,0,0,0,0,0,0,0,0,0
150,1,180,1,200,2,220,2,0,0,0,0,0,0,0,0,0,0,0,0
150,1,180,1,200,2,220,2,0,0,0,0,0,0,0,0,0,0,0,0
100,2,150,2,0,0,0,0,0,0,0,0,0,0,0,0,0,0,0,0
100,2,150,2,0,0,0,0,0,0,0,0,0,0,0,0,0,0,0,0
100,2,150,2,0,0,0,0,0,0,0,0,0,0,0,0,0,0,0,0
100,2,150,2,0,0,0,0,0,0,0,0,0,0,0,0,0,0,0,0
100,2,150,2,0,0,0,0,0,0,0,0,0,0,0,0,0,0,0,0
100,2,150,2,0,0,0,0,0,0,0,0,0,0,0,0,0,0,0,0
100,2,150,2,0,0,0,0,0,0,0,0,0,0,0,0,0,0,0,0
100,2,150,2,0,0,0,0,0,0,0,0,0,0,0,0,0,0,0,0
100,2,150,2,0,0,0,0,0,0,0,0,0,0,0,0,0,0,0,0
100,2,150,2,0,0,0,0,0,0,0,0,0,0,0,0,0,0,0,0
100,2,150,2,0,0,0,0,0,0,0,0,0,0,0,0,0,0,0,0
25,2,80,3,0,0,0,0,0,0,0,0,0,0,0,0,0,0,0,0
25,2,80,3,0,0,0,0,0,0,0,0,0,0,0,0,0,0,0,0
25,2,80,3,0,0,0,0,0,0,0,0,0,0,0,0,0,0,0,0
100,2,150,2,0,0,0,0,0,0,0,0,0,0,0,0,0,0,0,0
100,2,150,2,0,0,0,0,0,0,0,0,0,0,0,0,0,0,0,0
100,2,150,2,0,0,0,0,0,0,0,0,0,0,0,0,0,0,0,0
100,2,150,2,0,0,0,0,0,0,0,0,0,0,0,0,0,0,0,0
100,2,150,2,0,0,0,0,0,0,0,0,0,0,0,0,0,0,0,0
100,2,150,2,0,0,0,0,0,0,0,0,0,0,0,0,0,0,0,0
100,2,150,2,0,0,0,0,0,0,0,0,0,0,0,0,0,0,0,0
100,2,160,3,0,0,0,0,0,0,0,0,0,0,0,0,0,0,0,0
100,2,160,3,0,0,0,0,0,0,0,0,0,0,0,0,0,0,0,0
80,2,140,3,0,0,0,0,0,0,0,0,0,0,0,0,0,0,0,0
100,2,120,2,0,0,0,0,0,0,0,0,0,0,0,0,0,0,0,0
100,2,120,2,0,0,0,0,0,0,0,0,0,0,0,0,0,0,0,0
100,2,120,2,0,0,0,0,0,0,0,0,0,0,0,0,0,0,0,0
100,2,120,2,0,0,0,0,0,0,0,0,0,0,0,0,0,0,0,0
120,2,155,2,175,2,0,0,0,0,0,0,0,0,0,0,0,0,1.5,0
120,2,155,2,175,2,0,0,0,0,0,0,0,0,0,0,0,0,0,0
120,2,155,2,175,2,0,0,0,0,0,0,0,0,0,0,0,0,0,0
120,2,155,2,175,2,0,0,0,0,0,0,0,0,0,0,0,0,0,0
100,2,150,2,0,0,0,0,0,0,0,0,0,0,0,0,0,0,0,0
100,2,150,2,0,0,0,0,0,0,0,0,0,0,0,0,0,0,0,0
100,2,150,2,0,0,0,0,0,0,0,0,0,0,0,0,0,0,0,0
100,2,150,2,0,0,0,0,0,0,0,0,0,0,0,0,0,0,0,0
100,2,160,4,0,0,0,0,0,0,0,0,0,0,0,0,0,0,0,0
100,2,160,4,0,0,0,0,0,0,0,0,0,0,0,0,0,0,0,0
100,2,160,4,0,0,0,0,0,0,0,0,0,0,0,0,0,0,0,0
100,2,160,4,0,0,0,0,0,0,0,0,0,0,0,0,0,0,0,0
100,2,160,4,0,0,0,0,0,0,0,0,0,0,0,0,0,0,0,0
100,2,160,4,0,0,0,0,0,0,0,0,0,0,0,0,0,0,0,0
120,2,170,4,0,0,0,0,0,0,0,0,0,0,0,0,0,0,0,0
120,2,170,4,0,0,0,0,0,0,0,0,0,0,0,0,0,0,0,0
120,2,170,4,0,0,0,0,0,0,0,0,0,0,0,0,0,0,0,0
120,2,170,4,0,0,0,0,0,0,0,0,0,0,0,0,0,0,0,0
120,2,170,4,0,0,0,0,0,0,0,0,0,0,0,0,0,0,0,0
120,2,170,4,0,0,0,0,0,0,0,0,0,0,0,0,0,0,0,0
120,2,170,4,0,0,0,0,0,0,0,0,0,0,0,0,0,0,0,0
120,2,170,4,0,0,0,0,0,0,0,0,0,0,0,0,0,0,0,0
120,2,170,4,0,0,0,0,0,0,0,0,0,0,0,0,0,0,0,0
120,2,170,4,0,0,0,0,0,0,0,0,0,0,0,0,0,0,0,0
120,2,170,4,0,0,0,0,0,0,0,0,0,0,0,0,0,0,0,0
120,2,170,4,0,0,0,0,0,0,0,0,0,0,0,0,0,0,0,0
120,2,170,4,0,0,0,0,0,0,0,0,0,0,0,0,0,0,0,0
120,4,0,0,0,0,0,0,0,0,0,0,0,0,0,0,0,0,0,0
120,4,0,0,0,0,0,0,0,0,0,0,0,0,0,0,0,0,0,0
120,4,0,0,0,0,0,0,0,0,0,0,0,0,0,0,0,0,0,0
120,4,0,0,0,0,0,0,0,0,0,0,0,0,0,0,0,0,0,0
120,4,0,0,0,0,0,0,0,0,0,0,0,0,0,0,0,0,0,0
120,4,0,0,0,0,0,0,0,0,0,0,0,0,0,0,0,0,0,0
120,4,0,0,0,0,0,0,0,0,0,0,0,0,0,0,0,0,0,0
120,4,0,0,0,0,0,0,0,0,0,0,0,0,0,0,0,0,0,0
120,4,0,0,0,0,0,0,0,0,0,0,0,0,0,0,0,0,0,0
120,4,0,0,0,0,0,0,0,0,0,0,0,0,0,0,0,0,0,0
100,2,120,2,0,0,0,0,0,0,0,0,0,0,0,0,0,0,0,0
100,2,120,2,0,0,0,0,0,0,0,0,0,0,0,0,0,0,0,0
100,2,120,2,0,0,0,0,0,0,0,0,0,0,0,0,0,0,0,0
100,2,120,2,0,0,0,0,0,0,0,0,0,0,0,0,0,0,0,0
100,2,120,2,0,0,0,0,0,0,0,0,0,0,0,0,0,0,0,0
130,2,160,2,200,1,0,0,0,0,0,0,0,0,0,0,0,0,0,0
130,2,160,2,200,1,0,0,0,0,0,0,0,0,0,0,0,0,0,0
130,2,160,2,200,1,0,0,0,0,0,0,0,0,0,0,0,0,0,0
130,2,160,2,200,1,0,0,0,0,0,0,0,0,0,0,0,0,0,0
80,2,120,2,140,2,0,0,0,0,0,0,0,0,0,0,0,0,0,0
130,2,160,2,200,1,0,0,0,0,0,0,0,0,0,0,0,0,0,0
130,2,160,2,200,1,0,0,0,0,0,0,0,0,0,0,0,0,0,0
130,2,160,2,200,1,0,0,0,0,0,0,0,0,0,0,0,0,0,0
150,2,170,3,0,0,0,0,0,0,0,0,0,0,0,0,0,0,0,0
150,2,170,3,0,0,0,0,0,0,0,0,0,0,0,0,0,0,0,0
150,2,170,3,0,0,0,0,0,0,0,0,0,0,0,0,0,0,0,0
150,2,170,3,0,0,0,0,0,0,0,0,0,0,0,0,0,0,0,0
150,2,170,3,0,0,0,0,0,0,0,0,0,0,0,0,0,0,0,0
180,4,0,0,0,0,0,0,0,0,0,0,0,0,0,0,0,0,0,0
180,4,0,0,0,0,0,0,0,0,0,0,0,0,0,0,0,0,0,0
180,4,0,0,0,0,0,0,0,0,0,0,0,0,0,0,0,0,0,0
180,4,0,0,0,0,0,0,0,0,0,0,0,0,0,0,0,0,0,0
60,2,130,2,0,0,0,0,0,0,0,0,0,0,0,0,0,0,0,0
160,2,200,2,0,0,0,0,0,0,0,0,0,0,0,0,0,0,0,0
100,2,130,2,160,2,0,0,0,0,0,0,0,0,0,0,0,0,0,0
100,2,130,2,160,2,0,0,0,0,0,0,0,0,0,0,0,0,0,0
100,2,130,2,160,2,0,0,0,0,0,0,0,0,0,0,0,0,0,0
80,0.33,100,2,150,2,0,0,0,0,0,0,0,0,0,0,0,0,0,0
80,0.33,100,2,150,2,0,0,0,0,0,0,0,0,0,0,0,0,0,0
80,0.33,100,2,150,2,0,0,0,0,0,0,0,0,0,0,0,0,0,0
80,0.33,100,2,150,2,0,0,0,0,0,0,0,0,0,0,0,0,0,0
100,2,150,2,0,0,0,0,0,0,0,0,0,0,0,0,0,0,0,0
100,2,150,2,0,0,0,0,0,0,0,0,0,0,0,0,0,0,0,0
100,2,150,2,0,0,0,0,0,0,0,0,0,0,0,0,0,0,0,0
100,2,150,2,0,0,0,0,0,0,0,0,0,0,0,0,0,0,0,0
100,2,150,2,0,0,0,0,0,0,0,0,0,0,0,0,0,0,0,0
100,2,150,2,0,0,0,0,0,0,0,0,0,0,0,0,0,0,0,0
120,2,170,4,0,0,0,0,0,0,0,0,0,0,0,0,0,0,0,0
120,2,170,4,0,0,0,0,0,0,0,0,0,0,0,0,0,0,0,0
120,2,170,4,0,0,0,0,0,0,0,0,0,0,0,0,0,0,0,0
120,2,170,4,0,0,0,0,0,0,0,0,0,0,0,0,0,0,0,0
120,2,170,4,0,0,0,0,0,0,0,0,0,0,0,0,0,0,0,0
120,2,170,4,0,0,0,0,0,0,0,0,0,0,0,0,0,0,0,0
120,2,170,4,0,0,0,0,0,0,0,0,0,0,0,0,0,0,0,0
120,2,170,4,0,0,0,0,0,0,0,0,0,0,0,0,0,0,0,0
120,2,170,4,0,0,0,0,0,0,0,0,0,0,0,0,0,0,0,0
120,2,170,4,0,0,0,0,0,0,0,0,0,0,0,0,0,0,0,0
120,2,170,4,0,0,0,0,0,0,0,0,0,0,0,0,0,0,0,0
120,2,170,4,0,0,0,0,0,0,0,0,0,0,0,0,0,0,0,0
120,2,170,4,0,0,0,0,0,0,0,0,0,0,0,0,0,0,0,0
120,2,170,4,0,0,0,0,0,0,0,0,0,0,0,0,0,0,0,0
100,2,150,2,0,0,0,0,0,0,0,0,0,0,0,0,0,0,0,0
100,2,150,2,0,0,0,0,0,0,0,0,0,0,0,0,0,0,0,0
100,2,150,2,0,0,0,0,0,0,0,0,0,0,0,0,0,0,0,0
100,2,150,2,0,0,0,0,0,0,0,0,0,0,0,0,0,0,0,0
100,2,150,2,0,0,0,0,0,0,0,0,0,0,0,0,0,0,0,0
100,2,150,2,0,0,0,0,0,0,0,0,0,0,0,0,0,0,0,0
100,2,150,2,0,0,0,0,0,0,0,0,0,0,0,0,0,0,0,0
100,2,150,2,0,0,0,0,0,0,0,0,0,0,0,0,0,0,0,0
170,3,200,1,0,0,0,0,0,0,0,0,0,0,0,0,0,0,0,0
170,3,200,1,0,0,0,0,0,0,0,0,0,0,0,0,0,0,0,0
120,2,170,4,0,0,0,0,0,0,0,0,0,0,0,0,0,0,0,0
120,2,170,4,0,0,0,0,0,0,0,0,0,0,0,0,0,0,0,0
120,2,170,4,0,0,0,0,0,0,0,0,0,0,0,0,0,0,0,0
120,2,170,4,0,0,0,0,0,0,0,0,0,0,0,0,0,0,0,0
120,2,170,4,0,0,0,0,0,0,0,0,0,0,0,0,0,0,0,0
120,2,170,4,0,0,0,0,0,0,0,0,0,0,0,0,0,0,0,0
120,2,170,4,0,0,0,0,0,0,0,0,0,0,0,0,0,0,0,0
120,2,170,4,0,0,0,0,0,0,0,0,0,0,0,0,0,0,0,0
120,2,170,4,0,0,0,0,0,0,0,0,0,0,0,0,0,0,0,0
100,2,150,2,180,2,0,0,0,0,0,0,0,0,0,0,0,0,0,0
100,2,150,2,180,2,0,0,0,0,0,0,0,0,0,0,0,0,0,0
100,2,150,2,180,2,0,0,0,0,0,0,0,0,0,0,0,0,0,0
100,2,150,2,180,2,0,0,0,0,0,0,0,0,0,0,0,0,0,0
120,2,170,4,0,0,0,0,0,0,0,0,0,0,0,0,0,0,0,0
120,2,170,4,0,0,0,0,0,0,0,0,0,0,0,0,0,0,0,0
120,2,170,4,0,0,0,0,0,0,0,0,0,0,0,0,0,0,0,0
120,2,170,4,0,0,0,0,0,0,0,0,0,0,0,0,0,0,0,0
200,5,0,0,0,0,0,0,0,0,0,0,0,0,0,0,0,0,0,0
200,5,0,0,0,0,0,0,0,0,0,0,0,0,0,0,0,0,0,0
200,5,0,0,0,0,0,0,0,0,0,0,0,0,0,0,0,0,0,0
200,5,0,0,0,0,0,0,0,0,0,0,0,0,0,0,0,0,0,0
100,2,150,2,0,0,0,0,0,0,0,0,0,0,0,0,0,0,0,0
100,2,150,2,0,0,0,0,0,0,0,0,0,0,0,0,0,0,0,0
100,2,150,2,0,0,0,0,0,0,0,0,0,0,0,0,0,0,0,0
100,2,150,2,0,0,0,0,0,0,0,0,0,0,0,0,0,0,0,0
90,2,140,4,190,1,0,0,0,0,0,0,0,0,0,0,0,0,0,0
90,2,140,4,190,1,0,0,0,0,0,0,0,0,0,0,0,0,0,0
90,2,140,4,190,1,0,0,0,0,0,0,0,0,0,0,0,0,0,0
90,2,140,4,190,1,0,0,0,0,0,0,0,0,0,0,0,0,0,0
90,2,140,4,190,1,0,0,0,0,0,0,0,0,0,0,0,0,0,0
90,2,140,4,190,1,0,0,0,0,0,0,0,0,0,0,0,0,0,0
90,2,140,4,190,1,0,0,0,0,0,0,0,0,0,0,0,0,0,0
90,2,140,4,190,1,0,0,0,0,0,0,0,0,0,0,0,0,0,0
90,2,140,4,190,1,0,0,0,0,0,0,0,0,0,0,0,0,0,0
90,2,140,4,190,1,0,0,0,0,0,0,0,0,0,0,0,0,0,0
90,2,140,4,190,1,0,0,0,0,0,0,0,0,0,0,0,0,0,0
90,2,140,4,190,1,0,0,0,0,0,0,0,0,0,0,0,0,0,0
90,2,140,4,190,1,0,0,0,0,0,0,0,0,0,0,0,0,0,0
90,2,140,4,190,1,0,0,0,0,0,0,0,0,0,0,0,0,0,0
90,2,140,4,190,1,0,0,0,0,0,0,0,0,0,0,0,0,0,0
100,2,150,2,0,0,0,0,0,0,0,0,0,0,0,0,0,0,0,0
100,2,150,2,0,0,0,0,0,0,0,0,0,0,0,0,0,0,0,0
100,2,150,2,0,0,0,0,0,0,0,0,0,0,0,0,0,0,0,0
100,2,150,2,0,0,0,0,0,0,0,0,0,0,0,0,0,0,0,0
100,2,150,2,0,0,0,0,0,0,0,0,0,0,0,0,0,0,0,0
50,2,70,2,80,2,0,0,0,0,0,0,0,0,0,0,0,0,0,0
50,2,70,2,80,2,0,0,0,0,0,0,0,0,0,0,0,0,0,0
50,2,70,2,80,2,0,0,0,0,0,0,0,0,0,0,0,0,0,0
50,2,70,2,80,2,0,0,0,0,0,0,0,0,0,0,0,0,0,0
50,2,70,2,80,2,0,0,0,0,0,0,0,0,0,0,0,0,0,0
145,25,0,0,0,0,0,0,0,0,0,0,0,0,0,0,0,0,0,0
145,25,0,0,0,0,0,0,0,0,0,0,0,0,0,0,0,0,0,0
145,25,0,0,0,0,0,0,0,0,0,0,0,0,0,0,0,0,0,0
145,25,0,0,0,0,0,0,0,0,0,0,0,0,0,0,0,0,0,0
145,25,0,0,0,0,0,0,0,0,0,0,0,0,0,0,0,0,0,0
120,1,150,2,180,3,0,0,0,0,0,0,0,0,0,0,0,0,0,0
120,1,150,2,180,3,0,0,0,0,0,0,0,0,0,0,0,0,0,0
120,1,150,2,180,3,0,0,0,0,0,0,0,0,0,0,0,0,0,0
120,1,150,2,180,3,0,0,0,0,0,0,0,0,0,0,0,0,0,0
100,2,140,2,160,2,0,0,0,0,0,0,0,0,0,0,0,0,0,0
100,2,140,2,160,2,0,0,0,0,0,0,0,0,0,0,0,0,0,0
100,2,140,2,160,2,0,0,0,0,0,0,0,0,0,0,0,0,0,0
100,2,140,2,160,2,0,0,0,0,0,0,0,0,0,0,0,0,0,0
100,2,140,2,160,2,0,0,0,0,0,0,0,0,0,0,0,0,0,0
100,2,140,2,160,2,0,0,0,0,0,0,0,0,0,0,0,0,0,0
100,2,140,2,160,2,0,0,0,0,0,0,0,0,0,0,0,0,0,0
90,1,130,2,160,3,0,0,0,0,0,0,0,0,0,0,0,0,0,0
90,1,130,2,160,3,0,0,0,0,0,0,0,0,0,0,0,0,0,0
90,1,130,2,160,3,0,0,0,0,0,0,0,0,0,0,0,0,0,0
90,1,130,2,160,3,0,0,0,0,0,0,0,0,0,0,0,0,0,0
90,1,130,2,160,3,0,0,0,0,0,0,0,0,0,0,0,0,0,0
90,1,120,4,0,0,0,0,0,0,0,0,0,0,0,0,0,0,0,0
90,1,120,4,0,0,0,0,0,0,0,0,0,0,0,0,0,0,0,0
90,1,120,4,0,0,0,0,0,0,0,0,0,0,0,0,0,0,0,0
90,1,120,4,0,0,0,0,0,0,0,0,0,0,0,0,0,0,0,0
90,1,120,4,0,0,0,0,0,0,0,0,0,0,0,0,0,0,0,0
90,1,120,4,0,0,0,0,0,0,0,0,0,0,0,0,0,0,0,0
90,1,120,4,0,0,0,0,0,0,0,0,0,0,0,0,0,0,0,0
90,1,120,4,0,0,0,0,0,0,0,0,0,0,0,0,0,0,0,0
90,1,120,4,0,0,0,0,0,0,0,0,0,0,0,0,0,0,0,0
90,1,120,4,0,0,0,0,0,0,0,0,0,0,0,0,0,0,0,0
90,1,120,4,0,0,0,0,0,0,0,0,0,0,0,0,0,0,0,0
90,1,120,4,0,0,0,0,0,0,0,0,0,0,0,0,0,0,0,0
90,1,120,4,0,0,0,0,0,0,0,0,0,0,0,0,0,0,0,0
100,2,150,3,0,0,0,0,0,0,0,0,0,0,0,0,0,0,0,0
100,2,150,3,0,0,0,0,0,0,0,0,0,0,0,0,0,0,0,0
100,2,150,3,0,0,0,0,0,0,0,0,0,0,0,0,0,0,0,0
100,2,150,3,0,0,0,0,0,0,0,0,0,0,0,0,0,0,0,0
100,2,150,3,0,0,0,0,0,0,0,0,0,0,0,0,0,0,0,0
100,2,150,3,0,0,0,0,0,0,0,0,0,0,0,0,0,0,0,0
100,2,150,3,0,0,0,0,0,0,0,0,0,0,0,0,0,0,0,0
100,2,150,3,0,0,0,0,0,0,0,0,0,0,0,0,0,0,0,0
120,3,150,2,0,0,0,0,0,0,0,0,0,0,0,0,0,0,0,0
120,3,150,2,0,0,0,0,0,0,0,0,0,0,0,0,0,0,0,0
120,3,150,2,0,0,0,0,0,0,0,0,0,0,0,0,0,0,0,0
120,3,150,2,0,0,0,0,0,0,0,0,0,0,0,0,0,0,0,0
120,3,150,2,0,0,0,0,0,0,0,0,0,0,0,0,0,0,0,0
120,3,150,2,0,0,0,0,0,0,0,0,0,0,0,0,0,0,0,0
120,3,150,2,0,0,0,0,0,0,0,0,0,0,0,0,0,0,0,0
120,3,150,2,0,0,0,0,0,0,0,0,0,0,0,0,0,0,0,0
80,2,120,2,0,0,0,0,0,0,0,0,0,0,0,0,0,0,0,0
80,2,120,2,0,0,0,0,0,0,0,0,0,0,0,0,0,0,0,0
80,2,120,2,0,0,0,0,0,0,0,0,0,0,0,0,0,0,0,0
80,2,120,2,0,0,0,0,0,0,0,0,0,0,0,0,0,0,0,0
80,2,120,2,0,0,0,0,0,0,0,0,0,0,0,0,0,0,0,0
100,2,150,3,0,0,0,0,0,0,0,0,0,0,0,0,0,0,0,0
100,2,150,3,0,0,0,0,0,0,0,0,0,0,0,0,0,0,0,0
100,2,150,3,0,0,0,0,0,0,0,0,0,0,0,0,0,0,0,0
100,2,150,3,0,0,0,0,0,0,0,0,0,0,0,0,0,0,0,0
80,2,120,2,0,0,0,0,0,0,0,0,0,0,0,0,0,0,0,0
80,2,120,2,0,0,0,0,0,0,0,0,0,0,0,0,0,0,0,0
80,2,120,2,0,0,0,0,0,0,0,0,0,0,0,0,0,0,0,0
80,2,120,2,0,0,0,0,0,0,0,0,0,0,0,0,0,0,0,0
80,2,120,2,0,0,0,0,0,0,0,0,0,0,0,0,0,0,0,0
80,2,120,2,0,0,0,0,0,0,0,0,0,0,0,0,0,0,0,0
80,2,120,2,0,0,0,0,0,0,0,0,0,0,0,0,0,0,0,0
80,2,120,2,0,0,0,0,0,0,0,0,0,0,0,0,0,0,0,0
80,2,120,2,0,0,0,0,0,0,0,0,0,0,0,0,0,0,0,0
80,2,120,2,0,0,0,0,0,0,0,0,0,0,0,0,0,0,0,0
80,2,120,2,0,0,0,0,0,0,0,0,0,0,0,0,0,0,0,0
80,2,120,2,0,0,0,0,0,0,0,0,0,0,0,0,0,0,0,0
80,2,120,2,0,0,0,0,0,0,0,0,0,0,0,0,0,0,0,0
100,2,150,2,0,0,0,0,0,0,0,0,0,0,0,0,0,0,0,0
100,2,150,2,0,0,0,0,0,0,0,0,0,0,0,0,0,0,0,0
100,2,150,2,0,0,0,0,0,0,0,0,0,0,0,0,0,0,0,0
100,2,150,2,0,0,0,0,0,0,0,0,0,0,0,0,0,0,0,0
120,2,150,2,180,2,0,0,0,0,0,0,0,0,0,0,0,0,0,0
120,2,150,2,180,2,0,0,0,0,0,0,0,0,0,0,0,0,0,0
120,2,150,2,180,2,0,0,0,0,0,0,0,0,0,0,0,0,0,0
120,2,150,2,180,2,0,0,0,0,0,0,0,0,0,0,0,0,0,0
120,2,140,2,160,2,180,1,0,0,0,0,0,0,0,0,0,0,0,0
120,2,140,2,160,2,180,1,0,0,0,0,0,0,0,0,0,0,0,0
120,2,140,2,160,2,180,1,0,0,0,0,0,0,0,0,0,0,0,0
120,2,140,2,160,2,180,1,0,0,0,0,0,0,0,0,0,0,0,0
120,2,140,2,160,2,180,1,0,0,0,0,0,0,0,0,0,0,0,0
120,2,140,2,160,2,180,1,0,0,0,0,0,0,0,0,0,0,0,0
120,2,140,2,160,2,180,1,0,0,0,0,0,0,0,0,0,0,0,0
120,2,150,2,180,2,0,0,0,0,0,0,0,0,0,0,0,0,0,0
120,2,150,2,180,2,0,0,0,0,0,0,0,0,0,0,0,0,0,0
120,2,150,2,180,2,0,0,0,0,0,0,0,0,0,0,0,0,0,0
120,2,150,2,180,2,0,0,0,0,0,0,0,0,0,0,0,0,0,0
80,1,120,1,130,1,0,0,0,0,0,0,0,0,0,0,0,0,0,0
80,1,120,1,130,1,0,0,0,0,0,0,0,0,0,0,0,0,0,0
80,1,120,1,130,1,0,0,0,0,0,0,0,0,0,0,0,0,0,0
80,1,120,1,130,1,0,0,0,0,0,0,0,0,0,0,0,0,0,0
80,1,120,1,130,1,0,0,0,0,0,0,0,0,0,0,0,0,0,0
80,1,120,1,130,1,0,0,0,0,0,0,0,0,0,0,0,0,0,0
120,2,150,2,0,0,0,0,0,0,0,0,0,0,0,0,0,0,0,0
120,2,150,2,0,0,0,0,0,0,0,0,0,0,0,0,0,0,0,0
120,2,150,2,0,0,0,0,0,0,0,0,0,0,0,0,0,0,0,0
120,2,150,2,0,0,0,0,0,0,0,0,0,0,0,0,0,0,0,0
120,2,150,2,0,0,0,0,0,0,0,0,0,0,0,0,0,0,0,0
100,2,150,3,0,0,0,0,0,0,0,0,0,0,0,0,0,0,0,0
100,2,150,3,0,0,0,0,0,0,0,0,0,0,0,0,0,0,0,0
100,2,150,3,0,0,0,0,0,0,0,0,0,0,0,0,0,0,0,0
100,2,150,3,0,0,0,0,0,0,0,0,0,0,0,0,0,0,0,0
120,2,150,2,180,2,0,0,0,0,0,0,0,0,0,0,0,0,0,0
120,2,150,2,180,2,0,0,0,0,0,0,0,0,0,0,0,0,0,0
120,2,150,2,180,2,0,0,0,0,0,0,0,0,0,0,0,0,0,0
120,2,150,2,180,2,0,0,0,0,0,0,0,0,0,0,0,0,0,0
120,2,140,2,160,2,0,0,0,0,0,0,0,0,0,0,0,0,0,0
120,2,140,2,160,2,0,0,0,0,0,0,0,0,0,0,0,0,0,0
120,2,140,2,160,2,0,0,0,0,0,0,0,0,0,0,0,0,0,0
120,2,140,2,160,2,0,0,0,0,0,0,0,0,0,0,0,0,0,0
120,2,140,2,160,2,0,0,0,0,0,0,0,0,0,0,0,0,0,0
180,2,190,2,200,2,0,0,0,0,0,0,0,0,0,0,0,0,1.5,0
180,2,190,2,200,2,0,0,0,0,0,0,0,0,0,0,0,0,0,0
180,2,190,2,200,2,0,0,0,0,0,0,0,0,0,0,0,0,0,0
120,2,155,2,175,2,0,0,0,0,0,0,0,0,0,0,0,0,1.5,0
70,2,100,2,135,4,95,12,0,0,0,0,0,0,0,0,0,0,0,0
70,2,100,2,135,4,95,12,0,0,0,0,0,0,0,0,0,0,0,0
70,2,100,2,135,4,95,12,0,0,0,0,0,0,0,0,0,0,0,0
70,2,100,2,135,4,95,12,0,0,0,0,0,0,0,0,0,0,0,0
120,2,150,2,180,2,0,0,0,0,0,0,0,0,0,0,0,0,0,0
120,2,150,2,180,2,0,0,0,0,0,0,0,0,0,0,0,0,0,0
120,2,150,2,180,2,0,0,0,0,0,0,0,0,0,0,0,0,0,0
120,2,150,2,180,2,0,0,0,0,0,0,0,0,0,0,0,0,0,0
120,2,150,2,180,2,0,0,0,0,0,0,0,0,0,0,0,0,0,0
100,2,150,2,170,6,0,0,0,0,0,0,0,0,0,0,0,0,0,0
100,2,150,2,170,6,0,0,0,0,0,0,0,0,0,0,0,0,0,0
100,2,150,2,170,6,0,0,0,0,0,0,0,0,0,0,0,0,0,0
100,2,150,2,170,6,0,0,0,0,0,0,0,0,0,0,0,0,0,0
130,8,0,0,0,0,0,0,0,0,0,0,0,0,0,0,0,0,0,0
130,8,0,0,0,0,0,0,0,0,0,0,0,0,0,0,0,0,0,0
130,8,0,0,0,0,0,0,0,0,0,0,0,0,0,0,0,0,0,0
130,8,0,0,0,0,0,0,0,0,0,0,0,0,0,0,0,0,0,0
130,8,0,0,0,0,0,0,0,0,0,0,0,0,0,0,0,0,0,0
130,8,0,0,0,0,0,0,0,0,0,0,0,0,0,0,0,0,0,0
130,8,0,0,0,0,0,0,0,0,0,0,0,0,0,0,0,0,0,0
150,1,170,2,200,2,0,0,0,0,0,0,0,0,0,0,0,0,0,0
150,1,170,2,200,2,0,0,0,0,0,0,0,0,0,0,0,0,0,0
150,1,170,2,200,2,0,0,0,0,0,0,0,0,0,0,0,0,0,0
150,1,170,2,200,2,0,0,0,0,0,0,0,0,0,0,0,0,0,0
100,2,120,2,0,0,0,0,0,0,0,0,0,0,0,0,0,0,0,0
100,2,120,2,0,0,0,0,0,0,0,0,0,0,0,0,0,0,0,0
100,2,120,2,0,0,0,0,0,0,0,0,0,0,0,0,0,0,0,0
100,2,120,2,0,0,0,0,0,0,0,0,0,0,0,0,0,0,0,0
100,2,130,2,160,2,180,2,200,2,0,0,0,0,0,0,0,0,0,0
100,2,130,2,160,2,180,2,200,2,0,0,0,0,0,0,0,0,0,0
100,2,130,2,160,2,180,2,200,2,0,0,0,0,0,0,0,0,0,0
100,2,130,2,160,2,180,2,200,2,0,0,0,0,0,0,0,0,0,0
80,0.5,100,2,150,2,0,0,0,0,0,0,0,0,0,0,0,0,0,0
80,0.5,100,2,150,2,0,0,0,0,0,0,0,0,0,0,0,0,0,0
80,0.5,100,2,150,2,0,0,0,0,0,0,0,0,0,0,0,0,0,0
80,0.5,100,2,150,2,0,0,0,0,0,0,0,0,0,0,0,0,0,0
80,0.5,100,2,150,2,0,0,0,0,0,0,0,0,0,0,0,0,0,0
120,2,150,2,0,0,0,0,0,0,0,0,0,0,0,0,0,0,0,0
120,2,150,2,0,0,0,0,0,0,0,0,0,0,0,0,0,0,0,0
120,2,150,2,0,0,0,0,0,0,0,0,0,0,0,0,0,0,0,0
120,2,150,2,0,0,0,0,0,0,0,0,0,0,0,0,0,0,0,0
80,2,100,2,130,2,0,0,0,0,0,0,0,0,0,0,0,0,0,0
80,2,100,2,130,2,0,0,0,0,0,0,0,0,0,0,0,0,0,0
80,2,100,2,130,2,0,0,0,0,0,0,0,0,0,0,0,0,0,0
80,2,100,2,130,2,0,0,0,0,0,0,0,0,0,0,0,0,0,0
80,2,100,2,130,2,0,0,0,0,0,0,0,0,0,0,0,0,0,0
80,2,100,2,130,2,0,0,0,0,0,0,0,0,0,0,0,0,0,0
80,2,100,2,130,2,0,0,0,0,0,0,0,0,0,0,0,0,0,0
80,2,100,2,130,2,0,0,0,0,0,0,0,0,0,0,0,0,0,0
80,2,100,2,130,2,0,0,0,0,0,0,0,0,0,0,0,0,0,0
80,1,120,1,160,2,180,2,0,0,0,0,0,0,0,0,0,0,0,0
80,1,120,1,160,2,180,2,0,0,0,0,0,0,0,0,0,0,0,0
80,1,120,1,160,2,180,2,0,0,0,0,0,0,0,0,0,0,0,0
80,1,120,1,160,2,180,2,0,0,0,0,0,0,0,0,0,0,0,0
100,3,150,2,0,0,0,0,0,0,0,0,0,0,0,0,0,0,0,0
100,3,150,2,0,0,0,0,0,0,0,0,0,0,0,0,0,0,0,0
100,3,150,2,0,0,0,0,0,0,0,0,0,0,0,0,0,0,0,0
100,3,150,2,0,0,0,0,0,0,0,0,0,0,0,0,0,0,0,0
100,3,150,2,0,0,0,0,0,0,0,0,0,0,0,0,0,0,0,0
140,2,180,2,200,2,220,2,0,0,0,0,0,0,0,0,0,0,0,0
140,2,180,2,200,2,220,2,0,0,0,0,0,0,0,0,0,0,0,0
140,2,180,2,200,2,220,2,0,0,0,0,0,0,0,0,0,0,0,0
140,2,180,2,200,2,220,2,0,0,0,0,0,0,0,0,0,0,0,0
140,2,180,2,200,2,220,2,0,0,0,0,0,0,0,0,0,0,0,0
120,2,140,2,160,2,180,2,0,0,0,0,0,0,0,0,0,0,0,0
120,2,140,2,160,2,180,2,0,0,0,0,0,0,0,0,0,0,0,0
120,2,140,2,160,2,180,2,0,0,0,0,0,0,0,0,0,0,0,0
120,2,140,2,160,2,180,2,0,0,0,0,0,0,0,0,0,0,0,0
120,2,140,2,160,2,180,2,0,0,0,0,0,0,0,0,0,0,0,0
120,2,140,2,160,2,180,2,0,0,0,0,0,0,0,0,0,0,0,0
120,2,140,2,160,2,180,2,0,0,0,0,0,0,0,0,0,0,0,0
120,2,140,2,160,2,180,2,0,0,0,0,0,0,0,0,0,0,0,0
120,2,140,2,160,2,180,2,0,0,0,0,0,0,0,0,0,0,0,0
120,2,140,2,160,2,180,2,0,0,0,0,0,0,0,0,0,0,0,0
30,24,0,0,0,0,0,0,0,0,0,0,0,0,0,0,0,0,0,0
30,24,0,0,0,0,0,0,0,0,0,0,0,0,0,0,0,0,0,0
30,24,0,0,0,0,0,0,0,0,0,0,0,0,0,0,0,0,0,0
30,24,0,0,0,0,0,0,0,0,0,0,0,0,0,0,0,0,0,0
30,24,0,0,0,0,0,0,0,0,0,0,0,0,0,0,0,0,0,0
30,24,0,0,0,0,0,0,0,0,0,0,0,0,0,0,0,0,0,0
130,2,160,2,180,2,0,0,0,0,0,0,0,0,0,0,0,0,0,0
130,2,160,2,180,2,0,0,0,0,0,0,0,0,0,0,0,0,0,0
130,2,160,2,180,2,0,0,0,0,0,0,0,0,0,0,0,0,0,0
130,2,160,2,180,2,0,0,0,0,0,0,0,0,0,0,0,0,0,0
100,2,150,3,0,0,0,0,0,0,0,0,0,0,0,0,0,0,0,0
100,2,150,3,0,0,0,0,0,0,0,0,0,0,0,0,0,0,0,0
100,2,150,3,0,0,0,0,0,0,0,0,0,0,0,0,0,0,0,0
100,2,150,3,0,0,0,0,0,0,0,0,0,0,0,0,0,0,0,0
100,2,150,3,0,0,0,0,0,0,0,0,0,0,0,0,0,0,0,0
100,2,150,2,180,2,0,0,0,0,0,0,0,0,0,0,0,0,0,0
100,2,150,2,180,2,0,0,0,0,0,0,0,0,0,0,0,0,0,0
100,2,150,2,180,2,0,0,0,0,0,0,0,0,0,0,0,0,0,0
100,2,150,2,180,2,0,0,0,0,0,0,0,0,0,0,0,0,0,0
100,2,150,2,0,0,0,0,0,0,0,0,0,0,0,0,0,0,0,0
100,2,150,2,0,0,0,0,0,0,0,0,0,0,0,0,0,0,0,0
100,2,150,2,0,0,0,0,0,0,0,0,0,0,0,0,0,0,0,0
100,2,150,2,0,0,0,0,0,0,0,0,0,0,0,0,0,0,0,0
100,2,150,2,0,0,0,0,0,0,0,0,0,0,0,0,0,0,0,0
100,2,150,2,0,0,0,0,0,0,0,0,0,0,0,0,0,0,0,0
120,3,150,2,0,0,0,0,0,0,0,0,0,0,0,0,0,0,0,0
120,3,150,2,0,0,0,0,0,0,0,0,0,0,0,0,0,0,0,0
120,3,150,2,0,0,0,0,0,0,0,0,0,0,0,0,0,0,0,0
120,3,150,2,0,0,0,0,0,0,0,0,0,0,0,0,0,0,0,0
120,3,150,2,0,0,0,0,0,0,0,0,0,0,0,0,0,0,0,0
120,3,150,2,0,0,0,0,0,0,0,0,0,0,0,0,0,0,0,0
70,1,110,1.5,170,1.5,200,1.5,0,0,0,0,0,0,0,0,0,0,0,0
70,1,110,1.5,170,1.5,200,1.5,0,0,0,0,0,0,0,0,0,0,0,0
70,1,110,1.5,170,1.5,200,1.5,0,0,0,0,0,0,0,0,0,0,0,0
70,1,110,1.5,170,1.5,200,1.5,0,0,0,0,0,0,0,0,0,0,0,0
100,2,110,2,130,2,150,2,0,0,0,0,0,0,0,0,0,0,0,0
100,2,110,2,130,2,150,2,0,0,0,0,0,0,0,0,0,0,0,0
100,2,110,2,130,2,150,2,0,0,0,0,0,0,0,0,0,0,0,0
100,2,110,2,130,2,150,2,0,0,0,0,0,0,0,0,0,0,0,0
100,2,110,2,130,2,150,2,0,0,0,0,0,0,0,0,0,0,0,0
100,2,110,2,130,2,150,2,0,0,0,0,0,0,0,0,0,0,0,0
100,2,120,2,0,0,0,0,0,0,0,0,0,0,0,0,0,0,0,0
100,2,120,2,0,0,0,0,0,0,0,0,0,0,0,0,0,0,0,0
100,2,120,2,0,0,0,0,0,0,0,0,0,0,0,0,0,0,0,0
100,2,120,2,0,0,0,0,0,0,0,0,0,0,0,0,0,0,0,0
100,2,120,2,0,0,0,0,0,0,0,0,0,0,0,0,0,0,0,0
60,2,90,1,120,1,0,0,0,0,0,0,0,0,0,0,0,0,0,0
60,2,90,1,120,1,0,0,0,0,0,0,0,0,0,0,0,0,0,0
60,2,90,1,120,1,0,0,0,0,0,0,0,0,0,0,0,0,0,0
60,2,90,1,120,1,0,0,0,0,0,0,0,0,0,0,0,0,0,0
60,2,90,1,120,1,0,0,0,0,0,0,0,0,0,0,0,0,0,0
120,2,150,2,0,0,0,0,0,0,0,0,0,0,0,0,0,0,0,0
120,2,150,2,0,0,0,0,0,0,0,0,0,0,0,0,0,0,0,0
120,2,150,2,0,0,0,0,0,0,0,0,0,0,0,0,0,0,0,0
120,2,150,2,0,0,0,0,0,0,0,0,0,0,0,0,0,0,0,0
120,2,150,2,0,0,0,0,0,0,0,0,0,0,0,0,0,0,0,0
120,2,150,2,0,0,0,0,0,0,0,0,0,0,0,0,0,0,0,0
25,48,120,2,0,0,0,0,0,0,0,0,0,0,0,0,0,0,0,0
25,48,120,2,0,0,0,0,0,0,0,0,0,0,0,0,0,0,0,0
25,48,120,2,0,0,0,0,0,0,0,0,0,0,0,0,0,0,0,0
25,48,120,2,0,0,0,0,0,0,0,0,0,0,0,0,0,0,0,0
25,8,120,2,0,0,0,0,0,0,0,0,0,0,0,0,0,0,0,0
25,8,120,2,0,0,0,0,0,0,0,0,0,0,0,0,0,0,0,0
25,8,120,2,0,0,0,0,0,0,0,0,0,0,0,0,0,0,0,0
25,8,120,2,0,0,0,0,0,0,0,0,0,0,0,0,0,0,0,0
25,8,120,2,0,0,0,0,0,0,0,0,0,0,0,0,0,0,0,0
25,8,120,2,0,0,0,0,0,0,0,0,0,0,0,0,0,0,0,0
160,2,200,2,220,2,240,2,260,2,0,0,0,0,0,0,0,0,0,0
160,2,200,2,220,2,240,2,260,2,0,0,0,0,0,0,0,0,0,0
160,2,200,2,220,2,240,2,260,2,0,0,0,0,0,0,0,0,0,0
160,2,200,2,220,2,240,2,260,2,0,0,0,0,0,0,0,0,0,0
160,2,200,2,220,2,240,2,260,2,0,0,0,0,0,0,0,0,0,0
120,2,150,2,180,3,0,0,0,0,0,0,0,0,0,0,0,0,0,0
120,2,150,2,180,3,0,0,0,0,0,0,0,0,0,0,0,0,0,0
120,2,150,2,180,3,0,0,0,0,0,0,0,0,0,0,0,0,0,0
120,2,150,2,180,3,0,0,0,0,0,0,0,0,0,0,0,0,0,0
25,0.5,120,0.5,160,2,0,0,0,0,0,0,0,0,0,0,0,0,0,0
25,0.5,120,0.5,160,2,0,0,0,0,0,0,0,0,0,0,0,0,0,0
25,0.5,120,0.5,160,2,0,0,0,0,0,0,0,0,0,0,0,0,0,0
25,0.5,120,0.5,160,2,0,0,0,0,0,0,0,0,0,0,0,0,0,0
25,0.5,120,0.5,160,2,0,0,0,0,0,0,0,0,0,0,0,0,0,0
25,0.5,120,0.5,160,2,0,0,0,0,0,0,0,0,0,0,0,0,0,0
100,2,120,2,0,0,0,0,0,0,0,0,0,0,0,0,0,0,0,0
100,2,120,2,0,0,0,0,0,0,0,0,0,0,0,0,0,0,0,0
100,2,120,2,0,0,0,0,0,0,0,0,0,0,0,0,0,0,0,0
100,2,120,2,0,0,0,0,0,0,0,0,0,0,0,0,0,0,0,0
100,2,120,2,0,0,0,0,0,0,0,0,0,0,0,0,0,0,0,0
120,2,170,4,0,0,0,0,0,0,0,0,0,0,0,0,0,0,0,0
120,2,170,4,0,0,0,0,0,0,0,0,0,0,0,0,0,0,0,0
120,2,170,4,0,0,0,0,0,0,0,0,0,0,0,0,0,0,0,0
120,2,170,4,0,0,0,0,0,0,0,0,0,0,0,0,0,0,0,0
120,2,170,4,0,0,0,0,0,0,0,0,0,0,0,0,0,0,0,0
100,2,130,2,160,2,0,0,0,0,0,0,0,0,0,0,0,0,0,0
100,2,130,2,160,2,0,0,0,0,0,0,0,0,0,0,0,0,0,0
100,2,130,2,160,2,0,0,0,0,0,0,0,0,0,0,0,0,0,0
100,2,150,2,0,0,0,0,0,0,0,0,0,0,0,0,0,0,0,0
100,2,150,2,0,0,0,0,0,0,0,0,0,0,0,0,0,0,0,0
100,2,150,2,0,0,0,0,0,0,0,0,0,0,0,0,0,0,0,0
100,2,150,2,0,0,0,0,0,0,0,0,0,0,0,0,0,0,0,0
100,2,150,2,0,0,0,0,0,0,0,0,0,0,0,0,0,0,0,0
100,2,150,2,0,0,0,0,0,0,0,0,0,0,0,0,0,0,0,0
100,2,150,2,0,0,0,0,0,0,0,0,0,0,0,0,0,0,0,0
100,2,150,2,0,0,0,0,0,0,0,0,0,0,0,0,0,0,0,0
100,2,150,2,0,0,0,0,0,0,0,0,0,0,0,0,0,0,0,0
100,2,150,2,0,0,0,0,0,0,0,0,0,0,0,0,0,0,0,0
100,2,150,2,0,0,0,0,0,0,0,0,0,0,0,0,0,0,0,0
100,2,150,2,0,0,0,0,0,0,0,0,0,0,0,0,0,0,0,0
100,2,150,2,0,0,0,0,0,0,0,0,0,0,0,0,0,0,0,0
100,2,150,2,0,0,0,0,0,0,0,0,0,0,0,0,0,0,0,0
80,2,120,2,150,2,0,0,0,0,0,0,0,0,0,0,0,0,0,0
80,2.5,120,2.5,150,1,0,0,0,0,0,0,0,0,0,0,0,0,0,0
80,2,120,3,0,0,0,0,0,0,0,0,0,0,0,0,0,0,0,0
80,2,120,1,20,1,150,2,0,0,0,0,0,0,0,0,0,0,0,0
165,3,0,0,0,0,0,0,0,0,0,0,0,0,0,0,0,0,0,0
40,3,80,1.5,0,0,0,0,0,0,0,0,0,0,0,0,0,0,0,0
120,2,150,0.5,0,0,0,0,0,0,0,0,0,0,0,0,0,0,0,0
80,2,120,2,150,1,0,0,0,0,0,0,0,0,0,0,0,0,0,0
80,2,120,2,150,1.5,0,0,0,0,0,0,0,0,0,0,0,0,0,0
110,0.5,180,3,0,0,0,0,0,0,0,0,0,0,0,0,0,0,0,0
120,2,180,2,0,0,0,0,0,0,0,0,0,0,0,0,0,0,0,0
80,2,120,2,150,2,0,0,0,0,0,0,0,0,0,0,0,0,0,0
150,1,20,2,150,3,0,0,0,0,0,0,0,0,0,0,0,0,0,0
80,2.5,120,2,0,0,0,0,0,0,0,0,0,0,0,0,0,0,0,0
80,2,120,2,0,0,0,0,0,0,0,0,0,0,0,0,0,0,0,0
80,2,120,2,0,0,0,0,0,0,0,0,0,0,0,0,0,0,0,0
80,2,120,1,0,0,0,0,0,0,0,0,0,0,0,0,0,0,0,0
80,2,120,1.5,150,2,0,0,0,0,0,0,0,0,0,0,0,0,0,0
80,4,0,0,0,0,0,0,0,0,0,0,0,0,0,0,0,0,0,0
80,2,120,3,0,0,0,0,0,0,0,0,0,0,0,0,0,0,0,0
120,2,180,2,220,2,0,0,0,0,0,0,0,0,0,0,0,0,0,0
120,2,140,2,170,2,0,0,0,0,0,0,0,0,0,0,0,0,0,0
80,2,120,2,150,2,0,0,0,0,0,0,0,0,0,0,0,0,0,0
80,2,120,2,0,0,0,0,0,0,0,0,0,0,0,0,0,0,0,0
