T_d5,T_max,Char_Yield,T_g,LOI,UL94_Rating,TTI,pHRR,THR,pSPR,TSP,CO2_Yield,CO_Yield,Residue,Tensile_Strength,Flexural_Strength,Impact_Strength
379,415,8.1,112,29.1,2,,,,,,,,,,,
375,411,8.2,114,31.7,3,,,,,,,,,,,
372,398,8.7,117,33.1,3,46,557.6,80.9,,34.6,1.541,0.081,0.4,58.4,109.7,4.8
383,420,7.8,,20.1,0,40,964.3,111.8,,25.9,1.755,0.042,0.2,55.1,100.1,6.2
373,403,10.1,117,27.1,1,,,,,,,,,,,
370,397,11.7,122,28.7,2,,,,,,,,,,,
368,392,15.5,125,30.2,2,47,697.6,86.7,,32.3,1.632,0.068,1.2,57.2,106.2,4.1
367.4,384.5,17.6,,29,2,43,928.7,117.5,,,,,13.5,45.95,,18.11
364,389,25.5,165,32,3,40,920.3,113.8,,,,,14.9,47.66,,15.15
383.6,391.9,12.9,168,23.5,0,52,1194.7,123.9,,,,,7.4,40.22,,12.19
,,,140.6,33,2,73,780,77,,53,,,17,68.7,,18.2
337,352,0.97,141.4,35,3,71,641,66,,43,,,22,66.8,,18.1
,,,140.8,36,3,,,,,,,,,70.2,,17.5
363,387,19,140.8,26,0,80,920,77,,53,,,14,72.5,,19.3
353.4,380.8,17.6,,31.2,2,,,,,,,,,,,
332.4,373.5,18.7,155.7,32.7,3,61,925.5,54.4,0.36,37.2,1.54,0.11,16.8,63,91,24
327.2,376.3,20.1,,34.2,3,,,,,,,,,,,
367.8,391.8,17.5,,22.6,0,59,1063.2,97.6,0.54,71.4,0.99,0.05,2.7,54,86,21
377,408,18.2,150.4,18.1,2,,907.7,84.7,,25.28,4.97,,,,14.18,
359,398,18.8,144.2,29.2,2,,1018.8,86.7,,27.14,5.31,,,,12.5,
338,395,19.6,143.5,29.7,3,,1012.2,83.1,,33.22,5.58,,,,111.4,
381,397,18.1,148.8,25.3,0,,897.6,93.6,,25.93,9.51,,,,123.9,
331,361,17.4,,42.1,2,83,775.5,75.8,,21.7,,,18.9,83.5,105.6,40.2
321,350,17.9,,44.5,3,81,642.1,65.9,,20.2,,,25.5,85.4,108,45.7
371,387,15.8,,26.7,0,89,914.8,82.2,,23.9,,,9.5,53.5,82.1,37.3
270,338,21,162,,2,60,855,77,,53.38,,,,,,
285,357,16,161,,0,65,1508,79,,76.78,,,,,,
288,352,24,193,,3,51,941,77,,55.43,,,,,,
310,366,17,168,,0,65,1102,81,,70.24,,,,,,
265,341,10,215,,,79,1340,102,,83.4,,,,,,
,,,,32,2,,,,,,,,,,,
337.5,372.8,21.5,,33.2,3,82,694.86,98.84,0.22,23.79,2.88,0.33,12.17,,,
359.7,383.7,16.8,,25.8,0,81,1017.29,106.43,0.26,25.75,7.39,0.33,2.66,,,
,,,,,,,,,,,,,,,,
,,,,,,108,703.16,129.28,0.18,25.78,3.51,0.2,11.97,,,
,,,,,,,,,,,,,,,,
,,,,,,72,594.17,90.43,0.28,28.65,6.79,0.39,9.5,,,
334,373,13,173,32.1,2,,,,,,,,,74,97,11
316,387,13.3,165,34.4,2,,,,,,,,,72,101,16
307,388,14.3,156,35.1,3,67,782,66.7,0.58,57.1,,,15.4,73,114,28
359,382,11,175,25.3,0,79,1183,89.1,0.62,80.4,,,8.7,68,99,22
338,370,17.2,177.5,25.4,2,,,,,,,,,75.4,141,
326,360,20.7,178,28.9,3,,,,,,,,,80.5,146,
300,355,22.1,181.5,31.8,3,,,,,,,,,83.5,150,
350,380,11.2,175,22.8,0,,,,,,,,,74.3,85,
373,403,16.6,185,29.4,2,100,1043,70.2,,26.1,,,20.3,89.4,62.5,8.7
361,400,17,174,31.5,3,104,971,66.2,,25.9,,,22.9,98.9,79.2,11.2
354,398,17.4,178,33.1,3,109,907,66.6,,24.9,,,23.6,95.4,70,13.4
333,385,18.2,175,34.8,3,103,738,61.7,,27.6,,,24.5,65.3,53.6,9.8
373,401,14.8,179,26.5,0,102,1184,76.9,,31,,,15.4,53.4,88.8,7.6
300,388,16.4,,30.3,2,,,,,,,,,61,87,20
295,376,18.6,,32.2,2,,,,,,,,,58,85,20
286,367,19.6,,34,3,85,763,62,,24.9,,,22.5,56,88,23
358,393,16.4,,24.9,0,58,1179,90,,26.3,,,14.6,62,80,23
359.2,381.8,19.8,168,31.5,2,70,926.5,,,,,,17.3,74.9,128,21.7
354.1,376.6,19.8,168,35.5,3,,,,,,,,,81,139,
349,377.1,20.2,171,39,3,72,819.2,,,,,,20.7,85.3,142,31
349.5,372.5,23.9,,39.5,3,,,,,,,,,92.4,148,32.3
371.4,386.7,15.8,164,26.5,0,55,1218,,,,,,,15.1,102.12,12.4
370,405,18.76,187,29.7,2,80,1193,83.7,0.34,30.9,,,13.1,65.3,,12.3
351,403,18.81,184,30.4,2,74,1146,83.3,0.317,27.6,,,16.1,69.2,,12.4
347,402,19.86,180,32.2,3,70,989,76.7,0.307,27.4,,,16.3,69.3,,13
329,400,20.04,177,35.6,3,66,923,78.2,0.286,25.6,,,20.8,80.4,,12.2
371,400,16.25,186,26.5,0,62,1311,87.5,0.453,35.4,,,10.3,53.4,,8.7
364,402,13,128.4,33,1,48,835.3,82.6,,,,,11.2,,,
356,399,14.5,127.3,34,2,45,752,76.1,,,,,14.8,,,
342,392,15.2,125.5,35.5,3,39,733.8,66.1,,,,,15.3,,,
339,389,17.1,120.7,37,3,30,647.9,58,,,,,16.6,55.8,,
375,403,10.7,147.1,23.5,0,51,1233.9,88,,,,,9.5,52,,
349,373,22.1,158,30.8,2,97,732,105,,29.75,,,,100,,7
346,370,21,149,32.4,3,94,658,103,,29.27,,,,103,,9
326,365,20.5,149,33.6,3,89,622,98,,28.39,,,,106,,11.8
374,390,14.7,152,23.8,0,106,870,116,,33.41,,,,82,,6.4
348,392,16.1,145,33.7,2,90,652,69.2,,,1.202,0.048,27.7,94,137,6.7
,,,,34.5,2,,,,,,,,,,,
340,393,17.1,144,36.6,3,83,501,59.5,,,1.043,0.063,26,94,147,6.2
,,,,37.2,3,,,,,,,,,,,
325,398,17.7,143,37.5,3,,,,,,,,,93.5,150,6.3
376,390,14.4,160,26.2,0,83,939,78.8,,,1.477,0.038,12.1,78.8,134,6.3
331.1,372,20.3,149.3,32.5,2,70,709,70,,39.3,1.443,0.108,19.2,,,
318.3,371.1,20.8,150.5,35.5,2,62,804,66,,34,1.392,0.134,24.4,,,
311.1,368.2,21.6,146.8,36.5,3,70,547.5,69.5,,36.7,1.336,0.109,21,,,
356.8,378.1,17,155.3,26.2,0,60,1073,76,,71.4,1.55,0.094,11.5,,,
,,,,22.5,0,28,1200,84,,35.12,,,12.1,38.46,,6.015
,,,,19.8,0,53,1385,93,,45.32,,,0.1,41.325,,7.1
,,,,32.3,3,31,340,53,,19.95,,,20.1,33.895,,6.23
,,,,24.3,0,62,31,62,,31.83,,,32.5,37.123,,8.56
380.7,417,23.5,,35.8,3,54,693,96.2,,27.47,,,11.4,,,
380,404.3,26.8,,39.7,3,53,591,85.9,,25.83,,,14.7,,,
364.6,398.4,28.5,,40.5,3,51,429,78.6,,25.51,,,17.2,,,
349.4,384.8,31.5,,41.2,3,47,266,69.1,,24.81,,,12.3,,,
379.5,428.5,15.6,,21.7,0,59,1064,97.1,,26.84,,,3.2,,,
349,380,19.5,155,32.6,3,59,1234,75,,23.7,,0.079,16.7,70,94,
341,375,19.2,150,34.5,3,63,1022,72,,23.7,,0.081,18.2,78,103,
333,371,20,149,35.5,3,60,982,71,,23.7,,0.091,19.5,84,110,
332,368,24.5,146,36.2,3,61,941,66,,23.3,,0.099,19.9,,,
371,388,18.1,164,25.8,0,55,1419,80,,26.3,,0.071,12,58.3,86.2,
,,,,31.7,0,,,,,,,,,,,
,,,,34.3,0,,,,,,,,,,,
,,,142,36.8,0,84,554,75.2,,,,,24.6,86,130,7.2
356,375,23.8,136,36.1,0,82,496,72.8,,,,,28.2,92,128,7.1
376,389,14.4,161,26.2,0,83,957,86.9,,,,,11.3,82,125,6.5
,,,,30.5,1,,,,,,,,,,,
,,,,34.6,2,,,,,,,,,,,
,,,171,37.2,2,79,782,73.7,,,,,24.9,94,146,6.4
312,380,20.4,178,41.2,3,75,750,71.4,,,,,25.3,96,152,6.6
326,365,26.6,202,37.5,2,78,440,73,,31,,0.081,22,,,
311,361,27.5,192,28.5,3,70,425,75,,31,,0.068,27,,,
305,345,27.2,187,28.8,3,69,383,72,,28,,0.067,28,,,
378,418,14.4,223,22.5,0,129,977,114,,62,,0.071,12,,,
354.9,383.6,18.4,167,31.5,2,45,1222,73.2,,13.8,1.93,0.116,8.4,76,89,
341,379.2,19.6,159,33.5,3,41,1043,66.3,,12,1.9,0.115,10.2,82,92,
329.2,372.9,19.1,149,34.1,3,40,938,67.3,,11.4,1.83,0.094,14.2,79,98,
370.9,388.1,18.2,152,25.6,0,47,1450,91,,16,2.1,0.084,1.2,63,85,
347,362,15.9,165,29,2,50,805,135.7,,31.4,,,6.9,,,
335,350,16.2,161,30,3,48,725,128,,28.6,,,7.9,,,
369,367,14,151,23.5,0,57,968,157.5,,33.2,,,5.2,,,
356.9,407.5,6.5,138,20.1,0,28,1149.8,86.3,,32.2,1.96,0.065,2,51,115,
348.7,395.4,8.7,153.1,25.2,0,31,606,58.9,,22,1.48,0.098,6.2,82,116,
350,394.9,11.9,153.5,29.6,3,34,477.5,50.3,,17,1.27,0.119,10.7,71,124,
348.1,386.6,12.6,155,32.4,3,36,442.9,49.1,,20.4,1.17,0.13,12.2,69,118,
,,,,30.7,2,64,519.5,59.2,,41.2,1.32,0.137,7.6,,,
350.6,382.5,21.6,170.3,33.8,2,54,713,57.8,,20.6,1.05,0.31,20.8,81.6,211.8,
331.5,368.2,25.6,165.7,37.5,3,65,451,51.6,,17.9,0.85,0.3,23.4,85.7,239.1,
320.9,359,26,157.3,38.8,2,58,580,54.2,,20.8,0.98,0.38,20.5,80.4,199.4,
382.3,399,19.7,170.8,25,0,91,1453,67.3,,24.1,1.8,0.28,18.1,77.8,114.2,
,,,,35.1,2,,,,,,,,,70.4,106.3,
314.2,359.3,25.5,,28.1,3,,,,,,,,,,,
307.4,349.6,24.8,,27,3,,,,,,,,,,,
305.1,338.5,24.7,,26.6,3,,,,,,,,,,,
300.8,331.5,23.7,,28.1,3,,,,,,,,,,,
276.4,326.9,20.9,,29.2,3,,,,,,,,,,,
378,418.5,14.5,,21,0,,,,,,,,,,,
321,360,21.1,189.3,33.5,3,,403,62,0.209,24.4,,,21.1,,,
342,420,12.5,155.6,21.5,0,,1335,95,0.348,26.5,,,3.9,,,
307,349,18.7,172.3,34.2,0,,403,53.4,0.168,16.7,,,18.9,,,
301,340,19.4,176,38.3,0,,354,44.8,0.125,13.1,,,20.8,,,
287,335,20.8,177.1,36.1,0,,389,54.8,0.154,15.9,,,21.8,,,
364,399,26.4,,44.5,3,87,433.57,79.84,,30.9,,,39.3,,,
353,388,29.2,,46.8,3,85,258.56,65.62,,26.9,,,39.7,,,
348,385,34.4,,47.9,3,81,233.13,63.43,,25.3,,,41.7,,,
327,382,37.3,,49.5,3,75,220.78,59.84,,24.3,,,53.2,,,
393,419,16.9,,22.4,0,102,779.52,116.89,,40.2,,,12.3,,,
357.6,374.4,17.6,171,30.2,1,,,,,,,,,60,165,
344.2,366,19.2,171.2,33,2,,,,,,,,,65,180,
339.4,361.8,19.2,172.2,33.1,3,,812.3,69.1,0.48,64.1,1.52,0.11,15.8,90,182.2,
359,379.4,13.7,167.3,22.5,0,,1215.2,82,0.58,71.5,1.64,0.095,7.8,59.1,140.7,
344,388,18.9,183,30.5,2,77,991,91.6,,22.5,,0.48,17.7,63.28,113.24,12.13
346,386,19,182,33.2,3,75,719,89.2,,21,,0.44,21.8,73.91,101.56,12.94
329,384,20,174,37.4,3,74,784,84.5,,17.9,,0.3,22.7,86.66,90.95,13.44
355,381,17.2,186,26.2,0,85,1442,115.7,,24.3,,0.32,7.9,56.27,66.43,10.18
,,,,31.4,0,,,,,,,,,,,
,,,,28,2,,,,,,,,,,,
373.5,412,18.9,133.1,31.5,3,,,,,,,,,,110,
369.2,406,25.3,129.1,36.2,3,,,,,,,,,,108,
358.7,391,23.1,128.8,39.5,3,,,,,,,,,,102,
352.1,388,22.9,116.5,43.4,3,,,,,,,,,,100,
371,400,18.5,143.7,23.9,0,,,,,,,,,,105,
344.2,375.2,18.8,144,28,3,47,892,83.9,,,,,8.6,53.2,,16.9
333.1,374.6,20.1,131,30,3,48,595,79.3,,,,,12.2,68.8,,18
313,362.1,20,122,32,2,37,455,75,,,,,14,67.1,,21.2
360.5,375.8,14.2,,27,0,,,,,,,,,52.4,,17.2
354.6,384.5,15,,28,3,,,,,,,,,75.7,,18.5
344.2,377.9,14.7,123,32,2,42,769,77.5,,,,,6.4,74.5,,22
359.4,380.1,14.4,,25.2,0,,,,,,,,,47,,17
353.3,369.1,16.1,,28,3,,,,,,,,,59.3,,19.1
341.4,377.6,14.6,120,30,2,43,818,79.4,,,,,6.6,70.3,,21.7
367.6,382.4,13.1,145,25,0,50,985,87.1,,,,,5.7,50.1,,16.2
375,397,24.3,200,29.6,3,73,643.1,65.31,,19.9,,,29.3,,80,
364,388,26.7,194,33.8,3,69,579.47,51.77,,18.7,,,31.8,,76,
359,385,30.1,187,35.9,3,68,558.51,50.97,,18.3,,,34.3,,75,
352,376,36.8,177,36.9,3,62,427.9,61.91,,18,,,36.5,,77,
393,417,16.9,190,22.4,0,85,956.46,99.23,,23.2,,,21.7,,85,
367,395,26.3,204,40.8,3,66,510.81,65.98,,19.7,,,37.8,,82,
358,387,27.4,198,41.3,3,64,293.29,44.98,,17.4,,,44.1,,87,
349,381,31.4,195,45.4,3,64,217.69,48.1,,17.4,,,43.8,,92,
341,377,34.8,197,46.2,3,63,215.87,45.95,,17.3,,,48.7,,95,
352,384,20.2,152.2,31.4,2,47,1273,77,,11.9,1.87,0.096,9.8,,96,
342,378,19.5,155.8,34.7,3,46,1258,75,,13.3,1.84,0.109,11.7,,102,
337,374,20.2,156.9,36.5,3,41,1199,72,,14.5,1.69,0.138,12.8,,110,
349.4,370.8,18.8,162.3,30.2,2,,,,,,,,,55,105,
341.5,365.7,16.8,159.7,34,2,,,,,,,,,57,104,
335.2,359.2,18.5,162.4,36,3,125,931.2,58,0.39,43.9,,,14.3,58,116,
358.2,379.4,12.5,164.7,22.5,0,145,1275.3,69,0.52,64.1,,,8.3,59,140,
364,389.4,17.1,,30,2,,,,,,,,,,,
355.9,392,16.9,146.3,30.5,3,,,,,,,,,,,
346.2,395.8,15.2,,31.2,3,75,610,43,0.2,16.1,0.9,0.08,5.3,,,
355.8,380.5,17.5,164.6,26.5,0,59,1063.1,76.1,0.5,71.4,1,0.05,11.9,,,
359.2,405.5,19.52,,25.6,0,,,,,,,,,62,,
352.5,399.7,21.78,,28.3,2,,,,,,,,,66,,
348.5,398.3,23.24,,30.7,2,,,,,,,,,68,,
341.2,396.8,24.98,,31.9,3,,,,,,,,,70,,
337.6,394.6,26.55,,33.4,3,25,591,53.58,0.23,21.32,1.08,0.11,,70,,
376.4,411.4,15.07,,22.5,0,28,676,75.36,0.27,29.49,1.33,0.07,,58,,
353.8,388.3,18,144.6,28.9,3,,,,,,,,,61,104,25
338.1,382.3,18.2,153.1,30.9,3,,,,,,,,,64,106,27
329.5,376.1,18.6,148,31.9,3,,,,,,,,,80,110,28
325.9,374.2,19.7,156.4,32.4,3,,649.8,121,,26,,,8.7,84.3,119,37.5
396.6,385,15.7,156.5,25.1,0,,1040.7,156,,31,,,2.1,63.4,98.6,24.4
291,346,17,,,0,33,642.7,56.9,,27,,,,34,,
328,366,24,,,,31,630.6,54.2,,24.6,,,,23,,
328,370,23,,25,3,29,580.4,49.2,,26.8,,,,20,,
388,408,13,,19,0,41,912.2,98,,44.2,,,,21,,
297,348,20,,,,58,341.5,47,,24.6,,,,23,,
350,381,2.6,163,29,2,56,866,136.9,,30.6,,,5.2,,,
338,380,1.9,163,31,3,39,697,114.5,,29.9,,,9.1,,,
369,381,14,151,23.5,0,57,968,157.5,,33.2,,,5.2,,,
355,404,18,,25,2,24,852.8,,,17,,,,,,
333,356,16,,28,3,31,683.9,,,24.6,,,,,,
330,344,18,,30,2,19,773.6,,,17.9,,,,,,
388,383,13,,19.2,0,21,1197.3,,,18.5,,,,,,
340,364,21,,27,2,29,905.7,,,15.4,,,,,,
271.6,375.5,17.4,150,30,3,38,622,35,,10.6,,0.132,16.5,,,
347.1,388.1,23,168.3,28,2,41,637,49,,14.3,,0.109,16.6,,,
341.5,385.6,22.9,163,29,3,38,566,40,,14.1,,0.114,15.5,,,
335.7,379.8,21.6,161.1,29.5,3,36,562,38.3,,13.3,,0.113,14.4,,,
335,376.4,20.5,157.6,30,3,34,522,36.8,,13.2,,0.122,15.3,,,
388.8,415.1,15.8,192,21,0,50,955,60,,16.1,,0.084,4,,,
338.1,385.5,23.6,166,30,0,40,622,39,,12.9,,0.111,15.6,,,
340.5,386,23.6,167.5,30.5,0,38,616,38,,12.8,,0.111,15.8,,,
342.3,386.1,24.5,171.1,31,0,38,601,35,,12.3,,0.12,15.9,,,
341,386.2,25.9,173.4,31,0,41,599,35,,11.8,,0.116,12.5,,,
343.1,386.7,26.7,179.6,31.5,0,43,589,34,,11.3,,0.117,12.9,,,
336.4,377.1,0.6,,32,2,,,,,,,,,,,
,,,,33,2,,,,,,,,,,,
335.6,376.3,1.11,,33.5,3,93,528.5,35.9,0.24,35.18,0.856,0.093,16.8,62,90,25
334.1,373.3,1.08,,35,3,,,,,,,,,65,95,27
355.8,380.5,17.5,,25.8,0,59,1063.1,76.1,0.55,71.4,0.995,0.054,10.02,54,86,21
343.45,373.97,17.25,113.86,34.55,3,,,,,,,,,,,
350.41,371.54,18.62,109.83,36.2,3,,,,,,,,,,,
351.03,376.11,19.27,103.3,36.78,3,,,,,,,,,,,
336.04,356.2,16.92,,34.55,2,,,,,,,,,,,
340.13,354.39,17.87,104.4,31.15,2,,,,,,,,,,,
345.43,359.1,18.58,,32.03,3,,,,,,,,,,,
338.33,371.92,21.42,,31.84,2,,,,,,,,,,,
342.17,368.74,21.45,117.92,32.37,2,,,,,,,,,,,
346.19,368.38,21.99,,32.88,3,,,,,,,,,,,
293.75,362.78,19.23,,29.15,0,,,,,,,,,,,
298.09,363.47,19.9,98.45,29.31,0,,,,,,,,,,,
298.56,365.3,20.21,,29.78,2,,,,,,,,,,,
353.6,378.6,11.5,156,30.9,2,,,,,,,,,,,
342.8,370.2,10.9,151,33.6,3,58,936.12,64.67,,22.62,1.21,0.0778,17.42,,,
332.5,365.5,10.2,147,35.5,3,,,,,,,,,,,
371.1,388.1,18.2,163,25.7,0,55,1388.58,76.69,,26.29,1.59,0.0665,5.83,,,
353.9,383.9,18.6,140,33.3,2,47,1083.34,60.13,,24.68,1.12,0.0868,15.36,,,
397,423,24,181,28.1,2,,,,,,,,,,,
391,418,27.5,166,31.6,3,49,714,86,,,1.09,0.037,5.3,,,
386,418,28.8,158,33.3,3,,,,,,,,,,,
403,431,16.1,179,23.3,0,58,1167,106,,,1.89,0.032,1.1,,,
344,367,16.5,156,33.6,2,,,,,,,,,72.9,110.2,14.6
330,370,17.4,148,35.5,2,77,866,,,,,,17.8,81.4,114.6,18
319,364,17.2,137,36.5,2,,,,,,,,,81.1,116.8,16.5
348,383,17.4,157,25,0,82,1397,,,,,,13.6,65.4,104.9,12.1
349.7,376.2,18.9,156.5,31.9,2,,,,,,,,,52,117,
,,,148.5,33.6,2,,,,,,,,,55,122,
345.1,379.6,19.2,146.4,33.9,3,,,,,,,,,59,126,
342.6,373.1,20,153.8,34,3,66,710,56.5,0.34,24.9,,,18.1,63,130,
335.8,380.8,17.9,161.6,25.8,0,59,1063.1,76.1,0.54,71.4,,,11.9,49,91,
342,398,19.87,176,28.6,2,48,807,68,,12.4,1.61,0.082,11.3,75.75,98.89,
330,391,20.63,168,29.3,2,51,739,65,,12.3,1.62,0.086,15.9,88.77,103.15,
320,387,18.9,165,30.3,3,52,721,61,,12.2,1.51,0.096,17.6,55.22,104.77,
389,419,15.49,185,22.8,0,73,1142,82,,17.2,1.87,0.068,5.1,64.67,110.67,
320,165,10.3,162,,0,40,736,59.6,,30.35,,0.1096,15.7,,,
346,372,9.5,154,,0,54,1068,75.8,,24.73,,0.062,7.9,,,
,,29.6,,34.2,,,,,,,,,,,,
,,33.2,,32.8,,,,,,,,,,,,
,,28.1,,32.2,,,,,,,,,,,,
,,31.6,,34.6,,,,,,,,,,,,
,,30.8,,30,,,,,,,,,,,,
,,32,,33,,,,,,,,,,,,
,,31,,33.2,,,,,,,,,,,,
,,35.8,,28,,,,,,,,,,,,
337,370,19.5,146.9,33.5,2,,,,,,,,,,,
333,368,20.9,139.7,35,2,,,,,,,,,,,
325,365,20.8,138.6,36.2,2,,,,,,,,,,,
314,361,22.2,133.8,36.5,3,,660,58.9,,27,,0.086,23,,,
335.5,380,17.4,157.6,25,0,,1076,78,,72,,0.06,10.1,,,
356,376,18.48,,26.4,0,,,,,,,,,,,
354.7,374.2,18.56,,27.8,2,,,,,,,,,,,
348.5,375,19.24,,29.6,3,86,756,103,0.27,40,1.75,0.099,18.8,,,
346.3,375.9,18.86,,30,3,,,,,,,,,,,
361.9,375.7,15.76,,23.3,0,71,909,119,0.37,50,1.85,0.078,9.6,,,
353.6,372.4,22.9,,26.2,0,,583,61.2,0.238,21.4,,,27,38,,6.3
339.1,364.5,25.3,,29,2,,458,56.7,0.218,28.7,,,31.2,37,,6.1
336.9,364.3,26.2,,35.5,3,,448,49.2,0.186,22.59,,,36.2,35,,5.8
384.2,402.9,14.4,,23.5,0,,940,76.8,0.37,37.25,,,13.7,40.89,,7.2
,,,,32,2,,,,,,,,,,,
,,,,32.3,2,,,,,,,,,,,
330,377,21.8,,33.5,3,62,780,79,,34.32,1.51,0.087,13.4,,,
,,,,35,3,,,,,,,,,,,
,,,,35.8,3,,,,,,,,,,,
,,,,26,0,71,1015,90,,34.57,1.58,0.076,5.4,,,
,,,,31.6,2,,,,,,,,,,,
,,,,31.8,2,,,,,,,,,,,
,,,,33.8,0,,,,,,,,,,,
,,,,33.4,0,,,,,,,,,,,
326.8,354.3,21.1,,27.2,1,76,503.6,123.2,0.11,24,4.6,0.18,20.4,,,
,,,,27.5,2,,,,,,,,,,,
321.8,349.8,22.5,,28.3,3,78,492.1,120.8,0.13,19.7,3,0.15,22,,,
,,,,28.5,3,,,,,,,,,,,
,,,,29.5,3,,,,,,,,,,,
,,,,,,,,,,,,,,,,
351.2,366.6,14.4,,21.3,0,106,1249.4,133.1,0.25,29.4,7.1,0.2,11.8,,,
,,,,,,,958,96.5,,,,,7.7,,,
,,,,,,,1219,99.3,,,,,4.7,,,
,,,,,,,885,78.1,,,,,9.2,,,
,,,,,,,953,89.8,,,,,7.5,,,
,,,,,,,1180,87.5,,,,,3.1,,,
,,,,,,,1696,108.4,,,,,0.7,,,
,,,,32,2,54,952,104.7,,45.1,1.83,0.122,9.9,,,
349,,20,165.48,35.6,3,51,790,93.3,,45.3,1.75,0.116,12.4,,,25.74
363,,14.8,166.12,26.4,0,50,1370,115.8,,46.5,1.98,0.09,5.6,,,10.6
340,,18,152.18,36.8,2,50,1126,99,,42.3,1.74,0.125,12,,,15.56
,,,90.8,28.5,3,,,,,,,,,58.8,89.3,6.8
,,,84.6,30.4,3,44,674,41,0.5,46,,,14.3,55.7,87.8,7.2
,,,54.8,32,3,,,,,,,,,52.3,84.6,7.7
,,,70.4,18.3,0,48,1729,98,1.1,129,,,5.2,54.2,87.3,8
348.3,384.2,21.5,,29.3,2,57,851,76.8,,,,,12.8,78.1,,
332.7,374.8,24.5,,32.8,3,60,706,74.9,,,,,15.8,91.4,,
326.1,368.9,25.4,,33.5,3,65,634,60.2,,,,,18.3,83.7,,
356.2,386.3,19.2,,25.7,0,55,949,86.8,,,,,10.2,73.6,,
338.1,390.5,24.6,,28.6,2,,,,,,,,,61.9,,9.43
329.1,388.1,25.6,,30.3,3,,,,,,,,,68.2,,13.28
343.9,383.6,27.4,,33.1,3,59,412.4,87.3,,35.55,,,9.5,71.7,,15.56
370.5,419.7,8.7,,19.8,0,65,1379.9,104.7,,44.68,,,0.2,,,
320.6,394.1,29.4,253.7,27.8,2,62,794.4,49.5,,16.8,1.48,0.11,32.4,55.3,,
308.7,391.7,33.3,252.1,29.1,3,56,585.5,38.7,,14.4,1.46,0.12,35.1,59.2,,
305.2,390.2,36.1,250.9,30.7,3,51,513.8,34.8,,13.3,1.41,0.14,36.7,60.9,,
327.9,400.2,26.5,255.3,26.5,0,65,893.2,57,,18.5,1.62,0.08,27.7,52.8,,
,,,,27.5,2,,,,,,,,,,,
376,407,6,140,,,,,,,,,,,89,148,
375,403,9,141,20.4,1,101,436,72,,22.4,,,5.5,77,135,
379,402,11.5,142,23.5,2,102,384,62,,21.8,,,5.6,71,127,
372,407,6.1,138,,,,,,,,,,,80,136,
374,401,8.5,139,20.4,1,103,458,60,,21.3,,,5.2,76,137,
375,397,11.4,141,22.4,2,106,390,51,,18.3,,,8.7,64,123,
371,405,3.6,137,19,0,88,526,97,,29.8,,,2,67,135,
372.1,398.3,17.3,,28.2,2,37,528,93,,79,,0.07,12,,,
363.5,392.2,19.7,158.3,33.1,3,28,324,55,,56,,0.09,15.2,69.1,103.6,
358.4,385.3,21.1,,34.6,3,24,216,39,,44,,0.1,16.3,,,
388.2,404.2,14.8,162.2,23.5,0,50,962,152,,115,,,8.5,72.4,108.3,
,,,,30.8,2,,,,,,,,,,,
,,,148.9,29.2,2,,,,,,,,,,,
,,,144.1,30.5,2,,,,,,,,,,,
341.3,,22.52,140.7,31.6,3,55,997.1,46.6,0.36,20.1,1.151,0.084,15.4,,,
355.6,380.5,17.42,158.7,25.8,0,59,1063.1,76.1,0.54,71.4,0.995,0.054,11.9,,,
379,414,13.6,151.3,29.5,2,,,,,,,,,,136,23.6
371,414,14.2,156.3,31,3,,,,,,,,,,132,22.5
352,414,18.2,152.8,32,3,80,1095,55,,19,,,33,,131,20.4
384,415,10,151.9,21,0,82,1366,67,,22,,,12,,130,17
,,,,,0,,,,,,,,,,,
291,361,5,85,,3,34,647,43,,42.37,0.4,0.06,3,,,
338,354,8,127,,0,38,2550,96,,16.76,0.4,0.03,1,112,106,
254,362,6,,,0,,,,,,,,,,,
257,360,6,,,3,34,806,61,,38.67,0.5,0.07,3,,,
333,358,12,,,0,40,1964,79,,18,0.7,0.03,4,89,92,
283,362,9,,,3,26,773,63,,42.05,0.5,0.08,5,,,
250,355,10,,,0,,,,,,,,,,,
239,363,9,,,3,,,,,,,,,,,
242,326,12,,,2,56,823,59,,37.34,0.5,0.08,4,77,76,
348,423,10.4,174,33,1,46,1126,73.6,,,1.89,0.1,6.4,68.4,83.9,
329,421,10,158,34.5,1,43,948,72.6,,,1.77,0.13,5.6,64.3,84,
323,419,10.8,159,35.3,2,43,907,69.9,,,1.76,0.13,7.6,61.5,86.1,
318,417,10.1,153,37.2,3,46,780,63.7,,,1.67,0.15,8.5,59.1,80.3,
386,436,10.1,154,22.3,0,52,1149,86.7,,,2.11,0.06,4.8,56.2,78.9,
327,393,20.9,184,34.2,2,34,601,61.5,,,,,20.1,,,
340,384,20.1,171,33.5,2,39,855,66.8,,,,,19.5,,,
340,391,19.2,203,30.7,2,46,859,66.9,,,,,14.3,,,
320,388,20.4,200,33.6,3,40,755,65.1,,,,,18.8,,,
311,386,22.3,196,36.5,3,35,658,60.9,,,,,21.1,,,
301,378,21.4,193,35.4,3,33,487,59.2,,,,,20.7,,,
384,411,18.6,206,22.5,0,47,1208,80.3,,,,,10.4,,,
347.5,432.3,13.1,,27,3,59,632.8,59.2,,22.9,,,17.3,,,
346.8,410.5,17.4,,34,0,54,605,47.9,,21.9,,,22.6,,,
338.6,402.3,16,,37,0,57,583.1,47.6,,21.1,,,19.3,,,
358.8,435.7,11.8,,20.5,0,60,679,83.6,,21.8,,,13.7,,,
350.3,372.5,26.2,,27,0,50,1688.4,47.9,,10.8,,,37.5,,,
331,378,17,159,29.7,2,,,,,,,,,67,110,26
322,370,17.1,153,33.2,3,67,793,69,,46.9,,,16.6,69,113,28
316,362,17,142,34.2,2,62,799,63,,45.5,,,17.3,71,118,32
370,390,17,166,25,0,64,1152,82,,62.6,,,15.1,59,94,30
358,375,15.4,,28,2,45.6,959.56,88.72,,,,,,,,33.44
352,370,16.6,,29.5,3,40.2,698.19,77.13,,,,,,,,35.98
336,361,18.5,,34,3,46.4,590.55,75.44,,,,,,,,22.22
,,,,,,,,,,,,,,,,9.46
370,382,13.6,,26,0,52.3,1112.14,106.71,,,,,,,,12.42
348,400,18.65,185,30.8,3,64,857.93,59.09,,13.23,1.44,0.0883,18.85,,94,
340,394,19.23,178,31.5,3,66,670.41,52.42,,13.11,1.3,0.0879,21.14,,100,
336,388,18.32,177,31.3,3,62,753.71,53.93,,13.54,1.31,0.09,20.05,,105,
389,419,15.49,185,22.8,0,73,1141.5,81.53,,17.2,1.87,0.0683,5.12,,112,
284,354,29.3,196,29.4,2,46,465,,,,,,27.8,,,
287,349,23.8,200,29.8,3,29,616,,,,,,22.5,,,
280,342,25,196,31.2,3,28,559,,,,,,26.9,,,
384,411,18.6,206,22.5,0,47,1208,,,,,,10.4,,,
369.5,385,18.1,167,28,0,,,,,,,,,86,117,29
369.6,386.3,18.5,167,29.5,2,,,,,,,,,83,135,30
369.5,385,18.2,164,32.5,2,68,963.2,66.7,0.33,23.1,,,20.7,74,122,26
368.8,385.1,18.6,157,33,2,73,909.6,62.2,0.31,22,,,26.2,77,121,18
368,384.2,19.4,157,34,3,72,802.9,61.3,0.32,24.6,,,29.8,72,125,15
371.4,386.7,15.8,164,26.5,0,55,1191.5,75.8,0.32,24.7,,,14.5,66.2,109.1,12.4
330,382,1.47,,36.4,3,102,618.6,135.7,,135.7,1.559,0.104,,72,75,27
320,376,1.89,173.4,37.4,3,96,564.5,135.3,,127.5,1.452,0.108,,92,82,44
320,370,2.27,160.4,41.6,3,91,534,125.9,,121.29,1.411,0.112,,70,80,31
311,362,2.88,159.4,42,3,90,468,110.2,,111.59,1.328,0.12,,68,78,27
360,383,1.23,181.5,26.4,0,120,678.7,157.9,,131.28,1.788,0.073,,58,55,20
364,380,21.3,145.8,23.8,2,106,378.1,72.9,,29.5,1.0557,0.0602,22.7,70.9,119.8,
353,371,23.5,146.7,36.5,3,191,249.3,40.3,,25.1,0.7002,0.0443,25.2,68.6,121,
352,359,24.9,145.9,28,3,192,227.1,33.3,,19.4,0.6135,0.0409,28.5,64.3,114.6,
376,383,17.9,143.1,22.3,0,136,847.6,106.7,,33.7,1.0763,0.0498,10.8,63.7,115.1,
272.6,392.6,11.7,,26.1,2,23,685.9,68.1,,,,,10,,,14.3
304.4,394.2,16.9,,28.3,2,22,426.6,64.1,,,,,14.7,,,10.5
280.5,395,19,,29.4,2,20,323.6,59.3,,,,,15.2,,,9.5
255.6,394.6,22.1,,30.4,3,22,308.6,58.3,,,,,17,,,8.5
220.3,404.3,24.3,,31.2,3,22,305.3,58,,,,,21.2,,,7.3
315.2,390.7,9,,22.9,0,35,1064.9,80.3,,,,,5.5,,,9.8
380.3,417.1,21.23,160,28.5,2,,,,,,,,,,,
378.3,407.9,24.76,143.2,29.6,3,,,,,,,,,,,
367,407.8,25.23,141.6,30.7,3,,,,,,,,,,,
365.7,406.5,26.66,131.6,32.1,3,40,432.19,49.62,,81.9,0.086,0.041,10.95,,,
392,423.9,20.6,174.2,25.4,0,45,1028.29,62.06,,60.5037,0.132,0.026,1.75,,,
,,,,,,51,1081,46.7,,,,,32.1,,,
,,,,,,55,862,66.1,,,,,28.7,,,
361,384,17.9,,29.2,1,53,849.21,44.92,,32.21,1.08,0.14,,,,
357,386,20.25,,30.1,2,46,687.07,43.08,,31.85,0.85,0.12,,,,
356,387,24.21,,32.6,2,38,571.82,39.65,,29.24,0.87,0.12,,,,
377,385,6.74,,26.4,0,59,953.53,50.53,,36.43,1.21,0.23,,,,
340,380,26.8,,30,0,,790,82.1,0.26,32,,,18.2,,,
333,368,28.3,,31.9,0,,559,77.5,0.22,32,,,20.4,,,
324,368,28,,32.5,0,,509,72.8,0.21,30,,,19.4,,,
375,392,23.2,,25,0,,1150,82.5,0.23,21,,,15.1,,,
323,399,17.2,149,35,2,47,899,72.8,,18.9,1.61,,5.9,52.9,75.7,
323,393,18.8,146,36.2,3,42,782,69.2,,17.8,1.53,,8.4,54.8,76.2,
316,388,20.2,146,37,3,40,728,63.9,,16.7,1.49,,11.2,55.5,77.5,
386,436,10.1,154,22.3,0,52,1149,86.7,,22.1,2.11,,4.8,56.2,78.9,
331.7,391.5,4,63.1,22,3,,,,,,,,,,,
303.2,394.9,4.6,75,25,3,,,,,,,,,,,
185.3,363.1,5.2,80.7,26,1,,,,,,,,,,,
342.7,389.7,3.3,54.8,20,1,,,,,,,,,,,
,,,,26.2,2,,,,,,,,,,,
,,,,28.3,2,,,,,,,,,,,
,,,,31.2,3,,,,,,,,,,,
366.7,385.7,21.8,159.5,32.9,2,47,680,132,,93,,,8.6,70.2,103.8,
,,,,33.5,3,,,,,,,,,,,
387.9,400.7,14.7,162.2,23.5,0,50,962,151,,140,,,17.9,71.8,105.5,
,,,,31.4,2,,,,,,,,,,,
340,346,23,,19.8,0,41,491,58,,,1.64,,,,,
340,366,23,,22,2,31,458,60,,,1.63,,,,,
328,351,29,,26,3,24,327,54,,,1.46,,,,,
388,408,17,,19,0,51,1177,66,,,2.03,,,,,
340,364,23,,19.9,0,31,610,60,,,1.64,,,,,
322.9,389.4,24,181,23.4,2,,,,,,,,,36.5,55.5,19.4
284.3,379.8,25.4,187,24.1,2,,,,,,,,,37,63,21.6
297.5,377.2,27.8,193,25.2,3,,,,,,,,,34.8,57.6,17.5
289.1,374.8,30.1,201,26.4,3,,,,,,,,,29.5,54,14.3
361.6,412.4,19.3,216,20.2,0,,,,,,,,,36.3,62.5,18.7
344,406,19.3,206,30.7,0,38,833,73.9,,,1.104,0.068,12.2,,,
332,393,21.4,202,33.9,2,36,631,69.7,,,1.212,0.091,14.6,,,
308,388,21.8,199,36.6,3,34,681,60.5,,,1.097,0.098,15.6,,,
301,384,22.1,199,39.2,3,31,574,51.3,,,1.004,0.106,17.1,,,
383,408,17.3,208,22.5,0,47,1208,80.6,,,1.589,0.063,10.4,,,
,,,170,34.1,2,41,833,66.7,,,1.255,0.095,20.2,,,
348.3,396.7,18.2,146.2,31.3,2,,,,,,,,,,,
341.7,393.2,17.6,144.1,32.6,2,,,,,,,,,,,
342.3,376.2,18.3,142.4,33,3,,,,,,,,,,,
334.3,372.3,18,136,33.3,3,,,,,,,,,,,
327.7,378.3,17.7,130,33.6,3,,,,,,,,,,,
365.7,382.3,14.3,155.1,24.8,0,,,,,,,,,,,
,,19.4,,34.9,2,,1107,102,,51.1,2.1,0.15,10.3,,,
,,16.4,,26.4,0,,1420,144,,52.2,2.52,0.13,7.8,,,
,,,,31.2,2,,,,,,,,,,,
,,,,33.7,3,,707,94,,44.7,1.72,0.12,12.4,,,
,,,,33.1,3,,,,,,,,,,,
,,,,32.1,2,,,,,,,,,,,
,,,,33.2,2,,,,,,,,,,,
,,,,27.7,0,,1709,141,,63.9,2.84,0.13,7.7,,,
335,389,18.5,206,30.2,2,44,715,,,,,,12.3,,,
325,382,21.2,191,31.2,3,40,438,,,,,,18,,,
309,366,20.7,184,32.5,3,41,662,,,,,,15.5,,,
348,411,18.6,224,22.5,0,47,1208,,,,,,10.4,,,
,,,,,,,,,,,,,,28.3,,
,,,,,,,,,,,,,,50.9,,
,,,,,,,,,,,,,,33.1,,
,,36.1,,,,,,,,,,,,26.2,,
,,20.7,,,,,,,,,,,,22.8,,
382.2,406.8,12.1,,28,2,74,1071,68.9,,,,,17.8,,,
378.2,412.6,13.8,,28.5,2,,,,,,,,,,,
,,,,30,3,75,1068,72.1,,,,,20.2,,,
374,402.6,17.9,,30.5,3,,,,,,,,,,,
384.3,415.8,10.2,,21,0,70,1185,86.8,,,,,10,,,
,,,,,,23,448.2,43.6,,,,,,,,
,,,,,,21,431.5,40.4,,,,,,,,
339.2,364.3,11.1,,,,20,269.8,31.4,,,,,,,,
316.3,360.3,5,,,,29,618.3,68.9,,,,,,,,
370,385.1,18.5,158.1,28.5,2,,,,,,,,,67.12,101.58,32.4
365.2,385.9,19.7,156.7,29.6,3,,,,,,,,,70,104.31,33.6
353.9,386.2,20.9,154.3,30.9,3,,798,91,,38,,,7.7,72.84,109.74,35.61
345.2,385.6,20.6,153.8,32,3,,,,,,,,,79.11,111.17,36.71
338.4,378.7,21,144.7,34,3,,574,84,,39,,,8,84.68,114.05,40.03
396.6,385,16.7,156.5,25.9,0,,824,100,,42,,,5.2,63.41,98.62,24.43
,,,,28.5,1,,,,,,,,,,,
369,398,16.3,147.7,30.3,2,,,,,,,,,,,
362,398,17.5,145.8,31.5,2,,,,,,,,,,,
354,397,18.8,114.7,32.5,3,72,807,57,0.32,24.9,,,15.6,48,88,
356,381,18.3,157.6,25.8,0,59,1063,76,0.54,71.4,,,11.8,50,91,
,,,,32.8,0,,,,,,,,,,,
322,362,22.1,147.4,33.1,0,71,754,50,0.3,24.5,,,16.8,54,122,
326,377,18.6,146.7,33.5,0,72,713,45,0.25,24,,,16.4,55,113,
343,,20.1,,27.6,0,50,917.7,86,0.072,,,,,,,
336.2,,21.6,,28.5,2,44,793.7,76.1,0.063,,,,,,,
329.4,,23.2,,29.7,2,45,560.5,65.5,0.051,,,,,,,
366.8,,16,,25.3,0,56,1345.6,93.1,0.082,,,,,,,
,,,,32.8,2,,,,,,,,,,,
357,,21.7,163,33.6,2,53,859,103,,44.1,1.93,0.11,12.73,,,19.1
,,,,33.9,3,,,,,,,,,,,
342,,22.4,162,35.7,3,50,841,90,,41,1.8,0.12,15.94,,,13.7
,,,,35.8,3,,,,,,,,,,,
382,414,17.3,166,26.4,0,56,1420,144,,52.2,2.51,0.13,7.67,,,10.1
367,383,18.73,,26.7,0,50,1130,138.1,0.035,49.7,,,28.6,,,
386,402,17.16,,26.2,0,56,1420,143.6,0.042,52.2,,,8.8,,,
362,379,25.68,,30.5,2,55,1428,125.6,0.044,42.5,,,,,,
,,,,31.1,0,,,,,,,,,,,
,,,,31.6,0,,,,,,,,,,,
,,,,31.6,2,,,,,,,,,,,
362,378,29.78,,32,3,48,872,90.1,0.026,28.4,,,,,,
,,,,31.7,3,,,,,,,,,,,
,,,,29.9,1,,,,,,,,,,,
,,,,28.7,0,,,,,,,,,,,
380,414,18.9,179,27.4,0,,,,,,,,,,,
376,409,19,179,31.6,2,,,,,,,,,,,
374,409,20,177,31.8,3,,583,70,,44.38,,,8.2,,,
375,408,18.7,169,32.2,3,,,,,,,,,,,
377,410,17.7,170,32.3,3,,,,,,,,,,,
387,416,17.1,193,23,0,,930,85.1,,,,,2,,,
366,408,19.4,178,24.6,0,,,,,,,,,,,
365,399,20.6,172,28.5,0,,,,,,,,,,,
365,400,22.6,170,29.2,2,,625,71.3,,46.07,,,10.01,,,
367,403,21.8,167,30.5,2,,,,,,,,,,,
368,403,22.8,161,31.1,3,,,,,,,,,,,
350,391,20.4,184,25.2,0,,,,,,,,,,,
353,389,23,177,29,0,,,,,,,,,,,
349,378,25.8,167,29.4,2,,711,65.6,,31.13,,,11.4,,,
342,366,26.3,169,30.4,3,,,,,,,,,,,
336,362,27.3,159,30.4,3,,,,,,,,,,,
365,390,19.7,158.5,27.7,1,,794,62.4,,20.85,1.84,0.09,,,,
340,372,22.9,159.9,29.9,2,,612,51.9,,18.55,1.77,0.09,,,,
331,363,24.5,161.1,30.3,3,,531,48.3,,17.14,1.59,0.11,,,,
,,,,30.8,3,,,,,,,,,,,
,,,,30.2,2,,,,,,,,,,,
383,399,16,156.5,25.1,0,,939,67.6,,22.27,1.96,0.08,,,,
362.2,377.2,20.48,173.6,30.7,2,,,,,,,,,84,,
354.6,372.1,22.74,174.9,34.2,3,,,,,,,,,86,,
349.7,364.7,22.87,176.5,35.4,3,,,,,,,,,87,,
367.2,387.2,16.58,171.2,24.8,0,,,,,,,,,76,,
149.1,,3.38,72.26,23,2,,,,,,,,,,,
195.9,,5.16,78.52,24,3,,,,,,,,,,,
162.4,,5.53,80.54,27,3,,,,,,,,,,,
189,,7.73,81.24,29,3,,,,,,,,,,,
333.7,373.7,25.8,174.3,26.5,2,,,,,,,,,,,
312.3,363.8,26.4,157.9,29.2,3,,,,,,,,,,,
287.9,256.4,30.9,144.1,29.4,3,34,236.9,56.3,,18.98,1.13,0.0783,,,,
374.5,408,16.4,183.9,26.5,0,60,872.8,88.5,,31.89,1.49,0.0726,,,,
318,374,20,,33,0,,,,,,,,,77,134,
298,362.7,18,,36.5,2,,,,,,,,,,,
290.2,359.5,27,,33,3,,487,55.4,,28.6,,0.097,22.6,53,135,
356,382,17.4,,25,0,,1085,76,,71.4,,0.095,9.3,69,128,
291,364,25.7,134,29.6,2,26,402.3,53.3,,27.63,1.284,0.105,10.5,,,
281,363,26.3,126,30.8,3,17,479.7,47.8,,24.25,1.349,0.103,19.5,,,
274,342,28.6,125,32.2,3,22,241.6,42.3,,27.285,0.916,0.099,23.4,,,
366,390,16.3,146,22.3,0,27,673.7,56,,32.71,1.53,0.067,6.7,,,
359,396,21.9,195,28.8,0,45,1046,,,,1.265,0.075,15.7,,,
345,388,24.1,192,31.5,2,35,922,,,,1.202,0.089,17.5,,,
339,382,26.2,190,34.6,3,31,620,,,,1.106,0.122,21.8,,,
333,378,25,186,33.5,3,23,610,,,,1.025,0.158,21.2,,,
384,411,18.6,200,22.5,0,47,1208,,,,1.589,0.063,10.4,,,
324.8,382,18.4,70.4,26,0,,,,,,,,,,,
304.5,375,20.6,81.4,28,3,82,708,41.9,0.27,13.1,,,35.2,,,
326.5,364.5,5.9,97.3,32.4,3,,,,,,,,,,,
222.3,317,25.6,,21.5,0,50,1274,93.2,0.53,68.2,,,2.8,,,
309.5,372.7,25.2,150,32.2,0,,,,,,,,,,,
290.1,269.2,27.1,146,33.3,2,,,,,,,,,,,
,,,,34,2,,,,,,,,,,,
285.1,359.2,23.6,145,33,3,68,443,46,0.28,27.4,,0.094,31.6,,,
355.8,380.5,20.2,159,25.6,0,60,1073,76,0.55,71.4,,0.095,10.2,,,
368,402,20.9,197,32.3,0,39,918,70.5,,,1.334,0.088,15.5,,,
358,394,22.5,190,35.9,2,37,740,60.5,,,1.243,0.095,18.1,,,
347,388,24,186,36.8,3,34,503,58.6,,,1.191,0.108,19.1,,,
344,385,24.5,182,38.5,3,31,517,51.6,,,1.132,0.108,22.4,,,
383,408,17.3,208,22.5,0,47,1208,80.6,,,1.589,0.063,10.4,,,
343,396,19.6,170,34.1,2,41,833,66.7,,,1.255,0.095,20.2,,,
347,403,20.7,201,30.1,0,43,1063,72.5,,28.8,1.445,0.078,16.7,,,
339,395,21.5,190,34.1,2,42,766,64.2,,27.8,1.236,0.094,18.1,,,
339,390,23.5,192,36.7,3,40,712,61.1,,26.6,1.224,0.101,20.5,,,
334,383,24.3,189,39.6,3,38,524,52.9,,25.4,1.089,0.103,24.4,,,
383,408,16.1,208,22.5,0,47,1208,80.6,,33.7,1.589,0.063,10.4,,,
343,396,19.6,170,34.1,2,41,833,66.7,,28.9,1.255,0.095,20.2,,,
370,,8.9,132,23.5,0,,,,,,,,,92.1,,
379,,3.7,138,20.7,0,,,,,,,,,98.8,,
385,,7.3,136,30.2,0,,,,,,,,,94,,
387,,7.3,135,24.8,2,,,,,,,,,92.4,,
,,,,26.8,0,,,,,,,,,,,
,,,,27.8,2,,,,,,,,,,,
,,,161.5,29.8,3,140,1016,100,,45,,,16.4,76.3,123.2,
,,,,29.7,3,85,1047,117,,50,,,11.5,83.4,114.8,
,,,161,24.3,0,,,,,,,,,,,
319.3,345.5,20.8,156,29,0,68,393,56.3,0.29,36.9,0.652,0.067,30,,,
312.2,344.9,21.3,154.6,34,3,67,285,27.4,0.21,15.4,0.453,0.106,55.3,61,55,35
311,344.9,21.2,149.6,37,3,,,,,,,,,56,46,32
355.8,380.5,17.5,157.5,25.8,0,59,1063,76.1,0.52,71.4,0.995,0.054,11.9,82,78,46
,,,161,32.3,2,,,,,,,,,,,
344,,19.8,158,36.2,3,51,1043,101.5,,51.9,1.78,0.12,12.3,,,
369,,15.7,156,39.1,3,51,933,94.3,,51.1,1.68,0.13,12.9,,,
,,,166,24.7,0,56,1420,143.6,,57.75,2.51,0.13,7.8,,,
340,,20.9,155,35.5,0,52,1182,91.9,,54.57,1.62,0.14,11.3,,,
368.9,390.7,19,,32.4,2,,,,,,,,,,,
363.4,392.1,19.4,,33.5,2,,,,,,,,,,,
358.9,391.2,20.1,,34,2,54,748,61,,45,,,15,,,
372.9,392.1,16.2,,23.3,0,72,1010,95,,89,,,6.9,,,
354.1,390.3,21.6,,29.1,2,,,,,,,,,,,
354.1,374.9,22.9,,30.5,2,,,,,,,,,,,
333.8,387.4,23.8,,32.2,2,67,520,82,,32,,,15.7,,,
231,337,5.1,113,23.2,0,,885,78.1,,,,,9.2,,,
289,351,7.7,133,22.1,0,,953,89.8,,,,,7.5,,,
245,352,7.6,119,22.9,0,,1833,71.6,,,,,8.4,,,
283,351,8,143,23.3,0,,1189,95.5,,,,,12.1,,,
304,357,8.2,133,24,0,,1180,87.5,,,,,3.1,,,
338,372,4.5,155,18.7,0,,1696,108.4,,,,,0.7,,,
276,398,4.6,105,19.7,0,,1881,86.5,,,,,1.7,,,
218,368,8.2,75,24.5,0,,1933,74.4,,,,,3.6,,,
257,356,9.3,91,24.4,0,,1672,76.7,,,,,3.5,,,
244,357,9.2,81,23.3,0,,2287,79,,,,,6.3,,,
253,356,7.5,129,22.1,0,,3172,96,,,,,5.5,,,
271,358,9.8,86,21.6,0,,1992,74.9,,,,,2.6,,,
345.7,379.5,20.1,151.7,31.2,2,,,,,,,,,,,
333.5,376.5,21.6,149.5,33.7,3,81,482.5,83.9,,38.3,,,,,,
320.6,372.8,23.4,145.4,35.9,3,,,,,,,,,,,
357.8,387.3,16.6,154.8,25.7,0,71,654.3,100.3,,43.6,,,,,,
327.6,346.8,21.21,151.9,28.3,0,53,754.15,98.56,,28.81,,,,53.85,,9.54
322.3,342.3,22.62,152.5,28.6,2,51,650.96,94.37,,23.58,,,,50.35,,8.95
320.8,336.1,24.14,154.7,29,3,50,474.8,77.7,,19.44,,,,47.67,,8.46
351.8,362.4,17.19,151.2,26,0,61,890.77,109.92,,37.42,,,,49.35,,11.33
280,365,19.4,144,26.8,2,66,327.2,63,,22.6,,,28.7,79,101,27
271,358,20.6,145,27.5,3,65,308.9,40.6,,15.9,,,41.1,81,119,32
257,352,22,151,28.3,3,52,238.9,28,,10.5,,,61.7,55,118,9
371,390,17.2,167,25.2,0,59,1139.7,75.7,,46.3,,,9,71,98,22
319.7,381.3,1.52,,29.5,2,88,817.9,61.1,0.2287,18.49,0.7924,0.0347,,,,
328.6,391.6,3.79,,34.5,3,82,743.9,55.2,0.2445,20.11,0.6965,0.0307,,,,
363.8,379.7,0.89,,25.5,0,90,893.8,64.1,0.2859,20.26,1.743,0.0498,,,,
,,,,28.2,2,,,,,,,,,45.1,78,3.1
319.5,347,28.9,,28.7,3,40,608,75.4,0.22,20.2,,0.056,20.5,45.2,77.8,2.8
,,,,28.8,3,,,,,,,,,41.1,72.5,2.7
,,,,29.8,3,,,,,,,,,41.8,72.8,2.6
,,,,30.5,3,,,,,,,,,39.8,72.6,2.55
341.8,369.2,4.6,,20.3,0,58,1345,123.2,0.39,34.4,,0.072,7.6,50.1,91.17,3.35
303,356,20.4,,32,2,,,,,,,,,,,
302,338,21.3,167,33.5,2,60,524,71,,,,,,82.2,122.2,
280,338,21,,30.3,2,,,,,,,,,,,
371,390,17.2,139,25.2,0,69,1140,76,,,,,,70.2,94,
323,364,20.2,164.5,29,2,33,692,69.6,,,,,,73.2,110.5,14.6
317,355,22.6,189.8,31.3,3,32,539,63.2,,,,,,75.1,113.7,16.2
321,360,21.1,189.3,33.5,3,29,403,62,,,,,,69.3,105.1,15.8
316,358,20.3,187.4,33.2,3,30,446,63.7,,,,,,65.6,102.3,14.9
342,420,12.5,155.6,21.5,0,40,1335,95,,,,,,62.3,97.2,17.5
356,391,16.5,163,33.3,2,97,657,75.8,,,,,17.5,,,5.12
350,389,17.3,159,34.7,3,103,544,74.8,,,,,18.2,,,4.12
351,376,18.3,,35.3,3,,,,,,,,,,,
370,391,15.5,159,25,0,118,827,97.2,,,,,10.5,,,4.15
375,445,14.4,,24.7,0,43,866,,,,,,9.2,,,
383,424,9.9,,21.2,0,42,1430,,,,,,5.3,,,
324,386,20.6,,30.6,2,30,693,,,,,,15.8,,,
363,398,30.1,,33.5,3,32,430,,,,,,22.5,,,
,,,,32.4,2,,,,,,,,,,,14.1
375,,19.3,167,33.4,2,55,907,101,,48.8,1.76,0.13,14.1,,,18.4
379,,16,166,26.4,0,56,1420,144,,52.2,2.51,0.13,7.7,,,10.6
,,,,34.6,2,,,,,,,,,,,15.1
373,,35,167,34.1,2,58,810,90,,43,1.7,0.12,13.2,,,24.7
,,,,35.2,3,,,,,,,,,,,16.6
375,,20.1,168,36,3,57,776,83,,45.5,1.63,0.11,13.7,,,23.6
356.3,398.2,11.5,135,25,0,28,865.1,76.5,,37,1.582,0.108,3.1,80,102,
354.9,398,12.5,133,28.3,2,30,603.4,67.6,,40,1.477,0.12,6.8,71,116,
354,393.2,13.3,131,30.7,2,64,519.5,59.2,,41.2,1.322,0.137,7.6,70,116,
348.7,389.7,16.7,130,32.8,3,40,467.7,59.1,,41.7,1.317,0.16,7.7,49,106,
356.9,407.5,6.5,138,20.1,0,28,1149.8,86.3,,32.2,1.959,0.065,2,42,112,
289.2,387.2,5.9,,31.9,2,,,,,,,,,,,
337,384,18.7,176,28.1,2,,,,,,,,,44.96,,
329,378,22.5,180,29.8,3,,,,,,,,,53.91,,
325,375,24.8,187,30.1,3,,,,,,,,,77.37,,
364,386,11.2,153,22.6,0,,,,,,,,,32.28,,
295,326,26,,28.8,3,80,409.57,68.27,,27.3,,,25.83,32.21,,4.86
292,329,28.9,,31.4,3,81,344.52,65,,25,,,32.34,47.1,,6.58
292,321,29.2,,32.2,3,81,339.8,63.4,,23.2,,,32.5,40.21,,5.92
330,353,24.2,,18,0,79,785.54,92.25,,29.24,,,10.27,64.97,,7.11
348,405,20.5,190,32.5,0,38,836,,,24.4,1.249,0.088,,,,
329,401,20.3,184,34.6,2,36,727,,,25.5,1.223,0.094,,,,
327,399,21.2,181,36.2,2,32,629,,,26.7,1.157,0.115,,,,
318,392,21.8,175,33.4,3,30,613,,,26.2,1.088,0.132,,,,
384,410,17.3,200,22.5,0,47,1208,,,30,1.589,0.063,,,,
317,365,12.5,167,29.5,2,46,1296,74.3,,22.9,1.6,0.14,,,,13.1
338,351,13.4,160,30.5,3,45,1145,67.1,,21.8,1.46,0.16,,,,11.8
331,348,15.2,181,30,3,51,1236,76.5,,24.4,1.73,0.13,,,,12.8
324,335,15.2,185,31.5,3,48,999,69.7,,23.1,1.53,0.14,,,,11.5
359,376,13.2,187,26,0,53,1484,86.4,,26.1,1.76,0.1,,,,14.8
320,339,4.1,,26.7,2,,,,,,,,,42.4,,5.4
319,340,5.9,,27.8,2,,,,,,,,,40.5,,5.1
318,341,6.1,,29.3,3,,,,,,,,,38.2,,4.3
343,360,2,,21.1,0,,,,,,,,,64.3,,8
347,,24.8,,30.9,0,46,850,98.8,,45.1,1.73,0.1,17.7,,,
335,,24.9,,33.5,2,48,875,98.5,,39.7,1.71,0.09,18.1,,,
330,,25.4,,33.9,3,49,784,96.9,,38.9,1.68,0.12,18.8,,,
373,,17.8,,26.8,0,39,1162,103.9,,47.4,1.75,0.08,4.5,,,
304.4,340.6,12,,28.3,2,22,426.6,64.1,,,,,14.7,,,10
315.2,390.7,9,,22.9,0,35,1064.9,80.3,,,,,5.5,,,9.8
309.5,346.2,12,,24.9,0,29,588.3,64.9,,,,,11.5,,,8
305.7,322.1,17.8,,29.5,3,27,343.3,59.9,,,,,20.2,,,9.5
309.2,313.5,13.6,,28.7,3,,,,,,,,,,,9.4
349.5,378.5,17.1,163.7,29.4,2,,,,,,,,,,128.9,
347.7,377.4,17.96,173.2,32.2,3,,,,,,,,,,134.7,
330.6,376.1,18.21,168.9,35.8,3,37,690.67,65.6,,,1.45,0.11,,,141.9,
325.7,371.4,18.61,170.1,36.4,3,,,,,,,,,,102.2,
353.7,381.4,16.96,172.1,26.7,0,48,948.12,90.3,,,1.41,0.0784,,,101.9,
383.8,393.2,22.54,165,30,3,,,,,,,,,51.79,86.84,38.46
387.4,396.4,25.69,162,29.7,3,,,,,,,,,56.92,98.92,40.45
383.4,388,16.93,161,25.3,0,,,,,,,,,48.86,84.24,27.83
389.5,403.6,24.87,159,25.5,0,,,,,,,,,40.36,76.41,23.09
360,393,20.5,,30.2,0,48,1107,91.2,,34.8,1.96,0.16,12.7,,,10
346,376,20.8,,30.2,3,43,933,85.5,,34.1,1.91,0.17,14.1,,,9.6
345,374,20.9,,30.1,3,44,855,85.5,,33.2,1.88,0.18,16,,,8.6
391,405,14.9,,26.2,0,56,1420,143.6,,52.2,2.51,0.13,7.8,,,10.9
170,,3.7,83.6,24.5,2,,,,,,,,,59.8,83.3,7.8
180,,4.8,76.9,27.5,3,40,820,57.4,0.69,58,,,2.4,57.4,77.9,7.5
184,,5.6,60.6,29,3,,,,,,,,,53.2,74,7.4
197,,3.3,71.4,18.1,0,45,1441,98.8,0.87,141,,,2.1,56.4,76.5,7.9
339.4,366,18.2,146.9,27.8,0,,,,,,,,,85,81,46
338.3,362.2,18.5,143.7,29.2,2,,,,,,,,,89,84,49
337.5,356.2,18.9,140.2,30.2,2,47,755,55.3,0.35,46.8,0.469,0.041,16.7,100,94,54
332.5,384.5,20.1,131.3,31.6,2,,,,,,,,,103,95,56
355.8,380.5,17.5,158.7,25.8,0,59,1063.1,76.1,0.52,71.4,0.995,0.054,11.9,82,78,46
359,,24.2,,31.2,1,50,796,97,,45.5,,,17.3,,,
351,,27.3,,32.4,2,58,643,91,,41.2,,,22.8,,,
343,,28.5,,33.6,3,62,610,88,,40.8,,,24.4,,,
363,,17.8,,26.8,0,39,1162,104,,48.8,,,4.5,,,
336,370,19.4,,28.2,2,76,1683.9,91.1,0.71,,,,16.5,,,
339,383,20.1,,34.8,2,72,1544.8,82.9,0.67,,,,16.7,,,
333,379,20.2,,35.6,3,72,1483.6,75.7,0.65,,,,17.1,,,
313,391,22.6,,36.1,3,63,819.3,69.2,0.56,,,,18.2,,,
333,397,18,,23.5,0,78,1934.2,103.3,0.88,,,,10.2,,,
,,,,24.1,2,,,,,,,,,,,
,,,,26,3,,,,,,,,,,,
359.6,441,21.5,169.6,27.3,3,,979,,,47.4,,,17.2,,,
352.3,352.3,11.95,160.6,23.9,0,,1076,,,50.6,,,12.8,,,
361.9,404.3,24.08,,22.1,,,,,,,,,,,,
356.3,402.9,26.9,129.71,23.4,,30.1,523.7,42,0.286,18.1,,,19.4,,,
,,,,25.1,,,,,,,,,,,,
355.6,398.2,28.31,150.32,26.9,,33.9,337.2,36.9,0.17,15.4,,,37.6,,,
381.1,417.1,11.45,107.2,19.8,,36.6,970.9,59.1,0.39,27.2,,,4.33,,,
320.7,366.9,19.1,,32.4,2,,,,,,,,,,,
308.2,352.6,20.5,,34,3,68,783.3,59.9,0.34,27.9,1.1,0.092,15,48,79,17
302.8,354.4,21.3,,34.3,3,,,,,,,,,,,
355.8,380.8,17.5,,25.8,0,59,1063.1,76.1,0.54,71.4,0.995,0.054,11.9,54,86,21
317,373,21.7,146.1,,3,29,847,61.5,,18.3,,,19.8,,,
317,364,24.9,150.7,,2,32,608,42.7,,19.2,,,17.3,,,
313,365,25.2,134,,0,30,546,59.4,,11.4,,,22.9,,,
310,365,27.5,145.5,,0,30,726,55.3,,14.8,,,19.2,,,
369,394,12.7,147.8,,0,50,1712,83.7,,22.4,,,7,,,
297,,37,188,32,2,,,,,,,,,,,
311,,38,195,33,3,,,,,,,,,,,
328,,41,208,35,3,,,,,,,,,,,
327,364,24.41,,25.2,2,85,304.429,84.774,,24.1,,,,52.61,,6.21
313,338,26.37,,29.2,3,70,276.5381,65.502,,20.5,,,,49.1,,6.08
298,329,27.69,,30.1,3,66,210.835,48.75,,16.78,,,,46.11,,4.84
375,410,21.32,,20.3,0,100,679.362,83.723,,34.69,,,,75.41,,8.44
,,,,23.7,1,,,,,,,,,,,
,,,,24.1,1,,,,,,,,,,,
367,425,13.6,,32.7,3,41,387,104,,57.2,1.06,0.15,12.4,,,
,,,,21.8,0,32,827,116,,35.15,1.32,0.12,9.6,,,
370,422,25.4,196,29.5,0,38,505,59,,22.6,,,29,,,
365,417,28.5,204,32,2,35,425,51,,20,,,22,,,
354,413,31.2,206,32.5,3,34,410,48,,17.5,,,25,,,
344,420,32.6,205,33.3,3,33,400,45,,17.2,,,27,,,
384,410,17.3,200,22.5,0,47,1208,80,,30,,,10,,,
342,368,26.5,170,34,2,32,853,62,,29.8,,,17,,,
,,,,28.3,2,,,,,,,,,59.1,109.3,
358,384,20,170,30.7,3,,,,,,,,,73.8,124.5,
,,,173,32.5,3,,,,,,,,,75.8,127.6,
370,390,16.4,165,23.1,0,,,,,,,,,70.9,116.4,
358,384,20,160,28,0,,,,,,,,,59.1,109.3,
,,,100,,,,,,,,,,,,,
302,371,18,70,,,,,,,,,,,,,
,,,111,,,,,,,,,,,,,
321,376,13,81,,,,,,,,,,,,,
,,,110,,,,,,,,,,,,,
360,399,15,100,,,,,,,,,,,,,
,,,100,,,,,,,,,,,,,
321,371,18,100,,,,,,,,,,,,,
,,,113,,,,,,,,,,,,,
338,389,16,114,,,,,,,,,,,,,
,,,131,,,,,,,,,,,,,
326,387,14,131,,,,,,,,,,,,,
,,,108,,,,,,,,,,,,,
286,326,20,79,,,,,,,,,,,,,
,,,120,,,,,,,,,,,,,
314,346,16,112,,,,,,,,,,,,,
,,,131,,,,,,,,,,,,,
326,365,16,123,,,,,,,,,,,,,
327,373,23.51,167,34,3,,336.4,,,,,,,,79.67,
329,374,19.86,168,32.8,3,,368.6,,,,,,,,66.39,
336,372,18.75,154,32.1,2,,448.1,,,,,,,,69.08,
370,394,17,178.7,26.8,2,57,1690,61.6,,,,,14.9,62.2,,22.7
362,401,19.7,179.5,28.3,2,51,1291,58.7,,,,,17,65,,23
359,403,20,178.3,29.7,2,54,1129,54.1,,,,,17.6,63.6,,24.9
356,394,21.9,178.4,30.5,3,73,1035,41.2,,,,,19.8,64,,25.2
378,396,14.1,177.9,24.5,0,58,1795,67.5,,,,,9.1,61.5,,18
293,411,2.97,112.5,24.2,,,,,,,,,,,93,15.8
292,413,7.41,112.4,25,,,,,,,,,,,93.7,17.4
289,417,8.23,110,26.5,,,,,,,,,,,86,14.5
285,415,10.42,102.4,28.4,,,,,,,,,,,84,12.6
263,378,2.58,131.5,20.8,,,,,,,,,,,79.8,8.8
341.67,381.67,23.12,166.17,32.3,2,,,,,,,,,,,
341.39,391.39,21.43,168.12,32.8,2,,,,,,,,,,,
340.72,383.72,21.67,142.2,33.7,3,,,,,,,,,,,
349.31,380.81,19.98,154.09,25.6,0,,,,,,,,,,,
,,,,24.1,1,,,,,,,,,,,
,,,,32.7,3,,,,,,,,,,,
359,412,16.3,,35.7,3,36,491,80,,45,,,,,,
396,437,9.7,,21.8,0,32,781,107,,38.64,,,,,,
,,,,22.4,0,,,,,,,,,,,
,,,,23,0,,,,,,,,,,,
,,,,23.7,0,40,576,98,,38,,,,,,
,,,,23.2,0,,,,,,,,,,,
,,,,27.1,3,,,,,,,,,,,
,,,,32.2,3,46,396,95,,43.29,,,,,,
297,383,26.6,,25.4,2,72,351.1,86.4,,,,,,43.2,,5
299,383,24.4,,27.9,3,64,276,89.5,,,,,,35.4,,4.3
287,323,23.8,,30,3,63,260.2,52.2,,,,,,30,,3.5
378,406,20.8,,20.5,0,110,622.8,121.8,,,,,,55,,18.7
,,,52.8,21.5,1,,,,,,,,,48.4,70.3,6.1
,,,56.1,25.1,2,,,,,,,,,51.4,82.3,6.9
,,,50.1,27.7,3,47,645,30,0.565,31.6,,,15,51.5,88.9,7.4
,,,47.3,29.8,3,,,,,,,,,53.4,84.6,7
,,,43.5,18.3,0,58,1770,98.5,1.253,145.3,,,3.2,52.6,89.8,7.5
321,404,32,162,,3,52,426,86,,,,0.134,,,,
316,357,38,181,,3,48,341,85,,,,0.0892,,,,
338,414,47,166,,3,71,319,74,,,,0.1027,,,,
,,,159,,3,,,,,,,,,,,
,,,184,,3,,,,,,,,,,,
,,,171,,3,,,,,,,,,,,
,,,160,,3,,,,,,,,,,,
,,,177,,3,,,,,,,,,,,
,,,156,,3,,,,,,,,,,,
320,397,30,178,,3,51,682,110,,,,0.071,,,,
305,341,37,184,,2,50,310,82,,,,0.093,,,,
329,395,47,185,,2,69,535,88,,,,0.071,,,,
275.1,384.5,16.6,138,29.6,2,33,709,,,,0.188,0.011,11.8,,,12.1
279.5,388.8,18,139,30.8,3,30,599,,,,0.182,0.011,14.6,,,13.8
289.2,390.8,20.3,140.1,31.4,3,28,446,,,,0.141,0.009,19.8,,,9.5
299.1,388.4,22.3,141.9,32.3,3,26,359,,,,0.175,0.012,22.6,,,7.8
292.6,387.6,24.1,146.5,28.6,3,27,741,,,,0.142,0.011,23,,,6.1
318.9,395.7,9.7,155.7,22.8,0,36,1026,83,,,0.209,0.013,6.8,,,7.7
335,383,17.7,166,32.8,2,34,1313,78.9,,28.2,,,14,,,
323,368,19.5,163,34.3,2,32,1273,69.8,,28.6,,,16.9,,,
310,357,18.1,160,36.9,3,33,1220,63.8,,29.3,,,15.9,,,
305,349,19.7,155,39.1,3,31,1071,59.1,,28.9,,,18.7,,,
348,385,16.9,172,24.2,0,36,1558,93,,36.64,,,,,,
333,376,17.7,123,35.1,2,33,1301,64.6,,29.7,,,17.2,,,
374,,18.5,167,32.4,2,61,1115,105,,48.1,,0.12,12,,,14.1
375,,19.3,167,34.1,2,55,907,101,,48.8,,0.13,14.12,,,18.4
372,,19.9,168,35.9,2,58,743,95,,48.7,,0.14,16.08,,,25.4
371,,19.3,168,34.8,3,62,779,98,,52,,0.15,15.56,,,22
370,,18.2,171,33,3,54,892,95,,49.5,,0.14,13.73,,,18.1
365,,17.4,159,33.8,2,56,1097,99,,54.4,,0.16,13.65,,,10.6
374,,15.8,165,25.6,0,53,1220,124,,53.4,,0.11,5.68,,,17.8
379,,16,166,26.4,0,56,1420,144,,52.2,,0.13,7.67,,,10.6
,,,,22.5,0,,,,,,,,,42,,6.2
313,357,13.9,,23.5,0,38,1008,,,26.4,,,,35,,5.6
313,353,14.5,,24.5,2,40,846,,,24,,,,32,,5.5
313,352,16.2,,26.5,3,41,545,,,23.8,,,,31,,5.5
,,,,27.5,3,,,,,,,,,27,,5.5
,,,,20.5,0,32,1111,18.2,,31.43,,,,42.1,,7
,,,,30.3,2,,,,,,,,,,,
321,392,27.8,243,31.8,3,,,,,,,,,,,
,,,,32.3,3,,,,,,,,,,,
318,390,28.6,244,32.7,3,,,,,,,,,,,
,,,,33.1,3,,,,,,,,,,,
320,390,29.5,244,33.4,3,,,,,,,,,,,
321,396,25.1,249,29.1,0,,,,,,,,,,,
,,,,32.6,2,,,,,,,,,,,
341,385,16.9,,32.4,2,,841,,,48.8,1.72,0.13,14.1,,,
,,,,29.1,2,,,,,,,,,,,
,,,,31.3,3,,,,,,,,,,,
375,399,24.6,,31.6,3,,551,77,,35.91,1.81,0.15,20,,,
,,,,30.3,3,,,,,,,,,,,
,,,,29.8,3,,,,,,,,,,,
355,391,17.8,,30.5,3,,562,80,,37.82,1.67,0.13,19.2,,,
,,,,30.5,2,,,,,,,,,,,
,,,,29.6,3,,,,,,,,,,,
359,391,25.4,,30.3,2,,638,87,,37.49,1.78,0.17,16.1,,,
,,,,30.5,2,,,,,,,,,,,
,,,,26.1,0,,,,,,,,,,,
,,,,27.6,0,,,,,,,,,,,
379.3,413.2,21.5,155.6,27.1,2,,,,,,,,,,,
369.7,408.6,22.7,154,30.1,3,,,,,,,,,,,
366.3,404.2,24.8,151.6,31.3,3,,,,,,,,,,,
353.7,405.9,25.3,154.4,32.1,3,41,657,59,,21.3,,,0.9,,,
388.3,415.9,19.1,144,23.7,0,31,1068,76,,28.4,,,1.8,,,
371.3,405.2,25.3,148.5,26.7,2,,,,,,,,,,,
362.7,400.9,26.1,152.2,27.9,2,,,,,,,,,,,
349.7,400.5,27.2,153.7,28.9,3,,,,,,,,,,,
344.7,397.6,27.8,147,30.5,3,39,956,57,,14.9,,,4.2,,,
314,375,19,149.8,33,3,,,,,,,,,,,17.739
333,380,24.4,152.8,37.5,3,,,,,,,,,,,18.222
328,371,26.4,150.3,39.6,3,,,,,,,,,,,14.083
305,362,30.9,146.6,41,3,,,,,,,,,,,11.305
358,386,18.7,153.3,25.8,0,,,,,,,,,,,7.578
368.7,414.1,18.7,144.8,27.4,2,,,,,,,,,,,
361,411.8,19.8,143.2,29.1,3,,,,,,,,,,,
349.3,411.3,20,141.4,32.4,3,,,,,,,,,,,
346.7,405.4,21.1,140.6,32.8,3,33,680.3,,,25.7,1.53,0.13,,,,
346.7,419.8,10.7,148.5,23.8,0,31,1068.59,,,28.36,1.91,0.06,,,,
356,377,17.2,155,29,2,38,1488,56.4,,,,,,,,
355,374,17.4,154,29,2,48,1450,56.8,,,,,,,,
348,374,18.1,155,30,3,48,1357,52.4,,,,,,,,
342,382,18.7,154,32,3,49,1375,49.8,,,,,,,,
373,393,16.2,147,26,0,50,1725,60.2,,,,,,,,
,,,,28.6,0,,,,,,,,,52.6,98.4,
,,,,29.5,0,,,,,,,,,50.8,94.9,
,,,,29.9,0,,,,,,,,,48.1,81.6,
,,,,30.4,2,,,,,,,,,46.4,87.1,
295.1,356.6,21,,30.8,3,38,511.9,92.5,0.19,22.1,,,14.9,44.7,85.2,
,,,,31.3,3,,,,,,,,,43.4,81.8,
326.9,379.2,14.4,,21.1,0,63,731.2,103.2,0.31,47.6,,,8.1,57.2,102.3,
402,,18.4,,31.5,0,,802,100,,59.3,1.9,0.141,13.3,,,
391,,12.6,,22.5,0,,966,102,,37.71,2.09,0.09,8.4,,,
,,,,28.4,0,,,,,,,,,,,
,,,,30.8,2,,,,,,,,,,,
404,,19.6,,31.4,2,,650,92,,42.44,1.9,0.145,16.6,,,
,,,,28.5,2,,,,,,,,,,,
,,,,31,2,,,,,,,,,,,
401,,20.2,,31.6,3,,734,88,,39.85,1.79,0.139,20.1,,,
,,,,29.4,2,,751,,,34,1.92,0.147,16.8,,,
312,403,15.3,,24.1,0,,1030,75.8,,,1.41,0.07,11.8,,,
,,,,32.5,2,,510,63.1,,,1.21,0.08,19.9,,,
383,411,17.1,,22.5,0,,1208,77.3,,,1.59,0.06,12.9,,,
311,399,15.8,,29.5,0,,848.8,74.3,,,1.27,0.08,11.9,,,
321,388,16.1,,34,2,,682.4,64.5,,,1.15,0.09,14.1,,,
321,380,17.4,,36,3,,557.5,56.3,,,1.03,0.1,17.6,,,
324,377,18.5,,38.6,3,,499.9,48.5,,,0.99,0.11,19.5,,,
319,404,15.9,,30.1,0,,774,72.3,,,1.26,0.08,12.7,,,
323,403,16.3,,33.5,2,,598,59.3,,,1.12,0.09,15.1,,,
329,398,18.3,,37.3,3,,483.9,52.6,,,0.94,0.08,18.4,,,
338,395,20.2,,39.6,3,,437.2,47.8,,,0.98,0.09,20.7,,,
,,,,34.5,2,,1030,61.6,,,1.26,0.07,11.8,,,
,,,,32.5,2,,510,63.1,,,1.21,0.08,19.9,,,
188.7,369.3,11.1,,22.8,1,,491.6,74,0.079,9.4,,,21.12,,,
169.5,433.2,1.9,,19.2,0,,1324.6,95.7,0.136,11.6,,,4.2,,,
335,364,21.8,166.2,26,0,38,383.1,75.4,,,,,,,,
323,357,24.5,163.9,28,2,36,522,54.2,,,,,,,,
328,357,26.1,173.4,31,2,,,,,,,,,,,
313,336,28,179.8,35,3,34,416,44.5,,,,,,,,
357,374,12.9,157,19,0,40,1511.7,115.8,,,,,,,,
329.1,370.7,22.7,,27.5,0,56,535.2,61.3,,21.8,,,21.5,,,
318.6,353.6,25.3,,31.5,3,59,427.5,53.7,,13.3,,,37.3,,,
300,440.8,9.8,,21,0,66,793.5,86.3,,25,,,9.7,,,
362.4,426.8,15.5,,33,0,62,583.1,60,,29.5,,,19.9,,,
344.6,410.5,16,,38,3,63,432.9,48.4,,28.7,,,23.1,,,
343,378,19.5,128,29.3,2,57,956,,,,1.497,0.124,9.4,,,
335,380,19,127,29.6,3,67,716,,,,1.207,0.104,11.4,,,
337,376,21.6,121,31.5,3,71,749,,,,1.463,0.13,11.6,,,
371,391,18.4,153,25.1,0,61,1137,83,,,1.634,0.095,8.7,,,
327,369,22.9,,33.7,2,,,,,,,,,,,
354,380,18.3,,25.3,0,,,,,,,,,,,
326,373,24.1,,35.5,3,,,,,,,,,,,
325,375,24.8,,34.8,2,,,,,,,,,,,
324,376,25.2,,34.3,2,,,,,,,,,,,
347,382,18.5,,25.6,0,,,,,,,,,,,
361,383,20.1,,35.4,3,,1032,117,,53.4,2.6,0.13,14.1,,,
,,,,34.9,2,,,,,,,,,,,
,,,,32.5,2,,,,,,,,,,,
,,,,31.3,0,,,,,,,,,,,
,,,,26.4,0,,1420,142,,52.3,2.7,0.1,8.8,,,
,,,,28,2,,,,,,,,,,,
,,,,31.3,2,,,,,,,,,,,
,,,,31.5,2,,,,,,,,,,,
,,,,34,3,,737,91,,48.3,2.32,0.1,17.6,,,
,,,,26.8,0,,1090,129,,53.1,14.7,3.31,0.15,,,
355,390,20,173,35,3,,658,62,0.14,13.06,,,,,,
347,386,11,168,23,2,,840,84,0.23,17.5,,,,,,
335,388,17.1,,32.1,2,,,,,,,,,,,
319,380,17.8,166,34.7,3,72,791,75,,,,,14,68,90,40
308,362,18,164,33.5,3,68,799,71,,,,,16,107,112,46
303,349,18.4,157,33.5,3,57,858,72,,,,,15,108,117,48
300,346,19.1,,31.1,3,,,,,,,,,,,
335,388,18.6,175,25.1,0,63,1068,76,,,,,12,90,85,25
326,366,27.2,162,24.3,0,,,,,,,,,,125.7,12.9
301,364,24.1,160,26.5,1,,,,,,,,,,125,14.2
279,360,25.3,137,28.2,2,,,,,,,,,,122.1,14.6
265,353,36.7,133,30.7,3,,,,,,,,,,120.6,14.8
342,367,6.3,162,23.5,0,,,,,,,,,,127.4,11.7
365,388,27,166.8,30.2,,,,,,,,,,,,
358,379,16.7,,22.5,,,,,,,,,,,,
368.4,390.7,18.1,,31.3,2,,,,,,,,,,71,
362.8,383.1,19.2,166.8,28.5,2,,,,,,,,,,76.5,
355,381.1,19.6,164,30.1,2,,,,,,,,,,77.5,
347.8,378.3,20.6,167.4,33.2,2,,,,,,,,,,84.5,
341.9,376.5,20.5,165.2,35.6,3,,,,,,,,,,84.7,
339.9,371.8,21.7,166.7,36.3,3,,,,,,,,,,76.2,
364.6,384.2,17.6,158.3,24.9,0,,,,,,,,,,58,
316.1,393.3,19,149.8,32.4,2,,,,,,,,,,70.5,
,,,,32.4,0,,,,,,,,,,,
,,,,33.5,2,,,,,,,,,,,
,,,,34.5,3,,,,,,,,,,,
354,392,18.1,,35.7,3,,1096,114,,47.9,2.22,0.16,14.9,,,
,,,,31.9,0,,,,,,,,,,,
,,,,32.4,2,,,,,,,,,,,
,,,,33.5,2,,,,,,,,,,,
,,,,34.4,2,,,,,,,,,,,
348,403,21,,35.2,2,,629,87,,53.3,1.68,0.17,16.1,,,
,,,,26.4,0,,1420,144,,52.2,2.51,0.13,8.8,,,
,,,,22.5,0,,966,102,,36.7,2.09,0.09,9.5,,,
331.3,372.5,22.5,150.3,27.5,0,,,,,,,,,,,
330,365.9,24.6,152.6,28.7,2,,,,,,,,,,,
327.5,363,26.1,156.3,29.7,2,62,537,76,,24,,,29.3,,,
,,,,28.3,2,,,,,,,,,,,
386.1,400.8,16.6,147.2,21.5,0,70,1000,89,,84,,,11,,,
363.9,389.4,25.1,153.7,29,2,,,,,,,,,,,
355.6,374.7,26.7,152.2,30.7,2,,,,,,,,,,,
351.6,358.2,27.3,150.4,33.7,3,62,783,55.9,,51.3,,,17.2,,,
380.2,391.9,15.9,158.4,22.6,0,70,1000.5,95.2,,89.2,,,6.7,,,
293,332,17.3,,23.3,2,,,,,,,,,,,
298,334,21.76,,24.2,3,,,,,,,,,,,
291,338,27.51,,24.8,3,,,,,,,,,,,
295,329,8.14,,20,0,,,,,,,,,,,
,,,,22.6,0,,,,,,,,,,,
,,,,24.6,0,,,,,,,,,,,
,,,,26.4,0,,,,,,,,,,,
,,,,28.9,2,,,,,,,,,,,
144,370,23,,31.2,3,17,454,108,,27.3,,,23.7,,,
209,363,7.7,,21.8,0,11,781,142,,50.4,,,5.6,,,
326,378,21,156,29,2,,,,,,,,,54.4,,7.3
310,372,20.1,154,28.5,2,,,,,,,,,58.9,,8.2
306,366,21.2,156,31,3,65,611,46.4,,,,,15.2,55.7,,7.7
300,354,21,144,30.5,2,,,,,,,,,53.8,,5.8
366,385,15.3,157,22.5,0,47,955,59.7,,,,,2,54,,6.5
347,382,17.4,173,32.7,2,49,1265,81.6,,,1.237,0.193,14.1,,,
337,378,19.2,170,34.8,2,43,1304,70.2,,,1.197,0.233,14.7,,,
322,365,17.8,169,36.5,3,40,1112,66.1,,,1.023,0.325,15,,,
320,360,20,162,38.3,3,39,954,60.8,,,0.965,0.457,14.8,,,
,,,123,35.2,2,44,1301,66.8,,,1.102,0.101,15.9,,,
351,386,16.8,174,24.2,0,51,1557,95.6,,,1.598,0.081,6.5,,,
287,354.9,21.7,173,28,0,40,847,59.5,,,,,,,,
316,341.9,17.5,,30,3,44,873,60.9,,,,,,,,
309.1,340.9,18.5,,35,3,48,683,46.3,,,,,,,,
303.4,327.8,18.8,168,35,3,42,595,45.9,,,,,,,,
350.4,369.8,10.8,185,23,0,46,1291,87.2,,,,,,,,
259.5,365.4,12.5,161,29,0,26,893,59.6,,,,,,,,
337,381,17.3,,30.5,2,,,,,,,,,,,
323,381,16.1,170,31.4,3,70,667,,,,1.403,0.131,,,,
315,378,18.3,,32.3,3,,,,,,,,,,,
312,372,18,,33.3,3,,,,,,,,,,,
371,391,18.4,,25.5,0,63,1068,,,,1.76,0.114,,,,
371,391,18.4,175,30.1,0,,,,,,,,,,,
345.7,378.9,18.9,,32.4,2,,,,,,,,,,,
,,,,33.1,2,,,,,,,,,,,
329.6,375.2,19.8,,34.8,3,,,,,,,,,,,
,,,,35.9,3,,,,,,,,,,,
314.8,370.8,20.9,,36.5,3,,,,,,,,,,,
355.2,381,16.6,,25.3,0,,,,,,,,,,,
358.2,379.7,19.5,187,31,2,79,1426.4,75.4,,22,,,21.6,,121.4,16.9
340,374.2,19.2,186,32,2,76,1209.5,74.2,,22.8,,,21.8,,129.1,23.3
338.1,369.5,18.6,176.4,35.6,3,78,915.3,67.1,,22.2,,,22.1,,127.2,21.6
329,363,17.7,,38,3,67,660.7,60.2,,21.1,,,27.6,,111.7,21
373.2,388.2,17,188.9,26.4,0,74,1205.4,77.1,,24.4,,,18.4,,100.1,23.1
,,,,27,2,,,,,,,,,,,
,,,,28.5,2,,,,,,,,,,,
,,,,29.6,2,,,,,,,,,,,
,,,162.3,31.3,3,,,,,,,,,81,,50.2
,,,,32,3,,,,,,,,,,,
,,,,32.2,3,,,,,,,,,,,
,,,166.3,24.1,0,,,,,,,,,76.7,,35.7
360.6,420.5,6.9,,26.9,0,,,,,,,,,,,
346.6,416.7,13.2,,29.9,2,,,,,,,,,,,
323.9,402,18.1,,32.7,3,,,,,,,,,,,
316.1,393.4,19.9,,35.4,3,,,,,,,,,,,
367,428.2,3.9,,24.5,0,,,,,,,,,,,
,,,,28.2,0,,,,,,,,,,,
,,,,28.3,0,,,,,,,,,,,
,,,,28.8,2,,,,,,,,,,,
364.3,383.7,,,29.3,3,65,800,162,,,,,21.6,,,
,,,,29.5,3,,,,,,,,,,,
368.9,389.6,,,24.1,0,54,880,187,,,,,12,,,
,,,,31.2,3,,,,,,,,,,,
251.8,357.2,23.4,,31.5,3,,,,,,,,,,,
,,,,31.8,3,,,,,,,,,,,
342.6,384.3,16.5,,19.8,0,,,,,,,,,,,
,,,,25.6,0,,,,,,,,,49.1,97.9,5.3
,,,,29.4,1,55,397,73.6,,,,,,48.6,97.6,5.1
240.8,399.5,5.3,114.3,31,2,48,353.5,71.8,,,,,,48.1,95.4,4.7
202.9,405.2,10.1,110.5,33.2,3,31,337.7,64.2,,,,,,47.5,93.2,4.3
,,,,34.5,3,,,,,,,,,,,
270.2,396.5,0,117,23.5,0,58,786.2,129.1,,,,,,49.5,103.1,5.9
331,366,25,165,31.5,,,,,,,,,,,,
323,361,26,161,33,,,,,,,,,,,,
314,353,30,157,35,,,,,,,,,,,,
310,349,32,153,36,,,,,,,,,,,,
306,340,37,,37.5,,,,,,,,,,,,
347,377,21,170,24.5,,,,,,,,,,,,
342,,15.2,,32.8,2,,852,89,,,1.65,0.097,12.98,,,
331,,15.2,,35.9,3,,830,77,,,1.46,0.095,13.18,,,
326,,15.2,,38,3,,720,69,,,1.32,0.096,13.51,,,
353,,13.2,,26.4,0,,1420,144,,,2.51,0.126,7.85,,,
330.1,366.3,21.4,162.1,32.5,2,,,,,,,,,,,
314.2,359.4,23.6,154.8,34.7,2,,,,,,,,,,,
301.4,357.3,24.5,151.4,36.1,3,,,,,,,,,,,
354.9,380.9,18.9,171.8,25.3,0,,,,,,,,,,,
271.7,346.1,28.9,150.9,25.7,0,,,,,,,,,,,
326.9,368.8,22.6,166,33.7,2,,,,,,,,,77.32,,
315.4,364.6,24,163,35.3,3,,,,,,,,,82.44,,
309.1,360.7,24.4,,37.7,3,,,,,,,,,83.24,,
354.7,379.9,17.5,171,25.3,0,,,,,,,,,74.16,,
,,,,28.4,0,,,,,,,,,,,
,,,,28.9,2,,,,,,,,,,,
,,,,29.8,2,,,,,,,,,,,
,,,,30.8,2,,,,,,,,,,,
360.3,,22.3,156.9,31.8,3,57,752,164,,,,,20.2,85.9,,36.6
,,,,32.6,3,,,,,,,,,,,
367.4,,15.8,162.4,24.1,0,48,862,175,,,,,12.1,75.1,,36.7
268,524,2.5,143,27.8,2,,,,,,,,,45,,3.5
269,521,3.4,147,31.2,3,,,,,,,,,51,,4.8
267,522,3.6,150,32.9,3,,,,,,,,,44,,3.7
293,359,0,129,19.8,0,,,,,,,,,68,,6.5
,,,,31.3,0,,,,,,,,,,,
,,,,32.5,2,,,,,,,,,,,
,,,,34.9,2,,951,91,,52.8,1.7,0.133,8.85,,,
,,,,26.4,0,,1420,144,,52.2,2.51,0.126,7.85,,,
,,,,31.1,0,,,,,,,,,,,
,,,,33.1,2,,,,,,,,,,,
,,,,34,3,,677,89,,46.6,1.66,0.118,10.75,,,
,,,,27.3,0,,873,110,,52.8,1.93,0.091,4.66,,,
354,406,14.3,139,26.6,0,72,454,84,,78,,,6.5,53.1,142,2.1
335,404,16.6,126,30.9,0,68,393,79,,71,,,9.4,53.5,134,2.1
320,396,17.9,113,32.4,3,66,324,75,,65,,,11.5,67.5,127,2.4
308,383,16.7,106,30.3,3,68,351,74,,68,,,10.7,55.7,130,2.4
313,378,15.1,91,27,2,76,351,85,,80,,,7.9,50,124,2.3
367,415,12,148,19,0,101,685,106,,96,,,3.3,52.9,143,1.4
311,341,19.7,145,34.6,2,46,1366,52.4,,,,,17.9,,,
300,335,20.4,134,35.5,3,50,1065,50.1,,,,,19.2,,,
299,333,21.6,122,36.2,3,64,607,42.4,,,,,23.9,,,
349,362,14.2,155,26.3,0,58,1795,67.6,,,,,12.1,,,
,,,,34.3,2,,,,,,,,,,,
345.3,387.8,29.2,,36.6,3,52,349.9,51.7,0.21,20.77,,,,,,
,,,,38.5,3,,,,,,,,,,,
,,,,39.8,3,,,,,,,,,,,
380.7,421.8,14.1,,21.7,0,63,619.9,77.6,0.31,38.44,,,,,,
,,,130,26,,,,,,,,,,,,
308,378,29.99,131,27,,,,,,,,,,,,
318,366,27.25,138,30,,,,,,,,,,,,
335,412,16.24,,24,,,,,,,,,,,,
,,,,28,0,54,600,,,,,,20,,,
,,,,29,2,55,530,,,,,,23,,,
339,372,27.8,,31,3,55,419,,,,,,24,78,,
,,,,25,0,54,864,,,,,,22,,,
,,,,26,0,52,720,,,,,,23,,,
308,367,33.4,,27,0,50,702,,,,,,25,78,,
,,,,28,2,,,,,,,,,,,
,,,,37,3,,,,,,,,,,,
,,,,33,0,,,,,,,,,,,
,,,,37,3,,,,,,,,,,,
,,,,34,0,,,,,,,,,,,
394,422,15.1,,22,0,55,1079,,,,,,9,,,
367,400,22.3,,27,0,39,751,77,,,1.56,0.088,,,,
361,398,24.4,,29,2,38,469,66.5,,,1.46,0.095,,,,
359,395,25.3,,33.4,3,36,506,63,,,1.28,0.124,,,,
353,395,28.1,,35,3,36,467,58,,,1.18,0.155,,,,
352,392,27.7,,36.5,3,39,351,50,,,1.18,0.162,,,,
384,410,17.6,,22.5,0,47,1208,80.3,,,1.59,0.063,,,,
331.7,371.3,23.7,,26.8,0,,,,,,,,,,,
330.5,365.9,24.7,,28.2,0,,,,,,,,,,,
328.9,360.3,26.3,,28.7,2,72,457,78.4,,40,,,22.7,,,
386.1,400.8,16.4,,21,0,82,1148,88.4,,58,,,4.4,,,
385,,18.5,,32.4,0,55,691,60.8,,39.3,2.23,0.15,18.4,,,
383,,20.8,,32.6,2,60,590,53.7,,40.86,1.82,0.11,19.5,,,
387,,18.5,,34.2,2,55,452,57.7,,43.26,2.13,0.16,19,,,
380,,19.6,,33.5,3,50,641,55.7,,40.5,1.86,0.14,18.5,,,
391,,12.6,,22.5,0,76,966,93.9,,35.6,2.25,0.08,13.5,,,
,,,,23.6,0,,1306,122.7,,44.73,2.26,0.08,,,,
,,,,30.6,2,,463,64.8,,42.7,1.58,0.14,,,,
356,405,22,,31.2,0,39,837,,,22.5,1.325,0.075,13.3,,,
335,396,23.5,,32.8,0,35,685,,,22,1.247,0.086,15.1,,,
325,397,22.1,,34.4,2,37,544,,,23,1.155,0.105,18.4,,,
315,385,23.3,,35.8,3,36,506,,,23.5,1.088,0.162,19.1,,,
311,382,22.8,,33,3,34,194,,,23.7,1.029,0.224,18.1,,,
384,410,17.3,,22.5,0,47,1208,,,30,1.589,0.063,10.4,,,
329,379,19.8,151,31.5,2,,,,,,,,,,,
321,358,20,148,33.5,3,71,652,72,,60.6,1.433,0.146,,,,
315,350,20.2,143,33.5,3,66,609,67,,50.3,1.371,0.149,,,,
313,347,20.1,139,32,3,,,,,,,,,,,
371,387,18.4,161,26,0,63,1068,76,,64.4,1.76,0.114,,,,
,,,,31.5,2,83,724,73,,62.22,1.469,0.126,,,,
368,408,25.1,,31.5,0,32,556,60,,19,,,18,,,
358,407,26.1,,33.2,2,33,453,55,,19,,,20,,,
346,403,28.7,,35.6,3,34,425,52,,18,,,20,,,
333,408,29.9,,35.2,3,31,461,51,,21,,,20.5,,,
384,410,17.3,,22.5,0,47,1208,80,,30,,,10,,,
342,368,26.5,,34,2,32,853,,,,,,,,,
352,,13,132,,,,,,,,,,,,,
337,,16.1,113,,,,,,,,,,,,,
325,,19.3,80,,,,,,,,,,,,,
346,,15.1,139,,,,,,,,,,,,,
333,,20,120,,,,,,,,,,,,,
323,,25.5,93,,,,,,,,,,,,,
364,,9,156,,,,,,,,,,,,,
,,,,32.2,2,,,,,,,,,,,
,,18.3,,35.6,3,,1032,,,53.4,2.08,0.131,,,,
,,,,38.2,3,,,,,,,,,,,
,,,,40.1,3,,,,,,,,,,,
,,,,41,3,,,,,,,,,,,
,,,,42.2,3,,,,,,,,,,,
,,12.6,,25,0,,966,,,37.7,2.09,0.095,,,,
,,15,,26.2,0,,1420,,,53.7,2.15,0.126,,,,
,,15.6,,22.2,0,,1284,,,45.5,2.46,0.108,,,,
,,,,27.8,0,,,,,,,,,,,
,,15.9,,31,1,,872,,,42.8,2.08,0.155,,,,
,,,,32.5,1,,,,,,,,,,,
,,,,34,2,,,,,,,,,,,
,,,,35,2,,,,,,,,,,,
,,,,33.6,3,,,,,,,,,,,
,,,,30.2,0,,,,,,,,,,,
,,15,,31.8,0,,1120,,,44.5,2.24,0.144,,,,
,,,,34,0,,,,,,,,,,,
,,,,33.6,0,,,,,,,,,,,
,,,,30,0,,,,,,,,,,,
,,,,26.4,0,,,,,,,,,,,
347.04,378.64,17.53,,28.3,2,,,,,,,,,,,
350.74,384.73,20.17,,29.7,2,,,,,,,,,,,
352.12,388.21,23.21,,31.5,3,,,,,,,,,,,
352.52,391.3,26.91,,33.6,3,,,,,,,,,,,
285.14,329.71,21.08,,26.24,2,,,,,,,,,53,49,29.8
273.51,317.71,24.34,,28.45,2,,,,,,,,,48,42.5,38
260.27,306.63,31.45,,31.82,3,,,,,,,,,44,38.6,40.9
343.45,384.54,3.7,,22.31,0,,,,,,,,,56,52,26
,,,,26.3,0,,,,,,,,,,,
321,355,29.1,155.8,28,2,28,149,33.2,0.264,14.9,,,19.4,,,
,,,,39.6,2,,,,,,,,,,,
309,343,32.9,156.6,31,3,26,118,21.7,0.369,8.05,,,37.6,,,
367,380,16.5,153.7,24.7,0,43,469,66.2,0.395,21.9,,,4.33,,,
327,344,30.5,156.1,32,3,34,132,21.3,0.147,7.45,,,42.3,,,
353.6,382.9,21.6,158.4,30.1,2,48,757.1,154.1,,,,,,,,
336.5,381.1,26.9,157.9,39.7,3,47,633.9,145.2,,,,,,,,
332.2,370.9,27.9,155.9,41,3,39,535.1,121.9,,,,,,,,
368,386.7,15.7,161.1,24.2,0,53,939.2,227.4,,,,,,,,
340,379.2,25.1,,30.3,2,,,,,,,,,,75,7.5
331,371.7,26.3,,31.5,3,,,,,,,,,,60,6.6
312.8,359.4,29.2,,32.4,3,34,253,65.8,,19.4,1,0.07,,,48,6.2
374.9,408.6,14.9,,25.4,0,,,,,,,,,,63,7.8
372,411.8,13.5,,27.3,0,,,,,,,,,,56,9
366.2,411,13.1,,29,0,25,943.3,78.4,,29.2,1.34,0.0596,,,50,9.1
334.5,375.2,24.4,,30.6,1,,,,,,,,,,58,7.1
332.7,373.7,25.8,,31,2,,,,,,,,,,51,6.1
306.3,352.6,28,,31.8,2,23,312.6,59,,16.1,1.19,0.1206,,,46,5.5
374.5,408,16.4,,22.5,0,60,872.8,88.5,,31.9,1.49,0.0726,,,104,7.92
375,406,31.8,,29.5,0,,919,71.2,,,1.413,0.092,19,,,
357,393,32.5,,33,2,,694,63.7,,,1.274,0.096,21,,,
348,388,32,,36.2,3,,776,60.6,,,1.235,0.105,22.3,,,
342,382,30.3,,37.5,3,,556,56.5,,,1.11,0.11,23.1,,,
347,384,32.9,,38.4,3,,674,59.6,,,1.125,0.122,21.7,,,
372,403,26.3,,25.5,0,,858,73.5,,,1.544,0.072,22.8,,,
342,368,26.5,,22.5,0,,1208,80.6,,,1.589,0.063,14.8,,,
,,,,34,2,,833,66.3,,,1.255,0.095,21.5,,,
,,,,26.4,0,,,,,,,,,,,
331,379,23.4,149,27.6,2,37,567,32.3,,19.3,,,14,,,
,,,,28,2,,,,,,,,,,,
316,370,24.2,147,29.8,3,36,474,30.6,,20.3,,,15,,,
357,380,16.5,152,24.7,0,50,928,39,,18.6,,,,,,
,,,,28.3,0,,692,136,,,,,16.4,,,
,,,,29.4,0,,,,,,,,,,,
,,,,31.4,2,,652,133,,,,,18.7,,,
,,,,31.9,2,,,,,,,,,,,
355.4,,22.3,,33.6,3,,568,129,,,,,21.2,,,
,,,,34.2,3,,,,,,,,,,,
367.4,,15.8,,24.1,0,,877,181,,,,,12.1,,,
,,,,26.5,0,,,,,,,,,,,
,,,,29.7,1,,,,,,,,,,,
,,,,32.2,1,,,,,,,,,,,
317,348,13.9,,35,2,,,,,,,,,,,
,,,,38.3,2,55,471,69,,,,,,,,
328,397,6.2,,17.8,0,,,,,,,,,,,
,,,,29.7,0,,,,,,,,,72.6,115.4,
,,,,31.4,0,,,,,,,,,74.8,117.9,
,,,,32.5,2,,,,,,,,,76.1,118.6,
,,,,33.1,2,,,,,,,,,78.4,120.1,
279,380,20,,33.8,3,65,528,68,0.45,48.34,,,,81.7,123.2,
,,,,34.3,3,,,,,,,,,82.2,124.6,
,,,,35,3,,,,,,,,,83.4,125.8,
357,383,14.7,,20.3,0,75,685,95,0.32,45.89,,,,57.2,102.3,
350.5,400.5,29.5,160.2,26,,,,,,,,,,82.36,,
341.5,401.5,31.7,162.9,32,,,,,,,,,,87.99,,
347.6,387.6,28.4,162.9,30.2,,,,,,,,,,84.29,,
348.4,380.9,28.2,157.5,28.5,,,,,,,,,,84.13,,
385.2,404,21.7,156.9,22.5,,,,,,,,,,73,,
192.7,377.9,24.2,174.3,,2,,,,,,,,,,98.55,9.53
237.1,365.2,29,154.5,,2,,,,,,,,,,99.39,8.22
237.6,357.9,30.8,149,,3,,,,,,,,,,102.54,8.2
241.5,408,16.4,183.9,,0,,,,,,,,,,103.7,7.92
367.1,435.1,14.3,,26.5,0,,,,,,,,,74.5,117.7,52.1
364.5,417.5,17.8,,31.4,2,,,,,,,,,,,
350.5,416,18.2,,34.3,3,,,,,,,,,,,
349.6,398.8,19.6,,36.2,3,,,,,,,,,91.9,126.8,61.8
316,362,10.7,210,26.2,2,56,918,94,,50.8,1.33,0.1,,,,
324,360,13.5,208,28,3,53,796,83,,50.7,1.17,0.12,,,,
320,360,10.5,197,28.6,3,54,840,78,,47.1,1.13,0.13,,,,
330,358,10.8,231,24.2,0,53,1034,114,,38.96,1.63,0.04,,,,
,,,212,25.9,0,51,947,92,,50.34,1.35,0.1,,,,
,,,204,27.4,0,50,850,88,,55.63,1.27,0.12,,,,
,,,196,27.8,2,46,785,81,,61.92,1.12,0.13,,,,
,,,,21.5,0,,,,,,,,,55.1,,8.9
,,,,26.7,2,,,,,,,,,53.4,,9.6
,,,,28.6,3,,,,,,,,,49.9,,11.3
,,,,30.9,3,,,,,,,,,47.3,,14.1
339,,18.5,190,33.3,0,54,800,75,,,1.94,0.154,,,,
346,,18.4,182,34.3,2,54,680,76,,,1.753,0.151,,,,
314,,18.5,182,35.2,2,50,520,71,,,1.521,0.14,,,,
337,,18.8,176,33.3,3,48,481,61,,,1.482,0.135,,,,
378,,12.6,191,22.5,0,65,966,102,,,2.087,0.095,,,,
284.66,332.32,12.69,135.35,24.9,0,,,,,,,,,,,
286.6,322.76,24.84,139.64,26.2,2,,,,,,,,,,,
291.98,316.86,24.91,145.25,28.7,2,,,,,,,,,,,
285.8,302.3,25.75,148.51,31.2,3,,,,,,,,,,,
343.59,412.22,3.07,131.29,22.5,0,,,,,,,,,,,
313.74,376.48,4.11,128.46,22.7,0,,,,,,,,,,,
302.49,415.33,3.24,74.62,21.7,0,,,,,,,,,,,
278.73,349.22,8.49,130.18,25.2,0,,,,,,,,,,,
282.79,314.12,18.45,132.94,26.7,2,,,,,,,,,,,
278.63,318.96,21.19,137.76,29.1,2,,,,,,,,,,,
262.44,304.36,32.12,143.53,31.8,3,,,,,,,,,,,
310.17,383.83,11.88,85.37,24.6,0,,,,,,,,,,,
255.72,353.62,13.72,93.48,25.8,0,,,,,,,,,,,
243.74,337.38,20.47,114.28,28.1,2,,,,,,,,,,,
266.06,332.86,22.71,123.95,30.2,3,,,,,,,,,,,
332,,31.4,186,,2,,,,,,,,,,,
323,,29.7,181,,3,,,,,,,,,,,
318,,32.6,183,,3,,,,,,,,,,,
312,,31.7,174,,3,,,,,,,,,,,
326,,30.6,176,,2,,,,,,,,,,,
311,,36.7,170,,0,,,,,,,,,,,
337,,28.6,181,,0,,,,,,,,,,,
341,379,21.3,158,,3,58,807,96,,,,,,,,
333,378,22.6,146,,3,60,566,93,,,,,,,,
332,380,21.5,143,,3,51,513,82,,,,,,,,
368,387,12.6,172,,0,53,1084,115,,,,,,,,
246.37,338.53,16.46,,24.08,0,,,,,,,,,,,
258.21,339.27,18.83,,25.03,0,,,,,,,,,,,
258.75,339.46,22.64,,26.56,3,,,,,,,,,,,
259.74,347.47,14.61,,27.34,3,,,,,,,,,,,
262.1,350.56,29.57,,29.33,3,,,,,,,,,,,
110.98,289.8,1.68,,18.17,0,,,,,,,,,,,
304,355,11.7,115,27.3,0,65,882.8,132.1,,,,,,,,
291,358,12.8,110,28.8,0,61,460.5,122.3,,,,,,,,
284,360,15.9,98,30.3,2,44,375.4,119.8,,,,,,,,
267,362,16.6,88,31.2,3,31,337.1,117.3,,,,,,,,
340,367,7.9,133,22.5,0,76,1160.9,135,,,,,,,,
311,371,26.65,144,34.35,2,92,231.7,64.8,,,,,19.13,,,
287,377,28.89,137,40.05,3,80,164.4,57.4,,,,,24.49,,,
304,350,25.74,126,42.2,3,79,150.8,46.4,,,,,40.33,,,
350,379,14.7,146,26.49,0,78,275.5,56.8,,,,,8.6,,,
255.5,386.8,24.5,144.9,25.4,0,,,,,,,,,34.89,,4.03
262,388.2,19.31,141.2,27.6,2,,,,,,,,,32.44,,3.76
263,394.6,23.91,134,29.3,3,,,,,,,,,30.78,,3.53
225.3,381.4,26.16,128.6,29.9,3,,,,,,,,,28.9,,3.25
233.7,383.3,27.2,125.4,30.6,3,,,,,,,,,27.86,,2.85
313,399.5,7.53,148.7,19.8,0,,,,,,,,,37.9,,5.19
,,,,33.9,0,48,390.8,70.4,,,1.54,0.143,,,,
,,,,36,3,44,420.7,67.9,,,1.536,0.154,,,,
,,,,24.5,0,48,963.5,88.7,,,2.107,0.081,,,,
,,,,22.5,0,52,995,93.3,,,1.529,0.079,,,,
,,,,31.7,2,57,437.2,60.6,,,1.164,0.127,,,,
342.2,388.3,25.3,168.3,,2,,,,,,,,,,85.2,10.94
332.2,376.1,27.3,177.8,,3,,,,,,,,,,74.03,10.07
310.6,372.6,30.2,180.8,,3,,,,,,,,,,66.44,8.49
295.7,361.5,31.3,189.6,,3,,,,,,,,,,51.86,4.54
298.6,353.4,31.8,192.1,,3,,,,,,,,,,42.31,4.5
382.3,413.7,17.5,162.5,,0,,,,,,,,,,87.03,10.47
373.8,423.2,7.35,110.5,25.2,0,,,,,,,,,,132.2,
368.8,419,8.05,114.9,28.5,0,,,,,,,,,,119.7,
366.5,413.4,8.41,119.8,31.4,2,,,,,,,,,,117.6,
290,339.5,6.49,101.9,22.8,3,,,,,,,,,,125.5,
368.3,428.2,4.58,109.5,19.6,0,,,,,,,,,,131.6,
316.85,365.85,4,133.85,25,0,72,1427,63.6,,,,,4.9,,,
333.85,375.85,3.9,166.85,20.4,0,81.9,2572,99.1,,,,,1.9,,,
,,,,22.4,0,,,,,,,,,,,
,,,,24.1,2,,,,,,,,,,,
,,,,25.3,2,,,,,,,,,,,
,,,,26.2,3,,,,,,,,,,,
,,,,20.5,0,20,,88.6,,35.4,,,,,,
,,,,26,0,30,,63.2,,21.2,,,,,,
350,375,2,,27,1,,,,,,,,,,,
344,371,2.8,,30.5,2,,,,,,,,,,,
334,366,3.4,,33,2,,,,,,,,,,,
321,368,6.7,,26,0,,,,,,,,,,,
369,384,0.4,,22,0,,,,,,,,,,,
,,,,28.5,2,,,,,,,,,,,
325,379,17.4,133,31,2,,,,,,,,,,,
,,,,33,3,,,,,,,,,,,
,,,,30,2,,,,,,,,,,,
370,386,13.4,112,21.5,0,,,,,,,,,,,
325,377,21,134,30,2,,,,,,,,,,,
315,342,25.2,126,34,3,,,,,,,,,,,
391,422,17.1,146,29.2,2,,,,,,,,,,,
392,424,18.1,140,32.4,3,,,,,,,,,,,
387,421,17.9,152,29.5,2,,,,,,,,,,,
370,417,19.5,143,32.9,3,,,,,,,,,,,
392,420,15,165,20.4,1,,,,,,,,,,,
,,,,48,2,,,,,,,,,,,
303,260,3.6,,25,,,,,,,,,,19.748,,
299,256,7.3,,27.6,,,,,,,,,,18.423,,
291,248,20.8,,30.2,,,,,,,,,,16.443,,
305,365,1.9,,20.5,,,,,,,,,,,,
364,,25.5,193,30.1,2,55,593,,,,,,,,,
359,,24.9,191,31,3,51,383,,,,,,,,,
356,,25.8,181,35.2,3,63,483,,,,,,,,,
348,,27,153,30.8,3,43,303,,,,,,,,,
372,,13.2,197,22.5,0,66,893,,,,,,,,,
338,,21.6,172,31.1,2,42,721,,,,,,,,,
379,,17.8,182,34,2,54,599,,,,,,,,,
338,,20.5,151,34.6,2,,,,,,,,,,,
332,,20.7,145,35.6,3,,,,,,,,,,,
330,,20.9,142,36.3,3,,,,,,,,,,,
326,,21.3,140,37,3,,,,,,,,,,,
356,,21,154,35.1,2,,,,,,,,,,,
348,,22.3,150,36.2,3,,,,,,,,,,,
344,,22.4,148,37,3,,,,,,,,,,,
342,,24.6,147,37.5,3,,,,,,,,,,,
345,,21.1,148,35.4,2,,,,,,,,,,,
340,,21.6,143,36.9,3,,,,,,,,,,,
337,,21.8,140,37.7,3,,,,,,,,,,,
335,,23,138,38.6,3,,,,,,,,,,,
380,,18.1,163,24.9,0,,,,,,,,,,,
305,,7,,25,1,,,,,,,,,,,
302,,8.9,,27.6,1,,,,,,,,,,,
300,,9,,30.2,3,,,,,,,,,,,
334,,2.1,,20.5,0,,,,,,,,,,,
333,373,2,,30.5,2,,,,,,,,,19.2,,
311,363,2.9,,33,2,,,,,,,,,18.5,,
297,344,5.2,,36,3,,,,,,,,,16.8,,
369,380,0.4,,21.5,0,,,,,,,,,20.3,,
377,,29.5,159,28,2,57,630,58.2,,,,,,76.7,136,
376,,30.7,148,31,2,,,,,,,,,94.2,152,
377,,31.6,141,33,3,61,360,49.8,,,,,,97.4,152,
377,,31.2,156,27.5,2,53,549,57.1,,,,,,86.6,144,
376,,33.3,148,30,2,,,,,,,,,92.5,158,
378,,33.9,138,32,3,54,474,47,,,,,,94.7,164,
377,,24.1,177,21,0,51,754,59,,,,,,,,
292,366,10.2,,26,0,,390,33,0.13,8.1,,,,,,
288,359,11.4,,27.5,2,,292,30,0.1,7.8,,,,,,
282,357,13.5,,28,3,,235,27,0.08,5.9,,,,,,
,,,,30,3,,,,,,,,,,,
333,424,3.9,,20.5,0,,781,76,0.19,21.5,,,,,,
350,389,5.2,,28,,,719,25.3,,,,,,,,
272,383,7.4,,30,,,590,23.7,,,,,,,,
204,378,10.9,,31,,,508,22.3,,,,,,,,
389,420,0.6,,21,,,889,28.3,,,,,,,,
372,414,17,86,29.2,3,,,,,,,,,,,
374,411,20,105,29.5,3,,,,,,,,,,,
375,394,24,122,30.6,3,,,,,,,,,,,
372,384,20,128,28.2,2,,,,,,,,,,,
363,379,16,159,24.5,1,,,,,,,,,,,
357,400,15,72,,,,,,,,,,,,,
,,,,23.9,0,,,,,,,,,,,
,,,,27.9,0,,,,,,,,,,,
,,,,28.2,0,,,,,,,,,,,
,,,,29,0,,,,,,,,,,,
,,,,29.1,2,,,,,,,,,,,
,,,,29.2,2,,,,,,,,,,,
,,,,29.4,3,,,,,,,,,,,
,,,,21.7,0,,,,,,,,,,,
,,,,27.9,0,,,,,,,,,,,
,,,,31.2,2,,,,,,,,,,,
,,,,31.6,3,,,,,,,,,,,
,,,,32.1,3,,,,,,,,,,,
,,,,32.8,3,,,,,,,,,,,
,,,,33.9,3,,,,,,,,,,,
,,,,27.9,2,,,,,,,,,,,
,,,,31.2,2,,,,,,,,,,,
,,,,31.6,3,,,,,,,,,,,
,,,,32.1,3,,,,,,,,,,,
,,,,32.8,3,,,,,,,,,,,
,,,,33.9,3,,,,,,,,,,,
,,,,25.4,0,,,,,,,,,,,
,,,,26.6,3,,,,,,,,,,,
,,,,27.4,3,,,,,,,,,,,
,,,,27.8,3,,,,,,,,,,,
,,,,28.3,3,,,,,,,,,,,
,,,,28.9,3,,,,,,,,,,,
,,,,25.8,0,,,,,,,,,,,
,,,,27.1,0,,,,,,,,,,,
,,,,27.9,3,,,,,,,,,,,
,,,,28.5,3,,,,,,,,,,,
,,,,29.2,3,,,,,,,,,,,
,,,,30.5,3,,,,,,,,,,,
,,,,27.1,2,,,,,,,,,,,
,,,,27.9,3,,,,,,,,,,,
,,,,28.3,3,,,,,,,,,,,
,,,,28.6,3,,,,,,,,,,,
,,,,29.1,3,,,,,,,,,,,
,,,,31.1,3,,,,,,,,,,,
,,,,25.4,0,,,,,,,,,,,
,,,,24.9,0,,,,,,,,,,,
,,,,24.3,0,,,,,,,,,,,
,,,,23.4,0,,,,,,,,,,,
,,,,24.8,0,,,,,,,,,,,
,,,,26.1,0,,,,,,,,,,,
,,,,26.1,0,,,,,,,,,,,
,,,,25.5,0,,,,,,,,,,,
,,,,24.2,0,,,,,,,,,,,
,,,,25.8,0,,,,,,,,,,,
,,,,26.4,0,,,,,,,,,,,
,,,,27.3,0,,,,,,,,,,,
,,,,26.5,0,,,,,,,,,,,
,,,,28.2,2,,,,,,,,,,,
,,,,29.3,2,,,,,,,,,,,
,,,,31.5,3,,,,,,,,,,,
,,,,32.8,3,,,,,,,,,,,
,,,,33.4,3,,,,,,,,,,,
,,,,35.7,3,,,,,,,,,,,
334,374,24,,26.1,,,,,,,,,,,,
322,395,28,,28.6,,,,,,,,,,,,
310,362,32,,36,,,,,,,,,,,,
351,383,17,,24.1,,,,,,,,,,,,
305,327,34,,36,,,,,,,,,,,,
,,,177,48,2,,,,,,,,,,70.2,
,,,170,31,0,,,,,,,,,,,
,407,18.4,,30,2,,,,,,,,,,,
,400,18.2,,,3,,,,,,,,,,,
,387,18.7,,35,3,,,,,,,,,,,
,393,17.2,,,3,,,,,,,,,,,
,387,16.3,,31,3,,,,,,,,,,,
,396,20.2,,30,2,,,,,,,,,,,
,385,20.1,,,3,,,,,,,,,,,
,385,19.3,,33,3,,,,,,,,,,,
,378,17.4,,29,3,,,,,,,,,,,
,403,22.5,,28,1,,,,,,,,,,,
,400,22.2,,,2,,,,,,,,,,,
,395,22.9,,33,3,,,,,,,,,,,
,394,21.5,,32,3,,,,,,,,,,,
,387,23.6,,30,2,,,,,,,,,,,
,381,23.7,,,2,,,,,,,,,,,
,374,23.7,,29,3,,,,,,,,,,,
,360,24.3,,27,3,,,,,,,,,,,
,409,16.9,,26,1,,,,,,,,,,,
311,375,19.9,,28.5,2,,,,,,,,,,,
321,361,21.5,,31.5,2,,,,,,,,,,,
309,350,23.6,,33,3,,,,,,,,,,,
372,384,13.3,,20.5,0,,,,,,,,,,,
,,,,22.5,0,,,,,,,,,,,
,,,,25.5,3,,,,,,,,,,,
353,391,15.88,,26.5,3,,,,,,,,,,,
,,,,26.5,3,,,,,,,,,,,
,,,,20.5,0,,,,,,,,,,,
,,,,27,0,,,,,,,,,,,
348,395,16.91,,27.5,0,,,,,,,,,,,
,,,,27,0,,,,,,,,,,,
356,387,21,,25.8,1,,,,,,,,,58.8,,
345,377,22,,27.2,2,50,1243,99,0.26,24.3,2.83,0.26,,74.9,,
336,375,26,,28.3,2,41,896,98.7,0.25,21,1.74,0.21,,85.8,,
,,,,,,,,,,,,,,34.2,,
350,385,9,,24.6,0,54,1692,100.9,0.44,30.9,3.37,0.28,,60.2,,
360.8,390.82,13.74,,25.2,0,,,,,,,,,36.95,,
363.85,391.47,21.46,,26.5,1,49,1260.82,80.76,0.32,24.43,3.33,0.27,,71.32,,
358.42,389.21,22.29,,27.7,2,47,1083.66,79.14,0.31,22.44,3.01,0.23,,69.54,,
350.11,385.4,8.66,,24.6,0,54,1691.57,100.93,0.44,30.88,3.77,0.28,,60.16,,
,,,169,28.7,3,94,796,103,,32,,,,59,,23
,,,163,29.2,3,83,538,95,,28,,,,61,,13
,,,148,29.7,3,57,478,67,,29,,,,33,,7
,,,175,22.6,0,103,899,133,,34,,,,58,,16
353,367.7,18.4,160.5,29,0,,,,,,,,,59,130,
340,363.3,19.2,167.3,31.5,2,,,,,,,,,65,125,
339,359.7,20.4,169.6,32,3,,853.6,65.5,,33.3,,,25.6,63,120,
356.8,372.1,14.7,158,22,0,,1256.3,71.6,,69.3,,,11.3,59.5,118,
345,407,10.1,170.8,26.5,,40,500,73.9,,27.1,,,7.26,60.65,92.7,
353.5,394.1,22.4,181.9,27,,38,332,45.9,,23.1,,,9.29,60.42,91.09,
350.6,388.8,14.8,178.4,27.6,,41,665,79.5,,24.7,,,8.05,64.67,90.73,
355.7,400.2,15.2,176.9,26.8,,42,484,69.4,,26.5,,,7.4,65.81,91.89,
354.5,400.9,17,175.8,26.7,,40,656,71.1,,22.7,,,7.38,62.76,89.93,
346.3,382,21.4,,27.2,,39,403,57.2,,21.01,,,8.02,66.21,91.1,
369.8,415.3,3.6,187,23.2,,43,929,89.3,,37.8,,,3.37,55.83,8.14,
,,,180,26.2,1,,,,,,,,,60,161,31
,,,160.8,28.7,2,125,604.7,110.1,,34.8,,,18.4,65,180,40
,,,145.9,29.8,2,128,519.7,105.4,,31.2,,,20.2,74,185,31
,,,134.3,30.2,3,125,442.7,106.7,,32.4,,,20.6,75,175,25
,,25.24,,29.4,2,105,494.6,121.4,,35.6,,,18.3,73,190,27
,,,160.2,22.6,0,122,733.6,116.5,,44.2,,,11.8,54.33,137.03,21.38
338,391,11.3,169.9,26.1,0,38,652,64,,18.7,,0.091,3.4,70.5,112.1,
309,385,11.5,171.5,30.6,2,37,550,58,,19.1,,0.116,6.9,81.4,119.1,
308,380,17.4,172.1,35.2,3,33,539,54,,17.8,,0.133,9.3,54.4,122.3,
351,410,5.6,170.6,20,0,30,1145,85,,32.1,,0.065,0.8,54.7,112.1,
362,386,19.4,,30.5,3,82,1144,141.1,,,3.9,0.44,,62,180,22
361,385,19.4,,31.7,3,82,1085,132.7,,,3.8,0.41,,65,210,23
347,368,20,,32.3,3,78,1057,128.4,,,3.7,0.3,,76,215,24
353,387,18.7,,30.1,3,80,1097,130.3,,,3.6,0.26,,63,175,22.5
379,394,17.1,,24.1,0,92,1184,155.5,,,3.9,0.49,,52,160,8
340.1,419.4,14.1,55.9,30,0,72,371.7,57.8,,,,,14.4,31.7,,
342.1,408.2,15.9,62.4,31,0,,,,,,,,,34,,
345.2,396.4,15.8,66.5,32,0,,,,,,,,,31,,
349.1,395,15.8,72.9,34,2,69,291.5,51.7,,,,,24.9,23,,
350.4,389.3,16.1,79,34.5,3,,,,,,,,,15,,
323.4,430.2,6.3,46.3,28,0,63,790.6,75.5,,,,,2.4,22,,
359.1,391,21.7,157.3,30,2,73,708,59.7,,23.8,1.36,0.52,20.1,,,
349.5,388.7,23.3,145,31.3,3,68,658,57.4,,23.1,1.29,0.58,22.5,,,
346.3,388.3,24.5,143.1,32.5,3,56,568,55.8,,20.4,1.27,0.62,23.1,,,
382.3,399,19.7,,25,0,91,1453,67.3,,24.1,1.8,0.28,18.1,,,
362,397,20.8,142.2,27.7,0,56,419,42.6,,42.3,0.79,0.048,16.8,74.5,,
348,391,21.7,164.7,28.1,2,54,407,46.6,,38,0.795,0.047,18.5,70.8,,
348,390,20.7,163.5,28.5,2,56,433,41.6,,40,0.748,0.045,19,66.3,,
345,383,22.2,160.4,29,3,50,303,33.4,,36.8,0.657,0.041,19.8,63.6,,
352,400,21.9,165.5,29.3,3,50,260,27.7,,34.2,0.0505,0.031,22.8,54.6,,
381,396,15.8,163.5,25.6,0,62,638,70,,47.4,1.047,0.055,11.6,65.5,,
324.36,389.41,15.55,,26.8,1,,,,,,,,,82.74,,
322.48,379.42,19.62,,28.4,2,45,800.78,79.66,0.21,29.85,2.13,0.12,,75.14,,
301.86,373.43,21.58,,29.7,3,43,614.89,73.39,0.19,24.61,1.57,0.11,,59.14,,
350.11,385.4,8.66,,24.6,0,54,1691.57,100.93,0.44,30.88,3.37,0.28,,60.16,,
380.3,398.5,17.1,148.6,31,2,86,758,52.2,,24.2,1.48,0.57,,,,
372.6,393.5,19.3,147.3,38.8,3,80,583,46.1,,22.7,1.33,0.6,,,,
391.5,413.6,13.1,153.8,23.8,0,95,985,79.5,,30.8,1.55,0.55,,,,
384,427,17.8,176,28.2,0,,,,,,,,,,,
370,425,16.4,162,32,2,,,,,,,,,,,
348,425,15.8,155,34,3,36,543,85,,,1.14,0.11,6.9,71.54,94.7,27.33
390,428,19.9,186,23.2,0,40,1166,99,,,1.66,0.075,3.5,55.77,88.14,16.38
,,,55.9,25.5,0,,,,,,,,,,,
,,,56.3,26.1,0,,617,103,,15,1.3,0.018,,,,
,,,59.4,27.1,1,,,,,,,,,,,
,,,67.3,29.6,2,,494,75,,11,1.2,0.014,,,,
,,,55.6,22.4,0,,798,127,,24,1.6,0.032,,,,
352.1,379.1,18.9,,27.4,2,,,,,,,,,71.4,105.6,20.9
347.6,378.8,20.5,,28.9,2,,,,,,,,,70.5,104.9,23.9
340.6,373.7,21.3,152.6,30.1,3,86,494.4,115.5,,28.9,,,,69.3,103.5,26.5
366.2,386.5,16.1,135.5,24.2,0,135,852.4,135.5,,39.6,,,,72.2,106.8,19.5
233,388,20.4,151.1,25.5,0,,855.7,87.3,,20.73,6.68,,,,127.5,
381,397,18.1,148.8,25.3,0,,897.6,93.6,,25.93,9.51,,,,123.9,
337,408,18.2,150.4,28.1,2,,907.7,84.7,,25.28,4.97,,,,,
359,398,18.8,144.2,29.2,2,,1018.8,86.7,,27.14,3.51,,,,,
338,395,19.6,143.5,29.7,3,,1012.2,83.1,,33.22,5.58,,,,,
369,395,18.6,150,28.5,0,,,,,,,,,52.5,101,
365.3,392.3,19.8,148.4,30.4,2,,,,,,,,,48.6,88.9,
353.7,390.1,21.1,145.9,32.7,3,45,754.1,86.5,,20.4,3.43,0.177,14,48.2,72.8,
361.3,392.7,18,154.9,25.6,0,47,938.7,106.8,,25.3,3.48,0.137,7.9,54.9,106.8,
353,388.7,19.6,134.2,32.1,2,55,782.4,81.5,,21.6,3.48,0.225,13.3,54.9,106.8,
,,,150.2,30.7,2,64,843.2,90.6,,19.1,4,0.38,11.4,58.6,132.3,
,,,,32.1,2,,,,,,,,,53.8,126.6,
330.4,384,18.4,148.6,33.6,3,53,932.3,84.7,,18.2,4.01,0.28,14,30.1,105.1,
,,,149.6,30.4,2,51,815.8,95.2,,17.3,3.32,0.4,10.5,56.1,121.1,
,,,,31.8,3,,,,,,,,,45.9,108.4,
336.3,401.3,19,148.2,34.2,3,54,793.8,109.6,,22.4,3.23,0.41,6.6,31.9,103.7,
361.8,398.6,16.6,150.7,25.6,0,65,1066.7,121.8,,23.5,3.57,0.34,3.6,70.5,123.9,
368,407,10.4,,27.1,1,,,,,,,,,,,
360,400,12.5,,28.7,2,,,,,,,,,,,
344,387,15.7,,30.2,2,46,688,85.4,,30,1.671,0.066,2.4,51.4,96.7,6
,,,,28.8,2,,,,,,,,,,,
,,,,31.3,3,,,,,,,,,,,
350,392,13.5,,32.6,3,48,586,78.1,,34.9,1.569,0.08,3.6,57.2,106.2,4.1
384,421,8.3,,20.1,0,40,965,112,,26.5,1.752,0.044,0.3,55.1,100.1,6.2
352,375,11.6,,29.6,2,95,927,88.6,0.62,84.7,,,14.3,64.5,105.5,37.1
339,374,13.7,,32.6,3,87,824,81.4,0.57,73.8,,,15.7,63.6,111.2,37.7
330,374,14.2,,33.5,3,87,795,78,0.55,73.2,,,16.1,71.5,115.6,39.1
361,382,12.5,,25.3,0,90,999,88.9,0.68,88.4,,,12.1,65.4,104.7,31.1
361,381,16.11,,,1,53,1214.72,109.58,0.32,27.11,,,,18.2,,
367,386,11.98,,,,,,,,,,,,59.2,,
365,388,19.95,,,,,,,,,,,,50.4,,
368,385,22.34,,,2,44,706.53,87.14,0.15,15.1,,,,37.4,,
354,389,3.72,,,0,54,1691.58,106.65,0.44,30.94,,,,66.5,,
358,379,15.13,,,,46,1142.53,103.43,0.21,25.47,,,,,,
356,370,18.15,,,,45,870.73,85.87,0.19,14.72,,,,,,
343.8,378.8,23.1,140.8,32.4,2,39,1376.7,64.3,,,1.87,0.1,17.6,92.2,109.4,
338.6,377.1,24.5,131.8,35.2,2,36,1059.3,56.1,,,1.81,0.12,19.6,98.3,116.4,
312.1,370.4,25.4,131.7,36.6,3,32,785.7,42,,,1.49,0.15,20.3,74.9,130.7,
357.9,382.7,23.9,146.3,26.8,0,41,1395.9,76.4,,,2.04,0.07,7.8,72.3,97.9,
346.5,381.1,19.5,171,30.2,3,,,,,,,,,88.7,,5
338.9,382.6,21.9,159,33.5,3,46,1133,96,,23.1,3.769,0.309,12.6,93.1,,5.6
339.8,380.5,20.4,152,35.1,3,,,,,,,,,90,,5.3
340.3,383.2,17.9,167,24,0,46,1629,132,,24,4.843,0.317,7.8,72.4,,4.5
360,403,18.17,179,28.6,2,39,1184,86.2,0.589,38.6,,,12.4,51.9,,2.7
371,402,20.81,186,28.1,0,41,1171,85.9,0.537,35,,,14.9,22.6,,3.5
371,400,16.25,186,26.5,0,62,1311,87.5,0.453,35.4,,,10.3,53.4,,8.7
370,405,18.76,187,29.7,2,80,1193,83.7,0.34,30.9,,,13.1,65.3,,12.3
351,403,18.81,184,30.4,2,74,1146,83.3,0.317,27.6,,,16.1,69.2,,12.4
347,402,19.86,180,32.2,3,70,989,76.7,0.307,27.4,,,16.3,69.3,,13
329,400,20.04,177,35.6,3,66,923,78.2,0.286,25.6,,,20.8,80.4,,12.2
353,380,19.4,170,26.4,0,68,899,82,,56.6,,,,71,110,13.3
355,380,20,170,27.8,2,68,811,78.7,,51.7,,,,75,134,12.2
355,380,21.4,165,28.3,2,62,899,78.7,,53.8,,,,80,162,11.6
368,386,19,163,25,0,60,1156,79.4,,55.3,,,,71,112,11.4
294.4,350.3,14.1,114.1,,2,36,381,104.6,,30.2,,,16.6,,113.6,
282.1,344.6,18.5,121.4,,3,31,282,85.9,,25.9,,,19.4,,163.9,
324.3,380.2,11,108.4,,0,49,816,124.3,,38.67,,,6.9,,95.4,
295,,21,,32.7,,,441.34,148.1,,,,,,,,
285,,24,,28.2,,,433.03,147.9,,,,,,,,
359,,18,,22.1,,,564.07,168.1,,,,,,,,
354,383,15.7,175,31.2,2,72,1088.4,122.2,,28.8,3.02,0.59,9.96,,115,21
347,379,15.8,168,32.7,3,68,1045.4,118.8,,26.5,2.67,0.62,13.06,,120,22
345,380,16.1,166,33.5,3,66,868.2,88.3,,28.1,2.36,0.55,13.22,,130,24
374,390,12.6,172,26.4,0,77,1328.7,130.8,,29.1,3.33,0.35,0.88,,111,20
373.6,392,21.1,183,28.9,3,70,759,84.1,,37.07,1.48,0.1,18.1,64.8,,20.1
379.1,394.1,20.3,193,30.7,3,72,579,70.4,,39.11,1.43,0.12,15.5,76.7,,21.6
383.7,396.1,16,174,21.5,0,83,1025,98.6,,34.89,1.51,0.03,10.9,49.9,,12.7
210.92,375,21.6,106.9,30.7,2,44,822.1,88.5,,21.1,,,10.3,100.03,,
215.02,374.1,21.3,103,31.8,2,40,784.6,84.3,,22.5,,,11.4,102.5,,
217.82,370.8,23.5,102.3,32.1,3,45,765.7,81.7,,20.1,,,12.4,105.66,,
221.63,369.7,21.1,101.2,32.8,3,39,694.9,84.3,,22.4,,,12.8,101.26,,
348.9,381.6,16.4,168.1,27.8,0,45,2312.3,130.6,,18.3,,,5.1,70.15,,
,,,,29.6,0,40,961.2,104.7,,17.1,,,6.1,,,
,,,,35,3,58,597.5,43.2,1.04,85.9,,,35.5,60.6,118,6.6
,,,,36,3,67,317.5,42.9,0.61,49.3,,,39.8,77.8,123.1,5.2
,,,,35.5,3,53,536.4,35.5,1.11,68.1,,,31.4,61.8,112.1,7.1
,,,,36.5,3,63,551.1,30.3,0.91,40.3,,,49.1,69.9,123.4,5.4
,,,,27,0,62,1109.5,64.3,1.25,191.9,,,19.7,71.7,105.4,8.4
339,,18.1,,33.6,3,74,776,84.3,,19.1,,0.03,,66,105.1,40.2
319,,19.6,,37.9,3,72,689.6,72,,18.7,,0.03,,78.7,110.4,45.7
306,,18.7,,38,3,71,649.1,74,,15.2,,0.04,,83,113.4,43.5
370,,16.2,,26.7,0,89,941.8,96.9,,22.7,,0.01,,53.5,82,37.3
368.8,397.1,18.6,148.6,30.1,3,,,,,,,,,76.9,107.9,24.9
365.8,396.8,20.3,156.5,31.2,3,84,900.5,93,,22.9,,,23,81.1,117.7,28.6
358.4,396.4,20.6,142.8,33.3,3,,,,,,,,,87.6,122,34.6
355,396.1,21,141.6,35.2,3,86,599.3,81,,24.1,,,33.8,75.5,121.1,32.7
369.6,385,15.7,156.5,25.9,0,80,1040.7,135,,30.5,,,8.8,63.4,98.6,24.4
,,,,27.6,2,,,,,,,,,,,
257.4,,3.25,164.3,30.5,3,66,859.6,130.5,,19.9,,,,,183.3,
,,,,28.6,2,,,,,,,,,,,
262.9,1.81,,140.2,29.1,2,83,1070.1,122.4,,20.3,,,,,179.9,
267.3,0.26,,163.4,23.6,0,84,1272.7,152,,29.7,,,,,133.5,
254,,1.98,138.5,28.5,2,65,114.3,147,,28.4,,,,,174.1,
378,391,13,149,25.5,0,42,1068,104.3,0.42,37.8,,,9.8,51,96.6,
371,389,14.5,141,28,2,38,664,87.4,0.39,31.6,,,13.9,53.8,92.5,
364,377,17.1,140,29.5,2,37,615,79.6,0.35,28.2,,,16.6,58.9,85.6,
359,375,24.9,139,31.5,3,36,591,72.7,0.33,25.2,,,21,64.8,75.3,
388,403,10.7,152,23,0,43,1183,112.9,0.45,41.9,,,2.3,48.5,110.2,
367.4,384.5,17.6,,29,2,43,928.7,117.5,,,,,13.5,45.95,,18.11
364,389,25.5,165,32,3,40,820.3,113.8,,,,,14.9,47.66,,15.15
383.6,391.9,12.9,168,23.5,0,52,1194.7,123.9,,,,,7.4,40.22,,12.19
343,394,16.9,176.7,33.5,2,44,1459.2,124,,23.9,,0.33,10.1,73.34,115.9,10.32
349,398,17.3,166.3,36,3,42,1441.7,119.6,,22.7,,0.4,8.4,82.81,122.3,11.03
344,399,20.4,153.6,40,3,39,928.2,111,,22.8,,0.49,5.7,80.67,110.1,11.45
361,391,17.3,168.7,26.5,0,45,1603.6,129.6,,26.3,,0.28,6.7,58.47,94.5,8.54
,,,,32.1,2,,,,,,,,,,,
336,379,18.8,150,34.6,3,98,557,90.1,,29.1,,,,59,,2.4
,,,,35.5,3,,,,,,,,,,,
374,390,14.7,156,24.7,0,106,870,116.2,,33.4,,,,69,,6.4
,,,,34.7,3,,,,,,,,,70,,4
338,385,22.2,148,34.2,3,98,557,90.1,,29.11,,,,77,,5.7
,,,148,33.3,2,,,,,,,,,74,,4.4
,,,162.8,27.6,0,104,1034,121,,,,,15.9,85.5,122.1,29.6
,,,158.4,29.9,2,90,805,116,,,,,17.5,93.8,128.3,27.2
,,,156,32.2,3,84,735,112,,,,,18.4,81.4,132.9,28.6
,,,164.3,22.2,0,108,1034,127,,,,,10,76.4,115.6,35.2
387,,17.1,188,30.1,2,80,692,75.1,,22.3,,0.17,,,135,
384,,18.3,190,32.6,3,74,561,70.5,,21.3,,0.22,,,140,
384,,18.8,194,33.4,3,70,479,68.7,,19.2,,0.27,,,145,
389,,15,172,23.6,0,88,1005,89.9,,26,,0.11,,,115,
347.9,381.1,18.2,165,29.5,,,,,,,,,,80.7,94.5,30.51
341.1,378.3,20.2,160,30.6,,,,,,,,,,70.1,100.7,25.78
337.9,374.1,23.3,157,31.2,,,,,,,,,,66,108.3,19.91
359.8,387.9,15.9,177,25.6,,,,,,,,,,65.6,93.6,18.39
333.2,362.7,17.9,173.26,32.6,2,,,,,,,,,60,130,
322.9,352.4,18.9,174.41,33,3,,,,,,,,,64,142,
318.6,342.5,19.5,175.14,37,3,,753.5,56.4,,49.2,1.25,0.14,18.9,60,148,
359.1,380.1,13.7,171.45,22,0,,1207.1,81.6,,69.3,1.64,0.095,7.8,59,134,
341.5,378.4,19.8,154.1,29,2,,804.6,63.6,0.34,36.35,,0.08,15.4,,,
331.2,377,18,151,31.5,2,,,,,,,,,,,
326.4,376.5,18.3,152.7,34,3,,744.2,62.8,0.32,32.13,,0.09,18.4,,,
364.3,389.9,17.5,156.4,25.2,0,,1063,76.07,0.54,71.38,,0.05,11.88,,,
327,359,28.1,150.6,30.6,3,,410,48.3,0.144,15.5,,,15.5,,,
301,362,28.7,145,34.7,3,,344,47.2,0.094,14.8,,,18.6,,,
311,349,31.6,129,33.5,3,,382,45.5,0.147,16.3,,,18.5,,,
350,425,17.2,137.7,20.5,0,,604,69.3,0.167,21.6,,,2.8,,,
374,420,20.1,207,29.5,2,40,926.13,92.65,,35.2,,,11.5,,,
375,415,25.4,201,32.9,3,45,885.33,90.94,,31.1,,,15.5,,,
373,408,26.6,200,34.7,3,48,758.84,94.78,,32.6,,,19.7,,,
376,407,36.1,202,34.9,3,42,603.24,83.87,,33.7,,,21.8,,,
386,427,15.2,200,22.4,0,43,1006.02,135.13,,46.9,,,9.3,,,
341,389,23.4,139,32.6,3,56,768.1,77.3,,,,,13.4,72,,
334,384,24.3,130,34.3,3,52,719.7,69.7,,,,,14.4,75,,
326,380,26.8,127,35.2,3,46,625.5,62.9,,,,,15,77,,
371,390,21.2,148,25.7,0,59,841.5,93.9,,,,,10.9,55.3,,
347.2,375.1,16.49,166.3,29.4,2,,,,,,,,,64.1,,
343.7,371.3,20.14,169.2,30.2,2,,,,,,,,,68.5,,
334.6,368.7,21.25,170.1,30.5,3,,805,72,,36,1.39,0.12,16.4,61.4,,
358.9,379.4,13.6,165.1,22.3,0,,1260,78,,58,1.55,0.1,7.8,60.2,,
341.3,367.7,16.9,171.5,31.8,2,,,,,,,,,,,
344.7,370.1,17.17,171.7,30.4,2,,,,,,,,,,,
324.4,364.4,21.54,179.5,30.2,3,,800.5,41,,26.2,,,23,,,
359,379.4,13.7,170,22.5,0,,1278,70.1,,38.5,,,8,,,
,,,,31.3,2,,,,,,,,,,,
,,,,31.8,2,,,,,,,,,,,
311.1,369.7,19.3,150.3,32.5,3,53,925,54.3,0.36,37.2,,,16.8,57,87,22
,,,,33,3,,,,,,,,,,,
342.6,382.5,13.2,155.7,22.6,0,59,1063,76.3,0.54,71.4,,,11.9,54,86,21
399.8,416.6,16.2,183.3,30,2,39,1080.4,98.1,,,,,12.1,56.4,,1.14
392.7,410.8,18.3,177.3,33,2,37,956.3,99.6,,,,,12.7,59.3,,1.39
387.6,402.7,19.8,171.8,34.5,3,35,836.9,92.9,,,,,14.9,55.2,,1.13
405.7,422.2,15.1,190,29,0,40,1154.5,104.7,,,,,10.9,46.7,,12.4
389,445,28,102,30.2,0,,672,91,,,,,,,,
353,438,32,149,35.2,2,,575,75,,,,,,,,
371,444,35,163,38.4,3,,435,48,,,,,,90.2,,
406,450,12,155,19.2,0,,881,107,,,,,,69.6,,
362,375,20.6,189.7,28.5,1,33,831,,,31.8,,0.115,4.5,79.6,,26.5
361,375,21.8,189.2,29,2,32,771,,,29.4,,0.12,5,90.4,,30.1
354,376,22.9,188.9,31,3,32,741,,,27.8,,0.124,5.7,96.6,,35.8
331,357,23.7,159.6,35,3,37,713,,,32.9,,0.127,10,88.5,,22.1
364,377,18.5,188,25.5,0,37,993,,,33.4,,0.108,1,81,,23.7
337,378,23.4,,28,0,36,814,82,,,,0.139,9.2,,,
328,355,26.4,,28.5,1,34,722,79,,,,0.149,14.4,,,
364,378,0,,25.5,0,37,982,85,,,,0.099,1.5,,,
350,379,24.5,,29,3,36,561,69,,,,0.116,15.4,,,
354,389,26,,26.3,0,,,,,,,,,,,
368,406,22,,27.1,0,32,556.38,77.83,,,,,13.29,,,
339,372,28,,28.7,0,,,,,,,,,,,
354,398,24,,31.6,2,37,593.95,73.69,,,,,11.04,,,
379,416,20,,24.8,0,40,938.09,92.05,,,,,2.91,,,
325,401,10.9,136.2,28.5,0,29,791,76.9,,,1.66,0.1131,4.5,50,80.9,13
328,397,13.3,133.6,32.5,2,31,745,73.6,,,1.57,0.1291,5.1,65,82.3,15
277,395,12.8,125,35.5,3,28,668,63.9,,,1.4,0.1429,4.3,58,87.1,16.89
360,410,6.9,143.7,20.1,0,30,1105,92.5,,22.8,2.08,0.0674,1.1,42,73.1,9.06
353.8,376.3,21.1,160,29.38,2,,,,,,,,,,,
336.4,368.5,22.6,151,31.42,3,,,,,,,,,,,
337.7,368.3,23.8,147,33.15,3,,,,,,,,,,,
333.8,367.9,24.2,141,34.83,3,87,768.9,71.2,,21.33,1.14,0.1254,27.7,,,
378.5,396.2,14.5,166,23.63,0,94,1213.5,96.8,,35.8,1.45,0.0834,13.1,,,
389,425,41,187,,,,,,,,,,,,114,
345,420,40,182,25.3,,,,,,,,,,,120,
404,450,12,129,,,,,,,,,,,,117,
418,447,17,165,20.9,,,,,,,,,,,116,
392,450,18,151,,,,,,,,,,,,107,
334,370,28.1,201,29,0,59,762,58.8,,13.9,,,38.7,,,23.5
333,369,31.6,196,34,3,49,526,33.4,,8.4,,,65,,,18.5
326,371,36,192,38.5,3,46,480,35.1,,6.3,,,67.1,,,17.7
387,418,13.8,209,22.5,0,57,1187,83.1,,23.5,,,8.8,,,24
348,401,26.5,,27,0,55,796,71.3,,15.3,,,34.6,,,
372,,27.1,172,38.5,3,49,814,80,,44.9,1.637,0.129,13,,,
371,,27.8,175,39.3,3,45,563,75,,48.4,1.55,0.122,14.7,,,
375,,26.3,173,37.5,3,53,1115,83,,46.5,1.693,0.131,13.5,,,
390,,17.5,168,35.7,2,56,771,91,,50.7,1.831,0.118,14.5,,,
,,,,25.7,0,58,1493,114,,51.1,2.194,0.097,7.3,,,
369,402,17.3,184,,,61,1097.2,76.2,,35.9,,0.082,16.5,57.4,77.2,11.61
364,401,17.5,178,36.6,3,60,1077.6,79.9,,32.4,,0.095,19.3,65.2,85.7,12.14
353,399,18.2,170,,,58,884.5,68.5,,30.1,,0.131,22.3,54.1,83.3,9.37
355,400,16.1,,32,0,62,1218.1,89.8,,34.4,,0.095,15.8,,,
341,401,19,,34.8,2,57,1189.3,82.8,,28,,0.093,16.7,,,
369,400,14.3,178,26.2,0,62,1160.4,88.4,,37.5,,0.073,8.9,46.4,69,10.02
367.4,381.4,17.4,158,28.5,2,44,907.9,119.2,,28.3,,,10.6,68.13,,7.1
360.6,377.4,18,147,30.5,3,47,730.9,103.7,,27.7,,,13.5,75.95,,6.8
377.4,391.3,12.9,168,23.5,0,55,1251.4,152.8,,35,,,6.5,40.22,,9.1
335.7,387.4,22,,31.2,2,84,543.3,88.6,,19.3,,,7.8,69.7,170,5.5
327.7,386.8,27.5,,32,2,73,413.1,77.2,,18.7,,,14.4,64.3,166,5.4
316.8,389.4,32.3,,32.8,3,65,331.8,73,,23.7,,,22.5,61.9,155.2,5.1
363.3,199.5,13.7,,22.2,0,75,1235.1,114.2,,20.48,,,4.4,72.5,112.9,5.9
355,,17.3,205,25.8,2,75,623,106,,21.8,,,,40,,8.1
353,,18.1,203,27.3,2,71,587,103,,22.1,,,,37.5,,7.6
347,,19,201,28.3,3,69,555,99,,22.4,,,,36.3,,5.6
361,,15.1,,23.1,0,77,662,115,,21.26,,,,45.6,,11.3
363,388.7,15.7,152.1,27.5,0,50,952,87.8,,,,,13.5,46.1,,12.3
356.3,390.3,17.8,152.3,29,0,51,758.8,87.6,,,,,18.2,55.6,,14
358.3,375.6,18.4,151.9,31,2,57,646.2,74.6,,,,,20.4,57.8,,18
352.1,399.6,20.5,150.1,32,2,56,554.5,68,,,,,20.8,60.1,,14.5
348.1,396.7,27.3,141.1,33,3,55,494.4,56.9,,,,,23,60.8,,13.7
369.8,381.6,14.7,150.6,25,0,54,992.5,112.8,,,,,12.2,13.3,,8.5
,,,,25.8,0,81,639.7,85.93,0.247,28.28,,,18.69,,,
,,,,29.3,0,75,642.6,94.98,0.234,27.36,,,16.38,,,
,,,,28.8,0,64,700.16,84.56,0.241,26.14,,,14.8,,,
,,,,30.3,3,73,696.12,79.09,0.247,25.5,,,18.59,,,
,,,,23.2,0,82,1093.15,145.97,0.274,30.03,,,13.05,,,
307,348,12,,26,3,37,345.7,60.1,0.181,20.8,,,23,39.8,,23.6
312,349,13.1,,25.2,0,30,369.3,65,0.129,16.5,,,11.3,37.6,,17.5
345,386,4.5,,18.2,0,28,1085.4,91.1,0.231,23.9,,,1,44.8,,22.8
351.3,,,,31.5,2,37,1271.2,87.9,,11.3,,,,,,
328.2,,,,32.5,3,42,1138.3,88.9,,10.8,,,,,,
317.4,,,,33.5,2,33,1059.1,66.8,,7.45,,,,,,
353.9,,,,26.5,2,44,989.74,72.98,,7.85,,,,,,
343.5,,,,30,2,41,906.78,78.35,,6.14,,,,,,
333,,,,30,2,36,792.78,75.57,,3.52,,,,,,
381.6,398.8,14.91,,25,0,42,1317.3,84,,11.6,,,,,,
334,404,18.6,124,33,3,,376,60,0.165,20.5,,,15.6,,,
326,409,17.5,145,28.5,2,,612,66,0.281,26.7,,,10.3,,,
347,456,7,152,20.5,0,,1162,107,0.377,32.9,,,2.9,,,
364,,16.4,143.5,31.3,2,,,,,,,,,,,
354,,18.4,144.1,33,3,59,667,80,,20.3,,,14.9,67.1,,8.5
351,,19.5,140.2,34.5,3,,,,,,,,,,,
393,,14.8,148.2,27.1,0,77,988,107,,28.7,,,9.6,65.8,,9.9
314,405,8.9,117,33.1,0,53,435,82,,,,,7.2,75.5,140,17.6
309,396,9.7,111,33.5,3,48,462,76,,,,,6,79.9,117,16
296,396,8.3,107,32.8,3,53,444,55,,,,,7.6,72.9,110,12.5
378,420,7.9,102,19.9,0,51,801,98,,,,,1.7,73.3,135,13.7
358.8,378.8,19.37,168.3,25.6,1,,,,,,,,,61.8,,8.31
340.1,370.3,19.24,169.9,26.5,2,,,,,,,,,57.8,,6.43
338.5,368.1,22.15,172.2,27.7,3,77,850,61,0.24,22,1.38,0.15,21.4,54.3,,4.67
359.5,380.2,13.3,162.3,22.1,0,66,1280,70,0.53,63,1.56,0.12,10.1,62.7,,5.67
355,378,23.9,155,32.7,3,47,1002,64.3,0.4,26,,,21.6,92.2,,
353,376,24.6,158,34,3,49,966,56.9,0.3,23.8,,,21.8,92.7,,
347,373,25,159,34.6,3,54,850,52.1,0.37,26.5,,,23.5,99.4,,
343,371,26.6,156,35.4,3,51,760,48.4,0.43,32.3,,,24.9,104,,
352,379,21.6,158,27.5,0,51,1023,66.5,0.34,28.3,,,13.8,92,,
325,376,23.2,142,37.3,3,54,806,53.6,0.46,34.1,,,19.7,104,,
,,,,27,0,56,857,103.5,,42.06,2.16,0.09,,,,
,,,,27,0,54,809,101.5,,41,2.17,0.08,,,,
,,,,28,0,54,589,101.4,,41.2,2.18,0.08,,,,
,,,,26.2,0,58,1492,114.3,,52.55,2.19,0.1,,,,
290.4,385.2,30.1,,28.4,0,37,711,84.6,,36.3,1.83,0.1,,,,
266.5,369.7,34.8,,30.2,0,39,436,80.3,,37.6,1.77,0.1,,,,
199.3,359.1,41.5,,29.8,0,33,370,79.8,,35.2,1.81,0.1,,,,
,,,,26.2,0,43,1128,114.6,,46.4,2.18,0.08,,,,
,,,,27.6,0,37,947,111.2,,44.2,2.17,0.08,,,,
,,,,29,0,37,715,99.9,,46.2,2.01,0.08,,,,
291.3,389.4,34.1,,27.8,0,38,774,95.5,,44.3,1.94,0.1,,,,
251.8,381.4,42.4,,28.2,0,35,648,92.6,,41.3,1.92,0.09,,,,
223.2,382.3,47.7,,28.9,0,34,419,87.3,,40.8,1.88,0.08,,,,
,,,,28.5,2,,,,,,,,,,,
,,,,30.8,3,,,,,,,,,,,
349.7,395.1,16.8,141.8,32.5,3,61,1066.6,86.4,,23.4,,0.4,,42.39,82.11,
367.3,401.5,14.2,154.6,25.5,0,53,1358.2,111.4,,29.2,,0.6,,52.14,95.32,
,,,,28.5,0,,,,,,,,,,,
,,,,31,2,,,,,,,,,,,
351.7,412.7,15.8,134,32.6,2,47,1261.5,98.3,,24.6,,0.5,,106.26,54.76,
,,,,30.3,3,,,,,,,,,67.13,112.5,
,,,,33,3,,,,,,,,,59.2,110.45,
331.6,404.7,17.4,149.5,34.2,3,68,593.5,85.8,,22.5,,0.2,,55.29,108.43,
392,,15,133,32.7,2,62,1496,96,0.34,22.3,,,6.2,73.4,,13
385,,15.5,129,33.4,2,65,1147,90,0.37,21.4,,,7.6,78.4,,15.3
381,,15.9,129,35.6,3,62,992,86,0.34,20.4,,,10.1,81.5,,17.5
394,,14.8,135,26.3,0,76,1664,128,0.32,26.16,,,4.8,64,,
,,,,32.1,2,,,,,,,,,,,
395,448,6,160,22.5,0,60,1020.6,119.2,,34.14,,,1.41,50.3,88.9,10.3
367,435,20.2,167,32.4,0,60,663.03,112.8,,31.85,,,5.45,54.3,52.6,10.9
356,414,21.5,158,33.2,2,49,615.78,98.2,,29.25,,,8.02,49.6,45.5,9.2
338,402,22.1,152,33.7,3,49,447.96,97.38,,28.95,,,10.48,46.7,44.7,8.3
407,452,8.6,164,21.8,0,62,955.18,141.69,,36.96,,,3.36,46.2,96.1,9.1
381,438,20.3,171,31.5,0,54,889.46,96.4,,33.77,,,5.24,52.6,54.3,10.2
360,424,21.3,163,32.3,2,57,550.87,91.34,,31.35,,,7.91,45.5,49.6,8.9
342,410,22.2,158,32.8,3,49,388.86,81.49,,30.18,,,10.51,44.7,46.7,8.6
385.9,375.8,17.13,172,29.87,2,56,840,77.4,,31.9,1.43,0.0712,19.1,65,120.5,
351.4,367.5,17.92,170,30.36,3,58,734,64.5,,29.5,1.26,0.0897,21.8,70.9,122.5,
344.4,363,18.32,167,31.68,3,62,651,61.7,,28.6,1.12,0.0986,24.7,72.5,132.4,
346.7,359.3,18.21,130.5,30.24,2,62,918,66.2,,31.1,1.48,0.0603,18.8,,,
368,379.7,13.97,159,25.42,0,64,1357,82.1,,38.2,1.67,0.0618,16.4,42.6,100.6,
364.5,414.4,12.02,,23.5,,33,696.3,,0.336,,,,,,,
372.4,414.7,14.83,,29,,38,552.2,,0.281,,,,,,,
376.7,417.2,17.48,,27.8,,31,775.7,,0.289,,,,,,,
363.9,410.6,9.65,,23,,32,1073.5,,0.473,,,,,,,
155.8,433.8,7.9,,20.3,0,48,517.3,105.2,,23.4,,,10.5,,,
364,426.6,21.5,,27.8,1,98,512.2,88.3,,27.6,,,25.3,,,
380.2,386.6,18.5,171.9,28.3,3,93,900,127,,26.8,,,15.1,56,,32.2
374.4,383.9,21.3,170,29.8,3,81,605,103,,21.5,,,21.5,55,,35
381.1,385.9,15.3,175.6,22.6,0,103,899,133,,34.6,,,8.4,,,
371.13,400.7,26.5,147.68,27.6,0,77,930.02,104.24,0.19,19.04,,,16.23,,64,
368.76,399.57,27.71,138.44,30.2,2,75,791.97,92.43,0.14,16.77,,,15.24,,62.48,
377.65,408.67,19.89,137.01,24.2,0,86,988.07,112.79,0.22,23.21,,,9.57,,60.79,
344.88,386.41,22.15,142.47,29.9,0,76,887.89,87.57,0.17,18.76,,,16.73,,64.42,
353.4,385.4,16.4,161.3,30.9,2,69.5,839.4,84.1,,,1.556,0.095,18.4,83.6,,
343.5,382.4,17.4,154.7,33.8,2,69,802.9,76.8,,,1.426,0.1,21.4,91,,
331.8,378,18.7,148.9,35.3,3,65.3,662.1,72.3,,,1.384,0.098,22.9,83.9,,
323.9,374.8,19.5,147.1,36,3,68,654.3,63.3,,,1.283,0.11,23.2,75.7,,
360.6,387.5,15.4,158.7,24.4,0,72,1083.3,86.3,,,1.634,0.074,13.5,79.5,,
344.2,387.5,17.3,139.8,33.9,2,63.3,1073.4,73.1,,,1.451,0.111,17.9,,,
,,,,28.5,2,91,939,114,,20.9,,,,,,
,,,,29.4,3,,,,,,,,,,,
365,379,21.6,,30.6,3,98,797,99,,20.5,,,,92,,5.8
337,388,23.8,158,33.2,3,99,678,87,,18.5,,,,93,,9.2
,,,,35.6,3,,,,,,,,,96,,7
374,390,14.7,153,23.8,0,90,939,131,,20.06,,,,82,,5
,,,,31.8,2,89,784,120,,22.6,,,,,,
347,386,24.8,146,33.2,2,84,677,111,,23.5,,,,95,,13.4
340,382,25.6,131,32.4,3,81,613,106,,24.5,,,,95,,8.4
,,,,31.7,3,,,,,,,,,96,,7.8
,,,,27.5,0,99,684,107,,19.8,,,,,,
351,382,26.5,,29,2,101,623,107,,18.4,,,,87,,4.3
345,387,27.9,161,30.4,2,102,561,99,,18.9,,,,92,,4.3
,,,,31.6,2,,,,,,,,,83,,3.4
323,378,24.75,102,29.5,3,47,1108,65,0.352,27.6,,,14.95,69.3,,
305,366,11.96,90,27.9,3,49,948,71,0.334,27.4,,,13.6,76.7,,
283,382,23.35,105,28.6,2,63,1186,75,0.361,29.7,,,14.58,78.7,,
219,384,23.35,106,29.4,2,66,911,72,0.27,27,,,15.28,75.4,,
283,365,11.59,87,29.8,3,51,979,79,0.287,32,,,15.46,77.3,,
266,377,12.8,107,31.5,2,67,775,67,0.317,30.5,,,12.96,60.8,,
271,379,12.58,94,22.5,0,42,1211,69,0.31,20.1,,,6.49,44.1,,
266,402,3.7,117,24.1,0,63,1240,83,0.364,32.3,,,7.73,76,,
380.2,447.6,30.3,179.1,31.5,3,58,351.7,74.8,,27.5,,,38.8,65.3,,
362,439.2,11.9,136.2,20.8,0,47,1325,165.8,,39.1,,,3.2,69.8,,
380.41,,16.71,163.53,31.1,2,51,759,75,,39.1,1.52,0.09,13.5,,,
381.97,,17.48,165.86,31.4,3,52,719,73,,38,1.51,0.1,13.9,,,
385.84,,17.64,165.41,32.3,3,48,702,70,,36.4,1.5,0.1,15.5,,,
382.08,,17.92,168.28,33,3,53,674,69,,37,1.44,0.1,15.7,,,
385.27,,17.45,161.5,31.2,2,50,710,78,,38.4,1.54,0.08,10.2,,,
379.7,,17.79,162.96,31,2,50,650,74,,37.5,1.47,0.09,10.6,,,
385.08,,17.98,166.9,31,2,50,640,75,,36.3,1.48,0.1,11.2,,,
383.22,,18.44,162.1,32,3,48,623,74,,37.4,1.51,0.1,12.8,,,
387.64,,15.01,160.61,25.8,0,58,1492,114,,51.1,2.19,0.1,7.3,,,
358,382,20.8,153,32.4,2,46,1878,86.8,,19.7,,0.151,11.4,,58.41,
353,384,19.6,161.4,35.2,3,46,1844,85.1,,16.9,,0.146,13.3,,59.41,
340,384,20.7,159.9,36.7,3,44,1614,83.5,,15.8,,0.141,14.3,,62.88,
371,388,17,151.9,25.5,0,47,1998,101.4,,22.4,,0.086,3.3,,57.9,
345,367,22.1,149,32.8,2,81,645,112,,18.9,,,,92,,15.8
324,375,22.9,149,34.7,3,78,540,89,,18,,,,93,,11.1
323,370,17.6,150,36.2,3,77,486,86,,17,,,,100,,7.8
373,389,16.1,153,23.4,0,90,939,131,,20.64,,,,86,,6.6
,,,,25.1,,55,893,89.87,0.337,33.27,,,15.03,,,
,,,,25.7,,49,847,85.58,0.304,32.84,,,16.34,,,
,,,,26.2,,47,887,89.56,0.264,30.78,,,17.31,,,
,,,,23.1,,61,1322,108.7,0.404,37.07,,,7.54,,,
,,,,27.2,1,55,880,67,0.33,29,1.51,0.11,12.1,64,,7
,,,,29.1,2,52,745,61,0.26,26,1.44,0.13,17.7,58,,9.2
,,,,30.6,3,50,550,57,0.16,14,1.37,0.12,23.5,55,,8.5
,,,,22,0,59,1275,80,0.51,64,1.6,0.1,7.6,59,,6.2
,,,140.3,24.3,0,55,990.7,107.3,0.146,16.1,,,,70.35,104.58,4.3
,,,,25.9,1,47,243.6,54.7,0.062,9.9,,,,,,
,,,,26.4,2,44,449.1,58.3,0.067,6.7,,,,,,
,,,,27.2,2,49,327.5,30.5,0.042,1.3,,,,,,
,,,,25.5,0,42,340.7,47.2,0.045,3,,,,,,
,,,157.3,28.9,3,57,229.3,22.4,0.039,1.9,,,,79.46,113.67,4.9
,,,,28.3,2,41,220.5,24.3,0.059,5.9,,,,,,
,,,,26.1,2,42,306.7,46.9,0.072,8.6,,,,,,
,,,,28.6,3,50,171.8,27.4,0.038,2.8,,,,,,
,,,,28.4,2,47,210.2,31.3,0.051,4.3,,,,,,
,,,,25.2,0,,,,,,,,,,,
341.3,377.2,26.7,144.8,35.3,3,39,1176,53.2,,14.8,1.58,0.088,18.98,85.1,102.8,
334.1,374.1,26.8,135.1,37.4,3,35,1026,49.6,,14.8,1.49,0.097,23.1,90.4,105.7,
321.4,365,26.4,132.2,38,3,33,966,45.3,,14.9,1.41,0.107,23.18,80,107.3,
366.2,383.4,23.3,146.7,26.8,0,43,1360,76.4,,15.7,2.18,0.075,11.93,83.7,94.7,
306,363,17.3,167.9,27.5,2,,1088,80.9,,29.9,,1.83,14.9,48.9,,7.9
348,336,16.4,160.4,25.5,0,,1248,93.4,,28.4,,2,4.7,45.1,,7.2
350,401,19.2,168.5,30.5,3,,921,68.3,,31.8,,1.77,13.4,46.2,,9.1
351,402,20.2,163,32.5,3,,667,61.2,,35.3,,1.43,15.7,40.2,,11
370,399,32.8,157.2,33.5,3,,510,38.8,,43.4,,0.96,16.2,36.7,,11.7
279,351,9.5,50.1,18.5,0,81,2417.5,174.1,0.47,46.1,4.29,0.24,,40.3,55.6,6.2
304,353,13.6,52.6,32.5,3,60,986.6,80.3,0.45,42.5,4.28,0.25,,42.9,46.2,6.8
317,362,17.7,52.5,34,3,65,1027.7,74.2,0.47,32.1,2.32,0.2,,46,54.8,7.1
333,378,21.4,52.5,35,3,56,856.3,62.9,0.17,30.8,2.2,0.21,,56.4,84.5,8.2
,,,,21,0,,,,,,,,,,,
,,,,,,,,,,,,,,50.3,77.2,6.67
335.4,410.3,11.82,101.6,27.3,2,56,874,96.3,0.22,22.6,,,,56.3,86.6,8.37
325.2,400.7,13.92,103.9,29,3,54,746,88.4,0.22,22.7,,,,54.9,82.6,10.2
314.4,391.9,12.11,102.1,30.1,3,60,696,87.2,0.3,24.3,,,,50.9,72.8,9.91
373.3,439.3,7.76,108.5,20.4,0,62,1095,117.6,0.24,23.1,,,,46.4,69.1,6.04
364.5,425.5,11.2,154.8,25.8,0,60,543.8,58.9,,24.4,,,17.4,,,
368.2,429.5,18.6,164.8,28.9,2,62,407.6,50,,21.5,,,24.7,,,
371.7,434.7,21.3,171.7,31.1,3,65,335.7,46.9,,18.2,,,28.6,,,
361.5,423.6,3.3,,20.3,0,54,900.8,104.1,,36.9,,,2.6,,,
303.6,340.3,12,148.6,24.2,0,,,,,,,,,,,
295.7,340.5,16.7,139.3,29.28,3,,,,,,,,,,,
300.8,342.4,24,131.7,,,,,,,,,,,,,
257.3,337.2,24.6,113.4,,,,,,,,,,,,,
239.6,332.1,28.1,107.1,,,,,,,,,,,,,
236.8,331.2,29.7,94.2,,,,,,,,,,,,,
351.7,369.5,5.8,155.6,,,,,,,,,,,,,
320,413,16.4,126,29.6,3,,1162,90.6,0.26,23.9,,,4.8,69.1,93.6,18.8
306,407,16.6,131,32.9,3,,1174,94.1,0.26,23.5,,,7.8,74.5,93.1,24.7
294,400,21.6,130,34.1,3,,1189,85.3,0.26,21.8,,,12.5,79.8,116.3,20.3
293,394,24.1,127,35.7,3,,1050,75.1,0.24,21,,,16.4,77.1,112.5,21.4
349,421,9.8,128,20.1,0,,1647,119.3,0.31,24.5,,,4.5,49.5,81,6.8
,,,,26.5,,52,989.34,66.16,,,,,,,,
357,383,20.2,,27.1,2,65,846.56,63.54,,,,,,,,
357,380,20.2,,29.4,2,67,767.15,64.3,,,,,,,,
352,382,19.8,,30.6,2,69,761.43,59.7,,,,,,,,
331,372,21.5,,31.7,2,61,686.35,56.16,,,,,,,,
336,373,23.1,,32.7,3,64,808.83,60.55,,,,,,,,
,,,,32.4,3,61,768,59.78,,,,,,,,
,,,,33.2,3,60,848.9,64.57,,,,,,,,
,,,,32.8,2,51,617.84,58.1,,,,,,,,
317,368,21.9,,,0,,,,,,,,,,,
,,,,33.2,0,59,648.57,59.42,,,,,,,,
312,361,23,,33.1,0,62,636.03,55.34,,,,,,,,
360,383,18,,24.8,0,83,1029.9,63.9,,,,,,,,
358,385,19.4,,,,76,1008,103.3,,25.6,,,,,,
356,381,19.4,,,,77,984,101.1,,25,,,,,,
354,378,20.7,,,,72,724,85.4,,23.6,,,,,,
353,379,19.4,,,,69,884,93.8,,24.7,,,,,,
379,394,17.2,,,,92,1184,155.5,,26.1,,,,,,
368.5,393.7,25.2,158.8,31.3,2,71,1058,53.3,,17.6,1.39,0.32,25,80.7,120,
354.2,388.4,25.4,148,34.4,3,67,865,50.6,,17.2,1.24,0.38,27.1,87.7,141,
382.3,399,19.7,170.8,25,0,91,1453,67.3,,24.1,1.8,0.28,18.1,77.8,114,
,,,,24.4,0,,,,,,,,,73.2,,30.2
386.8,397.5,16.6,,23.9,0,,,,,,,,,71.7,,24.6
343.3,362.2,27.3,,28.2,2,,,,,,,,,47,,7.6
342.3,360.8,28.6,,29.3,3,,,,,,,,,60,,11.7
341.2,360.2,27.3,,27.7,2,,,,,,,,,61,,14.5
343.6,359.8,26.7,,26.5,0,,,,,,,,,65,,17
373.7,387.5,20.9,,24.8,0,,,,,,,,,,,
344.1,368.1,25.5,,28,2,,,,,,,,,37.8,,4.6
,,,,,,40,954.6,69.6,0.306,26.35,,,5.8,42.68,,6.84
,,,,,,,,,,,,,,31.3,,4.23
,,,,,,,,,,,,,,34.8,,4.7
,,,,,,,,,,,,,,35.6,,5.5
,,,,,,45,597.6,60.3,0.175,18.5,,,30.1,42.47,,6.61
342,420,12.5,155.6,21.5,0,40,1335,95,0.348,26.5,,,3.9,62.3,97.2,
312,350,18.2,166.2,33.3,2,,,,,,,,,64.6,97.9,
301,347,19.6,172.9,37.7,3,34,400,38.1,0.175,15,,,19,69.5,100.6,
290,326,22.8,183,35.8,3,33,408,46.5,0.158,14.7,,,18.3,65.3,98.5,
327.9,370.9,19.27,,24.4,0,,,,,,,,,,,
320.03,371.14,19.62,,25.8,0,,,,,,,,,,,
315.65,369.5,20.8,,26.1,0,,,,,,,,,,,
317.02,366.83,21.36,,26.4,0,,,,,,,,,,,
313.24,360.04,22.09,,26.9,0,,,,,,,,,,,
309.01,355.78,21.97,89.7,27.4,0,75,660.48,148.37,0.24,35.38,,,,49.5,158.12,21.96
316.71,381.25,19.42,,24.4,0,,,,,,,,,,,
314.3,373.63,21.25,,25.7,0,,,,,,,,,,,
307.62,365.37,23.76,,26,0,,,,,,,,,,,
303.02,355.35,24.35,,26.8,2,,,,,,,,,,,
294.86,343.4,25.63,,27.1,2,,,,,,,,,,,
289.86,337.55,26.79,91.8,27.9,3,69,450.65,124.98,0.12,21.87,,,,45.5,152.13,19.99
333.4,367.42,9.86,104.7,24.2,0,80,1083.12,186.22,0.24,36.15,,,,47.67,162.68,21.51
324.9,353.1,17.9,161,32,3,,,,,,,,,69.6,93.4,36.3
314.1,372.6,19.9,162,35.5,3,80,778.2,109.5,0.28,27.5,,,,82,109.1,48.3
330.8,364.8,19.1,154,33.6,3,,,,,,,,,74.9,87.3,34.6
354.8,351.9,16.7,158,25.3,0,80,1040.7,155.9,0.26,30.6,,,,48.9,84.2,27.8
348.3,374.9,18.4,174.46,30.5,2,,1020.8,88.4,,33.2,,,,,103.87,
351.6,375.3,21.4,169.71,31.4,2,,1009.4,78.7,,30.9,,,,,116.77,
354.3,381.7,21.5,155.24,32.3,3,,909.9,67,,28.6,,,,,124.65,
379.8,401.7,18.3,179.67,25.6,0,,1075.1,126.5,,34.8,,,,,93.27,
361.2,384.5,15.8,160.4,28.2,2,69,1272,95,,28,4.29,0.17,10.9,,125,22
359.7,380.7,18.6,152.1,28.9,2,68,909,94,,25.3,4.64,0.15,14.5,,130,28
347.5,378.2,16.5,144.3,31.3,3,65,1067,90,,22.8,4.26,0.18,15.4,,141,37
358.3,384.7,16.8,164,29.9,2,77,769,100,,25.7,3.7,0.17,15.6,,90,21
357.5,384.5,18.9,158.7,33.3,3,75,725,85,,21.9,3.08,0.22,17.6,,128,23
355.2,348.3,19.1,152.4,35.3,3,71,731,83,,20.3,3.36,0.15,13.8,,142,26
372.5,390.5,12.6,172.5,26.8,0,77,1330,120,,28.9,3.55,0.13,6.1,,126,18.5
372.17,401,23.28,181,28,2,46,824.77,123.16,0.37,33.9,,,,,,
363.17,398.5,23.29,,29,3,49,524.59,120.09,0.33,37.1,,,,,,
363.17,389.5,23.29,,31,3,45,581.85,110.87,0.32,36.9,,,,,,
388.5,409.83,20.43,178,26,0,46,1204.4,158,0.34,41.47,,,,,,
,,,,24.5,2,59,571.25,84.16,,,,,,,,
,,,116,27,3,92,330.18,93.27,,,,,,,,
,,,,25,3,82,339.6,91.15,,,,,,,,
,,,,21,0,72,366.35,99.45,,,,,,,,
,,,86,19.5,0,49,398.28,100.12,,,,,,,,
,,,117,22,0,74,581.21,95.27,,,,,,,,
339.2,,20.1,,31.9,2,,,,,,,,,68.3,,29.6
314.2,,18.3,,35.3,3,,,,,,,,,68,,29.4
287.5,,18.2,,36.4,3,,,,,,,,,67.7,,29
284.3,,18.1,,36.9,3,,,,,,,,,67.2,,28.8
344.2,,16.3,,23.9,0,,,,,,,,,68.5,,29.4
287.9,351.9,23.8,,28.2,2,,,,,,,,,,,
282.5,346.5,24.5,,28.7,3,60,502.4,59.6,0.14,9.1,3.5,0.37,49.7,50,91,
270.8,344.8,21.7,,29,3,,,,,,,,,,,
364.1,380.6,11.1,,25.8,0,81,1017.3,106.4,0.26,25.7,7.4,0.33,2.7,,,
385.4,422.7,21.6,180,29.5,2,34,840.35,84.43,,44.5,,,,65,100,9.8
375.1,413.1,22.8,181,30.9,3,34,744.02,82.68,,38.8,,,,58,82,10
364.9,402.2,26.9,181,34.3,3,35,540.42,70.18,,35.9,,,,66,90,21
388.7,426.8,20.2,179,26.5,0,35,1088.2,117.34,,48.4,,,,60,92,11.5
,,,180.8,,,,,,,,,,,,,
,,,183.3,29,2,,,,,,,,,,138,8.6
,,,180,,,,,,,,,,,,,
,,,180.2,30.8,3,,894.2,96.6,,19.66,1.912,0.279,18.6,,135,8.62
,,,179.7,23.8,0,,1110.9,112.1,,22.11,2.627,0.193,16,,105,3.99
325,406,8.9,105,34.1,0,40,631,58,,25,,,8.9,76.5,129,13.1
316,404,9,98,35.5,2,39,571,59,,25,,,10.7,73.1,115,12.7
315,402,9.7,92,37.3,3,38,517,57,,24,,,20.2,72.1,86,9.1
378,420,7.9,105,19.9,0,48,872,94,,27,,,2.5,73.3,135,13.7
292.5,355,19.82,,25.5,,,,,,,,,,,,
302.5,350,22.86,,26.5,,,,,,,,,,,,
300,357.5,22.19,,27.5,,,878.29,61,,,,,,,,
317,355,12.91,,24.5,,,1532.79,78,,,,,,,119.06,
353,408,24.2,185.91,33.3,2,42,1081.2,135.6,0.33,27.8,,,,52.77,84.73,
326.1,394.2,24.7,185.62,36,3,43,846.5,130.6,0.28,34.8,,,,57.52,90.26,
326.5,395.1,25.7,187.86,32.2,2,43,708.8,138.3,0.33,35.8,,,,42.6,75.36,
348.6,399.2,21.3,182.3,29.5,2,41,1126.7,138.7,0.31,29.1,,,,35.57,61.54,
388.5,409.8,20.4,178.36,26,0,46,1204.4,158,0.34,40.6,,,,64.17,93.68,
323.7,377.2,20.9,143.5,38.1,3,38,1200.3,72.1,,17.82,1.88,0.084,,95.3,107.2,13.3
315.2,375.2,21.4,136.1,38.8,3,36,1159.4,63.4,,17.27,1.7,0.101,,99.2,109.5,15.5
313.3,371.5,24.2,135.3,39.2,3,35,1063.1,62.2,,17.03,1.44,0.122,,107.5,115.3,21.1
343,388.7,18.5,147.2,27.1,0,43,1434.1,90.6,,18.05,2.15,0.082,,89,97.9,7.4
311,368,21.2,,20,0,17,1281.61,94.55,0.342,24.18,,,4.8,,,
311,395,12.7,,19,0,27,1253.22,98.73,0.352,28.29,,,3.6,,,
325,372,29.1,,20.4,1,23,1250.04,75.1,0.344,23.62,,,14.1,,,
294,373,29.1,,23.8,3,19,693.2,61.62,0.326,22.72,,,18.7,,,
318,363,34.9,,22,2,19,981.48,71.1,0.302,20.23,,,20.6,,,
294,363,41.4,,26.4,3,16,613.11,39.19,0.262,19.48,,,21.1,,,
284,355,39.4,,25.3,3,17,745.29,61.35,0.357,23.91,,,19.5,,,
359.8,,12.2,132.3,26.2,0,57,793.6,62.4,,23.2,,,11.9,81,,12.4
366.8,,17.7,137.8,29.5,0,60,542,54.7,,20.3,,,16.2,85,,15.2
371.5,,21.6,138.8,30.3,0,62,425.1,48.5,,18.1,,,19.2,89.3,,15
356.2,,3.3,,20.3,0,54,900.8,104.1,,36.9,,,2.6,62,,5
381,421,17.8,131,28.5,2,,,,,,,,,59.5,,10.1
380,417,17.9,129,33,3,38,1153,117,,,,,3.8,64.7,,11.3
371,413,18,128,35.1,3,37,964,112,,,,,4.9,80.1,,13.5
398,423,17.8,130,26.1,0,41,1290,126,,,,,1.4,54.2,,9.4
328,397,13.3,133.6,32.5,2,31,745,73.6,,25.3,1.57,0.1291,5.1,65,82.3,14.5
277,395,12.8,125,35.5,3,28,668,63.9,,26.8,1.4,0.1429,4.3,58,87.1,16.89
325,401,10.9,136.2,28.5,0,29,791,76.9,,25,1.66,0.113,4.5,,,
360,410,6.9,143.7,20.1,0,30,1105,92.5,,22.8,2.08,0.0674,1.1,45,73.1,9.06
344.88,386.51,22.15,153.7,28.3,2,65,1235.3,165.6,0.337,42.3,,,20.2,,63,
353.07,391.47,22.67,148.2,29.4,2,70,867.7,116.8,0.335,36.6,,,23.5,,63.1,
357.67,386.51,33.19,147.3,31,3,70,818.9,124,0.335,37.1,,,20.3,,73.09,
349.72,387.61,27.87,,30.8,2,67,1192.8,135.7,0.488,42.5,,,19.9,,,
377.65,408.67,19.89,,25.3,0,86,1390.4,181.8,0.362,44.2,,,14.5,,60.78,
366.8,385,19.48,,27,0,59,1013.6,92.5,0.3176,21.68,3.6415,0.1935,,64.16,,
363.5,384.7,20.19,,27.5,2,35,641.9,56.9,0.1719,13.31,3.5859,0.0876,,61.72,,
340,383.3,21.14,,28.5,3,37,373.8,71.9,0.1075,11.85,3.3995,0.096,,46.28,,
367.8,385.3,16.06,,25.5,0,50,1543.8,105.5,0.3287,23.59,5.3729,0.1224,,76.47,,
,,,,29.8,2,,,,,,,,,,,
390.4,415.2,20.1,,30.7,2,,877.3,68.8,,35.7,,,15.2,,,
,,,,30.9,3,,,,,,,,,,,
389.4,414.2,22,,31.2,3,,912.1,67,,37.6,,,19.4,,,
399.4,419.1,19.5,,23.5,0,,1383.6,79,,61,,,11.8,,,
368,403,23,,26.1,2,76,697,60,,12.4,,0.18,17,,85.7,8.1
367,400,26.8,,27.2,2,74,662,56,,11.7,,0.22,17.3,,89.9,8.3
358,393,36.3,,28,3,60,515,52,,10.8,,0.22,18.5,,84.9,9.4
377,404,18,,24.2,0,86,988,108,,23.2,,0.84,12.4,,84.6,7.6
354.4,,18.2,162.8,27.6,0,104,1034,121,,,,,25.2,85.5,122.1,29.6
338.9,,20.2,158.4,29.9,2,90,805,116,,,,,24.2,93.8,128.3,27.2
324.2,,22.3,156,32.2,3,84,735,112,,,,,22.6,81.4,132.9,28.6
370,,12.3,164.3,22.2,0,108,1034,127,,,,,10,76.4,115.6,35.2
341,397,23.7,,28,0,50,742.2,83.9,,26.9,,,16.8,,,
322,394,21.6,,28.1,0,45,550.2,78.8,,27.5,,,16.5,,,
335,377,23.3,,31.6,3,50,589.4,67.4,,33.8,,,16.4,,,
322,364,25.1,,35,3,48,462.4,67.2,,37.2,,,16.4,,,
381,412,17.7,,25.7,0,59,841.5,93.9,,35.1,,,10.9,,,
359,,14.4,163,25.9,2,,,,,,,,,84,112,
354,,14.9,158,28.5,2,,,,,,,,,94,123,
341,,16.3,154,30.2,2,,,,,,,,,98,127,
341,,17.3,149,31.8,3,,,,,,,,,63,149,
373,,13.4,187,22.8,0,,,,,,,,,52,107,
380,,17.5,169,27.1,0,,,,,,,,,,,5.1
373,,17.85,160,28.8,2,,,,,,,,,,,7
362,,19.54,151,30.9,3,,,,,,,,,,139,8
382,,16.31,183,27.2,0,,,,,,,,,,,6
375,,18.79,173,29.1,2,,,,,,,,,,,7
367,,19.35,161,30.5,3,,,,,,,,,,141,6.2
385,,16.79,179,27.3,0,,,,,,,,,,,5.2
383,,22.04,167,29.3,2,,,,,,,,,,,7.1
377,,23.95,160,30.7,3,,,,,,,,,,135,8.1
389,,14.99,172,23.6,0,,,,,,,,,,105,3.4
164.3,372.3,11.57,,26.55,,,,,,,,,,,,
164.4,374,12.33,,27.71,,,,,,,,,,,,
,,,,23.42,,,,,,,,,,,,
,,,,23.53,,,,,,,,,,,,
,,,,24.9,,,,,,,,,,,,
168.7,372.6,8,,22.75,,,,,,,,,,,,
343.8,378.8,19.71,158.4,28.9,2,59,883,68,,17.3,,0.14,,,105.2,6.88
332,374.1,24.8,151.4,31.5,2,46,731,52.5,,14.9,,0.15,,,127.9,8.01
326.1,364.1,28.17,149.5,33.5,3,49,676,50.7,,13.9,,0.21,,,142.2,9.42
354.9,384.9,13.17,146.3,23.6,0,49,1002,89.5,,22.2,,0.28,,,88.1,2.77
349.7,371.7,19.02,,29.7,0,,825.9,53.3,,27.2,1.24,0.14,16.9,,,
339.2,364.9,19.16,,30.9,2,,705.4,51,,28.4,1.23,0.16,17,,,
333.2,357.7,20.31,,32.1,3,,592.3,47,,28.3,1.21,0.17,17.9,,,
,,,,27.5,0,,756.8,53.7,,30.1,1.25,0.17,17.3,,,
357.2,386.9,15.74,,24.9,0,,899.3,68.7,,39.2,1.32,0.12,6.6,,,
314,377,23.3,,30.5,3,42,476.3,56.09,,,,,22.4,,,
295,379,25.8,,33,3,40,376.6,45.69,,,,,28.4,,,
312,363,25.4,,31.5,3,43,496.3,51.13,,,,,27.3,,,
320,379,19.1,,27,0,46,997,99.82,,,,,21.8,,,
285.4,386.3,18.6,,24.5,1,80,798,83.4,0.42,29.7,,,19.4,52,92,
347.2,391.1,19.6,,26.1,2,87,730,70.4,0.39,27.1,,,24.6,45,74,
367.2,382.4,17.5,,22.6,0,59,1063,76.1,0.55,71.4,,,10.1,54,86,
305.1,381.4,21.4,,25.5,2,,,,,,,,,,,
337.2,356.9,22.3,,30.5,3,95,516,50.6,0.14,10.9,,,61.3,56,104,
320.9,354.1,26.4,,36.5,3,,,,,,,,,,,
,,,,30.3,2,,,,,,,,,,,
,,,,32,2,,,,,,,,,,,
346.1,367.7,4.2,,34.5,2,,,,,,,,,74.2,,28.9
343.3,366.7,4.3,,35.8,3,,,,,,,,,82.5,,29.2
337.9,363.3,6.2,,36.4,3,,,,,,,,,87.3,,29.6
388.1,396.6,2,,23.9,0,,,,,,,,,72.1,,30
252.6,338,19.5,119.3,25.7,3,,1005.3,94.8,0.2057,19.2,,,,,,
252.9,335,22.3,115.7,26.5,3,,721.6,70.5,0.1896,14.5,,,,,,
172.7,327,23.3,115.1,27.1,3,,705.5,53.8,0.1752,14.3,,,,,,
343.3,373,12,125.7,19.5,0,,1457.1,104.3,0.2951,23,,,,,,
350,381,15.5,,33.8,2,71,879,84.8,,21.1,,,24.5,,,
345,379,16.5,,34.6,2,60,835,87.7,,20.2,,,26.2,,,
315,372,18.9,,35.8,3,55,720,84.7,,19.5,,,28.1,,,
292,366,18.9,,37.7,3,52,535,81.1,,18.8,,,29.3,,,
290,357,20.4,,38.5,3,51,452,74.2,,17.6,,,30.6,,,
360,386,14.9,,25.7,0,82,945,99,,23.4,,,22.6,,,
353.3,,18.6,,28.7,0,,1250.1,98.8,,22.8,,,3.4,76,,8
337.4,,21.9,,34,3,,1093.3,92.6,,21.5,,,4.8,80.1,,10.5
,,,,36,3,,,,,,,,,,,
,,,,38,3,,,,,,,,,,,
383.3,421.6,16,,25.8,0,,1430.1,110.3,,27.8,,,2,85,,4.1
,,,,,0,,,,,,,,,,,
,,,,,2,,,,,,,,,,,
177.18,365.77,15.93,86.79,31,3,,,,,,,,,,,
186.98,360.33,18.04,89.71,35,3,,,,,,,,,,,
241.38,394.85,9.6,81.03,22,0,,,,,,,,,,,
383.7,,18.6,,35.9,2,,,,,,,,,68.6,,24.2
358.9,,24.3,,25.5,3,,,,,,,,,71,,24
392.6,,16.2,,25.3,0,,,,,,,,,76.4,,35.8
379.9,410.3,19.1,,38.1,2,,,,,,,,,68.6,,24.2
375.5,407.1,18.9,,39.3,2,,,,,,,,,69,,24.1
367.8,394.8,21.7,,34.1,3,,,,,,,,,67,,24
300,360,18,113,28,0,,,,,,,,,,,
240,355,17,131,28,1,,,,,,,,,,,
250,350,10,116,29,3,,,,,,,,,,,
150,300,7,124,29,3,,,,,,,,,,,
196.04,391.03,20.45,,26.3,0,,,,,,,,,36.67,,
207.2,390.55,22.15,,26.9,1,,,,,,,,,36.19,,
204.66,383.21,22.87,,27.3,2,,,,,,,,,33.53,,
220.52,380.95,22.87,,28.6,2,,,,,,,,,26.2,,
278.3,382.3,24.69,,29.4,2,,,,,,,,,20.7,,
214.2,392.87,18.3,,24.7,0,,,,,,,,,41.96,,
363.1,390.3,25.9,179,29.6,3,43,789.1,120.4,,,,,18.29,,125.7,
355,386.3,29.1,,31.7,3,41,651.8,103.5,,,,,17.93,,127.3,
342,383.6,26.2,,33.3,3,41,707.6,88.4,,,,,18.84,,139.8,
331.4,379.9,25.4,,33.8,3,38,634.6,84.5,,,,,20.87,,96.1,
365.4,393.3,13.3,174,24.9,0,50,988.6,137.5,,,,,10.83,,122.2,
351.1,384.4,19.7,166,31.1,3,43,1182,77.3,,21.3,,0.096,15.3,75,92,
342.4,377.6,20.2,161,32.4,3,39,1085,74.5,,20.7,,0.11,17.3,77,96,
328.3,374.5,21.9,150,32.8,3,38,915,65.7,,19.1,,0.127,20.2,65,88,
369.8,387.1,18,151,25.4,0,45,1498,92.3,,23.5,,0.079,2.8,61,84,
,,24.4,148.8,25.5,,,,,,,,,,,,21.45
,,24.7,149.3,26.5,,,,,,,,,,,,22.14
,,25.2,149.8,27,,,,,,,,,,,,22.95
,,25.4,151.4,28.5,,,,,,,,,,,,23.9
,,25.5,151.5,29,,,,,,,,,,,,24.11
,,16.1,147.1,22.5,,,,,,,,,,,,19.22
314,390,1.72,77,21.4,0,38,1243.1,111.1,0.76,101.1,1.53,0.072,1.2,61.72,79.98,4.83
313,370,9.8,80,32.8,2,36,1122.3,104,0.59,99.7,1.43,0.084,1.8,71.96,119.52,7.97
307,370,13.58,81,33.4,2,35,947.4,90.7,0.58,78.3,1.39,0.09,6.3,97.62,130.96,18.62
299,367,14.35,79,34.8,3,34,896.2,90.7,0.58,72.3,1.23,0.117,7.2,83,121.41,13.16
297,364,17.11,80,36.2,3,34,880.7,74.4,0.53,51.9,1.07,0.14,13.8,72.56,103.07,8.04
,,,176.82,35.8,3,56,659,84.9,,47.9,1.685,0.124,14.5,,,
,,,175.83,36.2,3,52,679,85.6,,46.4,1.706,0.124,13.7,,,
,,,175.28,36.3,3,53,866,90.8,,45.9,1.757,0.134,12.4,,,
,,,161,25.7,0,58,1103,117.8,,53.2,2.22,0.086,8.8,,,
,,,168.04,35.5,2,56,771,91.3,,50.7,1.831,0.118,14.8,,,
362.8,372.1,19.9,173.9,28.8,3,92,623,92,,23.7,,,19.2,50.5,111,18.2
380.3,386,15.4,171.5,22.6,0,103,899,133,,34.6,,,8.4,50,108,4.2
358,366.7,20.8,172.7,29.1,3,97,636,90,,25,,,17.2,56,120,14.1
,,,,24.4,0,,,,,,,,,,,
366.3,385.6,18.9,,23.3,0,46,999,99.2,0.24,23.6,5.26,0.19,14.1,52,88,21
366.6,383.8,17.7,161.5,22.6,0,59,1063,94.9,0.55,70.5,7.38,0.33,8.9,54,86,21
,,,,34.2,2,,,,,,,,,,,
285.2,374.6,16.3,122.5,30.5,3,96,718,92.1,0.41,29.5,3.97,0.38,14.3,56,92,19
326.6,382.4,19.7,132.8,31.3,2,,,,,,,,,,,
311.5,383.7,18.7,135.7,35.1,2,96,718,92.1,0.41,29.5,3.97,0.38,14.3,58,117,24
320.5,384.5,21.6,147.1,34.3,2,87,770,85.4,0.31,20.6,3.32,0.36,12.6,56,119,26
305.5,382.2,19.3,129.2,34.8,2,,,,,,,,,,,
335.8,381.3,20.2,143.7,32.6,2,,,,,,,,,,,
,,,,33.7,3,,,,,,,,,,,
,,,,32.5,3,,,,,,,,,,,
,,,,34.8,2,,,,,,,,,,,
,,,,30.2,2,,,,,,,,,,,
,,,,27,,,,,,,,,,33.5,52.43,
,,,,23.3,,,,,,,,,,64.79,98.5,
,,,,,,68,290.9593767,34.44329079,0.1341,12.14018568,425,425,44.2,,50.54,
,,,,22.5,,,,,,,,,,,66.24,
,,,,24.5,0,,,,,,,,,,,
,,,,23.6,,63,913.9954744,68.78552,0.2322,20.93359,382.9206,12.79176,7.9,,86.64,
,,,,26.8,0,61,445.4550671,37.66658227,0.2534,14.75237448,305,305,27.7,65.485,59.6,
,,,,23.4,,,,,,,,,,44.91666667,72.83,
,,,,26.5,3,,,,,,,,,,19.45,
,,,,23.3,,,,,,,,,,,104.6,
,,,,,,63,306.2337412,26.51229437,0.1178,7.536882648,33.5973805,11.06285931,67.3,,20.47,
,,,,21.3,0,,,,,,,,,,22.75,
,,,,26.4,1,,,,,,,,,,4.98,
,,,,23.1,,62,830.3549777,68.05427628,0.1832,20.66293052,492.0501894,11.38624074,13,53.43,72.05,
,,,,,,31,750.6370522,43.23526487,0.0546,5.034721681,11.64829165,0.232230788,3.1,19.81,16.78,
,,,,23.3,,71,1020.453734,71.02838425,0.2756,24.43072958,687.4415543,32.49638323,11.5,12.56,6.58,
,,,,,0,34,581.177001,49.06304798,0.1741,16.18231379,66.68057467,1.065387763,2.5,35.89,,
,,,,29.4,3,70,305.7249942,29.93228216,0.0957,6.168660768,19.64065055,2.348419045,52.3,,79.12,
,,,,,,64,340.8317362,43.00230861,0.1171,9.79872292,31.12844693,13.53206328,38.1,,,
,,,,,0,44,461.3604985,66.50674322,0.2072,25.54793646,44.62936129,6.761548627,12.4,7.76,11.64,
,,,,26.7,0,99,641.3173549,76.81560434,0.2068,25.10388188,209.4222148,10.77774979,9.1,18.19,34.3,
,,,,27.3,3,72,254.8528058,27.42223535,0.0698,8.554802449,59.21097109,2.430521946,39.5,,,
,,,,25.2,,,,,,,,,,,,
,,,,,,36,550.0321126,57.01168593,0.1595,17.54931261,44.52536298,1.099164159,1.3,32.98,34.59,
